[0.021s] Invoking command in '/home/inauenma/git/mecheye_ros2_interface/build/mecheye_ros_interface': CMAKE_PREFIX_PATH=${CMAKE_PREFIX_PATH}:/home/inauenma/ros2_ws/install/mesh_control_ros:/home/inauenma/moveit_ws/install/moveit_configs_utils:/opt/ros/jazzy DEBUGINFOD_URLS=https://debuginfod.ubuntu.com /usr/bin/cmake --build /home/inauenma/git/mecheye_ros2_interface/build/mecheye_ros_interface -- -j16 -l16
[0.054s] /usr/bin/cmake -S/home/inauenma/git/mecheye_ros2_interface -B/home/inauenma/git/mecheye_ros2_interface/build/mecheye_ros_interface --check-build-system CMakeFiles/Makefile.cmake 0
[0.079s] /usr/bin/cmake -E cmake_progress_start /home/inauenma/git/mecheye_ros2_interface/build/mecheye_ros_interface/CMakeFiles /home/inauenma/git/mecheye_ros2_interface/build/mecheye_ros_interface//CMakeFiles/progress.marks
[0.098s] /usr/bin/gmake  -f CMakeFiles/Makefile2 all
[0.101s] gmake[1]: Entering directory '/home/inauenma/git/mecheye_ros2_interface/build/mecheye_ros_interface'
[0.101s] /usr/bin/gmake  -f CMakeFiles/mecheye_ros_interface__rosidl_generator_type_description.dir/build.make CMakeFiles/mecheye_ros_interface__rosidl_generator_type_description.dir/depend
[0.101s] /usr/bin/gmake  -f CMakeFiles/ament_cmake_python_copy_mecheye_ros_interface.dir/build.make CMakeFiles/ament_cmake_python_copy_mecheye_ros_interface.dir/depend
[0.104s] gmake[2]: Entering directory '/home/inauenma/git/mecheye_ros2_interface/build/mecheye_ros_interface'
[0.105s] cd /home/inauenma/git/mecheye_ros2_interface/build/mecheye_ros_interface && /usr/bin/cmake -E cmake_depends "Unix Makefiles" /home/inauenma/git/mecheye_ros2_interface /home/inauenma/git/mecheye_ros2_interface /home/inauenma/git/mecheye_ros2_interface/build/mecheye_ros_interface /home/inauenma/git/mecheye_ros2_interface/build/mecheye_ros_interface /home/inauenma/git/mecheye_ros2_interface/build/mecheye_ros_interface/CMakeFiles/ament_cmake_python_copy_mecheye_ros_interface.dir/DependInfo.cmake "--color="
[0.105s] gmake[2]: Entering directory '/home/inauenma/git/mecheye_ros2_interface/build/mecheye_ros_interface'
[0.105s] cd /home/inauenma/git/mecheye_ros2_interface/build/mecheye_ros_interface && /usr/bin/cmake -E cmake_depends "Unix Makefiles" /home/inauenma/git/mecheye_ros2_interface /home/inauenma/git/mecheye_ros2_interface /home/inauenma/git/mecheye_ros2_interface/build/mecheye_ros_interface /home/inauenma/git/mecheye_ros2_interface/build/mecheye_ros_interface /home/inauenma/git/mecheye_ros2_interface/build/mecheye_ros_interface/CMakeFiles/mecheye_ros_interface__rosidl_generator_type_description.dir/DependInfo.cmake "--color="
[0.125s] gmake[2]: Leaving directory '/home/inauenma/git/mecheye_ros2_interface/build/mecheye_ros_interface'
[0.125s] gmake[2]: Leaving directory '/home/inauenma/git/mecheye_ros2_interface/build/mecheye_ros_interface'
[0.125s] /usr/bin/gmake  -f CMakeFiles/ament_cmake_python_copy_mecheye_ros_interface.dir/build.make CMakeFiles/ament_cmake_python_copy_mecheye_ros_interface.dir/build
[0.125s] /usr/bin/gmake  -f CMakeFiles/mecheye_ros_interface__rosidl_generator_type_description.dir/build.make CMakeFiles/mecheye_ros_interface__rosidl_generator_type_description.dir/build
[0.127s] gmake[2]: Entering directory '/home/inauenma/git/mecheye_ros2_interface/build/mecheye_ros_interface'
[0.128s] /usr/bin/cmake -E copy_directory /home/inauenma/git/mecheye_ros2_interface/build/mecheye_ros_interface/rosidl_generator_py/mecheye_ros_interface /home/inauenma/git/mecheye_ros2_interface/build/mecheye_ros_interface/ament_cmake_python/mecheye_ros_interface/mecheye_ros_interface
[0.128s] gmake[2]: Entering directory '/home/inauenma/git/mecheye_ros2_interface/build/mecheye_ros_interface'
[0.128s] gmake[2]: Nothing to be done for 'CMakeFiles/mecheye_ros_interface__rosidl_generator_type_description.dir/build'.
[0.129s] gmake[2]: Leaving directory '/home/inauenma/git/mecheye_ros2_interface/build/mecheye_ros_interface'
[0.148s] [  1%] Built target mecheye_ros_interface__rosidl_generator_type_description
[0.149s] /usr/bin/gmake  -f CMakeFiles/mecheye_ros_interface__cpp.dir/build.make CMakeFiles/mecheye_ros_interface__cpp.dir/depend
[0.150s] /usr/bin/gmake  -f CMakeFiles/mecheye_ros_interface__rosidl_generator_c.dir/build.make CMakeFiles/mecheye_ros_interface__rosidl_generator_c.dir/depend
[0.154s] gmake[2]: Entering directory '/home/inauenma/git/mecheye_ros2_interface/build/mecheye_ros_interface'
[0.154s] cd /home/inauenma/git/mecheye_ros2_interface/build/mecheye_ros_interface && /usr/bin/cmake -E cmake_depends "Unix Makefiles" /home/inauenma/git/mecheye_ros2_interface /home/inauenma/git/mecheye_ros2_interface /home/inauenma/git/mecheye_ros2_interface/build/mecheye_ros_interface /home/inauenma/git/mecheye_ros2_interface/build/mecheye_ros_interface /home/inauenma/git/mecheye_ros2_interface/build/mecheye_ros_interface/CMakeFiles/mecheye_ros_interface__cpp.dir/DependInfo.cmake "--color="
[0.161s] gmake[2]: Entering directory '/home/inauenma/git/mecheye_ros2_interface/build/mecheye_ros_interface'
[0.161s] cd /home/inauenma/git/mecheye_ros2_interface/build/mecheye_ros_interface && /usr/bin/cmake -E cmake_depends "Unix Makefiles" /home/inauenma/git/mecheye_ros2_interface /home/inauenma/git/mecheye_ros2_interface /home/inauenma/git/mecheye_ros2_interface/build/mecheye_ros_interface /home/inauenma/git/mecheye_ros2_interface/build/mecheye_ros_interface /home/inauenma/git/mecheye_ros2_interface/build/mecheye_ros_interface/CMakeFiles/mecheye_ros_interface__rosidl_generator_c.dir/DependInfo.cmake "--color="
[0.163s] gmake[2]: Leaving directory '/home/inauenma/git/mecheye_ros2_interface/build/mecheye_ros_interface'
[0.178s] gmake[2]: Leaving directory '/home/inauenma/git/mecheye_ros2_interface/build/mecheye_ros_interface'
[0.178s] /usr/bin/gmake  -f CMakeFiles/mecheye_ros_interface__cpp.dir/build.make CMakeFiles/mecheye_ros_interface__cpp.dir/build
[0.183s] [  1%] Built target ament_cmake_python_copy_mecheye_ros_interface
[0.183s] gmake[2]: Entering directory '/home/inauenma/git/mecheye_ros2_interface/build/mecheye_ros_interface'
[0.183s] gmake[2]: Nothing to be done for 'CMakeFiles/mecheye_ros_interface__cpp.dir/build'.
[0.183s] gmake[2]: Leaving directory '/home/inauenma/git/mecheye_ros2_interface/build/mecheye_ros_interface'
[0.185s] /usr/bin/gmake  -f CMakeFiles/ament_cmake_python_build_mecheye_ros_interface_egg.dir/build.make CMakeFiles/ament_cmake_python_build_mecheye_ros_interface_egg.dir/depend
[0.189s] gmake[2]: Entering directory '/home/inauenma/git/mecheye_ros2_interface/build/mecheye_ros_interface'
[0.189s] cd /home/inauenma/git/mecheye_ros2_interface/build/mecheye_ros_interface && /usr/bin/cmake -E cmake_depends "Unix Makefiles" /home/inauenma/git/mecheye_ros2_interface /home/inauenma/git/mecheye_ros2_interface /home/inauenma/git/mecheye_ros2_interface/build/mecheye_ros_interface /home/inauenma/git/mecheye_ros2_interface/build/mecheye_ros_interface /home/inauenma/git/mecheye_ros2_interface/build/mecheye_ros_interface/CMakeFiles/ament_cmake_python_build_mecheye_ros_interface_egg.dir/DependInfo.cmake "--color="
[0.190s] gmake[2]: Leaving directory '/home/inauenma/git/mecheye_ros2_interface/build/mecheye_ros_interface'
[0.191s] /usr/bin/gmake  -f CMakeFiles/mecheye_ros_interface__rosidl_generator_c.dir/build.make CMakeFiles/mecheye_ros_interface__rosidl_generator_c.dir/build
[0.205s] gmake[2]: Entering directory '/home/inauenma/git/mecheye_ros2_interface/build/mecheye_ros_interface'
[0.205s] gmake[2]: Nothing to be done for 'CMakeFiles/mecheye_ros_interface__rosidl_generator_c.dir/build'.
[0.205s] gmake[2]: Leaving directory '/home/inauenma/git/mecheye_ros2_interface/build/mecheye_ros_interface'
[0.210s] [  1%] Built target mecheye_ros_interface__cpp
[0.214s] gmake[2]: Leaving directory '/home/inauenma/git/mecheye_ros2_interface/build/mecheye_ros_interface'
[0.214s] /usr/bin/gmake  -f CMakeFiles/ament_cmake_python_build_mecheye_ros_interface_egg.dir/build.make CMakeFiles/ament_cmake_python_build_mecheye_ros_interface_egg.dir/build
[0.217s] gmake[2]: Entering directory '/home/inauenma/git/mecheye_ros2_interface/build/mecheye_ros_interface'
[0.217s] cd /home/inauenma/git/mecheye_ros2_interface/build/mecheye_ros_interface/ament_cmake_python/mecheye_ros_interface && /usr/bin/python3 setup.py egg_info
[0.229s] [ 29%] Built target mecheye_ros_interface__rosidl_generator_c
[0.231s] /usr/bin/gmake  -f CMakeFiles/mecheye_ros_interface__rosidl_typesupport_cpp.dir/build.make CMakeFiles/mecheye_ros_interface__rosidl_typesupport_cpp.dir/depend
[0.232s] /usr/bin/gmake  -f CMakeFiles/mecheye_ros_interface__rosidl_typesupport_fastrtps_c.dir/build.make CMakeFiles/mecheye_ros_interface__rosidl_typesupport_fastrtps_c.dir/depend
[0.232s] /usr/bin/gmake  -f CMakeFiles/mecheye_ros_interface__rosidl_typesupport_fastrtps_cpp.dir/build.make CMakeFiles/mecheye_ros_interface__rosidl_typesupport_fastrtps_cpp.dir/depend
[0.233s] /usr/bin/gmake  -f CMakeFiles/mecheye_ros_interface__rosidl_typesupport_introspection_c.dir/build.make CMakeFiles/mecheye_ros_interface__rosidl_typesupport_introspection_c.dir/depend
[0.233s] /usr/bin/gmake  -f CMakeFiles/mecheye_ros_interface__rosidl_typesupport_c.dir/build.make CMakeFiles/mecheye_ros_interface__rosidl_typesupport_c.dir/depend
[0.233s] /usr/bin/gmake  -f CMakeFiles/mecheye_ros_interface__rosidl_typesupport_introspection_cpp.dir/build.make CMakeFiles/mecheye_ros_interface__rosidl_typesupport_introspection_cpp.dir/depend
[0.240s] gmake[2]: Entering directory '/home/inauenma/git/mecheye_ros2_interface/build/mecheye_ros_interface'
[0.240s] cd /home/inauenma/git/mecheye_ros2_interface/build/mecheye_ros_interface && /usr/bin/cmake -E cmake_depends "Unix Makefiles" /home/inauenma/git/mecheye_ros2_interface /home/inauenma/git/mecheye_ros2_interface /home/inauenma/git/mecheye_ros2_interface/build/mecheye_ros_interface /home/inauenma/git/mecheye_ros2_interface/build/mecheye_ros_interface /home/inauenma/git/mecheye_ros2_interface/build/mecheye_ros_interface/CMakeFiles/mecheye_ros_interface__rosidl_typesupport_c.dir/DependInfo.cmake "--color="
[0.242s] gmake[2]: Entering directory '/home/inauenma/git/mecheye_ros2_interface/build/mecheye_ros_interface'
[0.242s] cd /home/inauenma/git/mecheye_ros2_interface/build/mecheye_ros_interface && /usr/bin/cmake -E cmake_depends "Unix Makefiles" /home/inauenma/git/mecheye_ros2_interface /home/inauenma/git/mecheye_ros2_interface /home/inauenma/git/mecheye_ros2_interface/build/mecheye_ros_interface /home/inauenma/git/mecheye_ros2_interface/build/mecheye_ros_interface /home/inauenma/git/mecheye_ros2_interface/build/mecheye_ros_interface/CMakeFiles/mecheye_ros_interface__rosidl_typesupport_cpp.dir/DependInfo.cmake "--color="
[0.242s] gmake[2]: Entering directory '/home/inauenma/git/mecheye_ros2_interface/build/mecheye_ros_interface'
[0.243s] cd /home/inauenma/git/mecheye_ros2_interface/build/mecheye_ros_interface && /usr/bin/cmake -E cmake_depends "Unix Makefiles" /home/inauenma/git/mecheye_ros2_interface /home/inauenma/git/mecheye_ros2_interface /home/inauenma/git/mecheye_ros2_interface/build/mecheye_ros_interface /home/inauenma/git/mecheye_ros2_interface/build/mecheye_ros_interface /home/inauenma/git/mecheye_ros2_interface/build/mecheye_ros_interface/CMakeFiles/mecheye_ros_interface__rosidl_typesupport_introspection_c.dir/DependInfo.cmake "--color="
[0.244s] gmake[2]: Entering directory '/home/inauenma/git/mecheye_ros2_interface/build/mecheye_ros_interface'
[0.244s] cd /home/inauenma/git/mecheye_ros2_interface/build/mecheye_ros_interface && /usr/bin/cmake -E cmake_depends "Unix Makefiles" /home/inauenma/git/mecheye_ros2_interface /home/inauenma/git/mecheye_ros2_interface /home/inauenma/git/mecheye_ros2_interface/build/mecheye_ros_interface /home/inauenma/git/mecheye_ros2_interface/build/mecheye_ros_interface /home/inauenma/git/mecheye_ros2_interface/build/mecheye_ros_interface/CMakeFiles/mecheye_ros_interface__rosidl_typesupport_fastrtps_c.dir/DependInfo.cmake "--color="
[0.244s] gmake[2]: Entering directory '/home/inauenma/git/mecheye_ros2_interface/build/mecheye_ros_interface'
[0.244s] cd /home/inauenma/git/mecheye_ros2_interface/build/mecheye_ros_interface && /usr/bin/cmake -E cmake_depends "Unix Makefiles" /home/inauenma/git/mecheye_ros2_interface /home/inauenma/git/mecheye_ros2_interface /home/inauenma/git/mecheye_ros2_interface/build/mecheye_ros_interface /home/inauenma/git/mecheye_ros2_interface/build/mecheye_ros_interface /home/inauenma/git/mecheye_ros2_interface/build/mecheye_ros_interface/CMakeFiles/mecheye_ros_interface__rosidl_typesupport_introspection_cpp.dir/DependInfo.cmake "--color="
[0.247s] gmake[2]: Entering directory '/home/inauenma/git/mecheye_ros2_interface/build/mecheye_ros_interface'
[0.247s] cd /home/inauenma/git/mecheye_ros2_interface/build/mecheye_ros_interface && /usr/bin/cmake -E cmake_depends "Unix Makefiles" /home/inauenma/git/mecheye_ros2_interface /home/inauenma/git/mecheye_ros2_interface /home/inauenma/git/mecheye_ros2_interface/build/mecheye_ros_interface /home/inauenma/git/mecheye_ros2_interface/build/mecheye_ros_interface /home/inauenma/git/mecheye_ros2_interface/build/mecheye_ros_interface/CMakeFiles/mecheye_ros_interface__rosidl_typesupport_fastrtps_cpp.dir/DependInfo.cmake "--color="
[0.274s] gmake[2]: Leaving directory '/home/inauenma/git/mecheye_ros2_interface/build/mecheye_ros_interface'
[0.274s] gmake[2]: Leaving directory '/home/inauenma/git/mecheye_ros2_interface/build/mecheye_ros_interface'
[0.274s] gmake[2]: Leaving directory '/home/inauenma/git/mecheye_ros2_interface/build/mecheye_ros_interface'
[0.275s] /usr/bin/gmake  -f CMakeFiles/mecheye_ros_interface__rosidl_typesupport_introspection_c.dir/build.make CMakeFiles/mecheye_ros_interface__rosidl_typesupport_introspection_c.dir/build
[0.275s] gmake[2]: Leaving directory '/home/inauenma/git/mecheye_ros2_interface/build/mecheye_ros_interface'
[0.275s] /usr/bin/gmake  -f CMakeFiles/mecheye_ros_interface__rosidl_typesupport_cpp.dir/build.make CMakeFiles/mecheye_ros_interface__rosidl_typesupport_cpp.dir/build
[0.276s] /usr/bin/gmake  -f CMakeFiles/mecheye_ros_interface__rosidl_typesupport_c.dir/build.make CMakeFiles/mecheye_ros_interface__rosidl_typesupport_c.dir/build
[0.276s] /usr/bin/gmake  -f CMakeFiles/mecheye_ros_interface__rosidl_typesupport_introspection_cpp.dir/build.make CMakeFiles/mecheye_ros_interface__rosidl_typesupport_introspection_cpp.dir/build
[0.278s] gmake[2]: Leaving directory '/home/inauenma/git/mecheye_ros2_interface/build/mecheye_ros_interface'
[0.278s] /usr/bin/gmake  -f CMakeFiles/mecheye_ros_interface__rosidl_typesupport_fastrtps_c.dir/build.make CMakeFiles/mecheye_ros_interface__rosidl_typesupport_fastrtps_c.dir/build
[0.282s] gmake[2]: Leaving directory '/home/inauenma/git/mecheye_ros2_interface/build/mecheye_ros_interface'
[0.283s] /usr/bin/gmake  -f CMakeFiles/mecheye_ros_interface__rosidl_typesupport_fastrtps_cpp.dir/build.make CMakeFiles/mecheye_ros_interface__rosidl_typesupport_fastrtps_cpp.dir/build
[0.285s] gmake[2]: Entering directory '/home/inauenma/git/mecheye_ros2_interface/build/mecheye_ros_interface'
[0.285s] gmake[2]: Entering directory '/home/inauenma/git/mecheye_ros2_interface/build/mecheye_ros_interface'
[0.285s] gmake[2]: Nothing to be done for 'CMakeFiles/mecheye_ros_interface__rosidl_typesupport_c.dir/build'.
[0.285s] gmake[2]: Nothing to be done for 'CMakeFiles/mecheye_ros_interface__rosidl_typesupport_introspection_c.dir/build'.
[0.285s] gmake[2]: Leaving directory '/home/inauenma/git/mecheye_ros2_interface/build/mecheye_ros_interface'
[0.285s] gmake[2]: Leaving directory '/home/inauenma/git/mecheye_ros2_interface/build/mecheye_ros_interface'
[0.289s] gmake[2]: Entering directory '/home/inauenma/git/mecheye_ros2_interface/build/mecheye_ros_interface'
[0.290s] gmake[2]: Entering directory '/home/inauenma/git/mecheye_ros2_interface/build/mecheye_ros_interface'
[0.290s] gmake[2]: Nothing to be done for 'CMakeFiles/mecheye_ros_interface__rosidl_typesupport_cpp.dir/build'.
[0.290s] gmake[2]: Nothing to be done for 'CMakeFiles/mecheye_ros_interface__rosidl_typesupport_introspection_cpp.dir/build'.
[0.290s] gmake[2]: Leaving directory '/home/inauenma/git/mecheye_ros2_interface/build/mecheye_ros_interface'
[0.290s] gmake[2]: Leaving directory '/home/inauenma/git/mecheye_ros2_interface/build/mecheye_ros_interface'
[0.296s] gmake[2]: Entering directory '/home/inauenma/git/mecheye_ros2_interface/build/mecheye_ros_interface'
[0.296s] gmake[2]: Nothing to be done for 'CMakeFiles/mecheye_ros_interface__rosidl_typesupport_fastrtps_c.dir/build'.
[0.296s] gmake[2]: Leaving directory '/home/inauenma/git/mecheye_ros2_interface/build/mecheye_ros_interface'
[0.300s] gmake[2]: Entering directory '/home/inauenma/git/mecheye_ros2_interface/build/mecheye_ros_interface'
[0.300s] gmake[2]: Nothing to be done for 'CMakeFiles/mecheye_ros_interface__rosidl_typesupport_fastrtps_cpp.dir/build'.
[0.300s] gmake[2]: Leaving directory '/home/inauenma/git/mecheye_ros2_interface/build/mecheye_ros_interface'
[0.312s] [ 48%] Built target mecheye_ros_interface__rosidl_typesupport_c
[0.312s] [ 49%] Built target mecheye_ros_interface__rosidl_typesupport_introspection_c
[0.317s] [ 67%] Built target mecheye_ros_interface__rosidl_typesupport_introspection_cpp
[0.317s] [ 67%] Built target mecheye_ros_interface__rosidl_typesupport_cpp
[0.319s] /usr/bin/gmake  -f CMakeFiles/start.dir/build.make CMakeFiles/start.dir/depend
[0.325s] [ 80%] Built target mecheye_ros_interface__rosidl_typesupport_fastrtps_c
[0.325s] [ 87%] Built target mecheye_ros_interface__rosidl_typesupport_fastrtps_cpp
[0.327s] /usr/bin/gmake  -f CMakeFiles/mecheye_ros_interface.dir/build.make CMakeFiles/mecheye_ros_interface.dir/depend
[0.330s] gmake[2]: Entering directory '/home/inauenma/git/mecheye_ros2_interface/build/mecheye_ros_interface'
[0.330s] cd /home/inauenma/git/mecheye_ros2_interface/build/mecheye_ros_interface && /usr/bin/cmake -E cmake_depends "Unix Makefiles" /home/inauenma/git/mecheye_ros2_interface /home/inauenma/git/mecheye_ros2_interface /home/inauenma/git/mecheye_ros2_interface/build/mecheye_ros_interface /home/inauenma/git/mecheye_ros2_interface/build/mecheye_ros_interface /home/inauenma/git/mecheye_ros2_interface/build/mecheye_ros_interface/CMakeFiles/start.dir/DependInfo.cmake "--color="
[0.331s] gmake[2]: Entering directory '/home/inauenma/git/mecheye_ros2_interface/build/mecheye_ros_interface'
[0.331s] cd /home/inauenma/git/mecheye_ros2_interface/build/mecheye_ros_interface && /usr/bin/cmake -E cmake_depends "Unix Makefiles" /home/inauenma/git/mecheye_ros2_interface /home/inauenma/git/mecheye_ros2_interface /home/inauenma/git/mecheye_ros2_interface/build/mecheye_ros_interface /home/inauenma/git/mecheye_ros2_interface/build/mecheye_ros_interface /home/inauenma/git/mecheye_ros2_interface/build/mecheye_ros_interface/CMakeFiles/mecheye_ros_interface.dir/DependInfo.cmake "--color="
[0.355s] gmake[2]: Leaving directory '/home/inauenma/git/mecheye_ros2_interface/build/mecheye_ros_interface'
[0.355s] /usr/bin/gmake  -f CMakeFiles/mecheye_ros_interface.dir/build.make CMakeFiles/mecheye_ros_interface.dir/build
[0.355s] gmake[2]: Leaving directory '/home/inauenma/git/mecheye_ros2_interface/build/mecheye_ros_interface'
[0.355s] /usr/bin/gmake  -f CMakeFiles/start.dir/build.make CMakeFiles/start.dir/build
[0.358s] gmake[2]: Entering directory '/home/inauenma/git/mecheye_ros2_interface/build/mecheye_ros_interface'
[0.358s] gmake[2]: Nothing to be done for 'CMakeFiles/mecheye_ros_interface.dir/build'.
[0.358s] gmake[2]: Leaving directory '/home/inauenma/git/mecheye_ros2_interface/build/mecheye_ros_interface'
[0.372s] gmake[2]: Entering directory '/home/inauenma/git/mecheye_ros2_interface/build/mecheye_ros_interface'
[0.373s] gmake[2]: Nothing to be done for 'CMakeFiles/start.dir/build'.
[0.373s] gmake[2]: Leaving directory '/home/inauenma/git/mecheye_ros2_interface/build/mecheye_ros_interface'
[0.385s] [ 87%] Built target mecheye_ros_interface
[0.387s] /usr/bin/gmake  -f mecheye_ros_interface__py/CMakeFiles/mecheye_ros_interface__py.dir/build.make mecheye_ros_interface__py/CMakeFiles/mecheye_ros_interface__py.dir/depend
[0.390s] gmake[2]: Entering directory '/home/inauenma/git/mecheye_ros2_interface/build/mecheye_ros_interface'
[0.390s] cd /home/inauenma/git/mecheye_ros2_interface/build/mecheye_ros_interface && /usr/bin/cmake -E cmake_depends "Unix Makefiles" /home/inauenma/git/mecheye_ros2_interface /home/inauenma/git/mecheye_ros2_interface/build/mecheye_ros_interface/mecheye_ros_interface__py /home/inauenma/git/mecheye_ros2_interface/build/mecheye_ros_interface /home/inauenma/git/mecheye_ros2_interface/build/mecheye_ros_interface/mecheye_ros_interface__py /home/inauenma/git/mecheye_ros2_interface/build/mecheye_ros_interface/mecheye_ros_interface__py/CMakeFiles/mecheye_ros_interface__py.dir/DependInfo.cmake "--color="
[0.394s] [ 89%] Built target start
[0.414s] gmake[2]: Leaving directory '/home/inauenma/git/mecheye_ros2_interface/build/mecheye_ros_interface'
[0.414s] /usr/bin/gmake  -f mecheye_ros_interface__py/CMakeFiles/mecheye_ros_interface__py.dir/build.make mecheye_ros_interface__py/CMakeFiles/mecheye_ros_interface__py.dir/build
[0.418s] gmake[2]: Entering directory '/home/inauenma/git/mecheye_ros2_interface/build/mecheye_ros_interface'
[0.418s] gmake[2]: Nothing to be done for 'mecheye_ros_interface__py/CMakeFiles/mecheye_ros_interface__py.dir/build'.
[0.418s] gmake[2]: Leaving directory '/home/inauenma/git/mecheye_ros2_interface/build/mecheye_ros_interface'
[0.441s] [ 89%] Built target mecheye_ros_interface__py
[0.442s] /usr/bin/gmake  -f CMakeFiles/mecheye_ros_interface__rosidl_generator_py.dir/build.make CMakeFiles/mecheye_ros_interface__rosidl_generator_py.dir/depend
[0.451s] gmake[2]: Entering directory '/home/inauenma/git/mecheye_ros2_interface/build/mecheye_ros_interface'
[0.451s] cd /home/inauenma/git/mecheye_ros2_interface/build/mecheye_ros_interface && /usr/bin/cmake -E cmake_depends "Unix Makefiles" /home/inauenma/git/mecheye_ros2_interface /home/inauenma/git/mecheye_ros2_interface /home/inauenma/git/mecheye_ros2_interface/build/mecheye_ros_interface /home/inauenma/git/mecheye_ros2_interface/build/mecheye_ros_interface /home/inauenma/git/mecheye_ros2_interface/build/mecheye_ros_interface/CMakeFiles/mecheye_ros_interface__rosidl_generator_py.dir/DependInfo.cmake "--color="
[0.476s] gmake[2]: Leaving directory '/home/inauenma/git/mecheye_ros2_interface/build/mecheye_ros_interface'
[0.476s] /usr/bin/gmake  -f CMakeFiles/mecheye_ros_interface__rosidl_generator_py.dir/build.make CMakeFiles/mecheye_ros_interface__rosidl_generator_py.dir/build
[0.479s] running egg_info
[0.486s] gmake[2]: Entering directory '/home/inauenma/git/mecheye_ros2_interface/build/mecheye_ros_interface'
[0.486s] gmake[2]: Nothing to be done for 'CMakeFiles/mecheye_ros_interface__rosidl_generator_py.dir/build'.
[0.486s] gmake[2]: Leaving directory '/home/inauenma/git/mecheye_ros2_interface/build/mecheye_ros_interface'
[0.501s] writing mecheye_ros_interface.egg-info/PKG-INFO
[0.502s] writing dependency_links to mecheye_ros_interface.egg-info/dependency_links.txt
[0.502s] writing top-level names to mecheye_ros_interface.egg-info/top_level.txt
[0.511s] [ 98%] Built target mecheye_ros_interface__rosidl_generator_py
[0.513s] /usr/bin/gmake  -f CMakeFiles/mecheye_ros_interface_s__rosidl_typesupport_fastrtps_c.dir/build.make CMakeFiles/mecheye_ros_interface_s__rosidl_typesupport_fastrtps_c.dir/depend
[0.514s] /usr/bin/gmake  -f CMakeFiles/mecheye_ros_interface_s__rosidl_typesupport_introspection_c.dir/build.make CMakeFiles/mecheye_ros_interface_s__rosidl_typesupport_introspection_c.dir/depend
[0.514s] /usr/bin/gmake  -f CMakeFiles/mecheye_ros_interface_s__rosidl_typesupport_c.dir/build.make CMakeFiles/mecheye_ros_interface_s__rosidl_typesupport_c.dir/depend
[0.519s] gmake[2]: Entering directory '/home/inauenma/git/mecheye_ros2_interface/build/mecheye_ros_interface'
[0.519s] cd /home/inauenma/git/mecheye_ros2_interface/build/mecheye_ros_interface && /usr/bin/cmake -E cmake_depends "Unix Makefiles" /home/inauenma/git/mecheye_ros2_interface /home/inauenma/git/mecheye_ros2_interface /home/inauenma/git/mecheye_ros2_interface/build/mecheye_ros_interface /home/inauenma/git/mecheye_ros2_interface/build/mecheye_ros_interface /home/inauenma/git/mecheye_ros2_interface/build/mecheye_ros_interface/CMakeFiles/mecheye_ros_interface_s__rosidl_typesupport_fastrtps_c.dir/DependInfo.cmake "--color="
[0.519s] gmake[2]: Entering directory '/home/inauenma/git/mecheye_ros2_interface/build/mecheye_ros_interface'
[0.519s] cd /home/inauenma/git/mecheye_ros2_interface/build/mecheye_ros_interface && /usr/bin/cmake -E cmake_depends "Unix Makefiles" /home/inauenma/git/mecheye_ros2_interface /home/inauenma/git/mecheye_ros2_interface /home/inauenma/git/mecheye_ros2_interface/build/mecheye_ros_interface /home/inauenma/git/mecheye_ros2_interface/build/mecheye_ros_interface /home/inauenma/git/mecheye_ros2_interface/build/mecheye_ros_interface/CMakeFiles/mecheye_ros_interface_s__rosidl_typesupport_introspection_c.dir/DependInfo.cmake "--color="
[0.519s] gmake[2]: Entering directory '/home/inauenma/git/mecheye_ros2_interface/build/mecheye_ros_interface'
[0.519s] cd /home/inauenma/git/mecheye_ros2_interface/build/mecheye_ros_interface && /usr/bin/cmake -E cmake_depends "Unix Makefiles" /home/inauenma/git/mecheye_ros2_interface /home/inauenma/git/mecheye_ros2_interface /home/inauenma/git/mecheye_ros2_interface/build/mecheye_ros_interface /home/inauenma/git/mecheye_ros2_interface/build/mecheye_ros_interface /home/inauenma/git/mecheye_ros2_interface/build/mecheye_ros_interface/CMakeFiles/mecheye_ros_interface_s__rosidl_typesupport_c.dir/DependInfo.cmake "--color="
[0.544s] gmake[2]: Leaving directory '/home/inauenma/git/mecheye_ros2_interface/build/mecheye_ros_interface'
[0.544s] gmake[2]: Leaving directory '/home/inauenma/git/mecheye_ros2_interface/build/mecheye_ros_interface'
[0.544s] gmake[2]: Leaving directory '/home/inauenma/git/mecheye_ros2_interface/build/mecheye_ros_interface'
[0.545s] /usr/bin/gmake  -f CMakeFiles/mecheye_ros_interface_s__rosidl_typesupport_fastrtps_c.dir/build.make CMakeFiles/mecheye_ros_interface_s__rosidl_typesupport_fastrtps_c.dir/build
[0.545s] /usr/bin/gmake  -f CMakeFiles/mecheye_ros_interface_s__rosidl_typesupport_introspection_c.dir/build.make CMakeFiles/mecheye_ros_interface_s__rosidl_typesupport_introspection_c.dir/build
[0.545s] /usr/bin/gmake  -f CMakeFiles/mecheye_ros_interface_s__rosidl_typesupport_c.dir/build.make CMakeFiles/mecheye_ros_interface_s__rosidl_typesupport_c.dir/build
[0.549s] gmake[2]: Entering directory '/home/inauenma/git/mecheye_ros2_interface/build/mecheye_ros_interface'
[0.550s] gmake[2]: Entering directory '/home/inauenma/git/mecheye_ros2_interface/build/mecheye_ros_interface'
[0.550s] gmake[2]: Entering directory '/home/inauenma/git/mecheye_ros2_interface/build/mecheye_ros_interface'
[0.550s] gmake[2]: Nothing to be done for 'CMakeFiles/mecheye_ros_interface_s__rosidl_typesupport_c.dir/build'.
[0.550s] gmake[2]: Nothing to be done for 'CMakeFiles/mecheye_ros_interface_s__rosidl_typesupport_fastrtps_c.dir/build'.
[0.550s] gmake[2]: Nothing to be done for 'CMakeFiles/mecheye_ros_interface_s__rosidl_typesupport_introspection_c.dir/build'.
[0.550s] gmake[2]: Leaving directory '/home/inauenma/git/mecheye_ros2_interface/build/mecheye_ros_interface'
[0.550s] gmake[2]: Leaving directory '/home/inauenma/git/mecheye_ros2_interface/build/mecheye_ros_interface'
[0.550s] gmake[2]: Leaving directory '/home/inauenma/git/mecheye_ros2_interface/build/mecheye_ros_interface'
[0.571s] [ 98%] Built target mecheye_ros_interface_s__rosidl_typesupport_introspection_c
[0.571s] [100%] Built target mecheye_ros_interface_s__rosidl_typesupport_c
[0.571s] [100%] Built target mecheye_ros_interface_s__rosidl_typesupport_fastrtps_c
[0.575s] reading manifest file 'mecheye_ros_interface.egg-info/SOURCES.txt'
[0.576s] writing manifest file 'mecheye_ros_interface.egg-info/SOURCES.txt'
[0.610s] gmake[2]: Leaving directory '/home/inauenma/git/mecheye_ros2_interface/build/mecheye_ros_interface'
[0.630s] [100%] Built target ament_cmake_python_build_mecheye_ros_interface_egg
[0.631s] gmake[1]: Leaving directory '/home/inauenma/git/mecheye_ros2_interface/build/mecheye_ros_interface'
[0.631s] /usr/bin/cmake -E cmake_progress_start /home/inauenma/git/mecheye_ros2_interface/build/mecheye_ros_interface/CMakeFiles 0
[0.658s] Invoked command in '/home/inauenma/git/mecheye_ros2_interface/build/mecheye_ros_interface' returned '0': CMAKE_PREFIX_PATH=${CMAKE_PREFIX_PATH}:/home/inauenma/ros2_ws/install/mesh_control_ros:/home/inauenma/moveit_ws/install/moveit_configs_utils:/opt/ros/jazzy DEBUGINFOD_URLS=https://debuginfod.ubuntu.com /usr/bin/cmake --build /home/inauenma/git/mecheye_ros2_interface/build/mecheye_ros_interface -- -j16 -l16
[0.680s] Invoking command in '/home/inauenma/git/mecheye_ros2_interface/build/mecheye_ros_interface': CMAKE_PREFIX_PATH=${CMAKE_PREFIX_PATH}:/home/inauenma/ros2_ws/install/mesh_control_ros:/home/inauenma/moveit_ws/install/moveit_configs_utils:/opt/ros/jazzy DEBUGINFOD_URLS=https://debuginfod.ubuntu.com /usr/bin/cmake --install /home/inauenma/git/mecheye_ros2_interface/build/mecheye_ros_interface
[0.704s] -- Install configuration: ""
[0.705s] -- Up-to-date: /home/inauenma/git/mecheye_ros2_interface/install/mecheye_ros_interface/share/ament_index/resource_index/rosidl_interfaces/mecheye_ros_interface
[0.705s] -- Up-to-date: /home/inauenma/git/mecheye_ros2_interface/install/mecheye_ros_interface/share/mecheye_ros_interface/srv/SetCurrentUserSet.json
[0.705s] -- Up-to-date: /home/inauenma/git/mecheye_ros2_interface/install/mecheye_ros_interface/share/mecheye_ros_interface/srv/SaveAllSettingsToUserSets.json
[0.705s] -- Up-to-date: /home/inauenma/git/mecheye_ros2_interface/install/mecheye_ros_interface/share/mecheye_ros_interface/srv/AddUserSet.json
[0.705s] -- Up-to-date: /home/inauenma/git/mecheye_ros2_interface/install/mecheye_ros_interface/share/mecheye_ros_interface/srv/CaptureColorImage.json
[0.706s] -- Up-to-date: /home/inauenma/git/mecheye_ros2_interface/install/mecheye_ros_interface/share/mecheye_ros_interface/srv/CaptureStereoColorImages.json
[0.706s] -- Up-to-date: /home/inauenma/git/mecheye_ros2_interface/install/mecheye_ros_interface/share/mecheye_ros_interface/srv/CaptureTexturedPointCloud.json
[0.706s] -- Up-to-date: /home/inauenma/git/mecheye_ros2_interface/install/mecheye_ros_interface/share/mecheye_ros_interface/srv/CaptureDepthMap.json
[0.706s] -- Up-to-date: /home/inauenma/git/mecheye_ros2_interface/install/mecheye_ros_interface/share/mecheye_ros_interface/srv/CapturePointCloud.json
[0.706s] -- Up-to-date: /home/inauenma/git/mecheye_ros2_interface/install/mecheye_ros_interface/share/mecheye_ros_interface/srv/DeleteUserSet.json
[0.707s] -- Up-to-date: /home/inauenma/git/mecheye_ros2_interface/install/mecheye_ros_interface/share/mecheye_ros_interface/srv/DeviceInfo.json
[0.707s] -- Up-to-date: /home/inauenma/git/mecheye_ros2_interface/install/mecheye_ros_interface/share/mecheye_ros_interface/srv/GetAllUserSets.json
[0.707s] -- Up-to-date: /home/inauenma/git/mecheye_ros2_interface/install/mecheye_ros_interface/share/mecheye_ros_interface/srv/GetCurrentUserSet.json
[0.707s] -- Up-to-date: /home/inauenma/git/mecheye_ros2_interface/install/mecheye_ros_interface/share/mecheye_ros_interface/srv/SetIntParameter.json
[0.707s] -- Up-to-date: /home/inauenma/git/mecheye_ros2_interface/install/mecheye_ros_interface/share/mecheye_ros_interface/srv/GetIntParameter.json
[0.708s] -- Up-to-date: /home/inauenma/git/mecheye_ros2_interface/install/mecheye_ros_interface/share/mecheye_ros_interface/srv/SetRangeParameter.json
[0.708s] -- Up-to-date: /home/inauenma/git/mecheye_ros2_interface/install/mecheye_ros_interface/share/mecheye_ros_interface/srv/GetRangeParameter.json
[0.708s] -- Up-to-date: /home/inauenma/git/mecheye_ros2_interface/install/mecheye_ros_interface/share/mecheye_ros_interface/srv/SetBoolParameter.json
[0.708s] -- Up-to-date: /home/inauenma/git/mecheye_ros2_interface/install/mecheye_ros_interface/share/mecheye_ros_interface/srv/GetBoolParameter.json
[0.708s] -- Up-to-date: /home/inauenma/git/mecheye_ros2_interface/install/mecheye_ros_interface/share/mecheye_ros_interface/srv/SetEnumParameter.json
[0.708s] -- Up-to-date: /home/inauenma/git/mecheye_ros2_interface/install/mecheye_ros_interface/share/mecheye_ros_interface/srv/GetEnumParameter.json
[0.709s] -- Up-to-date: /home/inauenma/git/mecheye_ros2_interface/install/mecheye_ros_interface/share/mecheye_ros_interface/srv/SetFloatParameter.json
[0.709s] -- Up-to-date: /home/inauenma/git/mecheye_ros2_interface/install/mecheye_ros_interface/share/mecheye_ros_interface/srv/GetFloatParameter.json
[0.710s] -- Up-to-date: /home/inauenma/git/mecheye_ros2_interface/install/mecheye_ros_interface/share/mecheye_ros_interface/srv/SetFloatArrayParameter.json
[0.710s] -- Up-to-date: /home/inauenma/git/mecheye_ros2_interface/install/mecheye_ros_interface/share/mecheye_ros_interface/srv/GetFloatArrayParameter.json
[0.710s] -- Up-to-date: /home/inauenma/git/mecheye_ros2_interface/install/mecheye_ros_interface/share/mecheye_ros_interface/srv/SetROIParameter.json
[0.710s] -- Up-to-date: /home/inauenma/git/mecheye_ros2_interface/install/mecheye_ros_interface/share/mecheye_ros_interface/srv/GetROIParameter.json
[0.710s] -- Up-to-date: /home/inauenma/git/mecheye_ros2_interface/install/mecheye_ros_interface/include/mecheye_ros_interface/mecheye_ros_interface
[0.711s] -- Up-to-date: /home/inauenma/git/mecheye_ros2_interface/install/mecheye_ros_interface/include/mecheye_ros_interface/mecheye_ros_interface/srv
[0.711s] -- Up-to-date: /home/inauenma/git/mecheye_ros2_interface/install/mecheye_ros_interface/include/mecheye_ros_interface/mecheye_ros_interface/srv/capture_point_cloud.h
[0.711s] -- Up-to-date: /home/inauenma/git/mecheye_ros2_interface/install/mecheye_ros_interface/include/mecheye_ros_interface/mecheye_ros_interface/srv/set_current_user_set.h
[0.712s] -- Up-to-date: /home/inauenma/git/mecheye_ros2_interface/install/mecheye_ros_interface/include/mecheye_ros_interface/mecheye_ros_interface/srv/capture_depth_map.h
[0.712s] -- Up-to-date: /home/inauenma/git/mecheye_ros2_interface/install/mecheye_ros_interface/include/mecheye_ros_interface/mecheye_ros_interface/srv/set_float_array_parameter.h
[0.712s] -- Up-to-date: /home/inauenma/git/mecheye_ros2_interface/install/mecheye_ros_interface/include/mecheye_ros_interface/mecheye_ros_interface/srv/save_all_settings_to_user_sets.h
[0.712s] -- Up-to-date: /home/inauenma/git/mecheye_ros2_interface/install/mecheye_ros_interface/include/mecheye_ros_interface/mecheye_ros_interface/srv/get_enum_parameter.h
[0.713s] -- Up-to-date: /home/inauenma/git/mecheye_ros2_interface/install/mecheye_ros_interface/include/mecheye_ros_interface/mecheye_ros_interface/srv/set_range_parameter.h
[0.713s] -- Up-to-date: /home/inauenma/git/mecheye_ros2_interface/install/mecheye_ros_interface/include/mecheye_ros_interface/mecheye_ros_interface/srv/capture_textured_point_cloud.h
[0.714s] -- Up-to-date: /home/inauenma/git/mecheye_ros2_interface/install/mecheye_ros_interface/include/mecheye_ros_interface/mecheye_ros_interface/srv/set_int_parameter.h
[0.714s] -- Up-to-date: /home/inauenma/git/mecheye_ros2_interface/install/mecheye_ros_interface/include/mecheye_ros_interface/mecheye_ros_interface/srv/set_roi_parameter.h
[0.714s] -- Up-to-date: /home/inauenma/git/mecheye_ros2_interface/install/mecheye_ros_interface/include/mecheye_ros_interface/mecheye_ros_interface/srv/get_float_array_parameter.h
[0.715s] -- Up-to-date: /home/inauenma/git/mecheye_ros2_interface/install/mecheye_ros_interface/include/mecheye_ros_interface/mecheye_ros_interface/srv/get_current_user_set.h
[0.715s] -- Up-to-date: /home/inauenma/git/mecheye_ros2_interface/install/mecheye_ros_interface/include/mecheye_ros_interface/mecheye_ros_interface/srv/set_float_parameter.h
[0.715s] -- Up-to-date: /home/inauenma/git/mecheye_ros2_interface/install/mecheye_ros_interface/include/mecheye_ros_interface/mecheye_ros_interface/srv/device_info.h
[0.716s] -- Up-to-date: /home/inauenma/git/mecheye_ros2_interface/install/mecheye_ros_interface/include/mecheye_ros_interface/mecheye_ros_interface/srv/capture_color_image.h
[0.716s] -- Up-to-date: /home/inauenma/git/mecheye_ros2_interface/install/mecheye_ros_interface/include/mecheye_ros_interface/mecheye_ros_interface/srv/get_int_parameter.h
[0.716s] -- Up-to-date: /home/inauenma/git/mecheye_ros2_interface/install/mecheye_ros_interface/include/mecheye_ros_interface/mecheye_ros_interface/srv/get_float_parameter.h
[0.716s] -- Up-to-date: /home/inauenma/git/mecheye_ros2_interface/install/mecheye_ros_interface/include/mecheye_ros_interface/mecheye_ros_interface/srv/get_range_parameter.h
[0.716s] -- Up-to-date: /home/inauenma/git/mecheye_ros2_interface/install/mecheye_ros_interface/include/mecheye_ros_interface/mecheye_ros_interface/srv/set_bool_parameter.h
[0.716s] -- Up-to-date: /home/inauenma/git/mecheye_ros2_interface/install/mecheye_ros_interface/include/mecheye_ros_interface/mecheye_ros_interface/srv/get_bool_parameter.h
[0.717s] -- Up-to-date: /home/inauenma/git/mecheye_ros2_interface/install/mecheye_ros_interface/include/mecheye_ros_interface/mecheye_ros_interface/srv/get_roi_parameter.h
[0.717s] -- Up-to-date: /home/inauenma/git/mecheye_ros2_interface/install/mecheye_ros_interface/include/mecheye_ros_interface/mecheye_ros_interface/srv/delete_user_set.h
[0.717s] -- Up-to-date: /home/inauenma/git/mecheye_ros2_interface/install/mecheye_ros_interface/include/mecheye_ros_interface/mecheye_ros_interface/srv/get_all_user_sets.h
[0.717s] -- Up-to-date: /home/inauenma/git/mecheye_ros2_interface/install/mecheye_ros_interface/include/mecheye_ros_interface/mecheye_ros_interface/srv/detail
[0.718s] -- Up-to-date: /home/inauenma/git/mecheye_ros2_interface/install/mecheye_ros_interface/include/mecheye_ros_interface/mecheye_ros_interface/srv/detail/get_current_user_set__functions.c
[0.718s] -- Up-to-date: /home/inauenma/git/mecheye_ros2_interface/install/mecheye_ros_interface/include/mecheye_ros_interface/mecheye_ros_interface/srv/detail/get_current_user_set__struct.h
[0.718s] -- Up-to-date: /home/inauenma/git/mecheye_ros2_interface/install/mecheye_ros_interface/include/mecheye_ros_interface/mecheye_ros_interface/srv/detail/get_roi_parameter__functions.c
[0.718s] -- Up-to-date: /home/inauenma/git/mecheye_ros2_interface/install/mecheye_ros_interface/include/mecheye_ros_interface/mecheye_ros_interface/srv/detail/get_int_parameter__type_support.h
[0.718s] -- Installing: /home/inauenma/git/mecheye_ros2_interface/install/mecheye_ros_interface/include/mecheye_ros_interface/mecheye_ros_interface/srv/detail/capture_depth_map__type_support.c
[0.719s] -- Up-to-date: /home/inauenma/git/mecheye_ros2_interface/install/mecheye_ros_interface/include/mecheye_ros_interface/mecheye_ros_interface/srv/detail/capture_textured_point_cloud__type_support.h
[0.719s] -- Up-to-date: /home/inauenma/git/mecheye_ros2_interface/install/mecheye_ros_interface/include/mecheye_ros_interface/mecheye_ros_interface/srv/detail/set_current_user_set__description.c
[0.719s] -- Up-to-date: /home/inauenma/git/mecheye_ros2_interface/install/mecheye_ros_interface/include/mecheye_ros_interface/mecheye_ros_interface/srv/detail/get_float_array_parameter__struct.h
[0.719s] -- Up-to-date: /home/inauenma/git/mecheye_ros2_interface/install/mecheye_ros_interface/include/mecheye_ros_interface/mecheye_ros_interface/srv/detail/capture_color_image__functions.c
[0.719s] -- Up-to-date: /home/inauenma/git/mecheye_ros2_interface/install/mecheye_ros_interface/include/mecheye_ros_interface/mecheye_ros_interface/srv/detail/save_all_settings_to_user_sets__struct.h
[0.719s] -- Installing: /home/inauenma/git/mecheye_ros2_interface/install/mecheye_ros_interface/include/mecheye_ros_interface/mecheye_ros_interface/srv/detail/set_range_parameter__type_support.c
[0.720s] -- Up-to-date: /home/inauenma/git/mecheye_ros2_interface/install/mecheye_ros_interface/include/mecheye_ros_interface/mecheye_ros_interface/srv/detail/set_enum_parameter__functions.h
[0.721s] -- Up-to-date: /home/inauenma/git/mecheye_ros2_interface/install/mecheye_ros_interface/include/mecheye_ros_interface/mecheye_ros_interface/srv/detail/get_roi_parameter__description.c
[0.721s] -- Up-to-date: /home/inauenma/git/mecheye_ros2_interface/install/mecheye_ros_interface/include/mecheye_ros_interface/mecheye_ros_interface/srv/detail/set_range_parameter__description.c
[0.721s] -- Installing: /home/inauenma/git/mecheye_ros2_interface/install/mecheye_ros_interface/include/mecheye_ros_interface/mecheye_ros_interface/srv/detail/get_int_parameter__type_support.c
[0.721s] -- Installing: /home/inauenma/git/mecheye_ros2_interface/install/mecheye_ros_interface/include/mecheye_ros_interface/mecheye_ros_interface/srv/detail/set_enum_parameter__type_support.c
[0.722s] -- Up-to-date: /home/inauenma/git/mecheye_ros2_interface/install/mecheye_ros_interface/include/mecheye_ros_interface/mecheye_ros_interface/srv/detail/capture_color_image__type_support.h
[0.722s] -- Up-to-date: /home/inauenma/git/mecheye_ros2_interface/install/mecheye_ros_interface/include/mecheye_ros_interface/mecheye_ros_interface/srv/detail/capture_stereo_color_images__struct.h
[0.722s] -- Installing: /home/inauenma/git/mecheye_ros2_interface/install/mecheye_ros_interface/include/mecheye_ros_interface/mecheye_ros_interface/srv/detail/get_enum_parameter__type_support.c
[0.723s] -- Installing: /home/inauenma/git/mecheye_ros2_interface/install/mecheye_ros_interface/include/mecheye_ros_interface/mecheye_ros_interface/srv/detail/get_current_user_set__type_support.c
[0.723s] -- Installing: /home/inauenma/git/mecheye_ros2_interface/install/mecheye_ros_interface/include/mecheye_ros_interface/mecheye_ros_interface/srv/detail/capture_textured_point_cloud__type_support.c
[0.723s] -- Up-to-date: /home/inauenma/git/mecheye_ros2_interface/install/mecheye_ros_interface/include/mecheye_ros_interface/mecheye_ros_interface/srv/detail/set_float_parameter__struct.h
[0.724s] -- Installing: /home/inauenma/git/mecheye_ros2_interface/install/mecheye_ros_interface/include/mecheye_ros_interface/mecheye_ros_interface/srv/detail/device_info__type_support.c
[0.725s] -- Up-to-date: /home/inauenma/git/mecheye_ros2_interface/install/mecheye_ros_interface/include/mecheye_ros_interface/mecheye_ros_interface/srv/detail/set_float_array_parameter__functions.c
[0.726s] -- Up-to-date: /home/inauenma/git/mecheye_ros2_interface/install/mecheye_ros_interface/include/mecheye_ros_interface/mecheye_ros_interface/srv/detail/get_float_parameter__struct.h
[0.726s] -- Up-to-date: /home/inauenma/git/mecheye_ros2_interface/install/mecheye_ros_interface/include/mecheye_ros_interface/mecheye_ros_interface/srv/detail/get_bool_parameter__type_support.h
[0.726s] -- Up-to-date: /home/inauenma/git/mecheye_ros2_interface/install/mecheye_ros_interface/include/mecheye_ros_interface/mecheye_ros_interface/srv/detail/capture_stereo_color_images__functions.h
[0.726s] -- Up-to-date: /home/inauenma/git/mecheye_ros2_interface/install/mecheye_ros_interface/include/mecheye_ros_interface/mecheye_ros_interface/srv/detail/delete_user_set__description.c
[0.726s] -- Up-to-date: /home/inauenma/git/mecheye_ros2_interface/install/mecheye_ros_interface/include/mecheye_ros_interface/mecheye_ros_interface/srv/detail/set_roi_parameter__type_support.h
[0.726s] -- Up-to-date: /home/inauenma/git/mecheye_ros2_interface/install/mecheye_ros_interface/include/mecheye_ros_interface/mecheye_ros_interface/srv/detail/get_int_parameter__functions.h
[0.726s] -- Up-to-date: /home/inauenma/git/mecheye_ros2_interface/install/mecheye_ros_interface/include/mecheye_ros_interface/mecheye_ros_interface/srv/detail/get_float_array_parameter__functions.h
[0.727s] -- Up-to-date: /home/inauenma/git/mecheye_ros2_interface/install/mecheye_ros_interface/include/mecheye_ros_interface/mecheye_ros_interface/srv/detail/get_enum_parameter__functions.h
[0.727s] -- Up-to-date: /home/inauenma/git/mecheye_ros2_interface/install/mecheye_ros_interface/include/mecheye_ros_interface/mecheye_ros_interface/srv/detail/get_bool_parameter__functions.h
[0.727s] -- Up-to-date: /home/inauenma/git/mecheye_ros2_interface/install/mecheye_ros_interface/include/mecheye_ros_interface/mecheye_ros_interface/srv/detail/get_float_parameter__description.c
[0.727s] -- Up-to-date: /home/inauenma/git/mecheye_ros2_interface/install/mecheye_ros_interface/include/mecheye_ros_interface/mecheye_ros_interface/srv/detail/set_bool_parameter__functions.h
[0.727s] -- Up-to-date: /home/inauenma/git/mecheye_ros2_interface/install/mecheye_ros_interface/include/mecheye_ros_interface/mecheye_ros_interface/srv/detail/get_roi_parameter__functions.h
[0.727s] -- Up-to-date: /home/inauenma/git/mecheye_ros2_interface/install/mecheye_ros_interface/include/mecheye_ros_interface/mecheye_ros_interface/srv/detail/get_enum_parameter__functions.c
[0.727s] -- Up-to-date: /home/inauenma/git/mecheye_ros2_interface/install/mecheye_ros_interface/include/mecheye_ros_interface/mecheye_ros_interface/srv/detail/set_enum_parameter__description.c
[0.727s] -- Up-to-date: /home/inauenma/git/mecheye_ros2_interface/install/mecheye_ros_interface/include/mecheye_ros_interface/mecheye_ros_interface/srv/detail/save_all_settings_to_user_sets__functions.h
[0.727s] -- Up-to-date: /home/inauenma/git/mecheye_ros2_interface/install/mecheye_ros_interface/include/mecheye_ros_interface/mecheye_ros_interface/srv/detail/device_info__type_support.h
[0.727s] -- Installing: /home/inauenma/git/mecheye_ros2_interface/install/mecheye_ros_interface/include/mecheye_ros_interface/mecheye_ros_interface/srv/detail/get_all_user_sets__type_support.c
[0.727s] -- Up-to-date: /home/inauenma/git/mecheye_ros2_interface/install/mecheye_ros_interface/include/mecheye_ros_interface/mecheye_ros_interface/srv/detail/set_range_parameter__type_support.h
[0.727s] -- Up-to-date: /home/inauenma/git/mecheye_ros2_interface/install/mecheye_ros_interface/include/mecheye_ros_interface/mecheye_ros_interface/srv/detail/set_bool_parameter__type_support.h
[0.727s] -- Up-to-date: /home/inauenma/git/mecheye_ros2_interface/install/mecheye_ros_interface/include/mecheye_ros_interface/mecheye_ros_interface/srv/detail/set_current_user_set__functions.h
[0.728s] -- Up-to-date: /home/inauenma/git/mecheye_ros2_interface/install/mecheye_ros_interface/include/mecheye_ros_interface/mecheye_ros_interface/srv/detail/set_int_parameter__functions.c
[0.728s] -- Up-to-date: /home/inauenma/git/mecheye_ros2_interface/install/mecheye_ros_interface/include/mecheye_ros_interface/mecheye_ros_interface/srv/detail/get_float_array_parameter__description.c
[0.728s] -- Up-to-date: /home/inauenma/git/mecheye_ros2_interface/install/mecheye_ros_interface/include/mecheye_ros_interface/mecheye_ros_interface/srv/detail/set_current_user_set__struct.h
[0.728s] -- Up-to-date: /home/inauenma/git/mecheye_ros2_interface/install/mecheye_ros_interface/include/mecheye_ros_interface/mecheye_ros_interface/srv/detail/set_range_parameter__functions.h
[0.728s] -- Up-to-date: /home/inauenma/git/mecheye_ros2_interface/install/mecheye_ros_interface/include/mecheye_ros_interface/mecheye_ros_interface/srv/detail/capture_color_image__functions.h
[0.729s] -- Installing: /home/inauenma/git/mecheye_ros2_interface/install/mecheye_ros_interface/include/mecheye_ros_interface/mecheye_ros_interface/srv/detail/add_user_set__type_support.c
[0.729s] -- Up-to-date: /home/inauenma/git/mecheye_ros2_interface/install/mecheye_ros_interface/include/mecheye_ros_interface/mecheye_ros_interface/srv/detail/set_int_parameter__struct.h
[0.729s] -- Up-to-date: /home/inauenma/git/mecheye_ros2_interface/install/mecheye_ros_interface/include/mecheye_ros_interface/mecheye_ros_interface/srv/detail/capture_point_cloud__functions.h
[0.730s] -- Up-to-date: /home/inauenma/git/mecheye_ros2_interface/install/mecheye_ros_interface/include/mecheye_ros_interface/mecheye_ros_interface/srv/detail/set_roi_parameter__description.c
[0.730s] -- Up-to-date: /home/inauenma/git/mecheye_ros2_interface/install/mecheye_ros_interface/include/mecheye_ros_interface/mecheye_ros_interface/srv/detail/capture_stereo_color_images__type_support.h
[0.730s] -- Up-to-date: /home/inauenma/git/mecheye_ros2_interface/install/mecheye_ros_interface/include/mecheye_ros_interface/mecheye_ros_interface/srv/detail/set_float_array_parameter__struct.h
[0.730s] -- Installing: /home/inauenma/git/mecheye_ros2_interface/install/mecheye_ros_interface/include/mecheye_ros_interface/mecheye_ros_interface/srv/detail/capture_color_image__type_support.c
[0.730s] -- Up-to-date: /home/inauenma/git/mecheye_ros2_interface/install/mecheye_ros_interface/include/mecheye_ros_interface/mecheye_ros_interface/srv/detail/get_enum_parameter__struct.h
[0.731s] -- Up-to-date: /home/inauenma/git/mecheye_ros2_interface/install/mecheye_ros_interface/include/mecheye_ros_interface/mecheye_ros_interface/srv/detail/set_roi_parameter__functions.h
[0.731s] -- Up-to-date: /home/inauenma/git/mecheye_ros2_interface/install/mecheye_ros_interface/include/mecheye_ros_interface/mecheye_ros_interface/srv/detail/get_bool_parameter__description.c
[0.731s] -- Up-to-date: /home/inauenma/git/mecheye_ros2_interface/install/mecheye_ros_interface/include/mecheye_ros_interface/mecheye_ros_interface/srv/detail/get_int_parameter__struct.h
[0.731s] -- Up-to-date: /home/inauenma/git/mecheye_ros2_interface/install/mecheye_ros_interface/include/mecheye_ros_interface/mecheye_ros_interface/srv/detail/set_float_array_parameter__functions.h
[0.731s] -- Up-to-date: /home/inauenma/git/mecheye_ros2_interface/install/mecheye_ros_interface/include/mecheye_ros_interface/mecheye_ros_interface/srv/detail/device_info__description.c
[0.731s] -- Up-to-date: /home/inauenma/git/mecheye_ros2_interface/install/mecheye_ros_interface/include/mecheye_ros_interface/mecheye_ros_interface/srv/detail/delete_user_set__functions.c
[0.731s] -- Installing: /home/inauenma/git/mecheye_ros2_interface/install/mecheye_ros_interface/include/mecheye_ros_interface/mecheye_ros_interface/srv/detail/set_int_parameter__type_support.c
[0.731s] -- Up-to-date: /home/inauenma/git/mecheye_ros2_interface/install/mecheye_ros_interface/include/mecheye_ros_interface/mecheye_ros_interface/srv/detail/device_info__functions.c
[0.732s] -- Installing: /home/inauenma/git/mecheye_ros2_interface/install/mecheye_ros_interface/include/mecheye_ros_interface/mecheye_ros_interface/srv/detail/get_bool_parameter__type_support.c
[0.732s] -- Up-to-date: /home/inauenma/git/mecheye_ros2_interface/install/mecheye_ros_interface/include/mecheye_ros_interface/mecheye_ros_interface/srv/detail/set_enum_parameter__struct.h
[0.732s] -- Up-to-date: /home/inauenma/git/mecheye_ros2_interface/install/mecheye_ros_interface/include/mecheye_ros_interface/mecheye_ros_interface/srv/detail/set_int_parameter__type_support.h
[0.732s] -- Up-to-date: /home/inauenma/git/mecheye_ros2_interface/install/mecheye_ros_interface/include/mecheye_ros_interface/mecheye_ros_interface/srv/detail/save_all_settings_to_user_sets__functions.c
[0.732s] -- Up-to-date: /home/inauenma/git/mecheye_ros2_interface/install/mecheye_ros_interface/include/mecheye_ros_interface/mecheye_ros_interface/srv/detail/get_current_user_set__type_support.h
[0.732s] -- Up-to-date: /home/inauenma/git/mecheye_ros2_interface/install/mecheye_ros_interface/include/mecheye_ros_interface/mecheye_ros_interface/srv/detail/get_bool_parameter__struct.h
[0.733s] -- Up-to-date: /home/inauenma/git/mecheye_ros2_interface/install/mecheye_ros_interface/include/mecheye_ros_interface/mecheye_ros_interface/srv/detail/set_float_parameter__type_support.h
[0.733s] -- Up-to-date: /home/inauenma/git/mecheye_ros2_interface/install/mecheye_ros_interface/include/mecheye_ros_interface/mecheye_ros_interface/srv/detail/set_float_parameter__functions.c
[0.733s] -- Installing: /home/inauenma/git/mecheye_ros2_interface/install/mecheye_ros_interface/include/mecheye_ros_interface/mecheye_ros_interface/srv/detail/get_float_array_parameter__type_support.c
[0.733s] -- Up-to-date: /home/inauenma/git/mecheye_ros2_interface/install/mecheye_ros_interface/include/mecheye_ros_interface/mecheye_ros_interface/srv/detail/capture_textured_point_cloud__functions.h
[0.733s] -- Up-to-date: /home/inauenma/git/mecheye_ros2_interface/install/mecheye_ros_interface/include/mecheye_ros_interface/mecheye_ros_interface/srv/detail/save_all_settings_to_user_sets__description.c
[0.734s] -- Up-to-date: /home/inauenma/git/mecheye_ros2_interface/install/mecheye_ros_interface/include/mecheye_ros_interface/mecheye_ros_interface/srv/detail/set_range_parameter__functions.c
[0.734s] -- Up-to-date: /home/inauenma/git/mecheye_ros2_interface/install/mecheye_ros_interface/include/mecheye_ros_interface/mecheye_ros_interface/srv/detail/get_current_user_set__description.c
[0.734s] -- Up-to-date: /home/inauenma/git/mecheye_ros2_interface/install/mecheye_ros_interface/include/mecheye_ros_interface/mecheye_ros_interface/srv/detail/capture_color_image__struct.h
[0.735s] -- Up-to-date: /home/inauenma/git/mecheye_ros2_interface/install/mecheye_ros_interface/include/mecheye_ros_interface/mecheye_ros_interface/srv/detail/add_user_set__functions.c
[0.735s] -- Up-to-date: /home/inauenma/git/mecheye_ros2_interface/install/mecheye_ros_interface/include/mecheye_ros_interface/mecheye_ros_interface/srv/detail/set_bool_parameter__functions.c
[0.735s] -- Up-to-date: /home/inauenma/git/mecheye_ros2_interface/install/mecheye_ros_interface/include/mecheye_ros_interface/mecheye_ros_interface/srv/detail/set_enum_parameter__type_support.h
[0.735s] -- Up-to-date: /home/inauenma/git/mecheye_ros2_interface/install/mecheye_ros_interface/include/mecheye_ros_interface/mecheye_ros_interface/srv/detail/device_info__functions.h
[0.735s] -- Up-to-date: /home/inauenma/git/mecheye_ros2_interface/install/mecheye_ros_interface/include/mecheye_ros_interface/mecheye_ros_interface/srv/detail/get_enum_parameter__description.c
[0.735s] -- Up-to-date: /home/inauenma/git/mecheye_ros2_interface/install/mecheye_ros_interface/include/mecheye_ros_interface/mecheye_ros_interface/srv/detail/set_bool_parameter__description.c
[0.735s] -- Up-to-date: /home/inauenma/git/mecheye_ros2_interface/install/mecheye_ros_interface/include/mecheye_ros_interface/mecheye_ros_interface/srv/detail/get_bool_parameter__functions.c
[0.736s] -- Installing: /home/inauenma/git/mecheye_ros2_interface/install/mecheye_ros_interface/include/mecheye_ros_interface/mecheye_ros_interface/srv/detail/get_roi_parameter__type_support.c
[0.736s] -- Up-to-date: /home/inauenma/git/mecheye_ros2_interface/install/mecheye_ros_interface/include/mecheye_ros_interface/mecheye_ros_interface/srv/detail/capture_point_cloud__functions.c
[0.736s] -- Up-to-date: /home/inauenma/git/mecheye_ros2_interface/install/mecheye_ros_interface/include/mecheye_ros_interface/mecheye_ros_interface/srv/detail/capture_textured_point_cloud__description.c
[0.736s] -- Up-to-date: /home/inauenma/git/mecheye_ros2_interface/install/mecheye_ros_interface/include/mecheye_ros_interface/mecheye_ros_interface/srv/detail/get_all_user_sets__type_support.h
[0.736s] -- Installing: /home/inauenma/git/mecheye_ros2_interface/install/mecheye_ros_interface/include/mecheye_ros_interface/mecheye_ros_interface/srv/detail/set_bool_parameter__type_support.c
[0.737s] -- Installing: /home/inauenma/git/mecheye_ros2_interface/install/mecheye_ros_interface/include/mecheye_ros_interface/mecheye_ros_interface/srv/detail/save_all_settings_to_user_sets__type_support.c
[0.737s] -- Up-to-date: /home/inauenma/git/mecheye_ros2_interface/install/mecheye_ros_interface/include/mecheye_ros_interface/mecheye_ros_interface/srv/detail/capture_depth_map__description.c
[0.737s] -- Up-to-date: /home/inauenma/git/mecheye_ros2_interface/install/mecheye_ros_interface/include/mecheye_ros_interface/mecheye_ros_interface/srv/detail/capture_color_image__description.c
[0.737s] -- Up-to-date: /home/inauenma/git/mecheye_ros2_interface/install/mecheye_ros_interface/include/mecheye_ros_interface/mecheye_ros_interface/srv/detail/get_range_parameter__description.c
[0.737s] -- Up-to-date: /home/inauenma/git/mecheye_ros2_interface/install/mecheye_ros_interface/include/mecheye_ros_interface/mecheye_ros_interface/srv/detail/set_float_parameter__description.c
[0.737s] -- Up-to-date: /home/inauenma/git/mecheye_ros2_interface/install/mecheye_ros_interface/include/mecheye_ros_interface/mecheye_ros_interface/srv/detail/capture_stereo_color_images__functions.c
[0.738s] -- Up-to-date: /home/inauenma/git/mecheye_ros2_interface/install/mecheye_ros_interface/include/mecheye_ros_interface/mecheye_ros_interface/srv/detail/save_all_settings_to_user_sets__type_support.h
[0.738s] -- Up-to-date: /home/inauenma/git/mecheye_ros2_interface/install/mecheye_ros_interface/include/mecheye_ros_interface/mecheye_ros_interface/srv/detail/get_roi_parameter__type_support.h
[0.738s] -- Up-to-date: /home/inauenma/git/mecheye_ros2_interface/install/mecheye_ros_interface/include/mecheye_ros_interface/mecheye_ros_interface/srv/detail/set_int_parameter__functions.h
[0.739s] -- Up-to-date: /home/inauenma/git/mecheye_ros2_interface/install/mecheye_ros_interface/include/mecheye_ros_interface/mecheye_ros_interface/srv/detail/capture_textured_point_cloud__functions.c
[0.739s] -- Installing: /home/inauenma/git/mecheye_ros2_interface/install/mecheye_ros_interface/include/mecheye_ros_interface/mecheye_ros_interface/srv/detail/capture_point_cloud__type_support.c
[0.739s] -- Up-to-date: /home/inauenma/git/mecheye_ros2_interface/install/mecheye_ros_interface/include/mecheye_ros_interface/mecheye_ros_interface/srv/detail/get_float_parameter__type_support.h
[0.739s] -- Up-to-date: /home/inauenma/git/mecheye_ros2_interface/install/mecheye_ros_interface/include/mecheye_ros_interface/mecheye_ros_interface/srv/detail/get_float_array_parameter__type_support.h
[0.739s] -- Up-to-date: /home/inauenma/git/mecheye_ros2_interface/install/mecheye_ros_interface/include/mecheye_ros_interface/mecheye_ros_interface/srv/detail/device_info__struct.h
[0.739s] -- Up-to-date: /home/inauenma/git/mecheye_ros2_interface/install/mecheye_ros_interface/include/mecheye_ros_interface/mecheye_ros_interface/srv/detail/add_user_set__description.c
[0.739s] -- Up-to-date: /home/inauenma/git/mecheye_ros2_interface/install/mecheye_ros_interface/include/mecheye_ros_interface/mecheye_ros_interface/srv/detail/get_all_user_sets__description.c
[0.740s] -- Up-to-date: /home/inauenma/git/mecheye_ros2_interface/install/mecheye_ros_interface/include/mecheye_ros_interface/mecheye_ros_interface/srv/detail/get_float_parameter__functions.c
[0.741s] -- Up-to-date: /home/inauenma/git/mecheye_ros2_interface/install/mecheye_ros_interface/include/mecheye_ros_interface/mecheye_ros_interface/srv/detail/get_range_parameter__type_support.h
[0.741s] -- Up-to-date: /home/inauenma/git/mecheye_ros2_interface/install/mecheye_ros_interface/include/mecheye_ros_interface/mecheye_ros_interface/srv/detail/set_float_parameter__functions.h
[0.741s] -- Installing: /home/inauenma/git/mecheye_ros2_interface/install/mecheye_ros_interface/include/mecheye_ros_interface/mecheye_ros_interface/srv/detail/set_roi_parameter__type_support.c
[0.741s] -- Up-to-date: /home/inauenma/git/mecheye_ros2_interface/install/mecheye_ros_interface/include/mecheye_ros_interface/mecheye_ros_interface/srv/detail/get_all_user_sets__functions.h
[0.742s] -- Up-to-date: /home/inauenma/git/mecheye_ros2_interface/install/mecheye_ros_interface/include/mecheye_ros_interface/mecheye_ros_interface/srv/detail/get_all_user_sets__functions.c
[0.742s] -- Up-to-date: /home/inauenma/git/mecheye_ros2_interface/install/mecheye_ros_interface/include/mecheye_ros_interface/mecheye_ros_interface/srv/detail/capture_depth_map__type_support.h
[0.742s] -- Up-to-date: /home/inauenma/git/mecheye_ros2_interface/install/mecheye_ros_interface/include/mecheye_ros_interface/mecheye_ros_interface/srv/detail/get_range_parameter__functions.h
[0.742s] -- Up-to-date: /home/inauenma/git/mecheye_ros2_interface/install/mecheye_ros_interface/include/mecheye_ros_interface/mecheye_ros_interface/srv/detail/capture_point_cloud__description.c
[0.742s] -- Installing: /home/inauenma/git/mecheye_ros2_interface/install/mecheye_ros_interface/include/mecheye_ros_interface/mecheye_ros_interface/srv/detail/set_current_user_set__type_support.c
[0.742s] -- Up-to-date: /home/inauenma/git/mecheye_ros2_interface/install/mecheye_ros_interface/include/mecheye_ros_interface/mecheye_ros_interface/srv/detail/get_int_parameter__description.c
[0.743s] -- Up-to-date: /home/inauenma/git/mecheye_ros2_interface/install/mecheye_ros_interface/include/mecheye_ros_interface/mecheye_ros_interface/srv/detail/capture_depth_map__functions.h
[0.743s] -- Up-to-date: /home/inauenma/git/mecheye_ros2_interface/install/mecheye_ros_interface/include/mecheye_ros_interface/mecheye_ros_interface/srv/detail/capture_point_cloud__struct.h
[0.743s] -- Up-to-date: /home/inauenma/git/mecheye_ros2_interface/install/mecheye_ros_interface/include/mecheye_ros_interface/mecheye_ros_interface/srv/detail/get_enum_parameter__type_support.h
[0.743s] -- Up-to-date: /home/inauenma/git/mecheye_ros2_interface/install/mecheye_ros_interface/include/mecheye_ros_interface/mecheye_ros_interface/srv/detail/get_float_parameter__functions.h
[0.744s] -- Installing: /home/inauenma/git/mecheye_ros2_interface/install/mecheye_ros_interface/include/mecheye_ros_interface/mecheye_ros_interface/srv/detail/get_range_parameter__type_support.c
[0.744s] -- Up-to-date: /home/inauenma/git/mecheye_ros2_interface/install/mecheye_ros_interface/include/mecheye_ros_interface/mecheye_ros_interface/srv/detail/delete_user_set__struct.h
[0.744s] -- Up-to-date: /home/inauenma/git/mecheye_ros2_interface/install/mecheye_ros_interface/include/mecheye_ros_interface/mecheye_ros_interface/srv/detail/capture_depth_map__functions.c
[0.744s] -- Up-to-date: /home/inauenma/git/mecheye_ros2_interface/install/mecheye_ros_interface/include/mecheye_ros_interface/mecheye_ros_interface/srv/detail/capture_textured_point_cloud__struct.h
[0.744s] -- Up-to-date: /home/inauenma/git/mecheye_ros2_interface/install/mecheye_ros_interface/include/mecheye_ros_interface/mecheye_ros_interface/srv/detail/get_range_parameter__struct.h
[0.745s] -- Up-to-date: /home/inauenma/git/mecheye_ros2_interface/install/mecheye_ros_interface/include/mecheye_ros_interface/mecheye_ros_interface/srv/detail/get_roi_parameter__struct.h
[0.745s] -- Up-to-date: /home/inauenma/git/mecheye_ros2_interface/install/mecheye_ros_interface/include/mecheye_ros_interface/mecheye_ros_interface/srv/detail/capture_stereo_color_images__description.c
[0.745s] -- Up-to-date: /home/inauenma/git/mecheye_ros2_interface/install/mecheye_ros_interface/include/mecheye_ros_interface/mecheye_ros_interface/srv/detail/add_user_set__functions.h
[0.746s] -- Up-to-date: /home/inauenma/git/mecheye_ros2_interface/install/mecheye_ros_interface/include/mecheye_ros_interface/mecheye_ros_interface/srv/detail/delete_user_set__type_support.h
[0.746s] -- Up-to-date: /home/inauenma/git/mecheye_ros2_interface/install/mecheye_ros_interface/include/mecheye_ros_interface/mecheye_ros_interface/srv/detail/get_int_parameter__functions.c
[0.746s] -- Up-to-date: /home/inauenma/git/mecheye_ros2_interface/install/mecheye_ros_interface/include/mecheye_ros_interface/mecheye_ros_interface/srv/detail/set_roi_parameter__functions.c
[0.746s] -- Up-to-date: /home/inauenma/git/mecheye_ros2_interface/install/mecheye_ros_interface/include/mecheye_ros_interface/mecheye_ros_interface/srv/detail/get_all_user_sets__struct.h
[0.747s] -- Installing: /home/inauenma/git/mecheye_ros2_interface/install/mecheye_ros_interface/include/mecheye_ros_interface/mecheye_ros_interface/srv/detail/get_float_parameter__type_support.c
[0.747s] -- Up-to-date: /home/inauenma/git/mecheye_ros2_interface/install/mecheye_ros_interface/include/mecheye_ros_interface/mecheye_ros_interface/srv/detail/set_float_array_parameter__description.c
[0.747s] -- Up-to-date: /home/inauenma/git/mecheye_ros2_interface/install/mecheye_ros_interface/include/mecheye_ros_interface/mecheye_ros_interface/srv/detail/set_int_parameter__description.c
[0.747s] -- Installing: /home/inauenma/git/mecheye_ros2_interface/install/mecheye_ros_interface/include/mecheye_ros_interface/mecheye_ros_interface/srv/detail/capture_stereo_color_images__type_support.c
[0.748s] -- Installing: /home/inauenma/git/mecheye_ros2_interface/install/mecheye_ros_interface/include/mecheye_ros_interface/mecheye_ros_interface/srv/detail/set_float_array_parameter__type_support.c
[0.748s] -- Up-to-date: /home/inauenma/git/mecheye_ros2_interface/install/mecheye_ros_interface/include/mecheye_ros_interface/mecheye_ros_interface/srv/detail/set_roi_parameter__struct.h
[0.748s] -- Up-to-date: /home/inauenma/git/mecheye_ros2_interface/install/mecheye_ros_interface/include/mecheye_ros_interface/mecheye_ros_interface/srv/detail/get_float_array_parameter__functions.c
[0.748s] -- Up-to-date: /home/inauenma/git/mecheye_ros2_interface/install/mecheye_ros_interface/include/mecheye_ros_interface/mecheye_ros_interface/srv/detail/add_user_set__type_support.h
[0.749s] -- Up-to-date: /home/inauenma/git/mecheye_ros2_interface/install/mecheye_ros_interface/include/mecheye_ros_interface/mecheye_ros_interface/srv/detail/set_current_user_set__type_support.h
[0.749s] -- Up-to-date: /home/inauenma/git/mecheye_ros2_interface/install/mecheye_ros_interface/include/mecheye_ros_interface/mecheye_ros_interface/srv/detail/add_user_set__struct.h
[0.749s] -- Installing: /home/inauenma/git/mecheye_ros2_interface/install/mecheye_ros_interface/include/mecheye_ros_interface/mecheye_ros_interface/srv/detail/delete_user_set__type_support.c
[0.749s] -- Up-to-date: /home/inauenma/git/mecheye_ros2_interface/install/mecheye_ros_interface/include/mecheye_ros_interface/mecheye_ros_interface/srv/detail/delete_user_set__functions.h
[0.749s] -- Up-to-date: /home/inauenma/git/mecheye_ros2_interface/install/mecheye_ros_interface/include/mecheye_ros_interface/mecheye_ros_interface/srv/detail/set_range_parameter__struct.h
[0.749s] -- Up-to-date: /home/inauenma/git/mecheye_ros2_interface/install/mecheye_ros_interface/include/mecheye_ros_interface/mecheye_ros_interface/srv/detail/set_current_user_set__functions.c
[0.749s] -- Up-to-date: /home/inauenma/git/mecheye_ros2_interface/install/mecheye_ros_interface/include/mecheye_ros_interface/mecheye_ros_interface/srv/detail/get_range_parameter__functions.c
[0.749s] -- Up-to-date: /home/inauenma/git/mecheye_ros2_interface/install/mecheye_ros_interface/include/mecheye_ros_interface/mecheye_ros_interface/srv/detail/set_enum_parameter__functions.c
[0.749s] -- Up-to-date: /home/inauenma/git/mecheye_ros2_interface/install/mecheye_ros_interface/include/mecheye_ros_interface/mecheye_ros_interface/srv/detail/set_bool_parameter__struct.h
[0.750s] -- Up-to-date: /home/inauenma/git/mecheye_ros2_interface/install/mecheye_ros_interface/include/mecheye_ros_interface/mecheye_ros_interface/srv/detail/capture_depth_map__struct.h
[0.750s] -- Up-to-date: /home/inauenma/git/mecheye_ros2_interface/install/mecheye_ros_interface/include/mecheye_ros_interface/mecheye_ros_interface/srv/detail/set_float_array_parameter__type_support.h
[0.750s] -- Up-to-date: /home/inauenma/git/mecheye_ros2_interface/install/mecheye_ros_interface/include/mecheye_ros_interface/mecheye_ros_interface/srv/detail/get_current_user_set__functions.h
[0.750s] -- Up-to-date: /home/inauenma/git/mecheye_ros2_interface/install/mecheye_ros_interface/include/mecheye_ros_interface/mecheye_ros_interface/srv/detail/capture_point_cloud__type_support.h
[0.750s] -- Installing: /home/inauenma/git/mecheye_ros2_interface/install/mecheye_ros_interface/include/mecheye_ros_interface/mecheye_ros_interface/srv/detail/set_float_parameter__type_support.c
[0.750s] -- Up-to-date: /home/inauenma/git/mecheye_ros2_interface/install/mecheye_ros_interface/include/mecheye_ros_interface/mecheye_ros_interface/srv/capture_stereo_color_images.h
[0.750s] -- Up-to-date: /home/inauenma/git/mecheye_ros2_interface/install/mecheye_ros_interface/include/mecheye_ros_interface/mecheye_ros_interface/srv/add_user_set.h
[0.750s] -- Up-to-date: /home/inauenma/git/mecheye_ros2_interface/install/mecheye_ros_interface/include/mecheye_ros_interface/mecheye_ros_interface/srv/set_enum_parameter.h
[0.750s] -- Up-to-date: /home/inauenma/git/mecheye_ros2_interface/install/mecheye_ros_interface/include/mecheye_ros_interface/mecheye_ros_interface/msg
[0.750s] -- Up-to-date: /home/inauenma/git/mecheye_ros2_interface/install/mecheye_ros_interface/include/mecheye_ros_interface/mecheye_ros_interface/msg/rosidl_generator_c__visibility_control.h
[0.750s] -- Up-to-date: /home/inauenma/git/mecheye_ros2_interface/install/mecheye_ros_interface/share/mecheye_ros_interface/environment/library_path.sh
[0.750s] -- Up-to-date: /home/inauenma/git/mecheye_ros2_interface/install/mecheye_ros_interface/share/mecheye_ros_interface/environment/library_path.dsv
[0.750s] -- Up-to-date: /home/inauenma/git/mecheye_ros2_interface/install/mecheye_ros_interface/lib/libmecheye_ros_interface__rosidl_generator_c.so
[0.750s] -- Up-to-date: /home/inauenma/git/mecheye_ros2_interface/install/mecheye_ros_interface/include/mecheye_ros_interface/mecheye_ros_interface
[0.750s] -- Up-to-date: /home/inauenma/git/mecheye_ros2_interface/install/mecheye_ros_interface/include/mecheye_ros_interface/mecheye_ros_interface/srv
[0.750s] -- Up-to-date: /home/inauenma/git/mecheye_ros2_interface/install/mecheye_ros_interface/include/mecheye_ros_interface/mecheye_ros_interface/srv/detail
[0.750s] -- Up-to-date: /home/inauenma/git/mecheye_ros2_interface/install/mecheye_ros_interface/include/mecheye_ros_interface/mecheye_ros_interface/srv/detail/device_info__rosidl_typesupport_fastrtps_c.h
[0.750s] -- Up-to-date: /home/inauenma/git/mecheye_ros2_interface/install/mecheye_ros_interface/include/mecheye_ros_interface/mecheye_ros_interface/srv/detail/get_roi_parameter__rosidl_typesupport_fastrtps_c.h
[0.750s] -- Up-to-date: /home/inauenma/git/mecheye_ros2_interface/install/mecheye_ros_interface/include/mecheye_ros_interface/mecheye_ros_interface/srv/detail/capture_point_cloud__rosidl_typesupport_fastrtps_c.h
[0.751s] -- Up-to-date: /home/inauenma/git/mecheye_ros2_interface/install/mecheye_ros_interface/include/mecheye_ros_interface/mecheye_ros_interface/srv/detail/get_enum_parameter__rosidl_typesupport_fastrtps_c.h
[0.751s] -- Up-to-date: /home/inauenma/git/mecheye_ros2_interface/install/mecheye_ros_interface/include/mecheye_ros_interface/mecheye_ros_interface/srv/detail/save_all_settings_to_user_sets__rosidl_typesupport_fastrtps_c.h
[0.751s] -- Up-to-date: /home/inauenma/git/mecheye_ros2_interface/install/mecheye_ros_interface/include/mecheye_ros_interface/mecheye_ros_interface/srv/detail/get_all_user_sets__rosidl_typesupport_fastrtps_c.h
[0.751s] -- Up-to-date: /home/inauenma/git/mecheye_ros2_interface/install/mecheye_ros_interface/include/mecheye_ros_interface/mecheye_ros_interface/srv/detail/capture_depth_map__rosidl_typesupport_fastrtps_c.h
[0.751s] -- Up-to-date: /home/inauenma/git/mecheye_ros2_interface/install/mecheye_ros_interface/include/mecheye_ros_interface/mecheye_ros_interface/srv/detail/set_float_array_parameter__rosidl_typesupport_fastrtps_c.h
[0.751s] -- Up-to-date: /home/inauenma/git/mecheye_ros2_interface/install/mecheye_ros_interface/include/mecheye_ros_interface/mecheye_ros_interface/srv/detail/capture_textured_point_cloud__rosidl_typesupport_fastrtps_c.h
[0.751s] -- Up-to-date: /home/inauenma/git/mecheye_ros2_interface/install/mecheye_ros_interface/include/mecheye_ros_interface/mecheye_ros_interface/srv/detail/get_bool_parameter__rosidl_typesupport_fastrtps_c.h
[0.751s] -- Up-to-date: /home/inauenma/git/mecheye_ros2_interface/install/mecheye_ros_interface/include/mecheye_ros_interface/mecheye_ros_interface/srv/detail/get_range_parameter__rosidl_typesupport_fastrtps_c.h
[0.751s] -- Up-to-date: /home/inauenma/git/mecheye_ros2_interface/install/mecheye_ros_interface/include/mecheye_ros_interface/mecheye_ros_interface/srv/detail/get_current_user_set__rosidl_typesupport_fastrtps_c.h
[0.751s] -- Up-to-date: /home/inauenma/git/mecheye_ros2_interface/install/mecheye_ros_interface/include/mecheye_ros_interface/mecheye_ros_interface/srv/detail/get_float_array_parameter__rosidl_typesupport_fastrtps_c.h
[0.751s] -- Up-to-date: /home/inauenma/git/mecheye_ros2_interface/install/mecheye_ros_interface/include/mecheye_ros_interface/mecheye_ros_interface/srv/detail/capture_stereo_color_images__rosidl_typesupport_fastrtps_c.h
[0.751s] -- Up-to-date: /home/inauenma/git/mecheye_ros2_interface/install/mecheye_ros_interface/include/mecheye_ros_interface/mecheye_ros_interface/srv/detail/set_bool_parameter__rosidl_typesupport_fastrtps_c.h
[0.751s] -- Up-to-date: /home/inauenma/git/mecheye_ros2_interface/install/mecheye_ros_interface/include/mecheye_ros_interface/mecheye_ros_interface/srv/detail/add_user_set__rosidl_typesupport_fastrtps_c.h
[0.751s] -- Up-to-date: /home/inauenma/git/mecheye_ros2_interface/install/mecheye_ros_interface/include/mecheye_ros_interface/mecheye_ros_interface/srv/detail/set_float_parameter__rosidl_typesupport_fastrtps_c.h
[0.751s] -- Up-to-date: /home/inauenma/git/mecheye_ros2_interface/install/mecheye_ros_interface/include/mecheye_ros_interface/mecheye_ros_interface/srv/detail/set_current_user_set__rosidl_typesupport_fastrtps_c.h
[0.751s] -- Up-to-date: /home/inauenma/git/mecheye_ros2_interface/install/mecheye_ros_interface/include/mecheye_ros_interface/mecheye_ros_interface/srv/detail/set_int_parameter__rosidl_typesupport_fastrtps_c.h
[0.751s] -- Up-to-date: /home/inauenma/git/mecheye_ros2_interface/install/mecheye_ros_interface/include/mecheye_ros_interface/mecheye_ros_interface/srv/detail/capture_color_image__rosidl_typesupport_fastrtps_c.h
[0.751s] -- Up-to-date: /home/inauenma/git/mecheye_ros2_interface/install/mecheye_ros_interface/include/mecheye_ros_interface/mecheye_ros_interface/srv/detail/get_int_parameter__rosidl_typesupport_fastrtps_c.h
[0.751s] -- Up-to-date: /home/inauenma/git/mecheye_ros2_interface/install/mecheye_ros_interface/include/mecheye_ros_interface/mecheye_ros_interface/srv/detail/set_roi_parameter__rosidl_typesupport_fastrtps_c.h
[0.751s] -- Up-to-date: /home/inauenma/git/mecheye_ros2_interface/install/mecheye_ros_interface/include/mecheye_ros_interface/mecheye_ros_interface/srv/detail/get_float_parameter__rosidl_typesupport_fastrtps_c.h
[0.751s] -- Up-to-date: /home/inauenma/git/mecheye_ros2_interface/install/mecheye_ros_interface/include/mecheye_ros_interface/mecheye_ros_interface/srv/detail/set_range_parameter__rosidl_typesupport_fastrtps_c.h
[0.752s] -- Up-to-date: /home/inauenma/git/mecheye_ros2_interface/install/mecheye_ros_interface/include/mecheye_ros_interface/mecheye_ros_interface/srv/detail/set_enum_parameter__rosidl_typesupport_fastrtps_c.h
[0.752s] -- Up-to-date: /home/inauenma/git/mecheye_ros2_interface/install/mecheye_ros_interface/include/mecheye_ros_interface/mecheye_ros_interface/srv/detail/delete_user_set__rosidl_typesupport_fastrtps_c.h
[0.752s] -- Up-to-date: /home/inauenma/git/mecheye_ros2_interface/install/mecheye_ros_interface/include/mecheye_ros_interface/mecheye_ros_interface/msg
[0.752s] -- Up-to-date: /home/inauenma/git/mecheye_ros2_interface/install/mecheye_ros_interface/include/mecheye_ros_interface/mecheye_ros_interface/msg/rosidl_typesupport_fastrtps_c__visibility_control.h
[0.752s] -- Up-to-date: /home/inauenma/git/mecheye_ros2_interface/install/mecheye_ros_interface/lib/libmecheye_ros_interface__rosidl_typesupport_fastrtps_c.so
[0.752s] -- Up-to-date: /home/inauenma/git/mecheye_ros2_interface/install/mecheye_ros_interface/include/mecheye_ros_interface/mecheye_ros_interface
[0.752s] -- Up-to-date: /home/inauenma/git/mecheye_ros2_interface/install/mecheye_ros_interface/include/mecheye_ros_interface/mecheye_ros_interface/srv
[0.752s] -- Up-to-date: /home/inauenma/git/mecheye_ros2_interface/install/mecheye_ros_interface/include/mecheye_ros_interface/mecheye_ros_interface/srv/capture_depth_map.hpp
[0.752s] -- Up-to-date: /home/inauenma/git/mecheye_ros2_interface/install/mecheye_ros_interface/include/mecheye_ros_interface/mecheye_ros_interface/srv/get_current_user_set.hpp
[0.752s] -- Up-to-date: /home/inauenma/git/mecheye_ros2_interface/install/mecheye_ros_interface/include/mecheye_ros_interface/mecheye_ros_interface/srv/get_float_array_parameter.hpp
[0.752s] -- Up-to-date: /home/inauenma/git/mecheye_ros2_interface/install/mecheye_ros_interface/include/mecheye_ros_interface/mecheye_ros_interface/srv/get_roi_parameter.hpp
[0.752s] -- Up-to-date: /home/inauenma/git/mecheye_ros2_interface/install/mecheye_ros_interface/include/mecheye_ros_interface/mecheye_ros_interface/srv/set_roi_parameter.hpp
[0.752s] -- Up-to-date: /home/inauenma/git/mecheye_ros2_interface/install/mecheye_ros_interface/include/mecheye_ros_interface/mecheye_ros_interface/srv/add_user_set.hpp
[0.752s] -- Up-to-date: /home/inauenma/git/mecheye_ros2_interface/install/mecheye_ros_interface/include/mecheye_ros_interface/mecheye_ros_interface/srv/get_float_parameter.hpp
[0.752s] -- Up-to-date: /home/inauenma/git/mecheye_ros2_interface/install/mecheye_ros_interface/include/mecheye_ros_interface/mecheye_ros_interface/srv/set_bool_parameter.hpp
[0.752s] -- Up-to-date: /home/inauenma/git/mecheye_ros2_interface/install/mecheye_ros_interface/include/mecheye_ros_interface/mecheye_ros_interface/srv/capture_color_image.hpp
[0.752s] -- Up-to-date: /home/inauenma/git/mecheye_ros2_interface/install/mecheye_ros_interface/include/mecheye_ros_interface/mecheye_ros_interface/srv/set_float_array_parameter.hpp
[0.752s] -- Up-to-date: /home/inauenma/git/mecheye_ros2_interface/install/mecheye_ros_interface/include/mecheye_ros_interface/mecheye_ros_interface/srv/set_range_parameter.hpp
[0.752s] -- Up-to-date: /home/inauenma/git/mecheye_ros2_interface/install/mecheye_ros_interface/include/mecheye_ros_interface/mecheye_ros_interface/srv/device_info.hpp
[0.752s] -- Up-to-date: /home/inauenma/git/mecheye_ros2_interface/install/mecheye_ros_interface/include/mecheye_ros_interface/mecheye_ros_interface/srv/save_all_settings_to_user_sets.hpp
[0.753s] -- Up-to-date: /home/inauenma/git/mecheye_ros2_interface/install/mecheye_ros_interface/include/mecheye_ros_interface/mecheye_ros_interface/srv/get_enum_parameter.hpp
[0.753s] -- Up-to-date: /home/inauenma/git/mecheye_ros2_interface/install/mecheye_ros_interface/include/mecheye_ros_interface/mecheye_ros_interface/srv/capture_point_cloud.hpp
[0.753s] -- Up-to-date: /home/inauenma/git/mecheye_ros2_interface/install/mecheye_ros_interface/include/mecheye_ros_interface/mecheye_ros_interface/srv/get_int_parameter.hpp
[0.753s] -- Up-to-date: /home/inauenma/git/mecheye_ros2_interface/install/mecheye_ros_interface/include/mecheye_ros_interface/mecheye_ros_interface/srv/get_all_user_sets.hpp
[0.753s] -- Up-to-date: /home/inauenma/git/mecheye_ros2_interface/install/mecheye_ros_interface/include/mecheye_ros_interface/mecheye_ros_interface/srv/capture_textured_point_cloud.hpp
[0.753s] -- Up-to-date: /home/inauenma/git/mecheye_ros2_interface/install/mecheye_ros_interface/include/mecheye_ros_interface/mecheye_ros_interface/srv/delete_user_set.hpp
[0.753s] -- Up-to-date: /home/inauenma/git/mecheye_ros2_interface/install/mecheye_ros_interface/include/mecheye_ros_interface/mecheye_ros_interface/srv/set_current_user_set.hpp
[0.753s] -- Up-to-date: /home/inauenma/git/mecheye_ros2_interface/install/mecheye_ros_interface/include/mecheye_ros_interface/mecheye_ros_interface/srv/set_float_parameter.hpp
[0.753s] -- Up-to-date: /home/inauenma/git/mecheye_ros2_interface/install/mecheye_ros_interface/include/mecheye_ros_interface/mecheye_ros_interface/srv/set_int_parameter.hpp
[0.753s] -- Up-to-date: /home/inauenma/git/mecheye_ros2_interface/install/mecheye_ros_interface/include/mecheye_ros_interface/mecheye_ros_interface/srv/set_enum_parameter.hpp
[0.753s] -- Up-to-date: /home/inauenma/git/mecheye_ros2_interface/install/mecheye_ros_interface/include/mecheye_ros_interface/mecheye_ros_interface/srv/detail
[0.753s] -- Up-to-date: /home/inauenma/git/mecheye_ros2_interface/install/mecheye_ros_interface/include/mecheye_ros_interface/mecheye_ros_interface/srv/detail/capture_color_image__type_support.hpp
[0.753s] -- Up-to-date: /home/inauenma/git/mecheye_ros2_interface/install/mecheye_ros_interface/include/mecheye_ros_interface/mecheye_ros_interface/srv/detail/set_float_array_parameter__builder.hpp
[0.753s] -- Up-to-date: /home/inauenma/git/mecheye_ros2_interface/install/mecheye_ros_interface/include/mecheye_ros_interface/mecheye_ros_interface/srv/detail/get_roi_parameter__type_support.hpp
[0.753s] -- Up-to-date: /home/inauenma/git/mecheye_ros2_interface/install/mecheye_ros_interface/include/mecheye_ros_interface/mecheye_ros_interface/srv/detail/set_roi_parameter__builder.hpp
[0.753s] -- Up-to-date: /home/inauenma/git/mecheye_ros2_interface/install/mecheye_ros_interface/include/mecheye_ros_interface/mecheye_ros_interface/srv/detail/get_all_user_sets__struct.hpp
[0.753s] -- Up-to-date: /home/inauenma/git/mecheye_ros2_interface/install/mecheye_ros_interface/include/mecheye_ros_interface/mecheye_ros_interface/srv/detail/save_all_settings_to_user_sets__type_support.hpp
[0.753s] -- Up-to-date: /home/inauenma/git/mecheye_ros2_interface/install/mecheye_ros_interface/include/mecheye_ros_interface/mecheye_ros_interface/srv/detail/delete_user_set__type_support.hpp
[0.753s] -- Up-to-date: /home/inauenma/git/mecheye_ros2_interface/install/mecheye_ros_interface/include/mecheye_ros_interface/mecheye_ros_interface/srv/detail/set_int_parameter__traits.hpp
[0.753s] -- Up-to-date: /home/inauenma/git/mecheye_ros2_interface/install/mecheye_ros_interface/include/mecheye_ros_interface/mecheye_ros_interface/srv/detail/get_float_parameter__traits.hpp
[0.753s] -- Up-to-date: /home/inauenma/git/mecheye_ros2_interface/install/mecheye_ros_interface/include/mecheye_ros_interface/mecheye_ros_interface/srv/detail/capture_depth_map__builder.hpp
[0.753s] -- Up-to-date: /home/inauenma/git/mecheye_ros2_interface/install/mecheye_ros_interface/include/mecheye_ros_interface/mecheye_ros_interface/srv/detail/capture_stereo_color_images__struct.hpp
[0.754s] -- Up-to-date: /home/inauenma/git/mecheye_ros2_interface/install/mecheye_ros_interface/include/mecheye_ros_interface/mecheye_ros_interface/srv/detail/set_range_parameter__traits.hpp
[0.754s] -- Up-to-date: /home/inauenma/git/mecheye_ros2_interface/install/mecheye_ros_interface/include/mecheye_ros_interface/mecheye_ros_interface/srv/detail/set_float_array_parameter__type_support.hpp
[0.754s] -- Up-to-date: /home/inauenma/git/mecheye_ros2_interface/install/mecheye_ros_interface/include/mecheye_ros_interface/mecheye_ros_interface/srv/detail/get_float_parameter__builder.hpp
[0.754s] -- Up-to-date: /home/inauenma/git/mecheye_ros2_interface/install/mecheye_ros_interface/include/mecheye_ros_interface/mecheye_ros_interface/srv/detail/capture_color_image__traits.hpp
[0.754s] -- Up-to-date: /home/inauenma/git/mecheye_ros2_interface/install/mecheye_ros_interface/include/mecheye_ros_interface/mecheye_ros_interface/srv/detail/set_roi_parameter__struct.hpp
[0.754s] -- Up-to-date: /home/inauenma/git/mecheye_ros2_interface/install/mecheye_ros_interface/include/mecheye_ros_interface/mecheye_ros_interface/srv/detail/get_bool_parameter__builder.hpp
[0.754s] -- Up-to-date: /home/inauenma/git/mecheye_ros2_interface/install/mecheye_ros_interface/include/mecheye_ros_interface/mecheye_ros_interface/srv/detail/set_enum_parameter__struct.hpp
[0.754s] -- Up-to-date: /home/inauenma/git/mecheye_ros2_interface/install/mecheye_ros_interface/include/mecheye_ros_interface/mecheye_ros_interface/srv/detail/set_bool_parameter__type_support.hpp
[0.754s] -- Up-to-date: /home/inauenma/git/mecheye_ros2_interface/install/mecheye_ros_interface/include/mecheye_ros_interface/mecheye_ros_interface/srv/detail/capture_point_cloud__struct.hpp
[0.754s] -- Up-to-date: /home/inauenma/git/mecheye_ros2_interface/install/mecheye_ros_interface/include/mecheye_ros_interface/mecheye_ros_interface/srv/detail/get_enum_parameter__type_support.hpp
[0.754s] -- Up-to-date: /home/inauenma/git/mecheye_ros2_interface/install/mecheye_ros_interface/include/mecheye_ros_interface/mecheye_ros_interface/srv/detail/add_user_set__struct.hpp
[0.754s] -- Up-to-date: /home/inauenma/git/mecheye_ros2_interface/install/mecheye_ros_interface/include/mecheye_ros_interface/mecheye_ros_interface/srv/detail/get_current_user_set__struct.hpp
[0.754s] -- Up-to-date: /home/inauenma/git/mecheye_ros2_interface/install/mecheye_ros_interface/include/mecheye_ros_interface/mecheye_ros_interface/srv/detail/get_float_array_parameter__type_support.hpp
[0.754s] -- Up-to-date: /home/inauenma/git/mecheye_ros2_interface/install/mecheye_ros_interface/include/mecheye_ros_interface/mecheye_ros_interface/srv/detail/add_user_set__builder.hpp
[0.754s] -- Up-to-date: /home/inauenma/git/mecheye_ros2_interface/install/mecheye_ros_interface/include/mecheye_ros_interface/mecheye_ros_interface/srv/detail/set_float_parameter__type_support.hpp
[0.754s] -- Up-to-date: /home/inauenma/git/mecheye_ros2_interface/install/mecheye_ros_interface/include/mecheye_ros_interface/mecheye_ros_interface/srv/detail/capture_point_cloud__type_support.hpp
[0.755s] -- Up-to-date: /home/inauenma/git/mecheye_ros2_interface/install/mecheye_ros_interface/include/mecheye_ros_interface/mecheye_ros_interface/srv/detail/set_float_array_parameter__struct.hpp
[0.755s] -- Up-to-date: /home/inauenma/git/mecheye_ros2_interface/install/mecheye_ros_interface/include/mecheye_ros_interface/mecheye_ros_interface/srv/detail/device_info__builder.hpp
[0.755s] -- Up-to-date: /home/inauenma/git/mecheye_ros2_interface/install/mecheye_ros_interface/include/mecheye_ros_interface/mecheye_ros_interface/srv/detail/capture_stereo_color_images__traits.hpp
[0.755s] -- Up-to-date: /home/inauenma/git/mecheye_ros2_interface/install/mecheye_ros_interface/include/mecheye_ros_interface/mecheye_ros_interface/srv/detail/capture_textured_point_cloud__builder.hpp
[0.755s] -- Up-to-date: /home/inauenma/git/mecheye_ros2_interface/install/mecheye_ros_interface/include/mecheye_ros_interface/mecheye_ros_interface/srv/detail/set_bool_parameter__traits.hpp
[0.755s] -- Up-to-date: /home/inauenma/git/mecheye_ros2_interface/install/mecheye_ros_interface/include/mecheye_ros_interface/mecheye_ros_interface/srv/detail/get_int_parameter__type_support.hpp
[0.755s] -- Up-to-date: /home/inauenma/git/mecheye_ros2_interface/install/mecheye_ros_interface/include/mecheye_ros_interface/mecheye_ros_interface/srv/detail/capture_depth_map__traits.hpp
[0.755s] -- Up-to-date: /home/inauenma/git/mecheye_ros2_interface/install/mecheye_ros_interface/include/mecheye_ros_interface/mecheye_ros_interface/srv/detail/set_enum_parameter__builder.hpp
[0.755s] -- Up-to-date: /home/inauenma/git/mecheye_ros2_interface/install/mecheye_ros_interface/include/mecheye_ros_interface/mecheye_ros_interface/srv/detail/capture_stereo_color_images__builder.hpp
[0.755s] -- Up-to-date: /home/inauenma/git/mecheye_ros2_interface/install/mecheye_ros_interface/include/mecheye_ros_interface/mecheye_ros_interface/srv/detail/set_current_user_set__struct.hpp
[0.755s] -- Up-to-date: /home/inauenma/git/mecheye_ros2_interface/install/mecheye_ros_interface/include/mecheye_ros_interface/mecheye_ros_interface/srv/detail/device_info__type_support.hpp
[0.755s] -- Up-to-date: /home/inauenma/git/mecheye_ros2_interface/install/mecheye_ros_interface/include/mecheye_ros_interface/mecheye_ros_interface/srv/detail/capture_point_cloud__traits.hpp
[0.755s] -- Up-to-date: /home/inauenma/git/mecheye_ros2_interface/install/mecheye_ros_interface/include/mecheye_ros_interface/mecheye_ros_interface/srv/detail/get_all_user_sets__traits.hpp
[0.756s] -- Up-to-date: /home/inauenma/git/mecheye_ros2_interface/install/mecheye_ros_interface/include/mecheye_ros_interface/mecheye_ros_interface/srv/detail/get_enum_parameter__builder.hpp
[0.756s] -- Up-to-date: /home/inauenma/git/mecheye_ros2_interface/install/mecheye_ros_interface/include/mecheye_ros_interface/mecheye_ros_interface/srv/detail/set_bool_parameter__builder.hpp
[0.756s] -- Up-to-date: /home/inauenma/git/mecheye_ros2_interface/install/mecheye_ros_interface/include/mecheye_ros_interface/mecheye_ros_interface/srv/detail/set_range_parameter__struct.hpp
[0.756s] -- Up-to-date: /home/inauenma/git/mecheye_ros2_interface/install/mecheye_ros_interface/include/mecheye_ros_interface/mecheye_ros_interface/srv/detail/get_enum_parameter__struct.hpp
[0.756s] -- Up-to-date: /home/inauenma/git/mecheye_ros2_interface/install/mecheye_ros_interface/include/mecheye_ros_interface/mecheye_ros_interface/srv/detail/get_all_user_sets__builder.hpp
[0.756s] -- Up-to-date: /home/inauenma/git/mecheye_ros2_interface/install/mecheye_ros_interface/include/mecheye_ros_interface/mecheye_ros_interface/srv/detail/set_current_user_set__traits.hpp
[0.756s] -- Up-to-date: /home/inauenma/git/mecheye_ros2_interface/install/mecheye_ros_interface/include/mecheye_ros_interface/mecheye_ros_interface/srv/detail/get_bool_parameter__type_support.hpp
[0.756s] -- Up-to-date: /home/inauenma/git/mecheye_ros2_interface/install/mecheye_ros_interface/include/mecheye_ros_interface/mecheye_ros_interface/srv/detail/set_current_user_set__builder.hpp
[0.756s] -- Up-to-date: /home/inauenma/git/mecheye_ros2_interface/install/mecheye_ros_interface/include/mecheye_ros_interface/mecheye_ros_interface/srv/detail/get_range_parameter__traits.hpp
[0.756s] -- Up-to-date: /home/inauenma/git/mecheye_ros2_interface/install/mecheye_ros_interface/include/mecheye_ros_interface/mecheye_ros_interface/srv/detail/set_float_parameter__builder.hpp
[0.756s] -- Up-to-date: /home/inauenma/git/mecheye_ros2_interface/install/mecheye_ros_interface/include/mecheye_ros_interface/mecheye_ros_interface/srv/detail/get_float_parameter__struct.hpp
[0.756s] -- Up-to-date: /home/inauenma/git/mecheye_ros2_interface/install/mecheye_ros_interface/include/mecheye_ros_interface/mecheye_ros_interface/srv/detail/capture_color_image__builder.hpp
[0.756s] -- Up-to-date: /home/inauenma/git/mecheye_ros2_interface/install/mecheye_ros_interface/include/mecheye_ros_interface/mecheye_ros_interface/srv/detail/get_bool_parameter__struct.hpp
[0.756s] -- Up-to-date: /home/inauenma/git/mecheye_ros2_interface/install/mecheye_ros_interface/include/mecheye_ros_interface/mecheye_ros_interface/srv/detail/set_float_parameter__struct.hpp
[0.756s] -- Up-to-date: /home/inauenma/git/mecheye_ros2_interface/install/mecheye_ros_interface/include/mecheye_ros_interface/mecheye_ros_interface/srv/detail/get_float_array_parameter__traits.hpp
[0.756s] -- Up-to-date: /home/inauenma/git/mecheye_ros2_interface/install/mecheye_ros_interface/include/mecheye_ros_interface/mecheye_ros_interface/srv/detail/delete_user_set__struct.hpp
[0.756s] -- Up-to-date: /home/inauenma/git/mecheye_ros2_interface/install/mecheye_ros_interface/include/mecheye_ros_interface/mecheye_ros_interface/srv/detail/set_enum_parameter__traits.hpp
[0.756s] -- Up-to-date: /home/inauenma/git/mecheye_ros2_interface/install/mecheye_ros_interface/include/mecheye_ros_interface/mecheye_ros_interface/srv/detail/get_roi_parameter__struct.hpp
[0.756s] -- Up-to-date: /home/inauenma/git/mecheye_ros2_interface/install/mecheye_ros_interface/include/mecheye_ros_interface/mecheye_ros_interface/srv/detail/get_all_user_sets__type_support.hpp
[0.757s] -- Up-to-date: /home/inauenma/git/mecheye_ros2_interface/install/mecheye_ros_interface/include/mecheye_ros_interface/mecheye_ros_interface/srv/detail/add_user_set__type_support.hpp
[0.757s] -- Up-to-date: /home/inauenma/git/mecheye_ros2_interface/install/mecheye_ros_interface/include/mecheye_ros_interface/mecheye_ros_interface/srv/detail/get_roi_parameter__traits.hpp
[0.757s] -- Up-to-date: /home/inauenma/git/mecheye_ros2_interface/install/mecheye_ros_interface/include/mecheye_ros_interface/mecheye_ros_interface/srv/detail/get_roi_parameter__builder.hpp
[0.757s] -- Up-to-date: /home/inauenma/git/mecheye_ros2_interface/install/mecheye_ros_interface/include/mecheye_ros_interface/mecheye_ros_interface/srv/detail/capture_color_image__struct.hpp
[0.757s] -- Up-to-date: /home/inauenma/git/mecheye_ros2_interface/install/mecheye_ros_interface/include/mecheye_ros_interface/mecheye_ros_interface/srv/detail/capture_textured_point_cloud__type_support.hpp
[0.757s] -- Up-to-date: /home/inauenma/git/mecheye_ros2_interface/install/mecheye_ros_interface/include/mecheye_ros_interface/mecheye_ros_interface/srv/detail/capture_textured_point_cloud__struct.hpp
[0.757s] -- Up-to-date: /home/inauenma/git/mecheye_ros2_interface/install/mecheye_ros_interface/include/mecheye_ros_interface/mecheye_ros_interface/srv/detail/device_info__traits.hpp
[0.757s] -- Up-to-date: /home/inauenma/git/mecheye_ros2_interface/install/mecheye_ros_interface/include/mecheye_ros_interface/mecheye_ros_interface/srv/detail/get_range_parameter__type_support.hpp
[0.757s] -- Up-to-date: /home/inauenma/git/mecheye_ros2_interface/install/mecheye_ros_interface/include/mecheye_ros_interface/mecheye_ros_interface/srv/detail/get_int_parameter__builder.hpp
[0.757s] -- Up-to-date: /home/inauenma/git/mecheye_ros2_interface/install/mecheye_ros_interface/include/mecheye_ros_interface/mecheye_ros_interface/srv/detail/get_enum_parameter__traits.hpp
[0.757s] -- Up-to-date: /home/inauenma/git/mecheye_ros2_interface/install/mecheye_ros_interface/include/mecheye_ros_interface/mecheye_ros_interface/srv/detail/get_current_user_set__builder.hpp
[0.757s] -- Up-to-date: /home/inauenma/git/mecheye_ros2_interface/install/mecheye_ros_interface/include/mecheye_ros_interface/mecheye_ros_interface/srv/detail/capture_depth_map__struct.hpp
[0.757s] -- Up-to-date: /home/inauenma/git/mecheye_ros2_interface/install/mecheye_ros_interface/include/mecheye_ros_interface/mecheye_ros_interface/srv/detail/add_user_set__traits.hpp
[0.757s] -- Up-to-date: /home/inauenma/git/mecheye_ros2_interface/install/mecheye_ros_interface/include/mecheye_ros_interface/mecheye_ros_interface/srv/detail/save_all_settings_to_user_sets__struct.hpp
[0.757s] -- Up-to-date: /home/inauenma/git/mecheye_ros2_interface/install/mecheye_ros_interface/include/mecheye_ros_interface/mecheye_ros_interface/srv/detail/set_int_parameter__struct.hpp
[0.758s] -- Up-to-date: /home/inauenma/git/mecheye_ros2_interface/install/mecheye_ros_interface/include/mecheye_ros_interface/mecheye_ros_interface/srv/detail/get_float_parameter__type_support.hpp
[0.758s] -- Up-to-date: /home/inauenma/git/mecheye_ros2_interface/install/mecheye_ros_interface/include/mecheye_ros_interface/mecheye_ros_interface/srv/detail/save_all_settings_to_user_sets__traits.hpp
[0.758s] -- Up-to-date: /home/inauenma/git/mecheye_ros2_interface/install/mecheye_ros_interface/include/mecheye_ros_interface/mecheye_ros_interface/srv/detail/get_range_parameter__builder.hpp
[0.758s] -- Up-to-date: /home/inauenma/git/mecheye_ros2_interface/install/mecheye_ros_interface/include/mecheye_ros_interface/mecheye_ros_interface/srv/detail/delete_user_set__traits.hpp
[0.758s] -- Up-to-date: /home/inauenma/git/mecheye_ros2_interface/install/mecheye_ros_interface/include/mecheye_ros_interface/mecheye_ros_interface/srv/detail/get_int_parameter__struct.hpp
[0.758s] -- Up-to-date: /home/inauenma/git/mecheye_ros2_interface/install/mecheye_ros_interface/include/mecheye_ros_interface/mecheye_ros_interface/srv/detail/set_float_array_parameter__traits.hpp
[0.758s] -- Up-to-date: /home/inauenma/git/mecheye_ros2_interface/install/mecheye_ros_interface/include/mecheye_ros_interface/mecheye_ros_interface/srv/detail/set_bool_parameter__struct.hpp
[0.758s] -- Up-to-date: /home/inauenma/git/mecheye_ros2_interface/install/mecheye_ros_interface/include/mecheye_ros_interface/mecheye_ros_interface/srv/detail/device_info__struct.hpp
[0.758s] -- Up-to-date: /home/inauenma/git/mecheye_ros2_interface/install/mecheye_ros_interface/include/mecheye_ros_interface/mecheye_ros_interface/srv/detail/set_range_parameter__builder.hpp
[0.758s] -- Up-to-date: /home/inauenma/git/mecheye_ros2_interface/install/mecheye_ros_interface/include/mecheye_ros_interface/mecheye_ros_interface/srv/detail/get_range_parameter__struct.hpp
[0.758s] -- Up-to-date: /home/inauenma/git/mecheye_ros2_interface/install/mecheye_ros_interface/include/mecheye_ros_interface/mecheye_ros_interface/srv/detail/set_range_parameter__type_support.hpp
[0.758s] -- Up-to-date: /home/inauenma/git/mecheye_ros2_interface/install/mecheye_ros_interface/include/mecheye_ros_interface/mecheye_ros_interface/srv/detail/get_current_user_set__type_support.hpp
[0.758s] -- Up-to-date: /home/inauenma/git/mecheye_ros2_interface/install/mecheye_ros_interface/include/mecheye_ros_interface/mecheye_ros_interface/srv/detail/get_bool_parameter__traits.hpp
[0.758s] -- Up-to-date: /home/inauenma/git/mecheye_ros2_interface/install/mecheye_ros_interface/include/mecheye_ros_interface/mecheye_ros_interface/srv/detail/set_enum_parameter__type_support.hpp
[0.758s] -- Up-to-date: /home/inauenma/git/mecheye_ros2_interface/install/mecheye_ros_interface/include/mecheye_ros_interface/mecheye_ros_interface/srv/detail/set_int_parameter__builder.hpp
[0.758s] -- Up-to-date: /home/inauenma/git/mecheye_ros2_interface/install/mecheye_ros_interface/include/mecheye_ros_interface/mecheye_ros_interface/srv/detail/get_int_parameter__traits.hpp
[0.759s] -- Up-to-date: /home/inauenma/git/mecheye_ros2_interface/install/mecheye_ros_interface/include/mecheye_ros_interface/mecheye_ros_interface/srv/detail/capture_depth_map__type_support.hpp
[0.759s] -- Up-to-date: /home/inauenma/git/mecheye_ros2_interface/install/mecheye_ros_interface/include/mecheye_ros_interface/mecheye_ros_interface/srv/detail/set_roi_parameter__traits.hpp
[0.759s] -- Up-to-date: /home/inauenma/git/mecheye_ros2_interface/install/mecheye_ros_interface/include/mecheye_ros_interface/mecheye_ros_interface/srv/detail/set_current_user_set__type_support.hpp
[0.759s] -- Up-to-date: /home/inauenma/git/mecheye_ros2_interface/install/mecheye_ros_interface/include/mecheye_ros_interface/mecheye_ros_interface/srv/detail/get_float_array_parameter__struct.hpp
[0.759s] -- Up-to-date: /home/inauenma/git/mecheye_ros2_interface/install/mecheye_ros_interface/include/mecheye_ros_interface/mecheye_ros_interface/srv/detail/set_float_parameter__traits.hpp
[0.759s] -- Up-to-date: /home/inauenma/git/mecheye_ros2_interface/install/mecheye_ros_interface/include/mecheye_ros_interface/mecheye_ros_interface/srv/detail/set_roi_parameter__type_support.hpp
[0.759s] -- Up-to-date: /home/inauenma/git/mecheye_ros2_interface/install/mecheye_ros_interface/include/mecheye_ros_interface/mecheye_ros_interface/srv/detail/capture_textured_point_cloud__traits.hpp
[0.759s] -- Up-to-date: /home/inauenma/git/mecheye_ros2_interface/install/mecheye_ros_interface/include/mecheye_ros_interface/mecheye_ros_interface/srv/detail/set_int_parameter__type_support.hpp
[0.759s] -- Up-to-date: /home/inauenma/git/mecheye_ros2_interface/install/mecheye_ros_interface/include/mecheye_ros_interface/mecheye_ros_interface/srv/detail/get_current_user_set__traits.hpp
[0.759s] -- Up-to-date: /home/inauenma/git/mecheye_ros2_interface/install/mecheye_ros_interface/include/mecheye_ros_interface/mecheye_ros_interface/srv/detail/capture_stereo_color_images__type_support.hpp
[0.759s] -- Up-to-date: /home/inauenma/git/mecheye_ros2_interface/install/mecheye_ros_interface/include/mecheye_ros_interface/mecheye_ros_interface/srv/detail/save_all_settings_to_user_sets__builder.hpp
[0.759s] -- Up-to-date: /home/inauenma/git/mecheye_ros2_interface/install/mecheye_ros_interface/include/mecheye_ros_interface/mecheye_ros_interface/srv/detail/capture_point_cloud__builder.hpp
[0.759s] -- Up-to-date: /home/inauenma/git/mecheye_ros2_interface/install/mecheye_ros_interface/include/mecheye_ros_interface/mecheye_ros_interface/srv/detail/get_float_array_parameter__builder.hpp
[0.760s] -- Up-to-date: /home/inauenma/git/mecheye_ros2_interface/install/mecheye_ros_interface/include/mecheye_ros_interface/mecheye_ros_interface/srv/detail/delete_user_set__builder.hpp
[0.760s] -- Up-to-date: /home/inauenma/git/mecheye_ros2_interface/install/mecheye_ros_interface/include/mecheye_ros_interface/mecheye_ros_interface/srv/get_bool_parameter.hpp
[0.760s] -- Up-to-date: /home/inauenma/git/mecheye_ros2_interface/install/mecheye_ros_interface/include/mecheye_ros_interface/mecheye_ros_interface/srv/get_range_parameter.hpp
[0.760s] -- Up-to-date: /home/inauenma/git/mecheye_ros2_interface/install/mecheye_ros_interface/include/mecheye_ros_interface/mecheye_ros_interface/srv/capture_stereo_color_images.hpp
[0.760s] -- Up-to-date: /home/inauenma/git/mecheye_ros2_interface/install/mecheye_ros_interface/include/mecheye_ros_interface/mecheye_ros_interface/msg
[0.760s] -- Up-to-date: /home/inauenma/git/mecheye_ros2_interface/install/mecheye_ros_interface/include/mecheye_ros_interface/mecheye_ros_interface/msg/rosidl_generator_cpp__visibility_control.hpp
[0.760s] -- Up-to-date: /home/inauenma/git/mecheye_ros2_interface/install/mecheye_ros_interface/include/mecheye_ros_interface/mecheye_ros_interface
[0.760s] -- Up-to-date: /home/inauenma/git/mecheye_ros2_interface/install/mecheye_ros_interface/include/mecheye_ros_interface/mecheye_ros_interface/srv
[0.761s] -- Up-to-date: /home/inauenma/git/mecheye_ros2_interface/install/mecheye_ros_interface/include/mecheye_ros_interface/mecheye_ros_interface/srv/detail
[0.761s] -- Up-to-date: /home/inauenma/git/mecheye_ros2_interface/install/mecheye_ros_interface/include/mecheye_ros_interface/mecheye_ros_interface/srv/detail/set_float_array_parameter__rosidl_typesupport_fastrtps_cpp.hpp
[0.761s] -- Up-to-date: /home/inauenma/git/mecheye_ros2_interface/install/mecheye_ros_interface/include/mecheye_ros_interface/mecheye_ros_interface/srv/detail/set_range_parameter__rosidl_typesupport_fastrtps_cpp.hpp
[0.761s] -- Up-to-date: /home/inauenma/git/mecheye_ros2_interface/install/mecheye_ros_interface/include/mecheye_ros_interface/mecheye_ros_interface/srv/detail/set_enum_parameter__rosidl_typesupport_fastrtps_cpp.hpp
[0.761s] -- Up-to-date: /home/inauenma/git/mecheye_ros2_interface/install/mecheye_ros_interface/include/mecheye_ros_interface/mecheye_ros_interface/srv/detail/capture_point_cloud__rosidl_typesupport_fastrtps_cpp.hpp
[0.761s] -- Up-to-date: /home/inauenma/git/mecheye_ros2_interface/install/mecheye_ros_interface/include/mecheye_ros_interface/mecheye_ros_interface/srv/detail/capture_color_image__rosidl_typesupport_fastrtps_cpp.hpp
[0.761s] -- Up-to-date: /home/inauenma/git/mecheye_ros2_interface/install/mecheye_ros_interface/include/mecheye_ros_interface/mecheye_ros_interface/srv/detail/set_roi_parameter__rosidl_typesupport_fastrtps_cpp.hpp
[0.761s] -- Up-to-date: /home/inauenma/git/mecheye_ros2_interface/install/mecheye_ros_interface/include/mecheye_ros_interface/mecheye_ros_interface/srv/detail/delete_user_set__rosidl_typesupport_fastrtps_cpp.hpp
[0.761s] -- Up-to-date: /home/inauenma/git/mecheye_ros2_interface/install/mecheye_ros_interface/include/mecheye_ros_interface/mecheye_ros_interface/srv/detail/capture_textured_point_cloud__rosidl_typesupport_fastrtps_cpp.hpp
[0.761s] -- Up-to-date: /home/inauenma/git/mecheye_ros2_interface/install/mecheye_ros_interface/include/mecheye_ros_interface/mecheye_ros_interface/srv/detail/get_roi_parameter__rosidl_typesupport_fastrtps_cpp.hpp
[0.762s] -- Up-to-date: /home/inauenma/git/mecheye_ros2_interface/install/mecheye_ros_interface/include/mecheye_ros_interface/mecheye_ros_interface/srv/detail/get_current_user_set__rosidl_typesupport_fastrtps_cpp.hpp
[0.762s] -- Up-to-date: /home/inauenma/git/mecheye_ros2_interface/install/mecheye_ros_interface/include/mecheye_ros_interface/mecheye_ros_interface/srv/detail/get_bool_parameter__rosidl_typesupport_fastrtps_cpp.hpp
[0.762s] -- Up-to-date: /home/inauenma/git/mecheye_ros2_interface/install/mecheye_ros_interface/include/mecheye_ros_interface/mecheye_ros_interface/srv/detail/get_all_user_sets__rosidl_typesupport_fastrtps_cpp.hpp
[0.762s] -- Up-to-date: /home/inauenma/git/mecheye_ros2_interface/install/mecheye_ros_interface/include/mecheye_ros_interface/mecheye_ros_interface/srv/detail/get_float_parameter__rosidl_typesupport_fastrtps_cpp.hpp
[0.762s] -- Up-to-date: /home/inauenma/git/mecheye_ros2_interface/install/mecheye_ros_interface/include/mecheye_ros_interface/mecheye_ros_interface/srv/detail/get_enum_parameter__rosidl_typesupport_fastrtps_cpp.hpp
[0.762s] -- Up-to-date: /home/inauenma/git/mecheye_ros2_interface/install/mecheye_ros_interface/include/mecheye_ros_interface/mecheye_ros_interface/srv/detail/capture_depth_map__rosidl_typesupport_fastrtps_cpp.hpp
[0.762s] -- Up-to-date: /home/inauenma/git/mecheye_ros2_interface/install/mecheye_ros_interface/include/mecheye_ros_interface/mecheye_ros_interface/srv/detail/set_float_parameter__rosidl_typesupport_fastrtps_cpp.hpp
[0.762s] -- Up-to-date: /home/inauenma/git/mecheye_ros2_interface/install/mecheye_ros_interface/include/mecheye_ros_interface/mecheye_ros_interface/srv/detail/save_all_settings_to_user_sets__rosidl_typesupport_fastrtps_cpp.hpp
[0.762s] -- Up-to-date: /home/inauenma/git/mecheye_ros2_interface/install/mecheye_ros_interface/include/mecheye_ros_interface/mecheye_ros_interface/srv/detail/get_float_array_parameter__rosidl_typesupport_fastrtps_cpp.hpp
[0.763s] -- Up-to-date: /home/inauenma/git/mecheye_ros2_interface/install/mecheye_ros_interface/include/mecheye_ros_interface/mecheye_ros_interface/srv/detail/device_info__rosidl_typesupport_fastrtps_cpp.hpp
[0.763s] -- Up-to-date: /home/inauenma/git/mecheye_ros2_interface/install/mecheye_ros_interface/include/mecheye_ros_interface/mecheye_ros_interface/srv/detail/add_user_set__rosidl_typesupport_fastrtps_cpp.hpp
[0.763s] -- Up-to-date: /home/inauenma/git/mecheye_ros2_interface/install/mecheye_ros_interface/include/mecheye_ros_interface/mecheye_ros_interface/srv/detail/get_range_parameter__rosidl_typesupport_fastrtps_cpp.hpp
[0.763s] -- Up-to-date: /home/inauenma/git/mecheye_ros2_interface/install/mecheye_ros_interface/include/mecheye_ros_interface/mecheye_ros_interface/srv/detail/get_int_parameter__rosidl_typesupport_fastrtps_cpp.hpp
[0.763s] -- Up-to-date: /home/inauenma/git/mecheye_ros2_interface/install/mecheye_ros_interface/include/mecheye_ros_interface/mecheye_ros_interface/srv/detail/capture_stereo_color_images__rosidl_typesupport_fastrtps_cpp.hpp
[0.763s] -- Up-to-date: /home/inauenma/git/mecheye_ros2_interface/install/mecheye_ros_interface/include/mecheye_ros_interface/mecheye_ros_interface/srv/detail/set_current_user_set__rosidl_typesupport_fastrtps_cpp.hpp
[0.763s] -- Up-to-date: /home/inauenma/git/mecheye_ros2_interface/install/mecheye_ros_interface/include/mecheye_ros_interface/mecheye_ros_interface/srv/detail/set_bool_parameter__rosidl_typesupport_fastrtps_cpp.hpp
[0.763s] -- Up-to-date: /home/inauenma/git/mecheye_ros2_interface/install/mecheye_ros_interface/include/mecheye_ros_interface/mecheye_ros_interface/srv/detail/set_int_parameter__rosidl_typesupport_fastrtps_cpp.hpp
[0.763s] -- Up-to-date: /home/inauenma/git/mecheye_ros2_interface/install/mecheye_ros_interface/include/mecheye_ros_interface/mecheye_ros_interface/srv/detail/dds_fastrtps
[0.764s] -- Up-to-date: /home/inauenma/git/mecheye_ros2_interface/install/mecheye_ros_interface/include/mecheye_ros_interface/mecheye_ros_interface/msg
[0.764s] -- Up-to-date: /home/inauenma/git/mecheye_ros2_interface/install/mecheye_ros_interface/include/mecheye_ros_interface/mecheye_ros_interface/msg/rosidl_typesupport_fastrtps_cpp__visibility_control.h
[0.764s] -- Up-to-date: /home/inauenma/git/mecheye_ros2_interface/install/mecheye_ros_interface/lib/libmecheye_ros_interface__rosidl_typesupport_fastrtps_cpp.so
[0.764s] -- Up-to-date: /home/inauenma/git/mecheye_ros2_interface/install/mecheye_ros_interface/include/mecheye_ros_interface/mecheye_ros_interface
[0.764s] -- Up-to-date: /home/inauenma/git/mecheye_ros2_interface/install/mecheye_ros_interface/include/mecheye_ros_interface/mecheye_ros_interface/srv
[0.764s] -- Up-to-date: /home/inauenma/git/mecheye_ros2_interface/install/mecheye_ros_interface/include/mecheye_ros_interface/mecheye_ros_interface/srv/detail
[0.765s] -- Up-to-date: /home/inauenma/git/mecheye_ros2_interface/install/mecheye_ros_interface/include/mecheye_ros_interface/mecheye_ros_interface/srv/detail/set_float_parameter__rosidl_typesupport_introspection_c.h
[0.765s] -- Installing: /home/inauenma/git/mecheye_ros2_interface/install/mecheye_ros_interface/include/mecheye_ros_interface/mecheye_ros_interface/srv/detail/capture_depth_map__type_support.c
[0.765s] -- Up-to-date: /home/inauenma/git/mecheye_ros2_interface/install/mecheye_ros_interface/include/mecheye_ros_interface/mecheye_ros_interface/srv/detail/capture_stereo_color_images__rosidl_typesupport_introspection_c.h
[0.765s] -- Installing: /home/inauenma/git/mecheye_ros2_interface/install/mecheye_ros_interface/include/mecheye_ros_interface/mecheye_ros_interface/srv/detail/set_range_parameter__type_support.c
[0.765s] -- Up-to-date: /home/inauenma/git/mecheye_ros2_interface/install/mecheye_ros_interface/include/mecheye_ros_interface/mecheye_ros_interface/srv/detail/device_info__rosidl_typesupport_introspection_c.h
[0.765s] -- Installing: /home/inauenma/git/mecheye_ros2_interface/install/mecheye_ros_interface/include/mecheye_ros_interface/mecheye_ros_interface/srv/detail/get_int_parameter__type_support.c
[0.765s] -- Installing: /home/inauenma/git/mecheye_ros2_interface/install/mecheye_ros_interface/include/mecheye_ros_interface/mecheye_ros_interface/srv/detail/set_enum_parameter__type_support.c
[0.765s] -- Installing: /home/inauenma/git/mecheye_ros2_interface/install/mecheye_ros_interface/include/mecheye_ros_interface/mecheye_ros_interface/srv/detail/get_enum_parameter__type_support.c
[0.766s] -- Installing: /home/inauenma/git/mecheye_ros2_interface/install/mecheye_ros_interface/include/mecheye_ros_interface/mecheye_ros_interface/srv/detail/get_current_user_set__type_support.c
[0.766s] -- Up-to-date: /home/inauenma/git/mecheye_ros2_interface/install/mecheye_ros_interface/include/mecheye_ros_interface/mecheye_ros_interface/srv/detail/delete_user_set__rosidl_typesupport_introspection_c.h
[0.766s] -- Installing: /home/inauenma/git/mecheye_ros2_interface/install/mecheye_ros_interface/include/mecheye_ros_interface/mecheye_ros_interface/srv/detail/capture_textured_point_cloud__type_support.c
[0.766s] -- Installing: /home/inauenma/git/mecheye_ros2_interface/install/mecheye_ros_interface/include/mecheye_ros_interface/mecheye_ros_interface/srv/detail/device_info__type_support.c
[0.766s] -- Up-to-date: /home/inauenma/git/mecheye_ros2_interface/install/mecheye_ros_interface/include/mecheye_ros_interface/mecheye_ros_interface/srv/detail/get_float_parameter__rosidl_typesupport_introspection_c.h
[0.766s] -- Up-to-date: /home/inauenma/git/mecheye_ros2_interface/install/mecheye_ros_interface/include/mecheye_ros_interface/mecheye_ros_interface/srv/detail/get_int_parameter__rosidl_typesupport_introspection_c.h
[0.766s] -- Up-to-date: /home/inauenma/git/mecheye_ros2_interface/install/mecheye_ros_interface/include/mecheye_ros_interface/mecheye_ros_interface/srv/detail/get_range_parameter__rosidl_typesupport_introspection_c.h
[0.766s] -- Installing: /home/inauenma/git/mecheye_ros2_interface/install/mecheye_ros_interface/include/mecheye_ros_interface/mecheye_ros_interface/srv/detail/get_all_user_sets__type_support.c
[0.766s] -- Installing: /home/inauenma/git/mecheye_ros2_interface/install/mecheye_ros_interface/include/mecheye_ros_interface/mecheye_ros_interface/srv/detail/add_user_set__type_support.c
[0.766s] -- Up-to-date: /home/inauenma/git/mecheye_ros2_interface/install/mecheye_ros_interface/include/mecheye_ros_interface/mecheye_ros_interface/srv/detail/capture_depth_map__rosidl_typesupport_introspection_c.h
[0.767s] -- Up-to-date: /home/inauenma/git/mecheye_ros2_interface/install/mecheye_ros_interface/include/mecheye_ros_interface/mecheye_ros_interface/srv/detail/set_enum_parameter__rosidl_typesupport_introspection_c.h
[0.767s] -- Installing: /home/inauenma/git/mecheye_ros2_interface/install/mecheye_ros_interface/include/mecheye_ros_interface/mecheye_ros_interface/srv/detail/capture_color_image__type_support.c
[0.767s] -- Up-to-date: /home/inauenma/git/mecheye_ros2_interface/install/mecheye_ros_interface/include/mecheye_ros_interface/mecheye_ros_interface/srv/detail/set_bool_parameter__rosidl_typesupport_introspection_c.h
[0.767s] -- Up-to-date: /home/inauenma/git/mecheye_ros2_interface/install/mecheye_ros_interface/include/mecheye_ros_interface/mecheye_ros_interface/srv/detail/set_float_array_parameter__rosidl_typesupport_introspection_c.h
[0.767s] -- Installing: /home/inauenma/git/mecheye_ros2_interface/install/mecheye_ros_interface/include/mecheye_ros_interface/mecheye_ros_interface/srv/detail/set_int_parameter__type_support.c
[0.767s] -- Up-to-date: /home/inauenma/git/mecheye_ros2_interface/install/mecheye_ros_interface/include/mecheye_ros_interface/mecheye_ros_interface/srv/detail/get_all_user_sets__rosidl_typesupport_introspection_c.h
[0.767s] -- Installing: /home/inauenma/git/mecheye_ros2_interface/install/mecheye_ros_interface/include/mecheye_ros_interface/mecheye_ros_interface/srv/detail/get_bool_parameter__type_support.c
[0.767s] -- Up-to-date: /home/inauenma/git/mecheye_ros2_interface/install/mecheye_ros_interface/include/mecheye_ros_interface/mecheye_ros_interface/srv/detail/capture_textured_point_cloud__rosidl_typesupport_introspection_c.h
[0.767s] -- Installing: /home/inauenma/git/mecheye_ros2_interface/install/mecheye_ros_interface/include/mecheye_ros_interface/mecheye_ros_interface/srv/detail/get_float_array_parameter__type_support.c
[0.767s] -- Up-to-date: /home/inauenma/git/mecheye_ros2_interface/install/mecheye_ros_interface/include/mecheye_ros_interface/mecheye_ros_interface/srv/detail/get_bool_parameter__rosidl_typesupport_introspection_c.h
[0.767s] -- Up-to-date: /home/inauenma/git/mecheye_ros2_interface/install/mecheye_ros_interface/include/mecheye_ros_interface/mecheye_ros_interface/srv/detail/get_float_array_parameter__rosidl_typesupport_introspection_c.h
[0.768s] -- Installing: /home/inauenma/git/mecheye_ros2_interface/install/mecheye_ros_interface/include/mecheye_ros_interface/mecheye_ros_interface/srv/detail/get_roi_parameter__type_support.c
[0.768s] -- Up-to-date: /home/inauenma/git/mecheye_ros2_interface/install/mecheye_ros_interface/include/mecheye_ros_interface/mecheye_ros_interface/srv/detail/capture_color_image__rosidl_typesupport_introspection_c.h
[0.768s] -- Installing: /home/inauenma/git/mecheye_ros2_interface/install/mecheye_ros_interface/include/mecheye_ros_interface/mecheye_ros_interface/srv/detail/set_bool_parameter__type_support.c
[0.768s] -- Installing: /home/inauenma/git/mecheye_ros2_interface/install/mecheye_ros_interface/include/mecheye_ros_interface/mecheye_ros_interface/srv/detail/save_all_settings_to_user_sets__type_support.c
[0.768s] -- Up-to-date: /home/inauenma/git/mecheye_ros2_interface/install/mecheye_ros_interface/include/mecheye_ros_interface/mecheye_ros_interface/srv/detail/set_range_parameter__rosidl_typesupport_introspection_c.h
[0.768s] -- Up-to-date: /home/inauenma/git/mecheye_ros2_interface/install/mecheye_ros_interface/include/mecheye_ros_interface/mecheye_ros_interface/srv/detail/get_enum_parameter__rosidl_typesupport_introspection_c.h
[0.768s] -- Up-to-date: /home/inauenma/git/mecheye_ros2_interface/install/mecheye_ros_interface/include/mecheye_ros_interface/mecheye_ros_interface/srv/detail/set_int_parameter__rosidl_typesupport_introspection_c.h
[0.768s] -- Installing: /home/inauenma/git/mecheye_ros2_interface/install/mecheye_ros_interface/include/mecheye_ros_interface/mecheye_ros_interface/srv/detail/capture_point_cloud__type_support.c
[0.768s] -- Up-to-date: /home/inauenma/git/mecheye_ros2_interface/install/mecheye_ros_interface/include/mecheye_ros_interface/mecheye_ros_interface/srv/detail/save_all_settings_to_user_sets__rosidl_typesupport_introspection_c.h
[0.768s] -- Up-to-date: /home/inauenma/git/mecheye_ros2_interface/install/mecheye_ros_interface/include/mecheye_ros_interface/mecheye_ros_interface/srv/detail/capture_point_cloud__rosidl_typesupport_introspection_c.h
[0.768s] -- Installing: /home/inauenma/git/mecheye_ros2_interface/install/mecheye_ros_interface/include/mecheye_ros_interface/mecheye_ros_interface/srv/detail/set_roi_parameter__type_support.c
[0.769s] -- Up-to-date: /home/inauenma/git/mecheye_ros2_interface/install/mecheye_ros_interface/include/mecheye_ros_interface/mecheye_ros_interface/srv/detail/get_roi_parameter__rosidl_typesupport_introspection_c.h
[0.769s] -- Up-to-date: /home/inauenma/git/mecheye_ros2_interface/install/mecheye_ros_interface/include/mecheye_ros_interface/mecheye_ros_interface/srv/detail/set_roi_parameter__rosidl_typesupport_introspection_c.h
[0.769s] -- Installing: /home/inauenma/git/mecheye_ros2_interface/install/mecheye_ros_interface/include/mecheye_ros_interface/mecheye_ros_interface/srv/detail/set_current_user_set__type_support.c
[0.769s] -- Up-to-date: /home/inauenma/git/mecheye_ros2_interface/install/mecheye_ros_interface/include/mecheye_ros_interface/mecheye_ros_interface/srv/detail/set_current_user_set__rosidl_typesupport_introspection_c.h
[0.769s] -- Up-to-date: /home/inauenma/git/mecheye_ros2_interface/install/mecheye_ros_interface/include/mecheye_ros_interface/mecheye_ros_interface/srv/detail/get_current_user_set__rosidl_typesupport_introspection_c.h
[0.769s] -- Installing: /home/inauenma/git/mecheye_ros2_interface/install/mecheye_ros_interface/include/mecheye_ros_interface/mecheye_ros_interface/srv/detail/get_range_parameter__type_support.c
[0.769s] -- Installing: /home/inauenma/git/mecheye_ros2_interface/install/mecheye_ros_interface/include/mecheye_ros_interface/mecheye_ros_interface/srv/detail/get_float_parameter__type_support.c
[0.769s] -- Installing: /home/inauenma/git/mecheye_ros2_interface/install/mecheye_ros_interface/include/mecheye_ros_interface/mecheye_ros_interface/srv/detail/capture_stereo_color_images__type_support.c
[0.769s] -- Installing: /home/inauenma/git/mecheye_ros2_interface/install/mecheye_ros_interface/include/mecheye_ros_interface/mecheye_ros_interface/srv/detail/set_float_array_parameter__type_support.c
[0.770s] -- Installing: /home/inauenma/git/mecheye_ros2_interface/install/mecheye_ros_interface/include/mecheye_ros_interface/mecheye_ros_interface/srv/detail/delete_user_set__type_support.c
[0.770s] -- Up-to-date: /home/inauenma/git/mecheye_ros2_interface/install/mecheye_ros_interface/include/mecheye_ros_interface/mecheye_ros_interface/srv/detail/add_user_set__rosidl_typesupport_introspection_c.h
[0.770s] -- Installing: /home/inauenma/git/mecheye_ros2_interface/install/mecheye_ros_interface/include/mecheye_ros_interface/mecheye_ros_interface/srv/detail/set_float_parameter__type_support.c
[0.770s] -- Up-to-date: /home/inauenma/git/mecheye_ros2_interface/install/mecheye_ros_interface/include/mecheye_ros_interface/mecheye_ros_interface/msg
[0.770s] -- Up-to-date: /home/inauenma/git/mecheye_ros2_interface/install/mecheye_ros_interface/include/mecheye_ros_interface/mecheye_ros_interface/msg/rosidl_typesupport_introspection_c__visibility_control.h
[0.770s] -- Up-to-date: /home/inauenma/git/mecheye_ros2_interface/install/mecheye_ros_interface/lib/libmecheye_ros_interface__rosidl_typesupport_introspection_c.so
[0.770s] -- Up-to-date: /home/inauenma/git/mecheye_ros2_interface/install/mecheye_ros_interface/lib/libmecheye_ros_interface__rosidl_typesupport_c.so
[0.770s] -- Up-to-date: /home/inauenma/git/mecheye_ros2_interface/install/mecheye_ros_interface/include/mecheye_ros_interface/mecheye_ros_interface
[0.770s] -- Up-to-date: /home/inauenma/git/mecheye_ros2_interface/install/mecheye_ros_interface/include/mecheye_ros_interface/mecheye_ros_interface/srv
[0.771s] -- Up-to-date: /home/inauenma/git/mecheye_ros2_interface/install/mecheye_ros_interface/include/mecheye_ros_interface/mecheye_ros_interface/srv/detail
[0.771s] -- Up-to-date: /home/inauenma/git/mecheye_ros2_interface/install/mecheye_ros_interface/include/mecheye_ros_interface/mecheye_ros_interface/srv/detail/get_all_user_sets__type_support.cpp
[0.771s] -- Up-to-date: /home/inauenma/git/mecheye_ros2_interface/install/mecheye_ros_interface/include/mecheye_ros_interface/mecheye_ros_interface/srv/detail/delete_user_set__type_support.cpp
[0.771s] -- Up-to-date: /home/inauenma/git/mecheye_ros2_interface/install/mecheye_ros_interface/include/mecheye_ros_interface/mecheye_ros_interface/srv/detail/capture_depth_map__type_support.cpp
[0.771s] -- Up-to-date: /home/inauenma/git/mecheye_ros2_interface/install/mecheye_ros_interface/include/mecheye_ros_interface/mecheye_ros_interface/srv/detail/device_info__rosidl_typesupport_introspection_cpp.hpp
[0.771s] -- Up-to-date: /home/inauenma/git/mecheye_ros2_interface/install/mecheye_ros_interface/include/mecheye_ros_interface/mecheye_ros_interface/srv/detail/get_bool_parameter__type_support.cpp
[0.771s] -- Up-to-date: /home/inauenma/git/mecheye_ros2_interface/install/mecheye_ros_interface/include/mecheye_ros_interface/mecheye_ros_interface/srv/detail/set_range_parameter__rosidl_typesupport_introspection_cpp.hpp
[0.771s] -- Up-to-date: /home/inauenma/git/mecheye_ros2_interface/install/mecheye_ros_interface/include/mecheye_ros_interface/mecheye_ros_interface/srv/detail/get_float_parameter__rosidl_typesupport_introspection_cpp.hpp
[0.771s] -- Up-to-date: /home/inauenma/git/mecheye_ros2_interface/install/mecheye_ros_interface/include/mecheye_ros_interface/mecheye_ros_interface/srv/detail/get_current_user_set__type_support.cpp
[0.771s] -- Up-to-date: /home/inauenma/git/mecheye_ros2_interface/install/mecheye_ros_interface/include/mecheye_ros_interface/mecheye_ros_interface/srv/detail/get_roi_parameter__type_support.cpp
[0.772s] -- Up-to-date: /home/inauenma/git/mecheye_ros2_interface/install/mecheye_ros_interface/include/mecheye_ros_interface/mecheye_ros_interface/srv/detail/capture_point_cloud__rosidl_typesupport_introspection_cpp.hpp
[0.772s] -- Up-to-date: /home/inauenma/git/mecheye_ros2_interface/install/mecheye_ros_interface/include/mecheye_ros_interface/mecheye_ros_interface/srv/detail/get_range_parameter__rosidl_typesupport_introspection_cpp.hpp
[0.772s] -- Up-to-date: /home/inauenma/git/mecheye_ros2_interface/install/mecheye_ros_interface/include/mecheye_ros_interface/mecheye_ros_interface/srv/detail/set_float_array_parameter__type_support.cpp
[0.772s] -- Up-to-date: /home/inauenma/git/mecheye_ros2_interface/install/mecheye_ros_interface/include/mecheye_ros_interface/mecheye_ros_interface/srv/detail/save_all_settings_to_user_sets__type_support.cpp
[0.772s] -- Up-to-date: /home/inauenma/git/mecheye_ros2_interface/install/mecheye_ros_interface/include/mecheye_ros_interface/mecheye_ros_interface/srv/detail/add_user_set__rosidl_typesupport_introspection_cpp.hpp
[0.772s] -- Up-to-date: /home/inauenma/git/mecheye_ros2_interface/install/mecheye_ros_interface/include/mecheye_ros_interface/mecheye_ros_interface/srv/detail/get_int_parameter__type_support.cpp
[0.772s] -- Up-to-date: /home/inauenma/git/mecheye_ros2_interface/install/mecheye_ros_interface/include/mecheye_ros_interface/mecheye_ros_interface/srv/detail/set_current_user_set__type_support.cpp
[0.772s] -- Up-to-date: /home/inauenma/git/mecheye_ros2_interface/install/mecheye_ros_interface/include/mecheye_ros_interface/mecheye_ros_interface/srv/detail/set_float_parameter__rosidl_typesupport_introspection_cpp.hpp
[0.772s] -- Up-to-date: /home/inauenma/git/mecheye_ros2_interface/install/mecheye_ros_interface/include/mecheye_ros_interface/mecheye_ros_interface/srv/detail/set_int_parameter__rosidl_typesupport_introspection_cpp.hpp
[0.772s] -- Up-to-date: /home/inauenma/git/mecheye_ros2_interface/install/mecheye_ros_interface/include/mecheye_ros_interface/mecheye_ros_interface/srv/detail/get_float_parameter__type_support.cpp
[0.773s] -- Up-to-date: /home/inauenma/git/mecheye_ros2_interface/install/mecheye_ros_interface/include/mecheye_ros_interface/mecheye_ros_interface/srv/detail/capture_textured_point_cloud__type_support.cpp
[0.773s] -- Up-to-date: /home/inauenma/git/mecheye_ros2_interface/install/mecheye_ros_interface/include/mecheye_ros_interface/mecheye_ros_interface/srv/detail/add_user_set__type_support.cpp
[0.773s] -- Up-to-date: /home/inauenma/git/mecheye_ros2_interface/install/mecheye_ros_interface/include/mecheye_ros_interface/mecheye_ros_interface/srv/detail/set_roi_parameter__type_support.cpp
[0.773s] -- Up-to-date: /home/inauenma/git/mecheye_ros2_interface/install/mecheye_ros_interface/include/mecheye_ros_interface/mecheye_ros_interface/srv/detail/set_roi_parameter__rosidl_typesupport_introspection_cpp.hpp
[0.773s] -- Up-to-date: /home/inauenma/git/mecheye_ros2_interface/install/mecheye_ros_interface/include/mecheye_ros_interface/mecheye_ros_interface/srv/detail/get_current_user_set__rosidl_typesupport_introspection_cpp.hpp
[0.773s] -- Up-to-date: /home/inauenma/git/mecheye_ros2_interface/install/mecheye_ros_interface/include/mecheye_ros_interface/mecheye_ros_interface/srv/detail/capture_color_image__type_support.cpp
[0.773s] -- Up-to-date: /home/inauenma/git/mecheye_ros2_interface/install/mecheye_ros_interface/include/mecheye_ros_interface/mecheye_ros_interface/srv/detail/get_int_parameter__rosidl_typesupport_introspection_cpp.hpp
[0.773s] -- Up-to-date: /home/inauenma/git/mecheye_ros2_interface/install/mecheye_ros_interface/include/mecheye_ros_interface/mecheye_ros_interface/srv/detail/save_all_settings_to_user_sets__rosidl_typesupport_introspection_cpp.hpp
[0.773s] -- Up-to-date: /home/inauenma/git/mecheye_ros2_interface/install/mecheye_ros_interface/include/mecheye_ros_interface/mecheye_ros_interface/srv/detail/get_float_array_parameter__type_support.cpp
[0.773s] -- Up-to-date: /home/inauenma/git/mecheye_ros2_interface/install/mecheye_ros_interface/include/mecheye_ros_interface/mecheye_ros_interface/srv/detail/capture_stereo_color_images__type_support.cpp
[0.773s] -- Up-to-date: /home/inauenma/git/mecheye_ros2_interface/install/mecheye_ros_interface/include/mecheye_ros_interface/mecheye_ros_interface/srv/detail/capture_depth_map__rosidl_typesupport_introspection_cpp.hpp
[0.773s] -- Up-to-date: /home/inauenma/git/mecheye_ros2_interface/install/mecheye_ros_interface/include/mecheye_ros_interface/mecheye_ros_interface/srv/detail/set_float_parameter__type_support.cpp
[0.773s] -- Up-to-date: /home/inauenma/git/mecheye_ros2_interface/install/mecheye_ros_interface/include/mecheye_ros_interface/mecheye_ros_interface/srv/detail/capture_color_image__rosidl_typesupport_introspection_cpp.hpp
[0.773s] -- Up-to-date: /home/inauenma/git/mecheye_ros2_interface/install/mecheye_ros_interface/include/mecheye_ros_interface/mecheye_ros_interface/srv/detail/set_float_array_parameter__rosidl_typesupport_introspection_cpp.hpp
[0.773s] -- Up-to-date: /home/inauenma/git/mecheye_ros2_interface/install/mecheye_ros_interface/include/mecheye_ros_interface/mecheye_ros_interface/srv/detail/get_all_user_sets__rosidl_typesupport_introspection_cpp.hpp
[0.773s] -- Up-to-date: /home/inauenma/git/mecheye_ros2_interface/install/mecheye_ros_interface/include/mecheye_ros_interface/mecheye_ros_interface/srv/detail/get_float_array_parameter__rosidl_typesupport_introspection_cpp.hpp
[0.774s] -- Up-to-date: /home/inauenma/git/mecheye_ros2_interface/install/mecheye_ros_interface/include/mecheye_ros_interface/mecheye_ros_interface/srv/detail/capture_textured_point_cloud__rosidl_typesupport_introspection_cpp.hpp
[0.774s] -- Up-to-date: /home/inauenma/git/mecheye_ros2_interface/install/mecheye_ros_interface/include/mecheye_ros_interface/mecheye_ros_interface/srv/detail/set_range_parameter__type_support.cpp
[0.774s] -- Up-to-date: /home/inauenma/git/mecheye_ros2_interface/install/mecheye_ros_interface/include/mecheye_ros_interface/mecheye_ros_interface/srv/detail/set_int_parameter__type_support.cpp
[0.774s] -- Up-to-date: /home/inauenma/git/mecheye_ros2_interface/install/mecheye_ros_interface/include/mecheye_ros_interface/mecheye_ros_interface/srv/detail/set_bool_parameter__type_support.cpp
[0.774s] -- Up-to-date: /home/inauenma/git/mecheye_ros2_interface/install/mecheye_ros_interface/include/mecheye_ros_interface/mecheye_ros_interface/srv/detail/get_bool_parameter__rosidl_typesupport_introspection_cpp.hpp
[0.774s] -- Up-to-date: /home/inauenma/git/mecheye_ros2_interface/install/mecheye_ros_interface/include/mecheye_ros_interface/mecheye_ros_interface/srv/detail/set_current_user_set__rosidl_typesupport_introspection_cpp.hpp
[0.774s] -- Up-to-date: /home/inauenma/git/mecheye_ros2_interface/install/mecheye_ros_interface/include/mecheye_ros_interface/mecheye_ros_interface/srv/detail/set_enum_parameter__rosidl_typesupport_introspection_cpp.hpp
[0.774s] -- Up-to-date: /home/inauenma/git/mecheye_ros2_interface/install/mecheye_ros_interface/include/mecheye_ros_interface/mecheye_ros_interface/srv/detail/capture_stereo_color_images__rosidl_typesupport_introspection_cpp.hpp
[0.774s] -- Up-to-date: /home/inauenma/git/mecheye_ros2_interface/install/mecheye_ros_interface/include/mecheye_ros_interface/mecheye_ros_interface/srv/detail/set_enum_parameter__type_support.cpp
[0.774s] -- Up-to-date: /home/inauenma/git/mecheye_ros2_interface/install/mecheye_ros_interface/include/mecheye_ros_interface/mecheye_ros_interface/srv/detail/delete_user_set__rosidl_typesupport_introspection_cpp.hpp
[0.774s] -- Up-to-date: /home/inauenma/git/mecheye_ros2_interface/install/mecheye_ros_interface/include/mecheye_ros_interface/mecheye_ros_interface/srv/detail/set_bool_parameter__rosidl_typesupport_introspection_cpp.hpp
[0.774s] -- Up-to-date: /home/inauenma/git/mecheye_ros2_interface/install/mecheye_ros_interface/include/mecheye_ros_interface/mecheye_ros_interface/srv/detail/get_enum_parameter__rosidl_typesupport_introspection_cpp.hpp
[0.774s] -- Up-to-date: /home/inauenma/git/mecheye_ros2_interface/install/mecheye_ros_interface/include/mecheye_ros_interface/mecheye_ros_interface/srv/detail/capture_point_cloud__type_support.cpp
[0.774s] -- Up-to-date: /home/inauenma/git/mecheye_ros2_interface/install/mecheye_ros_interface/include/mecheye_ros_interface/mecheye_ros_interface/srv/detail/get_range_parameter__type_support.cpp
[0.774s] -- Up-to-date: /home/inauenma/git/mecheye_ros2_interface/install/mecheye_ros_interface/include/mecheye_ros_interface/mecheye_ros_interface/srv/detail/device_info__type_support.cpp
[0.775s] -- Up-to-date: /home/inauenma/git/mecheye_ros2_interface/install/mecheye_ros_interface/include/mecheye_ros_interface/mecheye_ros_interface/srv/detail/get_roi_parameter__rosidl_typesupport_introspection_cpp.hpp
[0.775s] -- Up-to-date: /home/inauenma/git/mecheye_ros2_interface/install/mecheye_ros_interface/include/mecheye_ros_interface/mecheye_ros_interface/srv/detail/get_enum_parameter__type_support.cpp
[0.775s] -- Up-to-date: /home/inauenma/git/mecheye_ros2_interface/install/mecheye_ros_interface/lib/libmecheye_ros_interface__rosidl_typesupport_introspection_cpp.so
[0.775s] -- Up-to-date: /home/inauenma/git/mecheye_ros2_interface/install/mecheye_ros_interface/lib/libmecheye_ros_interface__rosidl_typesupport_cpp.so
[0.775s] -- Up-to-date: /home/inauenma/git/mecheye_ros2_interface/install/mecheye_ros_interface/share/mecheye_ros_interface/environment/pythonpath.sh
[0.775s] -- Up-to-date: /home/inauenma/git/mecheye_ros2_interface/install/mecheye_ros_interface/share/mecheye_ros_interface/environment/pythonpath.dsv
[0.775s] -- Up-to-date: /home/inauenma/git/mecheye_ros2_interface/install/mecheye_ros_interface/lib/python3.12/site-packages/mecheye_ros_interface-0.0.2-py3.12.egg-info
[0.775s] -- Installing: /home/inauenma/git/mecheye_ros2_interface/install/mecheye_ros_interface/lib/python3.12/site-packages/mecheye_ros_interface-0.0.2-py3.12.egg-info/SOURCES.txt
[0.775s] -- Installing: /home/inauenma/git/mecheye_ros2_interface/install/mecheye_ros_interface/lib/python3.12/site-packages/mecheye_ros_interface-0.0.2-py3.12.egg-info/PKG-INFO
[0.775s] -- Installing: /home/inauenma/git/mecheye_ros2_interface/install/mecheye_ros_interface/lib/python3.12/site-packages/mecheye_ros_interface-0.0.2-py3.12.egg-info/top_level.txt
[0.775s] -- Installing: /home/inauenma/git/mecheye_ros2_interface/install/mecheye_ros_interface/lib/python3.12/site-packages/mecheye_ros_interface-0.0.2-py3.12.egg-info/dependency_links.txt
[0.775s] -- Up-to-date: /home/inauenma/git/mecheye_ros2_interface/install/mecheye_ros_interface/lib/python3.12/site-packages/mecheye_ros_interface
[0.775s] -- Up-to-date: /home/inauenma/git/mecheye_ros2_interface/install/mecheye_ros_interface/lib/python3.12/site-packages/mecheye_ros_interface/_mecheye_ros_interface_s.ep.rosidl_typesupport_fastrtps_c.c
[0.775s] -- Up-to-date: /home/inauenma/git/mecheye_ros2_interface/install/mecheye_ros_interface/lib/python3.12/site-packages/mecheye_ros_interface/mecheye_ros_interface_s__rosidl_typesupport_c.so
[0.775s] -- Up-to-date: /home/inauenma/git/mecheye_ros2_interface/install/mecheye_ros_interface/lib/python3.12/site-packages/mecheye_ros_interface/mecheye_ros_interface_s__rosidl_typesupport_introspection_c.so
[0.775s] -- Up-to-date: /home/inauenma/git/mecheye_ros2_interface/install/mecheye_ros_interface/lib/python3.12/site-packages/mecheye_ros_interface/mecheye_ros_interface_s__rosidl_typesupport_fastrtps_c.so
[0.775s] -- Up-to-date: /home/inauenma/git/mecheye_ros2_interface/install/mecheye_ros_interface/lib/python3.12/site-packages/mecheye_ros_interface/srv
[0.775s] -- Up-to-date: /home/inauenma/git/mecheye_ros2_interface/install/mecheye_ros_interface/lib/python3.12/site-packages/mecheye_ros_interface/srv/_capture_textured_point_cloud_s.c
[0.775s] -- Up-to-date: /home/inauenma/git/mecheye_ros2_interface/install/mecheye_ros_interface/lib/python3.12/site-packages/mecheye_ros_interface/srv/_set_range_parameter_s.c
[0.775s] -- Up-to-date: /home/inauenma/git/mecheye_ros2_interface/install/mecheye_ros_interface/lib/python3.12/site-packages/mecheye_ros_interface/srv/_get_float_parameter_s.c
[0.775s] -- Up-to-date: /home/inauenma/git/mecheye_ros2_interface/install/mecheye_ros_interface/lib/python3.12/site-packages/mecheye_ros_interface/srv/_capture_depth_map_s.c
[0.776s] -- Up-to-date: /home/inauenma/git/mecheye_ros2_interface/install/mecheye_ros_interface/lib/python3.12/site-packages/mecheye_ros_interface/srv/_get_all_user_sets_s.c
[0.776s] -- Up-to-date: /home/inauenma/git/mecheye_ros2_interface/install/mecheye_ros_interface/lib/python3.12/site-packages/mecheye_ros_interface/srv/_get_float_array_parameter.py
[0.776s] -- Up-to-date: /home/inauenma/git/mecheye_ros2_interface/install/mecheye_ros_interface/lib/python3.12/site-packages/mecheye_ros_interface/srv/_get_current_user_set.py
[0.776s] -- Up-to-date: /home/inauenma/git/mecheye_ros2_interface/install/mecheye_ros_interface/lib/python3.12/site-packages/mecheye_ros_interface/srv/_set_bool_parameter_s.c
[0.776s] -- Up-to-date: /home/inauenma/git/mecheye_ros2_interface/install/mecheye_ros_interface/lib/python3.12/site-packages/mecheye_ros_interface/srv/_device_info_s.c
[0.776s] -- Up-to-date: /home/inauenma/git/mecheye_ros2_interface/install/mecheye_ros_interface/lib/python3.12/site-packages/mecheye_ros_interface/srv/_capture_depth_map.py
[0.776s] -- Up-to-date: /home/inauenma/git/mecheye_ros2_interface/install/mecheye_ros_interface/lib/python3.12/site-packages/mecheye_ros_interface/srv/_add_user_set.py
[0.776s] -- Up-to-date: /home/inauenma/git/mecheye_ros2_interface/install/mecheye_ros_interface/lib/python3.12/site-packages/mecheye_ros_interface/srv/_set_roi_parameter_s.c
[0.776s] -- Up-to-date: /home/inauenma/git/mecheye_ros2_interface/install/mecheye_ros_interface/lib/python3.12/site-packages/mecheye_ros_interface/srv/_set_current_user_set_s.c
[0.776s] -- Up-to-date: /home/inauenma/git/mecheye_ros2_interface/install/mecheye_ros_interface/lib/python3.12/site-packages/mecheye_ros_interface/srv/_capture_stereo_color_images_s.c
[0.776s] -- Up-to-date: /home/inauenma/git/mecheye_ros2_interface/install/mecheye_ros_interface/lib/python3.12/site-packages/mecheye_ros_interface/srv/_save_all_settings_to_user_sets_s.c
[0.776s] -- Up-to-date: /home/inauenma/git/mecheye_ros2_interface/install/mecheye_ros_interface/lib/python3.12/site-packages/mecheye_ros_interface/srv/_set_range_parameter.py
[0.776s] -- Up-to-date: /home/inauenma/git/mecheye_ros2_interface/install/mecheye_ros_interface/lib/python3.12/site-packages/mecheye_ros_interface/srv/_capture_textured_point_cloud.py
[0.776s] -- Up-to-date: /home/inauenma/git/mecheye_ros2_interface/install/mecheye_ros_interface/lib/python3.12/site-packages/mecheye_ros_interface/srv/_get_range_parameter_s.c
[0.776s] -- Up-to-date: /home/inauenma/git/mecheye_ros2_interface/install/mecheye_ros_interface/lib/python3.12/site-packages/mecheye_ros_interface/srv/_set_roi_parameter.py
[0.776s] -- Up-to-date: /home/inauenma/git/mecheye_ros2_interface/install/mecheye_ros_interface/lib/python3.12/site-packages/mecheye_ros_interface/srv/_get_enum_parameter.py
[0.776s] -- Up-to-date: /home/inauenma/git/mecheye_ros2_interface/install/mecheye_ros_interface/lib/python3.12/site-packages/mecheye_ros_interface/srv/_capture_color_image_s.c
[0.776s] -- Up-to-date: /home/inauenma/git/mecheye_ros2_interface/install/mecheye_ros_interface/lib/python3.12/site-packages/mecheye_ros_interface/srv/_get_current_user_set_s.c
[0.776s] -- Up-to-date: /home/inauenma/git/mecheye_ros2_interface/install/mecheye_ros_interface/lib/python3.12/site-packages/mecheye_ros_interface/srv/__init__.py
[0.776s] -- Up-to-date: /home/inauenma/git/mecheye_ros2_interface/install/mecheye_ros_interface/lib/python3.12/site-packages/mecheye_ros_interface/srv/_capture_point_cloud_s.c
[0.777s] -- Up-to-date: /home/inauenma/git/mecheye_ros2_interface/install/mecheye_ros_interface/lib/python3.12/site-packages/mecheye_ros_interface/srv/_set_float_array_parameter_s.c
[0.777s] -- Up-to-date: /home/inauenma/git/mecheye_ros2_interface/install/mecheye_ros_interface/lib/python3.12/site-packages/mecheye_ros_interface/srv/_get_roi_parameter_s.c
[0.777s] -- Up-to-date: /home/inauenma/git/mecheye_ros2_interface/install/mecheye_ros_interface/lib/python3.12/site-packages/mecheye_ros_interface/srv/_device_info.py
[0.777s] -- Up-to-date: /home/inauenma/git/mecheye_ros2_interface/install/mecheye_ros_interface/lib/python3.12/site-packages/mecheye_ros_interface/srv/_delete_user_set_s.c
[0.777s] -- Up-to-date: /home/inauenma/git/mecheye_ros2_interface/install/mecheye_ros_interface/lib/python3.12/site-packages/mecheye_ros_interface/srv/_set_current_user_set.py
[0.777s] -- Up-to-date: /home/inauenma/git/mecheye_ros2_interface/install/mecheye_ros_interface/lib/python3.12/site-packages/mecheye_ros_interface/srv/_capture_color_image.py
[0.777s] -- Up-to-date: /home/inauenma/git/mecheye_ros2_interface/install/mecheye_ros_interface/lib/python3.12/site-packages/mecheye_ros_interface/srv/_set_int_parameter_s.c
[0.777s] -- Up-to-date: /home/inauenma/git/mecheye_ros2_interface/install/mecheye_ros_interface/lib/python3.12/site-packages/mecheye_ros_interface/srv/_capture_stereo_color_images.py
[0.777s] -- Up-to-date: /home/inauenma/git/mecheye_ros2_interface/install/mecheye_ros_interface/lib/python3.12/site-packages/mecheye_ros_interface/srv/_get_bool_parameter_s.c
[0.777s] -- Up-to-date: /home/inauenma/git/mecheye_ros2_interface/install/mecheye_ros_interface/lib/python3.12/site-packages/mecheye_ros_interface/srv/_set_float_parameter.py
[0.777s] -- Up-to-date: /home/inauenma/git/mecheye_ros2_interface/install/mecheye_ros_interface/lib/python3.12/site-packages/mecheye_ros_interface/srv/_add_user_set_s.c
[0.777s] -- Up-to-date: /home/inauenma/git/mecheye_ros2_interface/install/mecheye_ros_interface/lib/python3.12/site-packages/mecheye_ros_interface/srv/_delete_user_set.py
[0.777s] -- Up-to-date: /home/inauenma/git/mecheye_ros2_interface/install/mecheye_ros_interface/lib/python3.12/site-packages/mecheye_ros_interface/srv/_get_int_parameter_s.c
[0.777s] -- Up-to-date: /home/inauenma/git/mecheye_ros2_interface/install/mecheye_ros_interface/lib/python3.12/site-packages/mecheye_ros_interface/srv/_set_bool_parameter.py
[0.777s] -- Up-to-date: /home/inauenma/git/mecheye_ros2_interface/install/mecheye_ros_interface/lib/python3.12/site-packages/mecheye_ros_interface/srv/_set_enum_parameter.py
[0.777s] -- Up-to-date: /home/inauenma/git/mecheye_ros2_interface/install/mecheye_ros_interface/lib/python3.12/site-packages/mecheye_ros_interface/srv/_get_all_user_sets.py
[0.777s] -- Up-to-date: /home/inauenma/git/mecheye_ros2_interface/install/mecheye_ros_interface/lib/python3.12/site-packages/mecheye_ros_interface/srv/_get_int_parameter.py
[0.777s] -- Up-to-date: /home/inauenma/git/mecheye_ros2_interface/install/mecheye_ros_interface/lib/python3.12/site-packages/mecheye_ros_interface/srv/_set_float_parameter_s.c
[0.777s] -- Up-to-date: /home/inauenma/git/mecheye_ros2_interface/install/mecheye_ros_interface/lib/python3.12/site-packages/mecheye_ros_interface/srv/_set_enum_parameter_s.c
[0.777s] -- Up-to-date: /home/inauenma/git/mecheye_ros2_interface/install/mecheye_ros_interface/lib/python3.12/site-packages/mecheye_ros_interface/srv/_get_range_parameter.py
[0.777s] -- Up-to-date: /home/inauenma/git/mecheye_ros2_interface/install/mecheye_ros_interface/lib/python3.12/site-packages/mecheye_ros_interface/srv/_get_enum_parameter_s.c
[0.778s] -- Up-to-date: /home/inauenma/git/mecheye_ros2_interface/install/mecheye_ros_interface/lib/python3.12/site-packages/mecheye_ros_interface/srv/_get_roi_parameter.py
[0.778s] -- Up-to-date: /home/inauenma/git/mecheye_ros2_interface/install/mecheye_ros_interface/lib/python3.12/site-packages/mecheye_ros_interface/srv/_get_float_array_parameter_s.c
[0.778s] -- Up-to-date: /home/inauenma/git/mecheye_ros2_interface/install/mecheye_ros_interface/lib/python3.12/site-packages/mecheye_ros_interface/srv/_set_int_parameter.py
[0.778s] -- Up-to-date: /home/inauenma/git/mecheye_ros2_interface/install/mecheye_ros_interface/lib/python3.12/site-packages/mecheye_ros_interface/srv/_get_bool_parameter.py
[0.778s] -- Up-to-date: /home/inauenma/git/mecheye_ros2_interface/install/mecheye_ros_interface/lib/python3.12/site-packages/mecheye_ros_interface/srv/_save_all_settings_to_user_sets.py
[0.778s] -- Up-to-date: /home/inauenma/git/mecheye_ros2_interface/install/mecheye_ros_interface/lib/python3.12/site-packages/mecheye_ros_interface/srv/_capture_point_cloud.py
[0.778s] -- Up-to-date: /home/inauenma/git/mecheye_ros2_interface/install/mecheye_ros_interface/lib/python3.12/site-packages/mecheye_ros_interface/srv/_get_float_parameter.py
[0.778s] -- Up-to-date: /home/inauenma/git/mecheye_ros2_interface/install/mecheye_ros_interface/lib/python3.12/site-packages/mecheye_ros_interface/srv/_set_float_array_parameter.py
[0.778s] -- Up-to-date: /home/inauenma/git/mecheye_ros2_interface/install/mecheye_ros_interface/lib/python3.12/site-packages/mecheye_ros_interface/__init__.py
[0.778s] -- Up-to-date: /home/inauenma/git/mecheye_ros2_interface/install/mecheye_ros_interface/lib/python3.12/site-packages/mecheye_ros_interface/_mecheye_ros_interface_s.ep.rosidl_typesupport_introspection_c.c
[0.778s] -- Up-to-date: /home/inauenma/git/mecheye_ros2_interface/install/mecheye_ros_interface/lib/python3.12/site-packages/mecheye_ros_interface/_mecheye_ros_interface_s.ep.rosidl_typesupport_c.c
[0.805s] Listing '/home/inauenma/git/mecheye_ros2_interface/install/mecheye_ros_interface/lib/python3.12/site-packages/mecheye_ros_interface'...
[0.805s] Listing '/home/inauenma/git/mecheye_ros2_interface/install/mecheye_ros_interface/lib/python3.12/site-packages/mecheye_ros_interface/srv'...
[0.815s] -- Up-to-date: /home/inauenma/git/mecheye_ros2_interface/install/mecheye_ros_interface/lib/python3.12/site-packages/mecheye_ros_interface/mecheye_ros_interface_s__rosidl_typesupport_fastrtps_c.so
[0.816s] -- Up-to-date: /home/inauenma/git/mecheye_ros2_interface/install/mecheye_ros_interface/lib/python3.12/site-packages/mecheye_ros_interface/mecheye_ros_interface_s__rosidl_typesupport_introspection_c.so
[0.816s] -- Up-to-date: /home/inauenma/git/mecheye_ros2_interface/install/mecheye_ros_interface/lib/python3.12/site-packages/mecheye_ros_interface/mecheye_ros_interface_s__rosidl_typesupport_c.so
[0.819s] -- Up-to-date: /home/inauenma/git/mecheye_ros2_interface/install/mecheye_ros_interface/lib/libmecheye_ros_interface__rosidl_generator_py.so
[0.819s] -- Up-to-date: /home/inauenma/git/mecheye_ros2_interface/install/mecheye_ros_interface/share/mecheye_ros_interface/srv/SetCurrentUserSet.idl
[0.820s] -- Up-to-date: /home/inauenma/git/mecheye_ros2_interface/install/mecheye_ros_interface/share/mecheye_ros_interface/srv/SaveAllSettingsToUserSets.idl
[0.820s] -- Up-to-date: /home/inauenma/git/mecheye_ros2_interface/install/mecheye_ros_interface/share/mecheye_ros_interface/srv/AddUserSet.idl
[0.820s] -- Up-to-date: /home/inauenma/git/mecheye_ros2_interface/install/mecheye_ros_interface/share/mecheye_ros_interface/srv/CaptureColorImage.idl
[0.821s] -- Up-to-date: /home/inauenma/git/mecheye_ros2_interface/install/mecheye_ros_interface/share/mecheye_ros_interface/srv/CaptureStereoColorImages.idl
[0.821s] -- Up-to-date: /home/inauenma/git/mecheye_ros2_interface/install/mecheye_ros_interface/share/mecheye_ros_interface/srv/CaptureTexturedPointCloud.idl
[0.821s] -- Up-to-date: /home/inauenma/git/mecheye_ros2_interface/install/mecheye_ros_interface/share/mecheye_ros_interface/srv/CaptureDepthMap.idl
[0.822s] -- Up-to-date: /home/inauenma/git/mecheye_ros2_interface/install/mecheye_ros_interface/share/mecheye_ros_interface/srv/CapturePointCloud.idl
[0.822s] -- Up-to-date: /home/inauenma/git/mecheye_ros2_interface/install/mecheye_ros_interface/share/mecheye_ros_interface/srv/DeleteUserSet.idl
[0.822s] -- Up-to-date: /home/inauenma/git/mecheye_ros2_interface/install/mecheye_ros_interface/share/mecheye_ros_interface/srv/DeviceInfo.idl
[0.823s] -- Up-to-date: /home/inauenma/git/mecheye_ros2_interface/install/mecheye_ros_interface/share/mecheye_ros_interface/srv/GetAllUserSets.idl
[0.823s] -- Up-to-date: /home/inauenma/git/mecheye_ros2_interface/install/mecheye_ros_interface/share/mecheye_ros_interface/srv/GetCurrentUserSet.idl
[0.823s] -- Up-to-date: /home/inauenma/git/mecheye_ros2_interface/install/mecheye_ros_interface/share/mecheye_ros_interface/srv/SetIntParameter.idl
[0.824s] -- Up-to-date: /home/inauenma/git/mecheye_ros2_interface/install/mecheye_ros_interface/share/mecheye_ros_interface/srv/GetIntParameter.idl
[0.824s] -- Up-to-date: /home/inauenma/git/mecheye_ros2_interface/install/mecheye_ros_interface/share/mecheye_ros_interface/srv/SetRangeParameter.idl
[0.824s] -- Up-to-date: /home/inauenma/git/mecheye_ros2_interface/install/mecheye_ros_interface/share/mecheye_ros_interface/srv/GetRangeParameter.idl
[0.825s] -- Up-to-date: /home/inauenma/git/mecheye_ros2_interface/install/mecheye_ros_interface/share/mecheye_ros_interface/srv/SetBoolParameter.idl
[0.825s] -- Up-to-date: /home/inauenma/git/mecheye_ros2_interface/install/mecheye_ros_interface/share/mecheye_ros_interface/srv/GetBoolParameter.idl
[0.826s] -- Up-to-date: /home/inauenma/git/mecheye_ros2_interface/install/mecheye_ros_interface/share/mecheye_ros_interface/srv/SetEnumParameter.idl
[0.827s] -- Up-to-date: /home/inauenma/git/mecheye_ros2_interface/install/mecheye_ros_interface/share/mecheye_ros_interface/srv/GetEnumParameter.idl
[0.827s] -- Up-to-date: /home/inauenma/git/mecheye_ros2_interface/install/mecheye_ros_interface/share/mecheye_ros_interface/srv/SetFloatParameter.idl
[0.827s] -- Up-to-date: /home/inauenma/git/mecheye_ros2_interface/install/mecheye_ros_interface/share/mecheye_ros_interface/srv/GetFloatParameter.idl
[0.828s] -- Up-to-date: /home/inauenma/git/mecheye_ros2_interface/install/mecheye_ros_interface/share/mecheye_ros_interface/srv/SetFloatArrayParameter.idl
[0.828s] -- Up-to-date: /home/inauenma/git/mecheye_ros2_interface/install/mecheye_ros_interface/share/mecheye_ros_interface/srv/GetFloatArrayParameter.idl
[0.829s] -- Up-to-date: /home/inauenma/git/mecheye_ros2_interface/install/mecheye_ros_interface/share/mecheye_ros_interface/srv/SetROIParameter.idl
[0.829s] -- Up-to-date: /home/inauenma/git/mecheye_ros2_interface/install/mecheye_ros_interface/share/mecheye_ros_interface/srv/GetROIParameter.idl
[0.829s] -- Up-to-date: /home/inauenma/git/mecheye_ros2_interface/install/mecheye_ros_interface/share/mecheye_ros_interface/srv/SetCurrentUserSet.srv
[0.829s] -- Up-to-date: /home/inauenma/git/mecheye_ros2_interface/install/mecheye_ros_interface/share/mecheye_ros_interface/srv/SaveAllSettingsToUserSets.srv
[0.830s] -- Up-to-date: /home/inauenma/git/mecheye_ros2_interface/install/mecheye_ros_interface/share/mecheye_ros_interface/srv/AddUserSet.srv
[0.830s] -- Up-to-date: /home/inauenma/git/mecheye_ros2_interface/install/mecheye_ros_interface/share/mecheye_ros_interface/srv/CaptureColorImage.srv
[0.830s] -- Up-to-date: /home/inauenma/git/mecheye_ros2_interface/install/mecheye_ros_interface/share/mecheye_ros_interface/srv/CaptureStereoColorImages.srv
[0.831s] -- Up-to-date: /home/inauenma/git/mecheye_ros2_interface/install/mecheye_ros_interface/share/mecheye_ros_interface/srv/CaptureTexturedPointCloud.srv
[0.831s] -- Up-to-date: /home/inauenma/git/mecheye_ros2_interface/install/mecheye_ros_interface/share/mecheye_ros_interface/srv/CaptureDepthMap.srv
[0.831s] -- Up-to-date: /home/inauenma/git/mecheye_ros2_interface/install/mecheye_ros_interface/share/mecheye_ros_interface/srv/CapturePointCloud.srv
[0.831s] -- Up-to-date: /home/inauenma/git/mecheye_ros2_interface/install/mecheye_ros_interface/share/mecheye_ros_interface/srv/DeleteUserSet.srv
[0.832s] -- Up-to-date: /home/inauenma/git/mecheye_ros2_interface/install/mecheye_ros_interface/share/mecheye_ros_interface/srv/DeviceInfo.srv
[0.832s] -- Up-to-date: /home/inauenma/git/mecheye_ros2_interface/install/mecheye_ros_interface/share/mecheye_ros_interface/srv/GetAllUserSets.srv
[0.832s] -- Up-to-date: /home/inauenma/git/mecheye_ros2_interface/install/mecheye_ros_interface/share/mecheye_ros_interface/srv/GetCurrentUserSet.srv
[0.832s] -- Up-to-date: /home/inauenma/git/mecheye_ros2_interface/install/mecheye_ros_interface/share/mecheye_ros_interface/srv/SetIntParameter.srv
[0.833s] -- Up-to-date: /home/inauenma/git/mecheye_ros2_interface/install/mecheye_ros_interface/share/mecheye_ros_interface/srv/GetIntParameter.srv
[0.833s] -- Up-to-date: /home/inauenma/git/mecheye_ros2_interface/install/mecheye_ros_interface/share/mecheye_ros_interface/srv/SetRangeParameter.srv
[0.833s] -- Up-to-date: /home/inauenma/git/mecheye_ros2_interface/install/mecheye_ros_interface/share/mecheye_ros_interface/srv/GetRangeParameter.srv
[0.833s] -- Up-to-date: /home/inauenma/git/mecheye_ros2_interface/install/mecheye_ros_interface/share/mecheye_ros_interface/srv/SetBoolParameter.srv
[0.834s] -- Up-to-date: /home/inauenma/git/mecheye_ros2_interface/install/mecheye_ros_interface/share/mecheye_ros_interface/srv/GetBoolParameter.srv
[0.834s] -- Up-to-date: /home/inauenma/git/mecheye_ros2_interface/install/mecheye_ros_interface/share/mecheye_ros_interface/srv/SetEnumParameter.srv
[0.834s] -- Up-to-date: /home/inauenma/git/mecheye_ros2_interface/install/mecheye_ros_interface/share/mecheye_ros_interface/srv/GetEnumParameter.srv
[0.835s] -- Up-to-date: /home/inauenma/git/mecheye_ros2_interface/install/mecheye_ros_interface/share/mecheye_ros_interface/srv/SetFloatParameter.srv
[0.835s] -- Up-to-date: /home/inauenma/git/mecheye_ros2_interface/install/mecheye_ros_interface/share/mecheye_ros_interface/srv/GetFloatParameter.srv
[0.836s] -- Up-to-date: /home/inauenma/git/mecheye_ros2_interface/install/mecheye_ros_interface/share/mecheye_ros_interface/srv/SetFloatArrayParameter.srv
[0.836s] -- Up-to-date: /home/inauenma/git/mecheye_ros2_interface/install/mecheye_ros_interface/share/mecheye_ros_interface/srv/GetFloatArrayParameter.srv
[0.836s] -- Up-to-date: /home/inauenma/git/mecheye_ros2_interface/install/mecheye_ros_interface/share/mecheye_ros_interface/srv/SetROIParameter.srv
[0.837s] -- Up-to-date: /home/inauenma/git/mecheye_ros2_interface/install/mecheye_ros_interface/share/mecheye_ros_interface/srv/GetROIParameter.srv
[0.837s] -- Up-to-date: /home/inauenma/git/mecheye_ros2_interface/install/mecheye_ros_interface/lib/mecheye_ros_interface/start
[0.837s] -- Up-to-date: /home/inauenma/git/mecheye_ros2_interface/install/mecheye_ros_interface/include/mecheye_ros_interface
[0.837s] -- Up-to-date: /home/inauenma/git/mecheye_ros2_interface/install/mecheye_ros_interface/include/mecheye_ros_interface/MechMindCamera.h
[0.837s] -- Installing: /home/inauenma/git/mecheye_ros2_interface/install/mecheye_ros_interface/share/mecheye_ros_interface/launch/start_camera.py
[0.838s] -- Up-to-date: /home/inauenma/git/mecheye_ros2_interface/install/mecheye_ros_interface/share/ament_index/resource_index/package_run_dependencies/mecheye_ros_interface
[0.838s] -- Up-to-date: /home/inauenma/git/mecheye_ros2_interface/install/mecheye_ros_interface/share/ament_index/resource_index/parent_prefix_path/mecheye_ros_interface
[0.839s] -- Up-to-date: /home/inauenma/git/mecheye_ros2_interface/install/mecheye_ros_interface/share/mecheye_ros_interface/environment/ament_prefix_path.sh
[0.839s] -- Up-to-date: /home/inauenma/git/mecheye_ros2_interface/install/mecheye_ros_interface/share/mecheye_ros_interface/environment/ament_prefix_path.dsv
[0.839s] -- Up-to-date: /home/inauenma/git/mecheye_ros2_interface/install/mecheye_ros_interface/share/mecheye_ros_interface/environment/path.sh
[0.839s] -- Up-to-date: /home/inauenma/git/mecheye_ros2_interface/install/mecheye_ros_interface/share/mecheye_ros_interface/environment/path.dsv
[0.839s] -- Up-to-date: /home/inauenma/git/mecheye_ros2_interface/install/mecheye_ros_interface/share/mecheye_ros_interface/local_setup.bash
[0.840s] -- Up-to-date: /home/inauenma/git/mecheye_ros2_interface/install/mecheye_ros_interface/share/mecheye_ros_interface/local_setup.sh
[0.840s] -- Up-to-date: /home/inauenma/git/mecheye_ros2_interface/install/mecheye_ros_interface/share/mecheye_ros_interface/local_setup.zsh
[0.840s] -- Up-to-date: /home/inauenma/git/mecheye_ros2_interface/install/mecheye_ros_interface/share/mecheye_ros_interface/local_setup.dsv
[0.840s] -- Installing: /home/inauenma/git/mecheye_ros2_interface/install/mecheye_ros_interface/share/mecheye_ros_interface/package.dsv
[0.841s] -- Up-to-date: /home/inauenma/git/mecheye_ros2_interface/install/mecheye_ros_interface/share/ament_index/resource_index/packages/mecheye_ros_interface
[0.841s] -- Up-to-date: /home/inauenma/git/mecheye_ros2_interface/install/mecheye_ros_interface/share/mecheye_ros_interface/cmake/export_mecheye_ros_interface__rosidl_generator_cExport.cmake
[0.841s] -- Up-to-date: /home/inauenma/git/mecheye_ros2_interface/install/mecheye_ros_interface/share/mecheye_ros_interface/cmake/export_mecheye_ros_interface__rosidl_generator_cExport-noconfig.cmake
[0.842s] -- Up-to-date: /home/inauenma/git/mecheye_ros2_interface/install/mecheye_ros_interface/share/mecheye_ros_interface/cmake/export_mecheye_ros_interface__rosidl_typesupport_fastrtps_cExport.cmake
[0.842s] -- Up-to-date: /home/inauenma/git/mecheye_ros2_interface/install/mecheye_ros_interface/share/mecheye_ros_interface/cmake/export_mecheye_ros_interface__rosidl_typesupport_fastrtps_cExport-noconfig.cmake
[0.842s] -- Up-to-date: /home/inauenma/git/mecheye_ros2_interface/install/mecheye_ros_interface/share/mecheye_ros_interface/cmake/export_mecheye_ros_interface__rosidl_generator_cppExport.cmake
[0.843s] -- Up-to-date: /home/inauenma/git/mecheye_ros2_interface/install/mecheye_ros_interface/share/mecheye_ros_interface/cmake/export_mecheye_ros_interface__rosidl_typesupport_fastrtps_cppExport.cmake
[0.843s] -- Up-to-date: /home/inauenma/git/mecheye_ros2_interface/install/mecheye_ros_interface/share/mecheye_ros_interface/cmake/export_mecheye_ros_interface__rosidl_typesupport_fastrtps_cppExport-noconfig.cmake
[0.843s] -- Up-to-date: /home/inauenma/git/mecheye_ros2_interface/install/mecheye_ros_interface/share/mecheye_ros_interface/cmake/mecheye_ros_interface__rosidl_typesupport_introspection_cExport.cmake
[0.843s] -- Up-to-date: /home/inauenma/git/mecheye_ros2_interface/install/mecheye_ros_interface/share/mecheye_ros_interface/cmake/mecheye_ros_interface__rosidl_typesupport_introspection_cExport-noconfig.cmake
[0.843s] -- Up-to-date: /home/inauenma/git/mecheye_ros2_interface/install/mecheye_ros_interface/share/mecheye_ros_interface/cmake/mecheye_ros_interface__rosidl_typesupport_cExport.cmake
[0.843s] -- Up-to-date: /home/inauenma/git/mecheye_ros2_interface/install/mecheye_ros_interface/share/mecheye_ros_interface/cmake/mecheye_ros_interface__rosidl_typesupport_cExport-noconfig.cmake
[0.843s] -- Up-to-date: /home/inauenma/git/mecheye_ros2_interface/install/mecheye_ros_interface/share/mecheye_ros_interface/cmake/mecheye_ros_interface__rosidl_typesupport_introspection_cppExport.cmake
[0.843s] -- Up-to-date: /home/inauenma/git/mecheye_ros2_interface/install/mecheye_ros_interface/share/mecheye_ros_interface/cmake/mecheye_ros_interface__rosidl_typesupport_introspection_cppExport-noconfig.cmake
[0.843s] -- Up-to-date: /home/inauenma/git/mecheye_ros2_interface/install/mecheye_ros_interface/share/mecheye_ros_interface/cmake/mecheye_ros_interface__rosidl_typesupport_cppExport.cmake
[0.843s] -- Up-to-date: /home/inauenma/git/mecheye_ros2_interface/install/mecheye_ros_interface/share/mecheye_ros_interface/cmake/mecheye_ros_interface__rosidl_typesupport_cppExport-noconfig.cmake
[0.843s] -- Up-to-date: /home/inauenma/git/mecheye_ros2_interface/install/mecheye_ros_interface/share/mecheye_ros_interface/cmake/export_mecheye_ros_interface__rosidl_generator_pyExport.cmake
[0.843s] -- Up-to-date: /home/inauenma/git/mecheye_ros2_interface/install/mecheye_ros_interface/share/mecheye_ros_interface/cmake/export_mecheye_ros_interface__rosidl_generator_pyExport-noconfig.cmake
[0.843s] -- Up-to-date: /home/inauenma/git/mecheye_ros2_interface/install/mecheye_ros_interface/share/mecheye_ros_interface/cmake/rosidl_cmake-extras.cmake
[0.843s] -- Up-to-date: /home/inauenma/git/mecheye_ros2_interface/install/mecheye_ros_interface/share/mecheye_ros_interface/cmake/ament_cmake_export_dependencies-extras.cmake
[0.844s] -- Up-to-date: /home/inauenma/git/mecheye_ros2_interface/install/mecheye_ros_interface/share/mecheye_ros_interface/cmake/ament_cmake_export_include_directories-extras.cmake
[0.844s] -- Up-to-date: /home/inauenma/git/mecheye_ros2_interface/install/mecheye_ros_interface/share/mecheye_ros_interface/cmake/ament_cmake_export_libraries-extras.cmake
[0.844s] -- Up-to-date: /home/inauenma/git/mecheye_ros2_interface/install/mecheye_ros_interface/share/mecheye_ros_interface/cmake/ament_cmake_export_targets-extras.cmake
[0.844s] -- Up-to-date: /home/inauenma/git/mecheye_ros2_interface/install/mecheye_ros_interface/share/mecheye_ros_interface/cmake/rosidl_cmake_export_typesupport_targets-extras.cmake
[0.844s] -- Up-to-date: /home/inauenma/git/mecheye_ros2_interface/install/mecheye_ros_interface/share/mecheye_ros_interface/cmake/rosidl_cmake_export_typesupport_libraries-extras.cmake
[0.844s] -- Up-to-date: /home/inauenma/git/mecheye_ros2_interface/install/mecheye_ros_interface/share/mecheye_ros_interface/cmake/mecheye_ros_interfaceConfig.cmake
[0.844s] -- Up-to-date: /home/inauenma/git/mecheye_ros2_interface/install/mecheye_ros_interface/share/mecheye_ros_interface/cmake/mecheye_ros_interfaceConfig-version.cmake
[0.844s] -- Up-to-date: /home/inauenma/git/mecheye_ros2_interface/install/mecheye_ros_interface/share/mecheye_ros_interface/package.xml
[0.849s] Invoked command in '/home/inauenma/git/mecheye_ros2_interface/build/mecheye_ros_interface' returned '0': CMAKE_PREFIX_PATH=${CMAKE_PREFIX_PATH}:/home/inauenma/ros2_ws/install/mesh_control_ros:/home/inauenma/moveit_ws/install/moveit_configs_utils:/opt/ros/jazzy DEBUGINFOD_URLS=https://debuginfod.ubuntu.com /usr/bin/cmake --install /home/inauenma/git/mecheye_ros2_interface/build/mecheye_ros_interface
