[0.018s] Invoking command in '/home/inauenma/git/mecheye_ros2_interface/build/mecheye_ros_interface': CMAKE_PREFIX_PATH=${CMAKE_PREFIX_PATH}:/home/inauenma/ros2_ws/install/mesh_control_ros:/home/inauenma/moveit_ws/install/moveit_configs_utils:/opt/ros/jazzy DEBUGINFOD_URLS=https://debuginfod.ubuntu.com /usr/bin/cmake --build /home/inauenma/git/mecheye_ros2_interface/build/mecheye_ros_interface -- -j16 -l16
[0.050s] /usr/bin/cmake -S/home/inauenma/git/mecheye_ros2_interface -B/home/inauenma/git/mecheye_ros2_interface/build/mecheye_ros_interface --check-build-system CMakeFiles/Makefile.cmake 0
[0.078s] /usr/bin/cmake -E cmake_progress_start /home/inauenma/git/mecheye_ros2_interface/build/mecheye_ros_interface/CMakeFiles /home/inauenma/git/mecheye_ros2_interface/build/mecheye_ros_interface//CMakeFiles/progress.marks
[0.096s] /usr/bin/gmake  -f CMakeFiles/Makefile2 all
[0.099s] gmake[1]: Entering directory '/home/inauenma/git/mecheye_ros2_interface/build/mecheye_ros_interface'
[0.099s] /usr/bin/gmake  -f CMakeFiles/mecheye_ros_interface__rosidl_generator_type_description.dir/build.make CMakeFiles/mecheye_ros_interface__rosidl_generator_type_description.dir/depend
[0.100s] /usr/bin/gmake  -f CMakeFiles/ament_cmake_python_copy_mecheye_ros_interface.dir/build.make CMakeFiles/ament_cmake_python_copy_mecheye_ros_interface.dir/depend
[0.102s] gmake[2]: Entering directory '/home/inauenma/git/mecheye_ros2_interface/build/mecheye_ros_interface'
[0.102s] cd /home/inauenma/git/mecheye_ros2_interface/build/mecheye_ros_interface && /usr/bin/cmake -E cmake_depends "Unix Makefiles" /home/inauenma/git/mecheye_ros2_interface /home/inauenma/git/mecheye_ros2_interface /home/inauenma/git/mecheye_ros2_interface/build/mecheye_ros_interface /home/inauenma/git/mecheye_ros2_interface/build/mecheye_ros_interface /home/inauenma/git/mecheye_ros2_interface/build/mecheye_ros_interface/CMakeFiles/ament_cmake_python_copy_mecheye_ros_interface.dir/DependInfo.cmake "--color="
[0.102s] gmake[2]: Entering directory '/home/inauenma/git/mecheye_ros2_interface/build/mecheye_ros_interface'
[0.102s] cd /home/inauenma/git/mecheye_ros2_interface/build/mecheye_ros_interface && /usr/bin/cmake -E cmake_depends "Unix Makefiles" /home/inauenma/git/mecheye_ros2_interface /home/inauenma/git/mecheye_ros2_interface /home/inauenma/git/mecheye_ros2_interface/build/mecheye_ros_interface /home/inauenma/git/mecheye_ros2_interface/build/mecheye_ros_interface /home/inauenma/git/mecheye_ros2_interface/build/mecheye_ros_interface/CMakeFiles/mecheye_ros_interface__rosidl_generator_type_description.dir/DependInfo.cmake "--color="
[0.120s] gmake[2]: Leaving directory '/home/inauenma/git/mecheye_ros2_interface/build/mecheye_ros_interface'
[0.120s] gmake[2]: Leaving directory '/home/inauenma/git/mecheye_ros2_interface/build/mecheye_ros_interface'
[0.120s] /usr/bin/gmake  -f CMakeFiles/ament_cmake_python_copy_mecheye_ros_interface.dir/build.make CMakeFiles/ament_cmake_python_copy_mecheye_ros_interface.dir/build
[0.120s] /usr/bin/gmake  -f CMakeFiles/mecheye_ros_interface__rosidl_generator_type_description.dir/build.make CMakeFiles/mecheye_ros_interface__rosidl_generator_type_description.dir/build
[0.122s] gmake[2]: Entering directory '/home/inauenma/git/mecheye_ros2_interface/build/mecheye_ros_interface'
[0.122s] /usr/bin/cmake -E copy_directory /home/inauenma/git/mecheye_ros2_interface/build/mecheye_ros_interface/rosidl_generator_py/mecheye_ros_interface /home/inauenma/git/mecheye_ros2_interface/build/mecheye_ros_interface/ament_cmake_python/mecheye_ros_interface/mecheye_ros_interface
[0.122s] gmake[2]: Entering directory '/home/inauenma/git/mecheye_ros2_interface/build/mecheye_ros_interface'
[0.122s] gmake[2]: Nothing to be done for 'CMakeFiles/mecheye_ros_interface__rosidl_generator_type_description.dir/build'.
[0.122s] gmake[2]: Leaving directory '/home/inauenma/git/mecheye_ros2_interface/build/mecheye_ros_interface'
[0.139s] [  1%] Built target mecheye_ros_interface__rosidl_generator_type_description
[0.140s] /usr/bin/gmake  -f CMakeFiles/mecheye_ros_interface__cpp.dir/build.make CMakeFiles/mecheye_ros_interface__cpp.dir/depend
[0.140s] /usr/bin/gmake  -f CMakeFiles/mecheye_ros_interface__rosidl_generator_c.dir/build.make CMakeFiles/mecheye_ros_interface__rosidl_generator_c.dir/depend
[0.145s] gmake[2]: Entering directory '/home/inauenma/git/mecheye_ros2_interface/build/mecheye_ros_interface'
[0.146s] cd /home/inauenma/git/mecheye_ros2_interface/build/mecheye_ros_interface && /usr/bin/cmake -E cmake_depends "Unix Makefiles" /home/inauenma/git/mecheye_ros2_interface /home/inauenma/git/mecheye_ros2_interface /home/inauenma/git/mecheye_ros2_interface/build/mecheye_ros_interface /home/inauenma/git/mecheye_ros2_interface/build/mecheye_ros_interface /home/inauenma/git/mecheye_ros2_interface/build/mecheye_ros_interface/CMakeFiles/mecheye_ros_interface__cpp.dir/DependInfo.cmake "--color="
[0.152s] gmake[2]: Entering directory '/home/inauenma/git/mecheye_ros2_interface/build/mecheye_ros_interface'
[0.152s] cd /home/inauenma/git/mecheye_ros2_interface/build/mecheye_ros_interface && /usr/bin/cmake -E cmake_depends "Unix Makefiles" /home/inauenma/git/mecheye_ros2_interface /home/inauenma/git/mecheye_ros2_interface /home/inauenma/git/mecheye_ros2_interface/build/mecheye_ros_interface /home/inauenma/git/mecheye_ros2_interface/build/mecheye_ros_interface /home/inauenma/git/mecheye_ros2_interface/build/mecheye_ros_interface/CMakeFiles/mecheye_ros_interface__rosidl_generator_c.dir/DependInfo.cmake "--color="
[0.155s] gmake[2]: Leaving directory '/home/inauenma/git/mecheye_ros2_interface/build/mecheye_ros_interface'
[0.171s] gmake[2]: Leaving directory '/home/inauenma/git/mecheye_ros2_interface/build/mecheye_ros_interface'
[0.171s] [  1%] Built target ament_cmake_python_copy_mecheye_ros_interface
[0.171s] /usr/bin/gmake  -f CMakeFiles/mecheye_ros_interface__cpp.dir/build.make CMakeFiles/mecheye_ros_interface__cpp.dir/build
[0.172s] /usr/bin/gmake  -f CMakeFiles/ament_cmake_python_build_mecheye_ros_interface_egg.dir/build.make CMakeFiles/ament_cmake_python_build_mecheye_ros_interface_egg.dir/depend
[0.174s] gmake[2]: Entering directory '/home/inauenma/git/mecheye_ros2_interface/build/mecheye_ros_interface'
[0.174s] cd /home/inauenma/git/mecheye_ros2_interface/build/mecheye_ros_interface && /usr/bin/cmake -E cmake_depends "Unix Makefiles" /home/inauenma/git/mecheye_ros2_interface /home/inauenma/git/mecheye_ros2_interface /home/inauenma/git/mecheye_ros2_interface/build/mecheye_ros_interface /home/inauenma/git/mecheye_ros2_interface/build/mecheye_ros_interface /home/inauenma/git/mecheye_ros2_interface/build/mecheye_ros_interface/CMakeFiles/ament_cmake_python_build_mecheye_ros_interface_egg.dir/DependInfo.cmake "--color="
[0.174s] gmake[2]: Leaving directory '/home/inauenma/git/mecheye_ros2_interface/build/mecheye_ros_interface'
[0.174s] /usr/bin/gmake  -f CMakeFiles/mecheye_ros_interface__rosidl_generator_c.dir/build.make CMakeFiles/mecheye_ros_interface__rosidl_generator_c.dir/build
[0.175s] gmake[2]: Entering directory '/home/inauenma/git/mecheye_ros2_interface/build/mecheye_ros_interface'
[0.175s] gmake[2]: Nothing to be done for 'CMakeFiles/mecheye_ros_interface__cpp.dir/build'.
[0.175s] gmake[2]: Leaving directory '/home/inauenma/git/mecheye_ros2_interface/build/mecheye_ros_interface'
[0.185s] gmake[2]: Entering directory '/home/inauenma/git/mecheye_ros2_interface/build/mecheye_ros_interface'
[0.185s] gmake[2]: Nothing to be done for 'CMakeFiles/mecheye_ros_interface__rosidl_generator_c.dir/build'.
[0.185s] gmake[2]: Leaving directory '/home/inauenma/git/mecheye_ros2_interface/build/mecheye_ros_interface'
[0.191s] [  1%] Built target mecheye_ros_interface__cpp
[0.193s] gmake[2]: Leaving directory '/home/inauenma/git/mecheye_ros2_interface/build/mecheye_ros_interface'
[0.193s] /usr/bin/gmake  -f CMakeFiles/ament_cmake_python_build_mecheye_ros_interface_egg.dir/build.make CMakeFiles/ament_cmake_python_build_mecheye_ros_interface_egg.dir/build
[0.196s] gmake[2]: Entering directory '/home/inauenma/git/mecheye_ros2_interface/build/mecheye_ros_interface'
[0.196s] cd /home/inauenma/git/mecheye_ros2_interface/build/mecheye_ros_interface/ament_cmake_python/mecheye_ros_interface && /usr/bin/python3 setup.py egg_info
[0.204s] [ 29%] Built target mecheye_ros_interface__rosidl_generator_c
[0.205s] /usr/bin/gmake  -f CMakeFiles/mecheye_ros_interface__rosidl_typesupport_cpp.dir/build.make CMakeFiles/mecheye_ros_interface__rosidl_typesupport_cpp.dir/depend
[0.205s] /usr/bin/gmake  -f CMakeFiles/mecheye_ros_interface__rosidl_typesupport_fastrtps_c.dir/build.make CMakeFiles/mecheye_ros_interface__rosidl_typesupport_fastrtps_c.dir/depend
[0.205s] /usr/bin/gmake  -f CMakeFiles/mecheye_ros_interface__rosidl_typesupport_fastrtps_cpp.dir/build.make CMakeFiles/mecheye_ros_interface__rosidl_typesupport_fastrtps_cpp.dir/depend
[0.206s] /usr/bin/gmake  -f CMakeFiles/mecheye_ros_interface__rosidl_typesupport_introspection_c.dir/build.make CMakeFiles/mecheye_ros_interface__rosidl_typesupport_introspection_c.dir/depend
[0.206s] /usr/bin/gmake  -f CMakeFiles/mecheye_ros_interface__rosidl_typesupport_c.dir/build.make CMakeFiles/mecheye_ros_interface__rosidl_typesupport_c.dir/depend
[0.206s] /usr/bin/gmake  -f CMakeFiles/mecheye_ros_interface__rosidl_typesupport_introspection_cpp.dir/build.make CMakeFiles/mecheye_ros_interface__rosidl_typesupport_introspection_cpp.dir/depend
[0.212s] gmake[2]: Entering directory '/home/inauenma/git/mecheye_ros2_interface/build/mecheye_ros_interface'
[0.212s] cd /home/inauenma/git/mecheye_ros2_interface/build/mecheye_ros_interface && /usr/bin/cmake -E cmake_depends "Unix Makefiles" /home/inauenma/git/mecheye_ros2_interface /home/inauenma/git/mecheye_ros2_interface /home/inauenma/git/mecheye_ros2_interface/build/mecheye_ros_interface /home/inauenma/git/mecheye_ros2_interface/build/mecheye_ros_interface /home/inauenma/git/mecheye_ros2_interface/build/mecheye_ros_interface/CMakeFiles/mecheye_ros_interface__rosidl_typesupport_introspection_c.dir/DependInfo.cmake "--color="
[0.212s] gmake[2]: Entering directory '/home/inauenma/git/mecheye_ros2_interface/build/mecheye_ros_interface'
[0.213s] cd /home/inauenma/git/mecheye_ros2_interface/build/mecheye_ros_interface && /usr/bin/cmake -E cmake_depends "Unix Makefiles" /home/inauenma/git/mecheye_ros2_interface /home/inauenma/git/mecheye_ros2_interface /home/inauenma/git/mecheye_ros2_interface/build/mecheye_ros_interface /home/inauenma/git/mecheye_ros2_interface/build/mecheye_ros_interface /home/inauenma/git/mecheye_ros2_interface/build/mecheye_ros_interface/CMakeFiles/mecheye_ros_interface__rosidl_typesupport_c.dir/DependInfo.cmake "--color="
[0.213s] gmake[2]: Entering directory '/home/inauenma/git/mecheye_ros2_interface/build/mecheye_ros_interface'
[0.213s] cd /home/inauenma/git/mecheye_ros2_interface/build/mecheye_ros_interface && /usr/bin/cmake -E cmake_depends "Unix Makefiles" /home/inauenma/git/mecheye_ros2_interface /home/inauenma/git/mecheye_ros2_interface /home/inauenma/git/mecheye_ros2_interface/build/mecheye_ros_interface /home/inauenma/git/mecheye_ros2_interface/build/mecheye_ros_interface /home/inauenma/git/mecheye_ros2_interface/build/mecheye_ros_interface/CMakeFiles/mecheye_ros_interface__rosidl_typesupport_cpp.dir/DependInfo.cmake "--color="
[0.215s] gmake[2]: Entering directory '/home/inauenma/git/mecheye_ros2_interface/build/mecheye_ros_interface'
[0.215s] cd /home/inauenma/git/mecheye_ros2_interface/build/mecheye_ros_interface && /usr/bin/cmake -E cmake_depends "Unix Makefiles" /home/inauenma/git/mecheye_ros2_interface /home/inauenma/git/mecheye_ros2_interface /home/inauenma/git/mecheye_ros2_interface/build/mecheye_ros_interface /home/inauenma/git/mecheye_ros2_interface/build/mecheye_ros_interface /home/inauenma/git/mecheye_ros2_interface/build/mecheye_ros_interface/CMakeFiles/mecheye_ros_interface__rosidl_typesupport_introspection_cpp.dir/DependInfo.cmake "--color="
[0.215s] gmake[2]: Entering directory '/home/inauenma/git/mecheye_ros2_interface/build/mecheye_ros_interface'
[0.215s] cd /home/inauenma/git/mecheye_ros2_interface/build/mecheye_ros_interface && /usr/bin/cmake -E cmake_depends "Unix Makefiles" /home/inauenma/git/mecheye_ros2_interface /home/inauenma/git/mecheye_ros2_interface /home/inauenma/git/mecheye_ros2_interface/build/mecheye_ros_interface /home/inauenma/git/mecheye_ros2_interface/build/mecheye_ros_interface /home/inauenma/git/mecheye_ros2_interface/build/mecheye_ros_interface/CMakeFiles/mecheye_ros_interface__rosidl_typesupport_fastrtps_c.dir/DependInfo.cmake "--color="
[0.215s] gmake[2]: Entering directory '/home/inauenma/git/mecheye_ros2_interface/build/mecheye_ros_interface'
[0.215s] cd /home/inauenma/git/mecheye_ros2_interface/build/mecheye_ros_interface && /usr/bin/cmake -E cmake_depends "Unix Makefiles" /home/inauenma/git/mecheye_ros2_interface /home/inauenma/git/mecheye_ros2_interface /home/inauenma/git/mecheye_ros2_interface/build/mecheye_ros_interface /home/inauenma/git/mecheye_ros2_interface/build/mecheye_ros_interface /home/inauenma/git/mecheye_ros2_interface/build/mecheye_ros_interface/CMakeFiles/mecheye_ros_interface__rosidl_typesupport_fastrtps_cpp.dir/DependInfo.cmake "--color="
[0.236s] gmake[2]: Leaving directory '/home/inauenma/git/mecheye_ros2_interface/build/mecheye_ros_interface'
[0.237s] gmake[2]: Leaving directory '/home/inauenma/git/mecheye_ros2_interface/build/mecheye_ros_interface'
[0.237s] gmake[2]: Leaving directory '/home/inauenma/git/mecheye_ros2_interface/build/mecheye_ros_interface'
[0.237s] gmake[2]: Leaving directory '/home/inauenma/git/mecheye_ros2_interface/build/mecheye_ros_interface'
[0.237s] /usr/bin/gmake  -f CMakeFiles/mecheye_ros_interface__rosidl_typesupport_c.dir/build.make CMakeFiles/mecheye_ros_interface__rosidl_typesupport_c.dir/build
[0.238s] /usr/bin/gmake  -f CMakeFiles/mecheye_ros_interface__rosidl_typesupport_cpp.dir/build.make CMakeFiles/mecheye_ros_interface__rosidl_typesupport_cpp.dir/build
[0.238s] /usr/bin/gmake  -f CMakeFiles/mecheye_ros_interface__rosidl_typesupport_introspection_c.dir/build.make CMakeFiles/mecheye_ros_interface__rosidl_typesupport_introspection_c.dir/build
[0.238s] /usr/bin/gmake  -f CMakeFiles/mecheye_ros_interface__rosidl_typesupport_introspection_cpp.dir/build.make CMakeFiles/mecheye_ros_interface__rosidl_typesupport_introspection_cpp.dir/build
[0.240s] gmake[2]: Leaving directory '/home/inauenma/git/mecheye_ros2_interface/build/mecheye_ros_interface'
[0.241s] gmake[2]: Leaving directory '/home/inauenma/git/mecheye_ros2_interface/build/mecheye_ros_interface'
[0.241s] /usr/bin/gmake  -f CMakeFiles/mecheye_ros_interface__rosidl_typesupport_fastrtps_cpp.dir/build.make CMakeFiles/mecheye_ros_interface__rosidl_typesupport_fastrtps_cpp.dir/build
[0.241s] /usr/bin/gmake  -f CMakeFiles/mecheye_ros_interface__rosidl_typesupport_fastrtps_c.dir/build.make CMakeFiles/mecheye_ros_interface__rosidl_typesupport_fastrtps_c.dir/build
[0.244s] gmake[2]: Entering directory '/home/inauenma/git/mecheye_ros2_interface/build/mecheye_ros_interface'
[0.244s] gmake[2]: Entering directory '/home/inauenma/git/mecheye_ros2_interface/build/mecheye_ros_interface'
[0.245s] gmake[2]: Nothing to be done for 'CMakeFiles/mecheye_ros_interface__rosidl_typesupport_c.dir/build'.
[0.245s] gmake[2]: Nothing to be done for 'CMakeFiles/mecheye_ros_interface__rosidl_typesupport_introspection_c.dir/build'.
[0.245s] gmake[2]: Leaving directory '/home/inauenma/git/mecheye_ros2_interface/build/mecheye_ros_interface'
[0.245s] gmake[2]: Leaving directory '/home/inauenma/git/mecheye_ros2_interface/build/mecheye_ros_interface'
[0.247s] gmake[2]: Entering directory '/home/inauenma/git/mecheye_ros2_interface/build/mecheye_ros_interface'
[0.247s] gmake[2]: Nothing to be done for 'CMakeFiles/mecheye_ros_interface__rosidl_typesupport_introspection_cpp.dir/build'.
[0.247s] gmake[2]: Leaving directory '/home/inauenma/git/mecheye_ros2_interface/build/mecheye_ros_interface'
[0.248s] gmake[2]: Entering directory '/home/inauenma/git/mecheye_ros2_interface/build/mecheye_ros_interface'
[0.248s] gmake[2]: Nothing to be done for 'CMakeFiles/mecheye_ros_interface__rosidl_typesupport_cpp.dir/build'.
[0.248s] gmake[2]: Leaving directory '/home/inauenma/git/mecheye_ros2_interface/build/mecheye_ros_interface'
[0.252s] gmake[2]: Entering directory '/home/inauenma/git/mecheye_ros2_interface/build/mecheye_ros_interface'
[0.252s] gmake[2]: Nothing to be done for 'CMakeFiles/mecheye_ros_interface__rosidl_typesupport_fastrtps_cpp.dir/build'.
[0.253s] gmake[2]: Leaving directory '/home/inauenma/git/mecheye_ros2_interface/build/mecheye_ros_interface'
[0.253s] gmake[2]: Entering directory '/home/inauenma/git/mecheye_ros2_interface/build/mecheye_ros_interface'
[0.253s] gmake[2]: Nothing to be done for 'CMakeFiles/mecheye_ros_interface__rosidl_typesupport_fastrtps_c.dir/build'.
[0.253s] gmake[2]: Leaving directory '/home/inauenma/git/mecheye_ros2_interface/build/mecheye_ros_interface'
[0.264s] [ 49%] Built target mecheye_ros_interface__rosidl_typesupport_introspection_c
[0.264s] [ 49%] Built target mecheye_ros_interface__rosidl_typesupport_c
[0.264s] [ 58%] Built target mecheye_ros_interface__rosidl_typesupport_introspection_cpp
[0.267s] [ 67%] Built target mecheye_ros_interface__rosidl_typesupport_cpp
[0.268s] /usr/bin/gmake  -f CMakeFiles/start.dir/build.make CMakeFiles/start.dir/depend
[0.271s] [ 77%] Built target mecheye_ros_interface__rosidl_typesupport_fastrtps_c
[0.274s] [ 87%] Built target mecheye_ros_interface__rosidl_typesupport_fastrtps_cpp
[0.275s] /usr/bin/gmake  -f CMakeFiles/mecheye_ros_interface.dir/build.make CMakeFiles/mecheye_ros_interface.dir/depend
[0.276s] gmake[2]: Entering directory '/home/inauenma/git/mecheye_ros2_interface/build/mecheye_ros_interface'
[0.277s] cd /home/inauenma/git/mecheye_ros2_interface/build/mecheye_ros_interface && /usr/bin/cmake -E cmake_depends "Unix Makefiles" /home/inauenma/git/mecheye_ros2_interface /home/inauenma/git/mecheye_ros2_interface /home/inauenma/git/mecheye_ros2_interface/build/mecheye_ros_interface /home/inauenma/git/mecheye_ros2_interface/build/mecheye_ros_interface /home/inauenma/git/mecheye_ros2_interface/build/mecheye_ros_interface/CMakeFiles/start.dir/DependInfo.cmake "--color="
[0.278s] gmake[2]: Entering directory '/home/inauenma/git/mecheye_ros2_interface/build/mecheye_ros_interface'
[0.278s] cd /home/inauenma/git/mecheye_ros2_interface/build/mecheye_ros_interface && /usr/bin/cmake -E cmake_depends "Unix Makefiles" /home/inauenma/git/mecheye_ros2_interface /home/inauenma/git/mecheye_ros2_interface /home/inauenma/git/mecheye_ros2_interface/build/mecheye_ros_interface /home/inauenma/git/mecheye_ros2_interface/build/mecheye_ros_interface /home/inauenma/git/mecheye_ros2_interface/build/mecheye_ros_interface/CMakeFiles/mecheye_ros_interface.dir/DependInfo.cmake "--color="
[0.296s] gmake[2]: Leaving directory '/home/inauenma/git/mecheye_ros2_interface/build/mecheye_ros_interface'
[0.296s] gmake[2]: Leaving directory '/home/inauenma/git/mecheye_ros2_interface/build/mecheye_ros_interface'
[0.296s] /usr/bin/gmake  -f CMakeFiles/mecheye_ros_interface.dir/build.make CMakeFiles/mecheye_ros_interface.dir/build
[0.297s] /usr/bin/gmake  -f CMakeFiles/start.dir/build.make CMakeFiles/start.dir/build
[0.299s] gmake[2]: Entering directory '/home/inauenma/git/mecheye_ros2_interface/build/mecheye_ros_interface'
[0.299s] gmake[2]: Nothing to be done for 'CMakeFiles/mecheye_ros_interface.dir/build'.
[0.299s] gmake[2]: Leaving directory '/home/inauenma/git/mecheye_ros2_interface/build/mecheye_ros_interface'
[0.309s] gmake[2]: Entering directory '/home/inauenma/git/mecheye_ros2_interface/build/mecheye_ros_interface'
[0.318s] [ 87%] Built target mecheye_ros_interface
[0.320s] /usr/bin/gmake  -f mecheye_ros_interface__py/CMakeFiles/mecheye_ros_interface__py.dir/build.make mecheye_ros_interface__py/CMakeFiles/mecheye_ros_interface__py.dir/depend
[0.324s] gmake[2]: Entering directory '/home/inauenma/git/mecheye_ros2_interface/build/mecheye_ros_interface'
[0.324s] cd /home/inauenma/git/mecheye_ros2_interface/build/mecheye_ros_interface && /usr/bin/cmake -E cmake_depends "Unix Makefiles" /home/inauenma/git/mecheye_ros2_interface /home/inauenma/git/mecheye_ros2_interface/build/mecheye_ros_interface/mecheye_ros_interface__py /home/inauenma/git/mecheye_ros2_interface/build/mecheye_ros_interface /home/inauenma/git/mecheye_ros2_interface/build/mecheye_ros_interface/mecheye_ros_interface__py /home/inauenma/git/mecheye_ros2_interface/build/mecheye_ros_interface/mecheye_ros_interface__py/CMakeFiles/mecheye_ros_interface__py.dir/DependInfo.cmake "--color="
[0.330s] [ 87%] Building CXX object CMakeFiles/start.dir/src/main.cpp.o
[0.331s] /usr/bin/c++ -DBOOST_ATOMIC_DYN_LINK -DBOOST_ATOMIC_NO_LIB -DBOOST_FILESYSTEM_DYN_LINK -DBOOST_FILESYSTEM_NO_LIB -DBOOST_IOSTREAMS_DYN_LINK -DBOOST_IOSTREAMS_NO_LIB -DBOOST_SERIALIZATION_DYN_LINK -DBOOST_SERIALIZATION_NO_LIB -DBOOST_SYSTEM_DYN_LINK -DBOOST_SYSTEM_NO_LIB -DDEFAULT_RMW_IMPLEMENTATION=rmw_fastrtps_cpp -DEIGEN_HAS_CXX17_OVERALIGN=0 -DFASTCDR_DYN_LINK -DQT_CORE_LIB -DQT_GUI_LIB -DQT_NO_DEBUG -DQT_OPENGL_LIB -DQT_WIDGETS_LIB -DROS_PACKAGE_NAME=\"mecheye_ros_interface\" -Dkiss_fft_scalar=double -I/home/inauenma/git/mecheye_ros2_interface/include -I/home/inauenma/git/mecheye_ros2_interface/build/mecheye_ros_interface -I/opt/mech-mind/mech-eye-sdk/include -I/opt/ros/jazzy/include/pcl_conversions -I/home/inauenma/git/mecheye_ros2_interface/build/mecheye_ros_interface/rosidl_generator_c -I/home/inauenma/git/mecheye_ros2_interface/build/mecheye_ros_interface/rosidl_generator_cpp -isystem /usr/include/eigen3 -isystem /usr/include/opencv4 -isystem /usr/include/pcl-1.14 -isystem /usr/include/ni -isystem /usr/include/openni2 -isystem /opt/ros/jazzy/include/cv_bridge -isystem /opt/ros/jazzy/include/image_transport -isystem /opt/ros/jazzy/include/rclcpp -isystem /opt/ros/jazzy/include/sensor_msgs -isystem /opt/ros/jazzy/include/std_msgs -isystem /opt/ros/jazzy/include/tf2 -isystem /opt/ros/jazzy/include/message_filters -isystem /opt/ros/jazzy/include/pcl_msgs -isystem /opt/ros/jazzy/include/builtin_interfaces -isystem /opt/ros/jazzy/include/rosidl_runtime_c -isystem /opt/ros/jazzy/include/rcutils -isystem /opt/ros/jazzy/include/rosidl_typesupport_interface -isystem /opt/ros/jazzy/include/geometry_msgs -isystem /opt/ros/jazzy/include/service_msgs -isystem /opt/ros/jazzy/include/fastcdr -isystem /opt/ros/jazzy/include/rosidl_runtime_cpp -isystem /opt/ros/jazzy/include/rosidl_typesupport_fastrtps_cpp -isystem /opt/ros/jazzy/include/rmw -isystem /opt/ros/jazzy/include/rosidl_dynamic_typesupport -isystem /opt/ros/jazzy/include/rosidl_typesupport_fastrtps_c -isystem /opt/ros/jazzy/include/rosidl_typesupport_introspection_c -isystem /opt/ros/jazzy/include/rosidl_typesupport_introspection_cpp -isystem /opt/ros/jazzy/include/libstatistics_collector -isystem /opt/ros/jazzy/include/rcl -isystem /opt/ros/jazzy/include/rcl_interfaces -isystem /opt/ros/jazzy/include/rcl_logging_interface -isystem /opt/ros/jazzy/include/rcl_yaml_param_parser -isystem /opt/ros/jazzy/include/type_description_interfaces -isystem /opt/ros/jazzy/include/rcpputils -isystem /opt/ros/jazzy/include/statistics_msgs -isystem /opt/ros/jazzy/include/rosgraph_msgs -isystem /opt/ros/jazzy/include/rosidl_typesupport_cpp -isystem /opt/ros/jazzy/include/rosidl_typesupport_c -isystem /opt/ros/jazzy/include/tracetools -isystem /usr/include/vtk-9.1 -isystem /usr/include/jsoncpp -isystem /usr/include/freetype2 -isystem /usr/include/x86_64-linux-gnu/qt5 -isystem /usr/include/x86_64-linux-gnu/qt5/QtOpenGL -isystem /usr/include/x86_64-linux-gnu/qt5/QtWidgets -isystem /usr/include/x86_64-linux-gnu/qt5/QtGui -isystem /usr/include/x86_64-linux-gnu/qt5/QtCore -isystem /usr/lib/x86_64-linux-gnu/qt5/mkspecs/linux-g++ -std=gnu++17 -fopenmp -fPIC -MD -MT CMakeFiles/start.dir/src/main.cpp.o -MF CMakeFiles/start.dir/src/main.cpp.o.d -o CMakeFiles/start.dir/src/main.cpp.o -c /home/inauenma/git/mecheye_ros2_interface/src/main.cpp
[0.345s] gmake[2]: Leaving directory '/home/inauenma/git/mecheye_ros2_interface/build/mecheye_ros_interface'
[0.345s] /usr/bin/gmake  -f mecheye_ros_interface__py/CMakeFiles/mecheye_ros_interface__py.dir/build.make mecheye_ros_interface__py/CMakeFiles/mecheye_ros_interface__py.dir/build
[0.349s] gmake[2]: Entering directory '/home/inauenma/git/mecheye_ros2_interface/build/mecheye_ros_interface'
[0.349s] gmake[2]: Nothing to be done for 'mecheye_ros_interface__py/CMakeFiles/mecheye_ros_interface__py.dir/build'.
[0.349s] gmake[2]: Leaving directory '/home/inauenma/git/mecheye_ros2_interface/build/mecheye_ros_interface'
[0.366s] [ 87%] Built target mecheye_ros_interface__py
[0.367s] /usr/bin/gmake  -f CMakeFiles/mecheye_ros_interface__rosidl_generator_py.dir/build.make CMakeFiles/mecheye_ros_interface__rosidl_generator_py.dir/depend
[0.374s] gmake[2]: Entering directory '/home/inauenma/git/mecheye_ros2_interface/build/mecheye_ros_interface'
[0.374s] cd /home/inauenma/git/mecheye_ros2_interface/build/mecheye_ros_interface && /usr/bin/cmake -E cmake_depends "Unix Makefiles" /home/inauenma/git/mecheye_ros2_interface /home/inauenma/git/mecheye_ros2_interface /home/inauenma/git/mecheye_ros2_interface/build/mecheye_ros_interface /home/inauenma/git/mecheye_ros2_interface/build/mecheye_ros_interface /home/inauenma/git/mecheye_ros2_interface/build/mecheye_ros_interface/CMakeFiles/mecheye_ros_interface__rosidl_generator_py.dir/DependInfo.cmake "--color="
[0.385s] running egg_info
[0.397s] gmake[2]: Leaving directory '/home/inauenma/git/mecheye_ros2_interface/build/mecheye_ros_interface'
[0.397s] /usr/bin/gmake  -f CMakeFiles/mecheye_ros_interface__rosidl_generator_py.dir/build.make CMakeFiles/mecheye_ros_interface__rosidl_generator_py.dir/build
[0.401s] writing mecheye_ros_interface.egg-info/PKG-INFO
[0.401s] writing dependency_links to mecheye_ros_interface.egg-info/dependency_links.txt
[0.401s] writing top-level names to mecheye_ros_interface.egg-info/top_level.txt
[0.405s] gmake[2]: Entering directory '/home/inauenma/git/mecheye_ros2_interface/build/mecheye_ros_interface'
[0.405s] gmake[2]: Nothing to be done for 'CMakeFiles/mecheye_ros_interface__rosidl_generator_py.dir/build'.
[0.405s] gmake[2]: Leaving directory '/home/inauenma/git/mecheye_ros2_interface/build/mecheye_ros_interface'
[0.424s] [ 96%] Built target mecheye_ros_interface__rosidl_generator_py
[0.426s] /usr/bin/gmake  -f CMakeFiles/mecheye_ros_interface_s__rosidl_typesupport_fastrtps_c.dir/build.make CMakeFiles/mecheye_ros_interface_s__rosidl_typesupport_fastrtps_c.dir/depend
[0.426s] /usr/bin/gmake  -f CMakeFiles/mecheye_ros_interface_s__rosidl_typesupport_introspection_c.dir/build.make CMakeFiles/mecheye_ros_interface_s__rosidl_typesupport_introspection_c.dir/depend
[0.427s] /usr/bin/gmake  -f CMakeFiles/mecheye_ros_interface_s__rosidl_typesupport_c.dir/build.make CMakeFiles/mecheye_ros_interface_s__rosidl_typesupport_c.dir/depend
[0.429s] gmake[2]: Entering directory '/home/inauenma/git/mecheye_ros2_interface/build/mecheye_ros_interface'
[0.430s] cd /home/inauenma/git/mecheye_ros2_interface/build/mecheye_ros_interface && /usr/bin/cmake -E cmake_depends "Unix Makefiles" /home/inauenma/git/mecheye_ros2_interface /home/inauenma/git/mecheye_ros2_interface /home/inauenma/git/mecheye_ros2_interface/build/mecheye_ros_interface /home/inauenma/git/mecheye_ros2_interface/build/mecheye_ros_interface /home/inauenma/git/mecheye_ros2_interface/build/mecheye_ros_interface/CMakeFiles/mecheye_ros_interface_s__rosidl_typesupport_introspection_c.dir/DependInfo.cmake "--color="
[0.430s] gmake[2]: Entering directory '/home/inauenma/git/mecheye_ros2_interface/build/mecheye_ros_interface'
[0.430s] cd /home/inauenma/git/mecheye_ros2_interface/build/mecheye_ros_interface && /usr/bin/cmake -E cmake_depends "Unix Makefiles" /home/inauenma/git/mecheye_ros2_interface /home/inauenma/git/mecheye_ros2_interface /home/inauenma/git/mecheye_ros2_interface/build/mecheye_ros_interface /home/inauenma/git/mecheye_ros2_interface/build/mecheye_ros_interface /home/inauenma/git/mecheye_ros2_interface/build/mecheye_ros_interface/CMakeFiles/mecheye_ros_interface_s__rosidl_typesupport_c.dir/DependInfo.cmake "--color="
[0.430s] gmake[2]: Entering directory '/home/inauenma/git/mecheye_ros2_interface/build/mecheye_ros_interface'
[0.430s] cd /home/inauenma/git/mecheye_ros2_interface/build/mecheye_ros_interface && /usr/bin/cmake -E cmake_depends "Unix Makefiles" /home/inauenma/git/mecheye_ros2_interface /home/inauenma/git/mecheye_ros2_interface /home/inauenma/git/mecheye_ros2_interface/build/mecheye_ros_interface /home/inauenma/git/mecheye_ros2_interface/build/mecheye_ros_interface /home/inauenma/git/mecheye_ros2_interface/build/mecheye_ros_interface/CMakeFiles/mecheye_ros_interface_s__rosidl_typesupport_fastrtps_c.dir/DependInfo.cmake "--color="
[0.449s] reading manifest file 'mecheye_ros_interface.egg-info/SOURCES.txt'
[0.449s] writing manifest file 'mecheye_ros_interface.egg-info/SOURCES.txt'
[0.452s] gmake[2]: Leaving directory '/home/inauenma/git/mecheye_ros2_interface/build/mecheye_ros_interface'
[0.452s] gmake[2]: Leaving directory '/home/inauenma/git/mecheye_ros2_interface/build/mecheye_ros_interface'
[0.452s] gmake[2]: Leaving directory '/home/inauenma/git/mecheye_ros2_interface/build/mecheye_ros_interface'
[0.452s] /usr/bin/gmake  -f CMakeFiles/mecheye_ros_interface_s__rosidl_typesupport_fastrtps_c.dir/build.make CMakeFiles/mecheye_ros_interface_s__rosidl_typesupport_fastrtps_c.dir/build
[0.452s] /usr/bin/gmake  -f CMakeFiles/mecheye_ros_interface_s__rosidl_typesupport_introspection_c.dir/build.make CMakeFiles/mecheye_ros_interface_s__rosidl_typesupport_introspection_c.dir/build
[0.453s] /usr/bin/gmake  -f CMakeFiles/mecheye_ros_interface_s__rosidl_typesupport_c.dir/build.make CMakeFiles/mecheye_ros_interface_s__rosidl_typesupport_c.dir/build
[0.457s] gmake[2]: Entering directory '/home/inauenma/git/mecheye_ros2_interface/build/mecheye_ros_interface'
[0.457s] gmake[2]: Entering directory '/home/inauenma/git/mecheye_ros2_interface/build/mecheye_ros_interface'
[0.457s] gmake[2]: Entering directory '/home/inauenma/git/mecheye_ros2_interface/build/mecheye_ros_interface'
[0.457s] gmake[2]: Nothing to be done for 'CMakeFiles/mecheye_ros_interface_s__rosidl_typesupport_introspection_c.dir/build'.
[0.457s] gmake[2]: Nothing to be done for 'CMakeFiles/mecheye_ros_interface_s__rosidl_typesupport_fastrtps_c.dir/build'.
[0.458s] gmake[2]: Nothing to be done for 'CMakeFiles/mecheye_ros_interface_s__rosidl_typesupport_c.dir/build'.
[0.458s] gmake[2]: Leaving directory '/home/inauenma/git/mecheye_ros2_interface/build/mecheye_ros_interface'
[0.458s] gmake[2]: Leaving directory '/home/inauenma/git/mecheye_ros2_interface/build/mecheye_ros_interface'
[0.458s] gmake[2]: Leaving directory '/home/inauenma/git/mecheye_ros2_interface/build/mecheye_ros_interface'
[0.479s] [ 98%] Built target mecheye_ros_interface_s__rosidl_typesupport_fastrtps_c
[0.479s] [ 98%] Built target mecheye_ros_interface_s__rosidl_typesupport_c
[0.479s] [ 98%] Built target mecheye_ros_interface_s__rosidl_typesupport_introspection_c
[0.494s] gmake[2]: Leaving directory '/home/inauenma/git/mecheye_ros2_interface/build/mecheye_ros_interface'
[0.512s] [ 98%] Built target ament_cmake_python_build_mecheye_ros_interface_egg
[6.473s] [ 99%] Linking CXX executable start
[6.474s] /usr/bin/cmake -E cmake_link_script CMakeFiles/start.dir/link.txt --verbose=1
[6.491s] /usr/bin/c++ CMakeFiles/start.dir/src/MechMindCamera.cpp.o CMakeFiles/start.dir/src/main.cpp.o -o start   -L/opt/mech-mind/mech-eye-sdk/lib  -Wl,-rpath,/opt/mech-mind/mech-eye-sdk/lib:/opt/ros/jazzy/lib/x86_64-linux-gnu:/opt/ros/jazzy/lib:/home/inauenma/git/mecheye_ros2_interface/build/mecheye_ros_interface: /opt/ros/jazzy/lib/libcv_bridge.so /opt/ros/jazzy/lib/x86_64-linux-gnu/libimage_transport.so /opt/ros/jazzy/lib/libsensor_msgs__rosidl_generator_py.so /opt/ros/jazzy/lib/libtf2.so /opt/ros/jazzy/lib/libmessage_filters.so /opt/ros/jazzy/lib/libservice_msgs__rosidl_generator_c.so /opt/ros/jazzy/lib/libservice_msgs__rosidl_typesupport_fastrtps_c.so /opt/ros/jazzy/lib/libservice_msgs__rosidl_typesupport_fastrtps_cpp.so /opt/ros/jazzy/lib/libservice_msgs__rosidl_typesupport_introspection_c.so /opt/ros/jazzy/lib/libservice_msgs__rosidl_typesupport_c.so /opt/ros/jazzy/lib/libservice_msgs__rosidl_typesupport_introspection_cpp.so /opt/ros/jazzy/lib/libservice_msgs__rosidl_typesupport_cpp.so /opt/ros/jazzy/lib/libservice_msgs__rosidl_generator_py.so /opt/ros/jazzy/lib/librosidl_typesupport_fastrtps_c.so /opt/ros/jazzy/lib/librmw.so /opt/ros/jazzy/lib/librosidl_typesupport_fastrtps_cpp.so /opt/ros/jazzy/lib/librcutils.so -ldl -latomic /opt/ros/jazzy/lib/librcpputils.so /opt/ros/jazzy/lib/librosidl_typesupport_c.so /opt/ros/jazzy/lib/librosidl_typesupport_cpp.so /opt/ros/jazzy/lib/librosidl_runtime_c.so /opt/ros/jazzy/lib/librosidl_typesupport_introspection_c.so /opt/ros/jazzy/lib/librosidl_typesupport_introspection_cpp.so /opt/ros/jazzy/lib/libpcl_msgs__rosidl_generator_c.so /opt/ros/jazzy/lib/libpcl_msgs__rosidl_typesupport_fastrtps_c.so /opt/ros/jazzy/lib/libsensor_msgs__rosidl_typesupport_fastrtps_c.so /opt/ros/jazzy/lib/libpcl_msgs__rosidl_typesupport_introspection_c.so /opt/ros/jazzy/lib/libsensor_msgs__rosidl_typesupport_introspection_c.so /opt/ros/jazzy/lib/libpcl_msgs__rosidl_typesupport_c.so /opt/ros/jazzy/lib/libsensor_msgs__rosidl_typesupport_c.so /opt/ros/jazzy/lib/libpcl_msgs__rosidl_typesupport_fastrtps_cpp.so /opt/ros/jazzy/lib/libsensor_msgs__rosidl_typesupport_fastrtps_cpp.so /opt/ros/jazzy/lib/libpcl_msgs__rosidl_typesupport_introspection_cpp.so /opt/ros/jazzy/lib/libsensor_msgs__rosidl_typesupport_introspection_cpp.so /opt/ros/jazzy/lib/libpcl_msgs__rosidl_typesupport_cpp.so /opt/ros/jazzy/lib/libpcl_msgs__rosidl_generator_c.so /opt/ros/jazzy/lib/libpcl_msgs__rosidl_generator_py.so /opt/ros/jazzy/lib/librclcpp.so /opt/ros/jazzy/lib/libsensor_msgs__rosidl_generator_c.so /opt/ros/jazzy/lib/libsensor_msgs__rosidl_typesupport_fastrtps_c.so /opt/ros/jazzy/lib/libgeometry_msgs__rosidl_typesupport_fastrtps_c.so /opt/ros/jazzy/lib/libsensor_msgs__rosidl_typesupport_fastrtps_cpp.so /opt/ros/jazzy/lib/libgeometry_msgs__rosidl_typesupport_fastrtps_cpp.so /opt/ros/jazzy/lib/libsensor_msgs__rosidl_typesupport_introspection_c.so /opt/ros/jazzy/lib/libgeometry_msgs__rosidl_typesupport_introspection_c.so /opt/ros/jazzy/lib/libsensor_msgs__rosidl_typesupport_c.so /opt/ros/jazzy/lib/libsensor_msgs__rosidl_typesupport_introspection_cpp.so /opt/ros/jazzy/lib/libgeometry_msgs__rosidl_typesupport_introspection_cpp.so /opt/ros/jazzy/lib/libsensor_msgs__rosidl_typesupport_cpp.so /opt/ros/jazzy/lib/libsensor_msgs__rosidl_generator_py.so /opt/ros/jazzy/lib/libstd_msgs__rosidl_generator_c.so /opt/ros/jazzy/lib/libstd_msgs__rosidl_typesupport_fastrtps_c.so /opt/ros/jazzy/lib/libstd_msgs__rosidl_typesupport_fastrtps_cpp.so /opt/ros/jazzy/lib/libstd_msgs__rosidl_typesupport_introspection_c.so /opt/ros/jazzy/lib/libstd_msgs__rosidl_typesupport_c.so /opt/ros/jazzy/lib/libstd_msgs__rosidl_typesupport_introspection_cpp.so /opt/ros/jazzy/lib/libstd_msgs__rosidl_typesupport_cpp.so /opt/ros/jazzy/lib/libstd_msgs__rosidl_generator_py.so /usr/lib/libOpenNI.so /usr/lib/x86_64-linux-gnu/libOpenNI2.so /usr/lib/x86_64-linux-gnu/libusb-1.0.so /usr/lib/x86_64-linux-gnu/libopencv_stitching.so.4.6.0 /usr/lib/x86_64-linux-gnu/libopencv_alphamat.so.4.6.0 /usr/lib/x86_64-linux-gnu/libopencv_aruco.so.4.6.0 /usr/lib/x86_64-linux-gnu/libopencv_barcode.so.4.6.0 /usr/lib/x86_64-linux-gnu/libopencv_bgsegm.so.4.6.0 /usr/lib/x86_64-linux-gnu/libopencv_bioinspired.so.4.6.0 /usr/lib/x86_64-linux-gnu/libopencv_ccalib.so.4.6.0 /usr/lib/x86_64-linux-gnu/libopencv_cvv.so.4.6.0 /usr/lib/x86_64-linux-gnu/libopencv_dnn_objdetect.so.4.6.0 /usr/lib/x86_64-linux-gnu/libopencv_dnn_superres.so.4.6.0 /usr/lib/x86_64-linux-gnu/libopencv_dpm.so.4.6.0 /usr/lib/x86_64-linux-gnu/libopencv_face.so.4.6.0 /usr/lib/x86_64-linux-gnu/libopencv_freetype.so.4.6.0 /usr/lib/x86_64-linux-gnu/libopencv_fuzzy.so.4.6.0 /usr/lib/x86_64-linux-gnu/libopencv_hdf.so.4.6.0 /usr/lib/x86_64-linux-gnu/libopencv_hfs.so.4.6.0 /usr/lib/x86_64-linux-gnu/libopencv_img_hash.so.4.6.0 /usr/lib/x86_64-linux-gnu/libopencv_intensity_transform.so.4.6.0 /usr/lib/x86_64-linux-gnu/libopencv_line_descriptor.so.4.6.0 /usr/lib/x86_64-linux-gnu/libopencv_mcc.so.4.6.0 /usr/lib/x86_64-linux-gnu/libopencv_quality.so.4.6.0 /usr/lib/x86_64-linux-gnu/libopencv_rapid.so.4.6.0 /usr/lib/x86_64-linux-gnu/libopencv_reg.so.4.6.0 /usr/lib/x86_64-linux-gnu/libopencv_rgbd.so.4.6.0 /usr/lib/x86_64-linux-gnu/libopencv_saliency.so.4.6.0 /usr/lib/x86_64-linux-gnu/libopencv_shape.so.4.6.0 /usr/lib/x86_64-linux-gnu/libopencv_stereo.so.4.6.0 /usr/lib/x86_64-linux-gnu/libopencv_structured_light.so.4.6.0 /usr/lib/x86_64-linux-gnu/libopencv_superres.so.4.6.0 /usr/lib/x86_64-linux-gnu/libopencv_surface_matching.so.4.6.0 /usr/lib/x86_64-linux-gnu/libopencv_tracking.so.4.6.0 /usr/lib/x86_64-linux-gnu/libopencv_videostab.so.4.6.0 /usr/lib/x86_64-linux-gnu/libopencv_viz.so.4.6.0 /usr/lib/x86_64-linux-gnu/libopencv_wechat_qrcode.so.4.6.0 /usr/lib/x86_64-linux-gnu/libopencv_xobjdetect.so.4.6.0 /usr/lib/x86_64-linux-gnu/libopencv_xphoto.so.4.6.0 /usr/lib/x86_64-linux-gnu/libpcl_apps.so /usr/lib/x86_64-linux-gnu/libpcl_outofcore.so /usr/lib/x86_64-linux-gnu/libpcl_people.so /usr/lib/libOpenNI.so /usr/lib/x86_64-linux-gnu/libusb-1.0.so /usr/lib/x86_64-linux-gnu/libOpenNI2.so /usr/lib/x86_64-linux-gnu/libusb-1.0.so /usr/lib/x86_64-linux-gnu/libflann_cpp.so.1.9.2 -lMechEyeApi libmecheye_ros_interface__rosidl_typesupport_cpp.so /opt/ros/jazzy/lib/libmessage_filters.so /opt/ros/jazzy/lib/librclcpp.so /opt/ros/jazzy/lib/liblibstatistics_collector.so /opt/ros/jazzy/lib/librcl.so /opt/ros/jazzy/lib/librmw_implementation.so /opt/ros/jazzy/lib/libtype_description_interfaces__rosidl_typesupport_fastrtps_c.so /opt/ros/jazzy/lib/libtype_description_interfaces__rosidl_typesupport_introspection_c.so /opt/ros/jazzy/lib/libtype_description_interfaces__rosidl_typesupport_fastrtps_cpp.so /opt/ros/jazzy/lib/libtype_description_interfaces__rosidl_typesupport_introspection_cpp.so /opt/ros/jazzy/lib/libtype_description_interfaces__rosidl_typesupport_cpp.so /opt/ros/jazzy/lib/libtype_description_interfaces__rosidl_generator_py.so /opt/ros/jazzy/lib/libtype_description_interfaces__rosidl_typesupport_c.so /opt/ros/jazzy/lib/libtype_description_interfaces__rosidl_generator_c.so /opt/ros/jazzy/lib/librcl_interfaces__rosidl_typesupport_fastrtps_c.so /opt/ros/jazzy/lib/librcl_interfaces__rosidl_typesupport_introspection_c.so /opt/ros/jazzy/lib/librcl_interfaces__rosidl_typesupport_fastrtps_cpp.so /opt/ros/jazzy/lib/librcl_interfaces__rosidl_typesupport_introspection_cpp.so /opt/ros/jazzy/lib/librcl_interfaces__rosidl_typesupport_cpp.so /opt/ros/jazzy/lib/librcl_interfaces__rosidl_generator_py.so /opt/ros/jazzy/lib/librcl_interfaces__rosidl_typesupport_c.so /opt/ros/jazzy/lib/librcl_interfaces__rosidl_generator_c.so /opt/ros/jazzy/lib/libservice_msgs__rosidl_typesupport_fastrtps_c.so /opt/ros/jazzy/lib/libservice_msgs__rosidl_typesupport_fastrtps_cpp.so /opt/ros/jazzy/lib/libservice_msgs__rosidl_typesupport_introspection_c.so /opt/ros/jazzy/lib/libservice_msgs__rosidl_typesupport_introspection_cpp.so /opt/ros/jazzy/lib/libservice_msgs__rosidl_typesupport_c.so /opt/ros/jazzy/lib/librcl_yaml_param_parser.so /opt/ros/jazzy/lib/librosgraph_msgs__rosidl_typesupport_fastrtps_c.so /opt/ros/jazzy/lib/librosgraph_msgs__rosidl_typesupport_fastrtps_cpp.so /opt/ros/jazzy/lib/librosgraph_msgs__rosidl_typesupport_introspection_c.so /opt/ros/jazzy/lib/librosgraph_msgs__rosidl_typesupport_introspection_cpp.so /opt/ros/jazzy/lib/librosgraph_msgs__rosidl_typesupport_cpp.so /opt/ros/jazzy/lib/librosgraph_msgs__rosidl_generator_py.so /opt/ros/jazzy/lib/librosgraph_msgs__rosidl_typesupport_c.so /opt/ros/jazzy/lib/librosgraph_msgs__rosidl_generator_c.so /opt/ros/jazzy/lib/libstatistics_msgs__rosidl_typesupport_fastrtps_c.so /opt/ros/jazzy/lib/libstatistics_msgs__rosidl_typesupport_fastrtps_cpp.so /opt/ros/jazzy/lib/libstatistics_msgs__rosidl_typesupport_introspection_c.so /opt/ros/jazzy/lib/libstatistics_msgs__rosidl_typesupport_introspection_cpp.so /opt/ros/jazzy/lib/libstatistics_msgs__rosidl_typesupport_cpp.so /opt/ros/jazzy/lib/libstatistics_msgs__rosidl_generator_py.so /opt/ros/jazzy/lib/libstatistics_msgs__rosidl_typesupport_c.so /opt/ros/jazzy/lib/libstatistics_msgs__rosidl_generator_c.so /opt/ros/jazzy/lib/libtracetools.so -llttng-ust -llttng-ust-common -rdynamic -ldl /opt/ros/jazzy/lib/librcl_logging_interface.so /opt/ros/jazzy/lib/libgeometry_msgs__rosidl_generator_py.so /opt/ros/jazzy/lib/libstd_msgs__rosidl_typesupport_fastrtps_c.so /opt/ros/jazzy/lib/libstd_msgs__rosidl_typesupport_fastrtps_cpp.so /opt/ros/jazzy/lib/libstd_msgs__rosidl_typesupport_introspection_c.so /opt/ros/jazzy/lib/libstd_msgs__rosidl_typesupport_introspection_cpp.so /opt/ros/jazzy/lib/libstd_msgs__rosidl_generator_py.so /opt/ros/jazzy/lib/libbuiltin_interfaces__rosidl_generator_py.so /opt/ros/jazzy/lib/libgeometry_msgs__rosidl_typesupport_c.so /opt/ros/jazzy/lib/libstd_msgs__rosidl_typesupport_c.so /opt/ros/jazzy/lib/libbuiltin_interfaces__rosidl_typesupport_fastrtps_c.so /opt/ros/jazzy/lib/librosidl_typesupport_fastrtps_c.so /opt/ros/jazzy/lib/libbuiltin_interfaces__rosidl_typesupport_fastrtps_cpp.so /opt/ros/jazzy/lib/librosidl_typesupport_fastrtps_cpp.so /opt/ros/jazzy/lib/libfastcdr.so.2.2.5 /opt/ros/jazzy/lib/librmw.so /opt/ros/jazzy/lib/librosidl_dynamic_typesupport.so /opt/ros/jazzy/lib/libbuiltin_interfaces__rosidl_typesupport_introspection_c.so /opt/ros/jazzy/lib/libbuiltin_interfaces__rosidl_typesupport_c.so /opt/ros/jazzy/lib/libbuiltin_interfaces__rosidl_typesupport_introspection_cpp.so /opt/ros/jazzy/lib/librosidl_typesupport_introspection_cpp.so /opt/ros/jazzy/lib/librosidl_typesupport_introspection_c.so /usr/lib/x86_64-linux-gnu/libpcl_surface.so /usr/lib/x86_64-linux-gnu/libpcl_keypoints.so /usr/lib/x86_64-linux-gnu/libpcl_tracking.so /usr/lib/x86_64-linux-gnu/libpcl_recognition.so /usr/lib/x86_64-linux-gnu/libpcl_registration.so /usr/lib/x86_64-linux-gnu/libpcl_stereo.so /usr/lib/x86_64-linux-gnu/libpcl_segmentation.so /usr/lib/x86_64-linux-gnu/libpcl_features.so /usr/lib/x86_64-linux-gnu/libpcl_filters.so /usr/lib/x86_64-linux-gnu/libpcl_sample_consensus.so /usr/lib/x86_64-linux-gnu/libpcl_ml.so /usr/lib/x86_64-linux-gnu/libpcl_visualization.so /usr/lib/x86_64-linux-gnu/libpcl_search.so /usr/lib/x86_64-linux-gnu/libpcl_kdtree.so /usr/lib/x86_64-linux-gnu/libpcl_io.so /usr/lib/x86_64-linux-gnu/libpcl_octree.so /usr/lib/gcc/x86_64-linux-gnu/13/libgomp.so /usr/lib/x86_64-linux-gnu/libpthread.a /usr/lib/x86_64-linux-gnu/libpng.so /usr/lib/x86_64-linux-gnu/libz.so /usr/lib/libOpenNI.so /usr/lib/x86_64-linux-gnu/libOpenNI2.so /usr/lib/x86_64-linux-gnu/libusb-1.0.so /usr/lib/x86_64-linux-gnu/libvtkChartsCore-9.1.so.9.1.0 /usr/lib/x86_64-linux-gnu/libvtkInteractionImage-9.1.so.9.1.0 /usr/lib/x86_64-linux-gnu/libvtkViewsContext2D-9.1.so.9.1.0 /usr/lib/x86_64-linux-gnu/libvtkViewsCore-9.1.so.9.1.0 /usr/lib/x86_64-linux-gnu/libvtkRenderingContextOpenGL2-9.1.so.9.1.0 /usr/lib/x86_64-linux-gnu/libvtkGUISupportQt-9.1.so.9.1.0 /usr/lib/x86_64-linux-gnu/libvtkInteractionWidgets-9.1.so.9.1.0 /usr/lib/x86_64-linux-gnu/libvtkRenderingAnnotation-9.1.so.9.1.0 /usr/lib/x86_64-linux-gnu/libpcl_common.so /usr/lib/x86_64-linux-gnu/libboost_system.so.1.83.0 /usr/lib/x86_64-linux-gnu/libboost_filesystem.so.1.83.0 /usr/lib/x86_64-linux-gnu/libboost_atomic.so.1.83.0 /usr/lib/x86_64-linux-gnu/libboost_iostreams.so.1.83.0 /usr/lib/x86_64-linux-gnu/libboost_serialization.so.1.83.0 -Wl,-whole-archive /usr/lib/x86_64-linux-gnu/libflann_cpp_s.a /usr/lib/x86_64-linux-gnu/liblz4.so -Wl,-no-whole-archive /usr/lib/x86_64-linux-gnu/libqhull_r.so.8.0.2 -lm /usr/lib/x86_64-linux-gnu/libopencv_highgui.so.4.6.0 /usr/lib/x86_64-linux-gnu/libQt5OpenGL.so.5.15.13 /usr/lib/x86_64-linux-gnu/libQt5Widgets.so.5.15.13 /usr/lib/x86_64-linux-gnu/libQt5Gui.so.5.15.13 /usr/lib/x86_64-linux-gnu/libQt5Core.so.5.15.13 /usr/lib/x86_64-linux-gnu/libopencv_datasets.so.4.6.0 /usr/lib/x86_64-linux-gnu/libopencv_plot.so.4.6.0 /usr/lib/x86_64-linux-gnu/libopencv_text.so.4.6.0 /usr/lib/x86_64-linux-gnu/libopencv_ml.so.4.6.0 /usr/lib/x86_64-linux-gnu/libopencv_phase_unwrapping.so.4.6.0 /usr/lib/x86_64-linux-gnu/libvtkInteractionStyle-9.1.so.9.1.0 /usr/lib/x86_64-linux-gnu/libvtkFiltersExtraction-9.1.so.9.1.0 /usr/lib/x86_64-linux-gnu/libvtkIOPLY-9.1.so.9.1.0 /usr/lib/x86_64-linux-gnu/libvtkRenderingLOD-9.1.so.9.1.0 /usr/lib/x86_64-linux-gnu/libvtkFiltersModeling-9.1.so.9.1.0 /usr/lib/x86_64-linux-gnu/libvtkIOGeometry-9.1.so.9.1.0 /usr/lib/x86_64-linux-gnu/libvtkIOLegacy-9.1.so.9.1.0 /usr/lib/x86_64-linux-gnu/libvtkImagingSources-9.1.so.9.1.0 /usr/lib/x86_64-linux-gnu/libvtkIOImage-9.1.so.9.1.0 /usr/lib/x86_64-linux-gnu/libvtkImagingCore-9.1.so.9.1.0 /usr/lib/x86_64-linux-gnu/libvtkRenderingContext2D-9.1.so.9.1.0 /usr/lib/x86_64-linux-gnu/libvtkRenderingFreeType-9.1.so.9.1.0 /usr/lib/x86_64-linux-gnu/libfreetype.so /usr/lib/x86_64-linux-gnu/libvtkIOCore-9.1.so.9.1.0 /usr/lib/x86_64-linux-gnu/libvtkRenderingOpenGL2-9.1.so.9.1.0 /usr/lib/x86_64-linux-gnu/libvtkRenderingUI-9.1.so.9.1.0 /usr/lib/x86_64-linux-gnu/libGLEW.so /usr/lib/x86_64-linux-gnu/libX11.so /usr/lib/x86_64-linux-gnu/libjsoncpp.so /usr/lib/x86_64-linux-gnu/libvtkRenderingCore-9.1.so.9.1.0 /usr/lib/x86_64-linux-gnu/libvtkCommonColor-9.1.so.9.1.0 /usr/lib/x86_64-linux-gnu/libvtkFiltersGeometry-9.1.so.9.1.0 /usr/lib/x86_64-linux-gnu/libvtkFiltersSources-9.1.so.9.1.0 /usr/lib/x86_64-linux-gnu/libvtkFiltersGeneral-9.1.so.9.1.0 /usr/lib/x86_64-linux-gnu/libvtkCommonComputationalGeometry-9.1.so.9.1.0 /usr/lib/x86_64-linux-gnu/libvtkFiltersCore-9.1.so.9.1.0 /usr/lib/x86_64-linux-gnu/libvtkCommonExecutionModel-9.1.so.9.1.0 /usr/lib/x86_64-linux-gnu/libvtkCommonDataModel-9.1.so.9.1.0 /usr/lib/x86_64-linux-gnu/libvtkCommonMisc-9.1.so.9.1.0 /usr/lib/x86_64-linux-gnu/libvtkCommonTransforms-9.1.so.9.1.0 /usr/lib/x86_64-linux-gnu/libvtkCommonMath-9.1.so.9.1.0 /usr/lib/x86_64-linux-gnu/libvtkkissfft-9.1.so.9.1.0 /usr/lib/x86_64-linux-gnu/libvtkCommonCore-9.1.so.9.1.0 /usr/lib/x86_64-linux-gnu/libtbb.so.12.11 /usr/lib/x86_64-linux-gnu/libvtksys-9.1.so.9.1.0 /usr/lib/x86_64-linux-gnu/libopencv_optflow.so.4.6.0 /usr/lib/x86_64-linux-gnu/libopencv_ximgproc.so.4.6.0 /usr/lib/x86_64-linux-gnu/libopencv_video.so.4.6.0 /usr/lib/x86_64-linux-gnu/libopencv_videoio.so.4.6.0 /usr/lib/x86_64-linux-gnu/libopencv_imgcodecs.so.4.6.0 /usr/lib/x86_64-linux-gnu/libopencv_objdetect.so.4.6.0 /usr/lib/x86_64-linux-gnu/libopencv_calib3d.so.4.6.0 /usr/lib/x86_64-linux-gnu/libopencv_dnn.so.4.6.0 /usr/lib/x86_64-linux-gnu/libopencv_features2d.so.4.6.0 /usr/lib/x86_64-linux-gnu/libopencv_flann.so.4.6.0 /usr/lib/x86_64-linux-gnu/libopencv_photo.so.4.6.0 /usr/lib/x86_64-linux-gnu/libopencv_imgproc.so.4.6.0 /usr/lib/x86_64-linux-gnu/libopencv_core.so.4.6.0 /opt/ros/jazzy/lib/libsensor_msgs__rosidl_typesupport_cpp.so /opt/ros/jazzy/lib/libgeometry_msgs__rosidl_typesupport_cpp.so /opt/ros/jazzy/lib/libstd_msgs__rosidl_typesupport_cpp.so /opt/ros/jazzy/lib/libservice_msgs__rosidl_typesupport_cpp.so /opt/ros/jazzy/lib/libbuiltin_interfaces__rosidl_typesupport_cpp.so /opt/ros/jazzy/lib/librosidl_typesupport_cpp.so /opt/ros/jazzy/lib/librosidl_typesupport_c.so /opt/ros/jazzy/lib/librcpputils.so libmecheye_ros_interface__rosidl_generator_c.so /opt/ros/jazzy/lib/libsensor_msgs__rosidl_generator_c.so /opt/ros/jazzy/lib/libgeometry_msgs__rosidl_generator_c.so /opt/ros/jazzy/lib/libstd_msgs__rosidl_generator_c.so /opt/ros/jazzy/lib/libservice_msgs__rosidl_generator_c.so /opt/ros/jazzy/lib/libbuiltin_interfaces__rosidl_generator_c.so /opt/ros/jazzy/lib/librosidl_runtime_c.so /opt/ros/jazzy/lib/librcutils.so -ldl -latomic -Wl,-rpath-link,/opt/ros/jazzy/lib 
[10.844s] gmake[2]: Leaving directory '/home/inauenma/git/mecheye_ros2_interface/build/mecheye_ros_interface'
[10.864s] [100%] Built target start
[10.865s] gmake[1]: Leaving directory '/home/inauenma/git/mecheye_ros2_interface/build/mecheye_ros_interface'
[10.865s] /usr/bin/cmake -E cmake_progress_start /home/inauenma/git/mecheye_ros2_interface/build/mecheye_ros_interface/CMakeFiles 0
[10.891s] Invoked command in '/home/inauenma/git/mecheye_ros2_interface/build/mecheye_ros_interface' returned '0': CMAKE_PREFIX_PATH=${CMAKE_PREFIX_PATH}:/home/inauenma/ros2_ws/install/mesh_control_ros:/home/inauenma/moveit_ws/install/moveit_configs_utils:/opt/ros/jazzy DEBUGINFOD_URLS=https://debuginfod.ubuntu.com /usr/bin/cmake --build /home/inauenma/git/mecheye_ros2_interface/build/mecheye_ros_interface -- -j16 -l16
[10.914s] Invoking command in '/home/inauenma/git/mecheye_ros2_interface/build/mecheye_ros_interface': CMAKE_PREFIX_PATH=${CMAKE_PREFIX_PATH}:/home/inauenma/ros2_ws/install/mesh_control_ros:/home/inauenma/moveit_ws/install/moveit_configs_utils:/opt/ros/jazzy DEBUGINFOD_URLS=https://debuginfod.ubuntu.com /usr/bin/cmake --install /home/inauenma/git/mecheye_ros2_interface/build/mecheye_ros_interface
[10.935s] -- Install configuration: ""
[10.935s] -- Up-to-date: /home/inauenma/git/mecheye_ros2_interface/install/mecheye_ros_interface/share/ament_index/resource_index/rosidl_interfaces/mecheye_ros_interface
[10.936s] -- Up-to-date: /home/inauenma/git/mecheye_ros2_interface/install/mecheye_ros_interface/share/mecheye_ros_interface/srv/SetCurrentUserSet.json
[10.936s] -- Up-to-date: /home/inauenma/git/mecheye_ros2_interface/install/mecheye_ros_interface/share/mecheye_ros_interface/srv/SaveAllSettingsToUserSets.json
[10.936s] -- Up-to-date: /home/inauenma/git/mecheye_ros2_interface/install/mecheye_ros_interface/share/mecheye_ros_interface/srv/AddUserSet.json
[10.936s] -- Up-to-date: /home/inauenma/git/mecheye_ros2_interface/install/mecheye_ros_interface/share/mecheye_ros_interface/srv/CaptureColorImage.json
[10.936s] -- Up-to-date: /home/inauenma/git/mecheye_ros2_interface/install/mecheye_ros_interface/share/mecheye_ros_interface/srv/CaptureStereoColorImages.json
[10.936s] -- Up-to-date: /home/inauenma/git/mecheye_ros2_interface/install/mecheye_ros_interface/share/mecheye_ros_interface/srv/CaptureTexturedPointCloud.json
[10.937s] -- Up-to-date: /home/inauenma/git/mecheye_ros2_interface/install/mecheye_ros_interface/share/mecheye_ros_interface/srv/CaptureDepthMap.json
[10.937s] -- Up-to-date: /home/inauenma/git/mecheye_ros2_interface/install/mecheye_ros_interface/share/mecheye_ros_interface/srv/CapturePointCloud.json
[10.937s] -- Up-to-date: /home/inauenma/git/mecheye_ros2_interface/install/mecheye_ros_interface/share/mecheye_ros_interface/srv/DeleteUserSet.json
[10.937s] -- Up-to-date: /home/inauenma/git/mecheye_ros2_interface/install/mecheye_ros_interface/share/mecheye_ros_interface/srv/DeviceInfo.json
[10.937s] -- Up-to-date: /home/inauenma/git/mecheye_ros2_interface/install/mecheye_ros_interface/share/mecheye_ros_interface/srv/GetAllUserSets.json
[10.937s] -- Up-to-date: /home/inauenma/git/mecheye_ros2_interface/install/mecheye_ros_interface/share/mecheye_ros_interface/srv/GetCurrentUserSet.json
[10.938s] -- Up-to-date: /home/inauenma/git/mecheye_ros2_interface/install/mecheye_ros_interface/share/mecheye_ros_interface/srv/SetIntParameter.json
[10.938s] -- Up-to-date: /home/inauenma/git/mecheye_ros2_interface/install/mecheye_ros_interface/share/mecheye_ros_interface/srv/GetIntParameter.json
[10.938s] -- Up-to-date: /home/inauenma/git/mecheye_ros2_interface/install/mecheye_ros_interface/share/mecheye_ros_interface/srv/SetRangeParameter.json
[10.938s] -- Up-to-date: /home/inauenma/git/mecheye_ros2_interface/install/mecheye_ros_interface/share/mecheye_ros_interface/srv/GetRangeParameter.json
[10.938s] -- Up-to-date: /home/inauenma/git/mecheye_ros2_interface/install/mecheye_ros_interface/share/mecheye_ros_interface/srv/SetBoolParameter.json
[10.939s] -- Up-to-date: /home/inauenma/git/mecheye_ros2_interface/install/mecheye_ros_interface/share/mecheye_ros_interface/srv/GetBoolParameter.json
[10.939s] -- Up-to-date: /home/inauenma/git/mecheye_ros2_interface/install/mecheye_ros_interface/share/mecheye_ros_interface/srv/SetEnumParameter.json
[10.940s] -- Up-to-date: /home/inauenma/git/mecheye_ros2_interface/install/mecheye_ros_interface/share/mecheye_ros_interface/srv/GetEnumParameter.json
[10.940s] -- Up-to-date: /home/inauenma/git/mecheye_ros2_interface/install/mecheye_ros_interface/share/mecheye_ros_interface/srv/SetFloatParameter.json
[10.941s] -- Up-to-date: /home/inauenma/git/mecheye_ros2_interface/install/mecheye_ros_interface/share/mecheye_ros_interface/srv/GetFloatParameter.json
[10.941s] -- Up-to-date: /home/inauenma/git/mecheye_ros2_interface/install/mecheye_ros_interface/share/mecheye_ros_interface/srv/SetFloatArrayParameter.json
[10.942s] -- Up-to-date: /home/inauenma/git/mecheye_ros2_interface/install/mecheye_ros_interface/share/mecheye_ros_interface/srv/GetFloatArrayParameter.json
[10.942s] -- Up-to-date: /home/inauenma/git/mecheye_ros2_interface/install/mecheye_ros_interface/share/mecheye_ros_interface/srv/SetROIParameter.json
[10.942s] -- Up-to-date: /home/inauenma/git/mecheye_ros2_interface/install/mecheye_ros_interface/share/mecheye_ros_interface/srv/GetROIParameter.json
[10.942s] -- Up-to-date: /home/inauenma/git/mecheye_ros2_interface/install/mecheye_ros_interface/include/mecheye_ros_interface/mecheye_ros_interface
[10.943s] -- Up-to-date: /home/inauenma/git/mecheye_ros2_interface/install/mecheye_ros_interface/include/mecheye_ros_interface/mecheye_ros_interface/srv
[10.943s] -- Up-to-date: /home/inauenma/git/mecheye_ros2_interface/install/mecheye_ros_interface/include/mecheye_ros_interface/mecheye_ros_interface/srv/capture_point_cloud.h
[10.943s] -- Up-to-date: /home/inauenma/git/mecheye_ros2_interface/install/mecheye_ros_interface/include/mecheye_ros_interface/mecheye_ros_interface/srv/set_current_user_set.h
[10.943s] -- Up-to-date: /home/inauenma/git/mecheye_ros2_interface/install/mecheye_ros_interface/include/mecheye_ros_interface/mecheye_ros_interface/srv/capture_depth_map.h
[10.943s] -- Up-to-date: /home/inauenma/git/mecheye_ros2_interface/install/mecheye_ros_interface/include/mecheye_ros_interface/mecheye_ros_interface/srv/set_float_array_parameter.h
[10.944s] -- Up-to-date: /home/inauenma/git/mecheye_ros2_interface/install/mecheye_ros_interface/include/mecheye_ros_interface/mecheye_ros_interface/srv/save_all_settings_to_user_sets.h
[10.944s] -- Up-to-date: /home/inauenma/git/mecheye_ros2_interface/install/mecheye_ros_interface/include/mecheye_ros_interface/mecheye_ros_interface/srv/get_enum_parameter.h
[10.944s] -- Up-to-date: /home/inauenma/git/mecheye_ros2_interface/install/mecheye_ros_interface/include/mecheye_ros_interface/mecheye_ros_interface/srv/set_range_parameter.h
[10.944s] -- Up-to-date: /home/inauenma/git/mecheye_ros2_interface/install/mecheye_ros_interface/include/mecheye_ros_interface/mecheye_ros_interface/srv/capture_textured_point_cloud.h
[10.944s] -- Up-to-date: /home/inauenma/git/mecheye_ros2_interface/install/mecheye_ros_interface/include/mecheye_ros_interface/mecheye_ros_interface/srv/set_int_parameter.h
[10.944s] -- Up-to-date: /home/inauenma/git/mecheye_ros2_interface/install/mecheye_ros_interface/include/mecheye_ros_interface/mecheye_ros_interface/srv/set_roi_parameter.h
[10.945s] -- Up-to-date: /home/inauenma/git/mecheye_ros2_interface/install/mecheye_ros_interface/include/mecheye_ros_interface/mecheye_ros_interface/srv/get_float_array_parameter.h
[10.945s] -- Up-to-date: /home/inauenma/git/mecheye_ros2_interface/install/mecheye_ros_interface/include/mecheye_ros_interface/mecheye_ros_interface/srv/get_current_user_set.h
[10.945s] -- Up-to-date: /home/inauenma/git/mecheye_ros2_interface/install/mecheye_ros_interface/include/mecheye_ros_interface/mecheye_ros_interface/srv/set_float_parameter.h
[10.945s] -- Up-to-date: /home/inauenma/git/mecheye_ros2_interface/install/mecheye_ros_interface/include/mecheye_ros_interface/mecheye_ros_interface/srv/device_info.h
[10.945s] -- Up-to-date: /home/inauenma/git/mecheye_ros2_interface/install/mecheye_ros_interface/include/mecheye_ros_interface/mecheye_ros_interface/srv/capture_color_image.h
[10.946s] -- Up-to-date: /home/inauenma/git/mecheye_ros2_interface/install/mecheye_ros_interface/include/mecheye_ros_interface/mecheye_ros_interface/srv/get_int_parameter.h
[10.946s] -- Up-to-date: /home/inauenma/git/mecheye_ros2_interface/install/mecheye_ros_interface/include/mecheye_ros_interface/mecheye_ros_interface/srv/get_float_parameter.h
[10.946s] -- Up-to-date: /home/inauenma/git/mecheye_ros2_interface/install/mecheye_ros_interface/include/mecheye_ros_interface/mecheye_ros_interface/srv/get_range_parameter.h
[10.946s] -- Up-to-date: /home/inauenma/git/mecheye_ros2_interface/install/mecheye_ros_interface/include/mecheye_ros_interface/mecheye_ros_interface/srv/set_bool_parameter.h
[10.946s] -- Up-to-date: /home/inauenma/git/mecheye_ros2_interface/install/mecheye_ros_interface/include/mecheye_ros_interface/mecheye_ros_interface/srv/get_bool_parameter.h
[10.946s] -- Up-to-date: /home/inauenma/git/mecheye_ros2_interface/install/mecheye_ros_interface/include/mecheye_ros_interface/mecheye_ros_interface/srv/get_roi_parameter.h
[10.947s] -- Up-to-date: /home/inauenma/git/mecheye_ros2_interface/install/mecheye_ros_interface/include/mecheye_ros_interface/mecheye_ros_interface/srv/delete_user_set.h
[10.947s] -- Up-to-date: /home/inauenma/git/mecheye_ros2_interface/install/mecheye_ros_interface/include/mecheye_ros_interface/mecheye_ros_interface/srv/get_all_user_sets.h
[10.948s] -- Up-to-date: /home/inauenma/git/mecheye_ros2_interface/install/mecheye_ros_interface/include/mecheye_ros_interface/mecheye_ros_interface/srv/detail
[10.948s] -- Up-to-date: /home/inauenma/git/mecheye_ros2_interface/install/mecheye_ros_interface/include/mecheye_ros_interface/mecheye_ros_interface/srv/detail/get_current_user_set__functions.c
[10.949s] -- Up-to-date: /home/inauenma/git/mecheye_ros2_interface/install/mecheye_ros_interface/include/mecheye_ros_interface/mecheye_ros_interface/srv/detail/get_current_user_set__struct.h
[10.951s] -- Up-to-date: /home/inauenma/git/mecheye_ros2_interface/install/mecheye_ros_interface/include/mecheye_ros_interface/mecheye_ros_interface/srv/detail/get_roi_parameter__functions.c
[10.952s] -- Up-to-date: /home/inauenma/git/mecheye_ros2_interface/install/mecheye_ros_interface/include/mecheye_ros_interface/mecheye_ros_interface/srv/detail/get_int_parameter__type_support.h
[10.952s] -- Installing: /home/inauenma/git/mecheye_ros2_interface/install/mecheye_ros_interface/include/mecheye_ros_interface/mecheye_ros_interface/srv/detail/capture_depth_map__type_support.c
[10.953s] -- Up-to-date: /home/inauenma/git/mecheye_ros2_interface/install/mecheye_ros_interface/include/mecheye_ros_interface/mecheye_ros_interface/srv/detail/capture_textured_point_cloud__type_support.h
[10.953s] -- Up-to-date: /home/inauenma/git/mecheye_ros2_interface/install/mecheye_ros_interface/include/mecheye_ros_interface/mecheye_ros_interface/srv/detail/set_current_user_set__description.c
[10.953s] -- Up-to-date: /home/inauenma/git/mecheye_ros2_interface/install/mecheye_ros_interface/include/mecheye_ros_interface/mecheye_ros_interface/srv/detail/get_float_array_parameter__struct.h
[10.953s] -- Up-to-date: /home/inauenma/git/mecheye_ros2_interface/install/mecheye_ros_interface/include/mecheye_ros_interface/mecheye_ros_interface/srv/detail/capture_color_image__functions.c
[10.953s] -- Up-to-date: /home/inauenma/git/mecheye_ros2_interface/install/mecheye_ros_interface/include/mecheye_ros_interface/mecheye_ros_interface/srv/detail/save_all_settings_to_user_sets__struct.h
[10.953s] -- Installing: /home/inauenma/git/mecheye_ros2_interface/install/mecheye_ros_interface/include/mecheye_ros_interface/mecheye_ros_interface/srv/detail/set_range_parameter__type_support.c
[10.953s] -- Up-to-date: /home/inauenma/git/mecheye_ros2_interface/install/mecheye_ros_interface/include/mecheye_ros_interface/mecheye_ros_interface/srv/detail/set_enum_parameter__functions.h
[10.953s] -- Up-to-date: /home/inauenma/git/mecheye_ros2_interface/install/mecheye_ros_interface/include/mecheye_ros_interface/mecheye_ros_interface/srv/detail/get_roi_parameter__description.c
[10.954s] -- Up-to-date: /home/inauenma/git/mecheye_ros2_interface/install/mecheye_ros_interface/include/mecheye_ros_interface/mecheye_ros_interface/srv/detail/set_range_parameter__description.c
[10.954s] -- Installing: /home/inauenma/git/mecheye_ros2_interface/install/mecheye_ros_interface/include/mecheye_ros_interface/mecheye_ros_interface/srv/detail/get_int_parameter__type_support.c
[10.954s] -- Installing: /home/inauenma/git/mecheye_ros2_interface/install/mecheye_ros_interface/include/mecheye_ros_interface/mecheye_ros_interface/srv/detail/set_enum_parameter__type_support.c
[10.954s] -- Up-to-date: /home/inauenma/git/mecheye_ros2_interface/install/mecheye_ros_interface/include/mecheye_ros_interface/mecheye_ros_interface/srv/detail/capture_color_image__type_support.h
[10.954s] -- Up-to-date: /home/inauenma/git/mecheye_ros2_interface/install/mecheye_ros_interface/include/mecheye_ros_interface/mecheye_ros_interface/srv/detail/capture_stereo_color_images__struct.h
[10.955s] -- Installing: /home/inauenma/git/mecheye_ros2_interface/install/mecheye_ros_interface/include/mecheye_ros_interface/mecheye_ros_interface/srv/detail/get_enum_parameter__type_support.c
[10.955s] -- Installing: /home/inauenma/git/mecheye_ros2_interface/install/mecheye_ros_interface/include/mecheye_ros_interface/mecheye_ros_interface/srv/detail/get_current_user_set__type_support.c
[10.955s] -- Installing: /home/inauenma/git/mecheye_ros2_interface/install/mecheye_ros_interface/include/mecheye_ros_interface/mecheye_ros_interface/srv/detail/capture_textured_point_cloud__type_support.c
[10.956s] -- Up-to-date: /home/inauenma/git/mecheye_ros2_interface/install/mecheye_ros_interface/include/mecheye_ros_interface/mecheye_ros_interface/srv/detail/set_float_parameter__struct.h
[10.956s] -- Installing: /home/inauenma/git/mecheye_ros2_interface/install/mecheye_ros_interface/include/mecheye_ros_interface/mecheye_ros_interface/srv/detail/device_info__type_support.c
[10.956s] -- Up-to-date: /home/inauenma/git/mecheye_ros2_interface/install/mecheye_ros_interface/include/mecheye_ros_interface/mecheye_ros_interface/srv/detail/set_float_array_parameter__functions.c
[10.956s] -- Up-to-date: /home/inauenma/git/mecheye_ros2_interface/install/mecheye_ros_interface/include/mecheye_ros_interface/mecheye_ros_interface/srv/detail/get_float_parameter__struct.h
[10.956s] -- Up-to-date: /home/inauenma/git/mecheye_ros2_interface/install/mecheye_ros_interface/include/mecheye_ros_interface/mecheye_ros_interface/srv/detail/get_bool_parameter__type_support.h
[10.957s] -- Up-to-date: /home/inauenma/git/mecheye_ros2_interface/install/mecheye_ros_interface/include/mecheye_ros_interface/mecheye_ros_interface/srv/detail/capture_stereo_color_images__functions.h
[10.957s] -- Up-to-date: /home/inauenma/git/mecheye_ros2_interface/install/mecheye_ros_interface/include/mecheye_ros_interface/mecheye_ros_interface/srv/detail/delete_user_set__description.c
[10.957s] -- Up-to-date: /home/inauenma/git/mecheye_ros2_interface/install/mecheye_ros_interface/include/mecheye_ros_interface/mecheye_ros_interface/srv/detail/set_roi_parameter__type_support.h
[10.957s] -- Up-to-date: /home/inauenma/git/mecheye_ros2_interface/install/mecheye_ros_interface/include/mecheye_ros_interface/mecheye_ros_interface/srv/detail/get_int_parameter__functions.h
[10.957s] -- Up-to-date: /home/inauenma/git/mecheye_ros2_interface/install/mecheye_ros_interface/include/mecheye_ros_interface/mecheye_ros_interface/srv/detail/get_float_array_parameter__functions.h
[10.957s] -- Up-to-date: /home/inauenma/git/mecheye_ros2_interface/install/mecheye_ros_interface/include/mecheye_ros_interface/mecheye_ros_interface/srv/detail/get_enum_parameter__functions.h
[10.957s] -- Up-to-date: /home/inauenma/git/mecheye_ros2_interface/install/mecheye_ros_interface/include/mecheye_ros_interface/mecheye_ros_interface/srv/detail/get_bool_parameter__functions.h
[10.957s] -- Up-to-date: /home/inauenma/git/mecheye_ros2_interface/install/mecheye_ros_interface/include/mecheye_ros_interface/mecheye_ros_interface/srv/detail/get_float_parameter__description.c
[10.957s] -- Up-to-date: /home/inauenma/git/mecheye_ros2_interface/install/mecheye_ros_interface/include/mecheye_ros_interface/mecheye_ros_interface/srv/detail/set_bool_parameter__functions.h
[10.957s] -- Up-to-date: /home/inauenma/git/mecheye_ros2_interface/install/mecheye_ros_interface/include/mecheye_ros_interface/mecheye_ros_interface/srv/detail/get_roi_parameter__functions.h
[10.958s] -- Up-to-date: /home/inauenma/git/mecheye_ros2_interface/install/mecheye_ros_interface/include/mecheye_ros_interface/mecheye_ros_interface/srv/detail/get_enum_parameter__functions.c
[10.958s] -- Up-to-date: /home/inauenma/git/mecheye_ros2_interface/install/mecheye_ros_interface/include/mecheye_ros_interface/mecheye_ros_interface/srv/detail/set_enum_parameter__description.c
[10.958s] -- Up-to-date: /home/inauenma/git/mecheye_ros2_interface/install/mecheye_ros_interface/include/mecheye_ros_interface/mecheye_ros_interface/srv/detail/save_all_settings_to_user_sets__functions.h
[10.958s] -- Up-to-date: /home/inauenma/git/mecheye_ros2_interface/install/mecheye_ros_interface/include/mecheye_ros_interface/mecheye_ros_interface/srv/detail/device_info__type_support.h
[10.958s] -- Installing: /home/inauenma/git/mecheye_ros2_interface/install/mecheye_ros_interface/include/mecheye_ros_interface/mecheye_ros_interface/srv/detail/get_all_user_sets__type_support.c
[10.958s] -- Up-to-date: /home/inauenma/git/mecheye_ros2_interface/install/mecheye_ros_interface/include/mecheye_ros_interface/mecheye_ros_interface/srv/detail/set_range_parameter__type_support.h
[10.959s] -- Up-to-date: /home/inauenma/git/mecheye_ros2_interface/install/mecheye_ros_interface/include/mecheye_ros_interface/mecheye_ros_interface/srv/detail/set_bool_parameter__type_support.h
[10.959s] -- Up-to-date: /home/inauenma/git/mecheye_ros2_interface/install/mecheye_ros_interface/include/mecheye_ros_interface/mecheye_ros_interface/srv/detail/set_current_user_set__functions.h
[10.959s] -- Up-to-date: /home/inauenma/git/mecheye_ros2_interface/install/mecheye_ros_interface/include/mecheye_ros_interface/mecheye_ros_interface/srv/detail/set_int_parameter__functions.c
[10.959s] -- Up-to-date: /home/inauenma/git/mecheye_ros2_interface/install/mecheye_ros_interface/include/mecheye_ros_interface/mecheye_ros_interface/srv/detail/get_float_array_parameter__description.c
[10.959s] -- Up-to-date: /home/inauenma/git/mecheye_ros2_interface/install/mecheye_ros_interface/include/mecheye_ros_interface/mecheye_ros_interface/srv/detail/set_current_user_set__struct.h
[10.959s] -- Up-to-date: /home/inauenma/git/mecheye_ros2_interface/install/mecheye_ros_interface/include/mecheye_ros_interface/mecheye_ros_interface/srv/detail/set_range_parameter__functions.h
[10.960s] -- Up-to-date: /home/inauenma/git/mecheye_ros2_interface/install/mecheye_ros_interface/include/mecheye_ros_interface/mecheye_ros_interface/srv/detail/capture_color_image__functions.h
[10.960s] -- Installing: /home/inauenma/git/mecheye_ros2_interface/install/mecheye_ros_interface/include/mecheye_ros_interface/mecheye_ros_interface/srv/detail/add_user_set__type_support.c
[10.960s] -- Up-to-date: /home/inauenma/git/mecheye_ros2_interface/install/mecheye_ros_interface/include/mecheye_ros_interface/mecheye_ros_interface/srv/detail/set_int_parameter__struct.h
[10.960s] -- Up-to-date: /home/inauenma/git/mecheye_ros2_interface/install/mecheye_ros_interface/include/mecheye_ros_interface/mecheye_ros_interface/srv/detail/capture_point_cloud__functions.h
[10.961s] -- Up-to-date: /home/inauenma/git/mecheye_ros2_interface/install/mecheye_ros_interface/include/mecheye_ros_interface/mecheye_ros_interface/srv/detail/set_roi_parameter__description.c
[10.961s] -- Up-to-date: /home/inauenma/git/mecheye_ros2_interface/install/mecheye_ros_interface/include/mecheye_ros_interface/mecheye_ros_interface/srv/detail/capture_stereo_color_images__type_support.h
[10.961s] -- Up-to-date: /home/inauenma/git/mecheye_ros2_interface/install/mecheye_ros_interface/include/mecheye_ros_interface/mecheye_ros_interface/srv/detail/set_float_array_parameter__struct.h
[10.961s] -- Installing: /home/inauenma/git/mecheye_ros2_interface/install/mecheye_ros_interface/include/mecheye_ros_interface/mecheye_ros_interface/srv/detail/capture_color_image__type_support.c
[10.961s] -- Up-to-date: /home/inauenma/git/mecheye_ros2_interface/install/mecheye_ros_interface/include/mecheye_ros_interface/mecheye_ros_interface/srv/detail/get_enum_parameter__struct.h
[10.961s] -- Up-to-date: /home/inauenma/git/mecheye_ros2_interface/install/mecheye_ros_interface/include/mecheye_ros_interface/mecheye_ros_interface/srv/detail/set_roi_parameter__functions.h
[10.961s] -- Up-to-date: /home/inauenma/git/mecheye_ros2_interface/install/mecheye_ros_interface/include/mecheye_ros_interface/mecheye_ros_interface/srv/detail/get_bool_parameter__description.c
[10.962s] -- Up-to-date: /home/inauenma/git/mecheye_ros2_interface/install/mecheye_ros_interface/include/mecheye_ros_interface/mecheye_ros_interface/srv/detail/get_int_parameter__struct.h
[10.962s] -- Up-to-date: /home/inauenma/git/mecheye_ros2_interface/install/mecheye_ros_interface/include/mecheye_ros_interface/mecheye_ros_interface/srv/detail/set_float_array_parameter__functions.h
[10.962s] -- Up-to-date: /home/inauenma/git/mecheye_ros2_interface/install/mecheye_ros_interface/include/mecheye_ros_interface/mecheye_ros_interface/srv/detail/device_info__description.c
[10.962s] -- Up-to-date: /home/inauenma/git/mecheye_ros2_interface/install/mecheye_ros_interface/include/mecheye_ros_interface/mecheye_ros_interface/srv/detail/delete_user_set__functions.c
[10.962s] -- Installing: /home/inauenma/git/mecheye_ros2_interface/install/mecheye_ros_interface/include/mecheye_ros_interface/mecheye_ros_interface/srv/detail/set_int_parameter__type_support.c
[10.962s] -- Up-to-date: /home/inauenma/git/mecheye_ros2_interface/install/mecheye_ros_interface/include/mecheye_ros_interface/mecheye_ros_interface/srv/detail/device_info__functions.c
[10.962s] -- Installing: /home/inauenma/git/mecheye_ros2_interface/install/mecheye_ros_interface/include/mecheye_ros_interface/mecheye_ros_interface/srv/detail/get_bool_parameter__type_support.c
[10.963s] -- Up-to-date: /home/inauenma/git/mecheye_ros2_interface/install/mecheye_ros_interface/include/mecheye_ros_interface/mecheye_ros_interface/srv/detail/set_enum_parameter__struct.h
[10.963s] -- Up-to-date: /home/inauenma/git/mecheye_ros2_interface/install/mecheye_ros_interface/include/mecheye_ros_interface/mecheye_ros_interface/srv/detail/set_int_parameter__type_support.h
[10.963s] -- Up-to-date: /home/inauenma/git/mecheye_ros2_interface/install/mecheye_ros_interface/include/mecheye_ros_interface/mecheye_ros_interface/srv/detail/save_all_settings_to_user_sets__functions.c
[10.963s] -- Up-to-date: /home/inauenma/git/mecheye_ros2_interface/install/mecheye_ros_interface/include/mecheye_ros_interface/mecheye_ros_interface/srv/detail/get_current_user_set__type_support.h
[10.963s] -- Up-to-date: /home/inauenma/git/mecheye_ros2_interface/install/mecheye_ros_interface/include/mecheye_ros_interface/mecheye_ros_interface/srv/detail/get_bool_parameter__struct.h
[10.963s] -- Up-to-date: /home/inauenma/git/mecheye_ros2_interface/install/mecheye_ros_interface/include/mecheye_ros_interface/mecheye_ros_interface/srv/detail/set_float_parameter__type_support.h
[10.963s] -- Up-to-date: /home/inauenma/git/mecheye_ros2_interface/install/mecheye_ros_interface/include/mecheye_ros_interface/mecheye_ros_interface/srv/detail/set_float_parameter__functions.c
[10.963s] -- Installing: /home/inauenma/git/mecheye_ros2_interface/install/mecheye_ros_interface/include/mecheye_ros_interface/mecheye_ros_interface/srv/detail/get_float_array_parameter__type_support.c
[10.964s] -- Up-to-date: /home/inauenma/git/mecheye_ros2_interface/install/mecheye_ros_interface/include/mecheye_ros_interface/mecheye_ros_interface/srv/detail/capture_textured_point_cloud__functions.h
[10.964s] -- Up-to-date: /home/inauenma/git/mecheye_ros2_interface/install/mecheye_ros_interface/include/mecheye_ros_interface/mecheye_ros_interface/srv/detail/save_all_settings_to_user_sets__description.c
[10.964s] -- Up-to-date: /home/inauenma/git/mecheye_ros2_interface/install/mecheye_ros_interface/include/mecheye_ros_interface/mecheye_ros_interface/srv/detail/set_range_parameter__functions.c
[10.964s] -- Up-to-date: /home/inauenma/git/mecheye_ros2_interface/install/mecheye_ros_interface/include/mecheye_ros_interface/mecheye_ros_interface/srv/detail/get_current_user_set__description.c
[10.964s] -- Up-to-date: /home/inauenma/git/mecheye_ros2_interface/install/mecheye_ros_interface/include/mecheye_ros_interface/mecheye_ros_interface/srv/detail/capture_color_image__struct.h
[10.964s] -- Up-to-date: /home/inauenma/git/mecheye_ros2_interface/install/mecheye_ros_interface/include/mecheye_ros_interface/mecheye_ros_interface/srv/detail/add_user_set__functions.c
[10.965s] -- Up-to-date: /home/inauenma/git/mecheye_ros2_interface/install/mecheye_ros_interface/include/mecheye_ros_interface/mecheye_ros_interface/srv/detail/set_bool_parameter__functions.c
[10.965s] -- Up-to-date: /home/inauenma/git/mecheye_ros2_interface/install/mecheye_ros_interface/include/mecheye_ros_interface/mecheye_ros_interface/srv/detail/set_enum_parameter__type_support.h
[10.966s] -- Up-to-date: /home/inauenma/git/mecheye_ros2_interface/install/mecheye_ros_interface/include/mecheye_ros_interface/mecheye_ros_interface/srv/detail/device_info__functions.h
[10.966s] -- Up-to-date: /home/inauenma/git/mecheye_ros2_interface/install/mecheye_ros_interface/include/mecheye_ros_interface/mecheye_ros_interface/srv/detail/get_enum_parameter__description.c
[10.966s] -- Up-to-date: /home/inauenma/git/mecheye_ros2_interface/install/mecheye_ros_interface/include/mecheye_ros_interface/mecheye_ros_interface/srv/detail/set_bool_parameter__description.c
[10.966s] -- Up-to-date: /home/inauenma/git/mecheye_ros2_interface/install/mecheye_ros_interface/include/mecheye_ros_interface/mecheye_ros_interface/srv/detail/get_bool_parameter__functions.c
[10.966s] -- Installing: /home/inauenma/git/mecheye_ros2_interface/install/mecheye_ros_interface/include/mecheye_ros_interface/mecheye_ros_interface/srv/detail/get_roi_parameter__type_support.c
[10.966s] -- Up-to-date: /home/inauenma/git/mecheye_ros2_interface/install/mecheye_ros_interface/include/mecheye_ros_interface/mecheye_ros_interface/srv/detail/capture_point_cloud__functions.c
[10.966s] -- Up-to-date: /home/inauenma/git/mecheye_ros2_interface/install/mecheye_ros_interface/include/mecheye_ros_interface/mecheye_ros_interface/srv/detail/capture_textured_point_cloud__description.c
[10.966s] -- Up-to-date: /home/inauenma/git/mecheye_ros2_interface/install/mecheye_ros_interface/include/mecheye_ros_interface/mecheye_ros_interface/srv/detail/get_all_user_sets__type_support.h
[10.966s] -- Installing: /home/inauenma/git/mecheye_ros2_interface/install/mecheye_ros_interface/include/mecheye_ros_interface/mecheye_ros_interface/srv/detail/set_bool_parameter__type_support.c
[10.966s] -- Installing: /home/inauenma/git/mecheye_ros2_interface/install/mecheye_ros_interface/include/mecheye_ros_interface/mecheye_ros_interface/srv/detail/save_all_settings_to_user_sets__type_support.c
[10.966s] -- Up-to-date: /home/inauenma/git/mecheye_ros2_interface/install/mecheye_ros_interface/include/mecheye_ros_interface/mecheye_ros_interface/srv/detail/capture_depth_map__description.c
[10.966s] -- Up-to-date: /home/inauenma/git/mecheye_ros2_interface/install/mecheye_ros_interface/include/mecheye_ros_interface/mecheye_ros_interface/srv/detail/capture_color_image__description.c
[10.966s] -- Up-to-date: /home/inauenma/git/mecheye_ros2_interface/install/mecheye_ros_interface/include/mecheye_ros_interface/mecheye_ros_interface/srv/detail/get_range_parameter__description.c
[10.966s] -- Up-to-date: /home/inauenma/git/mecheye_ros2_interface/install/mecheye_ros_interface/include/mecheye_ros_interface/mecheye_ros_interface/srv/detail/set_float_parameter__description.c
[10.967s] -- Up-to-date: /home/inauenma/git/mecheye_ros2_interface/install/mecheye_ros_interface/include/mecheye_ros_interface/mecheye_ros_interface/srv/detail/capture_stereo_color_images__functions.c
[10.967s] -- Up-to-date: /home/inauenma/git/mecheye_ros2_interface/install/mecheye_ros_interface/include/mecheye_ros_interface/mecheye_ros_interface/srv/detail/save_all_settings_to_user_sets__type_support.h
[10.967s] -- Up-to-date: /home/inauenma/git/mecheye_ros2_interface/install/mecheye_ros_interface/include/mecheye_ros_interface/mecheye_ros_interface/srv/detail/get_roi_parameter__type_support.h
[10.967s] -- Up-to-date: /home/inauenma/git/mecheye_ros2_interface/install/mecheye_ros_interface/include/mecheye_ros_interface/mecheye_ros_interface/srv/detail/set_int_parameter__functions.h
[10.967s] -- Up-to-date: /home/inauenma/git/mecheye_ros2_interface/install/mecheye_ros_interface/include/mecheye_ros_interface/mecheye_ros_interface/srv/detail/capture_textured_point_cloud__functions.c
[10.967s] -- Installing: /home/inauenma/git/mecheye_ros2_interface/install/mecheye_ros_interface/include/mecheye_ros_interface/mecheye_ros_interface/srv/detail/capture_point_cloud__type_support.c
[10.967s] -- Up-to-date: /home/inauenma/git/mecheye_ros2_interface/install/mecheye_ros_interface/include/mecheye_ros_interface/mecheye_ros_interface/srv/detail/get_float_parameter__type_support.h
[10.967s] -- Up-to-date: /home/inauenma/git/mecheye_ros2_interface/install/mecheye_ros_interface/include/mecheye_ros_interface/mecheye_ros_interface/srv/detail/get_float_array_parameter__type_support.h
[10.967s] -- Up-to-date: /home/inauenma/git/mecheye_ros2_interface/install/mecheye_ros_interface/include/mecheye_ros_interface/mecheye_ros_interface/srv/detail/device_info__struct.h
[10.967s] -- Up-to-date: /home/inauenma/git/mecheye_ros2_interface/install/mecheye_ros_interface/include/mecheye_ros_interface/mecheye_ros_interface/srv/detail/add_user_set__description.c
[10.967s] -- Up-to-date: /home/inauenma/git/mecheye_ros2_interface/install/mecheye_ros_interface/include/mecheye_ros_interface/mecheye_ros_interface/srv/detail/get_all_user_sets__description.c
[10.967s] -- Up-to-date: /home/inauenma/git/mecheye_ros2_interface/install/mecheye_ros_interface/include/mecheye_ros_interface/mecheye_ros_interface/srv/detail/get_float_parameter__functions.c
[10.967s] -- Up-to-date: /home/inauenma/git/mecheye_ros2_interface/install/mecheye_ros_interface/include/mecheye_ros_interface/mecheye_ros_interface/srv/detail/get_range_parameter__type_support.h
[10.967s] -- Up-to-date: /home/inauenma/git/mecheye_ros2_interface/install/mecheye_ros_interface/include/mecheye_ros_interface/mecheye_ros_interface/srv/detail/set_float_parameter__functions.h
[10.967s] -- Installing: /home/inauenma/git/mecheye_ros2_interface/install/mecheye_ros_interface/include/mecheye_ros_interface/mecheye_ros_interface/srv/detail/set_roi_parameter__type_support.c
[10.967s] -- Up-to-date: /home/inauenma/git/mecheye_ros2_interface/install/mecheye_ros_interface/include/mecheye_ros_interface/mecheye_ros_interface/srv/detail/get_all_user_sets__functions.h
[10.968s] -- Up-to-date: /home/inauenma/git/mecheye_ros2_interface/install/mecheye_ros_interface/include/mecheye_ros_interface/mecheye_ros_interface/srv/detail/get_all_user_sets__functions.c
[10.968s] -- Up-to-date: /home/inauenma/git/mecheye_ros2_interface/install/mecheye_ros_interface/include/mecheye_ros_interface/mecheye_ros_interface/srv/detail/capture_depth_map__type_support.h
[10.968s] -- Up-to-date: /home/inauenma/git/mecheye_ros2_interface/install/mecheye_ros_interface/include/mecheye_ros_interface/mecheye_ros_interface/srv/detail/get_range_parameter__functions.h
[10.968s] -- Up-to-date: /home/inauenma/git/mecheye_ros2_interface/install/mecheye_ros_interface/include/mecheye_ros_interface/mecheye_ros_interface/srv/detail/capture_point_cloud__description.c
[10.968s] -- Installing: /home/inauenma/git/mecheye_ros2_interface/install/mecheye_ros_interface/include/mecheye_ros_interface/mecheye_ros_interface/srv/detail/set_current_user_set__type_support.c
[10.968s] -- Up-to-date: /home/inauenma/git/mecheye_ros2_interface/install/mecheye_ros_interface/include/mecheye_ros_interface/mecheye_ros_interface/srv/detail/get_int_parameter__description.c
[10.968s] -- Up-to-date: /home/inauenma/git/mecheye_ros2_interface/install/mecheye_ros_interface/include/mecheye_ros_interface/mecheye_ros_interface/srv/detail/capture_depth_map__functions.h
[10.968s] -- Up-to-date: /home/inauenma/git/mecheye_ros2_interface/install/mecheye_ros_interface/include/mecheye_ros_interface/mecheye_ros_interface/srv/detail/capture_point_cloud__struct.h
[10.968s] -- Up-to-date: /home/inauenma/git/mecheye_ros2_interface/install/mecheye_ros_interface/include/mecheye_ros_interface/mecheye_ros_interface/srv/detail/get_enum_parameter__type_support.h
[10.968s] -- Up-to-date: /home/inauenma/git/mecheye_ros2_interface/install/mecheye_ros_interface/include/mecheye_ros_interface/mecheye_ros_interface/srv/detail/get_float_parameter__functions.h
[10.968s] -- Installing: /home/inauenma/git/mecheye_ros2_interface/install/mecheye_ros_interface/include/mecheye_ros_interface/mecheye_ros_interface/srv/detail/get_range_parameter__type_support.c
[10.968s] -- Up-to-date: /home/inauenma/git/mecheye_ros2_interface/install/mecheye_ros_interface/include/mecheye_ros_interface/mecheye_ros_interface/srv/detail/delete_user_set__struct.h
[10.968s] -- Up-to-date: /home/inauenma/git/mecheye_ros2_interface/install/mecheye_ros_interface/include/mecheye_ros_interface/mecheye_ros_interface/srv/detail/capture_depth_map__functions.c
[10.968s] -- Up-to-date: /home/inauenma/git/mecheye_ros2_interface/install/mecheye_ros_interface/include/mecheye_ros_interface/mecheye_ros_interface/srv/detail/capture_textured_point_cloud__struct.h
[10.968s] -- Up-to-date: /home/inauenma/git/mecheye_ros2_interface/install/mecheye_ros_interface/include/mecheye_ros_interface/mecheye_ros_interface/srv/detail/get_range_parameter__struct.h
[10.968s] -- Up-to-date: /home/inauenma/git/mecheye_ros2_interface/install/mecheye_ros_interface/include/mecheye_ros_interface/mecheye_ros_interface/srv/detail/get_roi_parameter__struct.h
[10.968s] -- Up-to-date: /home/inauenma/git/mecheye_ros2_interface/install/mecheye_ros_interface/include/mecheye_ros_interface/mecheye_ros_interface/srv/detail/capture_stereo_color_images__description.c
[10.968s] -- Up-to-date: /home/inauenma/git/mecheye_ros2_interface/install/mecheye_ros_interface/include/mecheye_ros_interface/mecheye_ros_interface/srv/detail/add_user_set__functions.h
[10.968s] -- Up-to-date: /home/inauenma/git/mecheye_ros2_interface/install/mecheye_ros_interface/include/mecheye_ros_interface/mecheye_ros_interface/srv/detail/delete_user_set__type_support.h
[10.968s] -- Up-to-date: /home/inauenma/git/mecheye_ros2_interface/install/mecheye_ros_interface/include/mecheye_ros_interface/mecheye_ros_interface/srv/detail/get_int_parameter__functions.c
[10.968s] -- Up-to-date: /home/inauenma/git/mecheye_ros2_interface/install/mecheye_ros_interface/include/mecheye_ros_interface/mecheye_ros_interface/srv/detail/set_roi_parameter__functions.c
[10.968s] -- Up-to-date: /home/inauenma/git/mecheye_ros2_interface/install/mecheye_ros_interface/include/mecheye_ros_interface/mecheye_ros_interface/srv/detail/get_all_user_sets__struct.h
[10.968s] -- Installing: /home/inauenma/git/mecheye_ros2_interface/install/mecheye_ros_interface/include/mecheye_ros_interface/mecheye_ros_interface/srv/detail/get_float_parameter__type_support.c
[10.968s] -- Up-to-date: /home/inauenma/git/mecheye_ros2_interface/install/mecheye_ros_interface/include/mecheye_ros_interface/mecheye_ros_interface/srv/detail/set_float_array_parameter__description.c
[10.968s] -- Up-to-date: /home/inauenma/git/mecheye_ros2_interface/install/mecheye_ros_interface/include/mecheye_ros_interface/mecheye_ros_interface/srv/detail/set_int_parameter__description.c
[10.968s] -- Installing: /home/inauenma/git/mecheye_ros2_interface/install/mecheye_ros_interface/include/mecheye_ros_interface/mecheye_ros_interface/srv/detail/capture_stereo_color_images__type_support.c
[10.968s] -- Installing: /home/inauenma/git/mecheye_ros2_interface/install/mecheye_ros_interface/include/mecheye_ros_interface/mecheye_ros_interface/srv/detail/set_float_array_parameter__type_support.c
[10.968s] -- Up-to-date: /home/inauenma/git/mecheye_ros2_interface/install/mecheye_ros_interface/include/mecheye_ros_interface/mecheye_ros_interface/srv/detail/set_roi_parameter__struct.h
[10.968s] -- Up-to-date: /home/inauenma/git/mecheye_ros2_interface/install/mecheye_ros_interface/include/mecheye_ros_interface/mecheye_ros_interface/srv/detail/get_float_array_parameter__functions.c
[10.968s] -- Up-to-date: /home/inauenma/git/mecheye_ros2_interface/install/mecheye_ros_interface/include/mecheye_ros_interface/mecheye_ros_interface/srv/detail/add_user_set__type_support.h
[10.969s] -- Up-to-date: /home/inauenma/git/mecheye_ros2_interface/install/mecheye_ros_interface/include/mecheye_ros_interface/mecheye_ros_interface/srv/detail/set_current_user_set__type_support.h
[10.969s] -- Up-to-date: /home/inauenma/git/mecheye_ros2_interface/install/mecheye_ros_interface/include/mecheye_ros_interface/mecheye_ros_interface/srv/detail/add_user_set__struct.h
[10.969s] -- Installing: /home/inauenma/git/mecheye_ros2_interface/install/mecheye_ros_interface/include/mecheye_ros_interface/mecheye_ros_interface/srv/detail/delete_user_set__type_support.c
[10.969s] -- Up-to-date: /home/inauenma/git/mecheye_ros2_interface/install/mecheye_ros_interface/include/mecheye_ros_interface/mecheye_ros_interface/srv/detail/delete_user_set__functions.h
[10.969s] -- Up-to-date: /home/inauenma/git/mecheye_ros2_interface/install/mecheye_ros_interface/include/mecheye_ros_interface/mecheye_ros_interface/srv/detail/set_range_parameter__struct.h
[10.969s] -- Up-to-date: /home/inauenma/git/mecheye_ros2_interface/install/mecheye_ros_interface/include/mecheye_ros_interface/mecheye_ros_interface/srv/detail/set_current_user_set__functions.c
[10.969s] -- Up-to-date: /home/inauenma/git/mecheye_ros2_interface/install/mecheye_ros_interface/include/mecheye_ros_interface/mecheye_ros_interface/srv/detail/get_range_parameter__functions.c
[10.969s] -- Up-to-date: /home/inauenma/git/mecheye_ros2_interface/install/mecheye_ros_interface/include/mecheye_ros_interface/mecheye_ros_interface/srv/detail/set_enum_parameter__functions.c
[10.969s] -- Up-to-date: /home/inauenma/git/mecheye_ros2_interface/install/mecheye_ros_interface/include/mecheye_ros_interface/mecheye_ros_interface/srv/detail/set_bool_parameter__struct.h
[10.969s] -- Up-to-date: /home/inauenma/git/mecheye_ros2_interface/install/mecheye_ros_interface/include/mecheye_ros_interface/mecheye_ros_interface/srv/detail/capture_depth_map__struct.h
[10.969s] -- Up-to-date: /home/inauenma/git/mecheye_ros2_interface/install/mecheye_ros_interface/include/mecheye_ros_interface/mecheye_ros_interface/srv/detail/set_float_array_parameter__type_support.h
[10.969s] -- Up-to-date: /home/inauenma/git/mecheye_ros2_interface/install/mecheye_ros_interface/include/mecheye_ros_interface/mecheye_ros_interface/srv/detail/get_current_user_set__functions.h
[10.969s] -- Up-to-date: /home/inauenma/git/mecheye_ros2_interface/install/mecheye_ros_interface/include/mecheye_ros_interface/mecheye_ros_interface/srv/detail/capture_point_cloud__type_support.h
[10.969s] -- Installing: /home/inauenma/git/mecheye_ros2_interface/install/mecheye_ros_interface/include/mecheye_ros_interface/mecheye_ros_interface/srv/detail/set_float_parameter__type_support.c
[10.969s] -- Up-to-date: /home/inauenma/git/mecheye_ros2_interface/install/mecheye_ros_interface/include/mecheye_ros_interface/mecheye_ros_interface/srv/capture_stereo_color_images.h
[10.969s] -- Up-to-date: /home/inauenma/git/mecheye_ros2_interface/install/mecheye_ros_interface/include/mecheye_ros_interface/mecheye_ros_interface/srv/add_user_set.h
[10.969s] -- Up-to-date: /home/inauenma/git/mecheye_ros2_interface/install/mecheye_ros_interface/include/mecheye_ros_interface/mecheye_ros_interface/srv/set_enum_parameter.h
[10.969s] -- Up-to-date: /home/inauenma/git/mecheye_ros2_interface/install/mecheye_ros_interface/include/mecheye_ros_interface/mecheye_ros_interface/msg
[10.969s] -- Up-to-date: /home/inauenma/git/mecheye_ros2_interface/install/mecheye_ros_interface/include/mecheye_ros_interface/mecheye_ros_interface/msg/rosidl_generator_c__visibility_control.h
[10.969s] -- Up-to-date: /home/inauenma/git/mecheye_ros2_interface/install/mecheye_ros_interface/share/mecheye_ros_interface/environment/library_path.sh
[10.969s] -- Up-to-date: /home/inauenma/git/mecheye_ros2_interface/install/mecheye_ros_interface/share/mecheye_ros_interface/environment/library_path.dsv
[10.969s] -- Up-to-date: /home/inauenma/git/mecheye_ros2_interface/install/mecheye_ros_interface/lib/libmecheye_ros_interface__rosidl_generator_c.so
[10.969s] -- Up-to-date: /home/inauenma/git/mecheye_ros2_interface/install/mecheye_ros_interface/include/mecheye_ros_interface/mecheye_ros_interface
[10.969s] -- Up-to-date: /home/inauenma/git/mecheye_ros2_interface/install/mecheye_ros_interface/include/mecheye_ros_interface/mecheye_ros_interface/srv
[10.969s] -- Up-to-date: /home/inauenma/git/mecheye_ros2_interface/install/mecheye_ros_interface/include/mecheye_ros_interface/mecheye_ros_interface/srv/detail
[10.969s] -- Up-to-date: /home/inauenma/git/mecheye_ros2_interface/install/mecheye_ros_interface/include/mecheye_ros_interface/mecheye_ros_interface/srv/detail/device_info__rosidl_typesupport_fastrtps_c.h
[10.969s] -- Up-to-date: /home/inauenma/git/mecheye_ros2_interface/install/mecheye_ros_interface/include/mecheye_ros_interface/mecheye_ros_interface/srv/detail/get_roi_parameter__rosidl_typesupport_fastrtps_c.h
[10.970s] -- Up-to-date: /home/inauenma/git/mecheye_ros2_interface/install/mecheye_ros_interface/include/mecheye_ros_interface/mecheye_ros_interface/srv/detail/capture_point_cloud__rosidl_typesupport_fastrtps_c.h
[10.970s] -- Up-to-date: /home/inauenma/git/mecheye_ros2_interface/install/mecheye_ros_interface/include/mecheye_ros_interface/mecheye_ros_interface/srv/detail/get_enum_parameter__rosidl_typesupport_fastrtps_c.h
[10.970s] -- Up-to-date: /home/inauenma/git/mecheye_ros2_interface/install/mecheye_ros_interface/include/mecheye_ros_interface/mecheye_ros_interface/srv/detail/save_all_settings_to_user_sets__rosidl_typesupport_fastrtps_c.h
[10.970s] -- Up-to-date: /home/inauenma/git/mecheye_ros2_interface/install/mecheye_ros_interface/include/mecheye_ros_interface/mecheye_ros_interface/srv/detail/get_all_user_sets__rosidl_typesupport_fastrtps_c.h
[10.970s] -- Up-to-date: /home/inauenma/git/mecheye_ros2_interface/install/mecheye_ros_interface/include/mecheye_ros_interface/mecheye_ros_interface/srv/detail/capture_depth_map__rosidl_typesupport_fastrtps_c.h
[10.970s] -- Up-to-date: /home/inauenma/git/mecheye_ros2_interface/install/mecheye_ros_interface/include/mecheye_ros_interface/mecheye_ros_interface/srv/detail/set_float_array_parameter__rosidl_typesupport_fastrtps_c.h
[10.970s] -- Up-to-date: /home/inauenma/git/mecheye_ros2_interface/install/mecheye_ros_interface/include/mecheye_ros_interface/mecheye_ros_interface/srv/detail/capture_textured_point_cloud__rosidl_typesupport_fastrtps_c.h
[10.970s] -- Up-to-date: /home/inauenma/git/mecheye_ros2_interface/install/mecheye_ros_interface/include/mecheye_ros_interface/mecheye_ros_interface/srv/detail/get_bool_parameter__rosidl_typesupport_fastrtps_c.h
[10.970s] -- Up-to-date: /home/inauenma/git/mecheye_ros2_interface/install/mecheye_ros_interface/include/mecheye_ros_interface/mecheye_ros_interface/srv/detail/get_range_parameter__rosidl_typesupport_fastrtps_c.h
[10.970s] -- Up-to-date: /home/inauenma/git/mecheye_ros2_interface/install/mecheye_ros_interface/include/mecheye_ros_interface/mecheye_ros_interface/srv/detail/get_current_user_set__rosidl_typesupport_fastrtps_c.h
[10.970s] -- Up-to-date: /home/inauenma/git/mecheye_ros2_interface/install/mecheye_ros_interface/include/mecheye_ros_interface/mecheye_ros_interface/srv/detail/get_float_array_parameter__rosidl_typesupport_fastrtps_c.h
[10.970s] -- Up-to-date: /home/inauenma/git/mecheye_ros2_interface/install/mecheye_ros_interface/include/mecheye_ros_interface/mecheye_ros_interface/srv/detail/capture_stereo_color_images__rosidl_typesupport_fastrtps_c.h
[10.970s] -- Up-to-date: /home/inauenma/git/mecheye_ros2_interface/install/mecheye_ros_interface/include/mecheye_ros_interface/mecheye_ros_interface/srv/detail/set_bool_parameter__rosidl_typesupport_fastrtps_c.h
[10.970s] -- Up-to-date: /home/inauenma/git/mecheye_ros2_interface/install/mecheye_ros_interface/include/mecheye_ros_interface/mecheye_ros_interface/srv/detail/add_user_set__rosidl_typesupport_fastrtps_c.h
[10.970s] -- Up-to-date: /home/inauenma/git/mecheye_ros2_interface/install/mecheye_ros_interface/include/mecheye_ros_interface/mecheye_ros_interface/srv/detail/set_float_parameter__rosidl_typesupport_fastrtps_c.h
[10.970s] -- Up-to-date: /home/inauenma/git/mecheye_ros2_interface/install/mecheye_ros_interface/include/mecheye_ros_interface/mecheye_ros_interface/srv/detail/set_current_user_set__rosidl_typesupport_fastrtps_c.h
[10.970s] -- Up-to-date: /home/inauenma/git/mecheye_ros2_interface/install/mecheye_ros_interface/include/mecheye_ros_interface/mecheye_ros_interface/srv/detail/set_int_parameter__rosidl_typesupport_fastrtps_c.h
[10.970s] -- Up-to-date: /home/inauenma/git/mecheye_ros2_interface/install/mecheye_ros_interface/include/mecheye_ros_interface/mecheye_ros_interface/srv/detail/capture_color_image__rosidl_typesupport_fastrtps_c.h
[10.970s] -- Up-to-date: /home/inauenma/git/mecheye_ros2_interface/install/mecheye_ros_interface/include/mecheye_ros_interface/mecheye_ros_interface/srv/detail/get_int_parameter__rosidl_typesupport_fastrtps_c.h
[10.970s] -- Up-to-date: /home/inauenma/git/mecheye_ros2_interface/install/mecheye_ros_interface/include/mecheye_ros_interface/mecheye_ros_interface/srv/detail/set_roi_parameter__rosidl_typesupport_fastrtps_c.h
[10.970s] -- Up-to-date: /home/inauenma/git/mecheye_ros2_interface/install/mecheye_ros_interface/include/mecheye_ros_interface/mecheye_ros_interface/srv/detail/get_float_parameter__rosidl_typesupport_fastrtps_c.h
[10.970s] -- Up-to-date: /home/inauenma/git/mecheye_ros2_interface/install/mecheye_ros_interface/include/mecheye_ros_interface/mecheye_ros_interface/srv/detail/set_range_parameter__rosidl_typesupport_fastrtps_c.h
[10.970s] -- Up-to-date: /home/inauenma/git/mecheye_ros2_interface/install/mecheye_ros_interface/include/mecheye_ros_interface/mecheye_ros_interface/srv/detail/set_enum_parameter__rosidl_typesupport_fastrtps_c.h
[10.970s] -- Up-to-date: /home/inauenma/git/mecheye_ros2_interface/install/mecheye_ros_interface/include/mecheye_ros_interface/mecheye_ros_interface/srv/detail/delete_user_set__rosidl_typesupport_fastrtps_c.h
[10.970s] -- Up-to-date: /home/inauenma/git/mecheye_ros2_interface/install/mecheye_ros_interface/include/mecheye_ros_interface/mecheye_ros_interface/msg
[10.970s] -- Up-to-date: /home/inauenma/git/mecheye_ros2_interface/install/mecheye_ros_interface/include/mecheye_ros_interface/mecheye_ros_interface/msg/rosidl_typesupport_fastrtps_c__visibility_control.h
[10.971s] -- Up-to-date: /home/inauenma/git/mecheye_ros2_interface/install/mecheye_ros_interface/lib/libmecheye_ros_interface__rosidl_typesupport_fastrtps_c.so
[10.971s] -- Up-to-date: /home/inauenma/git/mecheye_ros2_interface/install/mecheye_ros_interface/include/mecheye_ros_interface/mecheye_ros_interface
[10.971s] -- Up-to-date: /home/inauenma/git/mecheye_ros2_interface/install/mecheye_ros_interface/include/mecheye_ros_interface/mecheye_ros_interface/srv
[10.971s] -- Up-to-date: /home/inauenma/git/mecheye_ros2_interface/install/mecheye_ros_interface/include/mecheye_ros_interface/mecheye_ros_interface/srv/capture_depth_map.hpp
[10.971s] -- Up-to-date: /home/inauenma/git/mecheye_ros2_interface/install/mecheye_ros_interface/include/mecheye_ros_interface/mecheye_ros_interface/srv/get_current_user_set.hpp
[10.971s] -- Up-to-date: /home/inauenma/git/mecheye_ros2_interface/install/mecheye_ros_interface/include/mecheye_ros_interface/mecheye_ros_interface/srv/get_float_array_parameter.hpp
[10.971s] -- Up-to-date: /home/inauenma/git/mecheye_ros2_interface/install/mecheye_ros_interface/include/mecheye_ros_interface/mecheye_ros_interface/srv/get_roi_parameter.hpp
[10.971s] -- Up-to-date: /home/inauenma/git/mecheye_ros2_interface/install/mecheye_ros_interface/include/mecheye_ros_interface/mecheye_ros_interface/srv/set_roi_parameter.hpp
[10.971s] -- Up-to-date: /home/inauenma/git/mecheye_ros2_interface/install/mecheye_ros_interface/include/mecheye_ros_interface/mecheye_ros_interface/srv/add_user_set.hpp
[10.971s] -- Up-to-date: /home/inauenma/git/mecheye_ros2_interface/install/mecheye_ros_interface/include/mecheye_ros_interface/mecheye_ros_interface/srv/get_float_parameter.hpp
[10.971s] -- Up-to-date: /home/inauenma/git/mecheye_ros2_interface/install/mecheye_ros_interface/include/mecheye_ros_interface/mecheye_ros_interface/srv/set_bool_parameter.hpp
[10.971s] -- Up-to-date: /home/inauenma/git/mecheye_ros2_interface/install/mecheye_ros_interface/include/mecheye_ros_interface/mecheye_ros_interface/srv/capture_color_image.hpp
[10.971s] -- Up-to-date: /home/inauenma/git/mecheye_ros2_interface/install/mecheye_ros_interface/include/mecheye_ros_interface/mecheye_ros_interface/srv/set_float_array_parameter.hpp
[10.971s] -- Up-to-date: /home/inauenma/git/mecheye_ros2_interface/install/mecheye_ros_interface/include/mecheye_ros_interface/mecheye_ros_interface/srv/set_range_parameter.hpp
[10.971s] -- Up-to-date: /home/inauenma/git/mecheye_ros2_interface/install/mecheye_ros_interface/include/mecheye_ros_interface/mecheye_ros_interface/srv/device_info.hpp
[10.971s] -- Up-to-date: /home/inauenma/git/mecheye_ros2_interface/install/mecheye_ros_interface/include/mecheye_ros_interface/mecheye_ros_interface/srv/save_all_settings_to_user_sets.hpp
[10.971s] -- Up-to-date: /home/inauenma/git/mecheye_ros2_interface/install/mecheye_ros_interface/include/mecheye_ros_interface/mecheye_ros_interface/srv/get_enum_parameter.hpp
[10.971s] -- Up-to-date: /home/inauenma/git/mecheye_ros2_interface/install/mecheye_ros_interface/include/mecheye_ros_interface/mecheye_ros_interface/srv/capture_point_cloud.hpp
[10.971s] -- Up-to-date: /home/inauenma/git/mecheye_ros2_interface/install/mecheye_ros_interface/include/mecheye_ros_interface/mecheye_ros_interface/srv/get_int_parameter.hpp
[10.971s] -- Up-to-date: /home/inauenma/git/mecheye_ros2_interface/install/mecheye_ros_interface/include/mecheye_ros_interface/mecheye_ros_interface/srv/get_all_user_sets.hpp
[10.971s] -- Up-to-date: /home/inauenma/git/mecheye_ros2_interface/install/mecheye_ros_interface/include/mecheye_ros_interface/mecheye_ros_interface/srv/capture_textured_point_cloud.hpp
[10.971s] -- Up-to-date: /home/inauenma/git/mecheye_ros2_interface/install/mecheye_ros_interface/include/mecheye_ros_interface/mecheye_ros_interface/srv/delete_user_set.hpp
[10.971s] -- Up-to-date: /home/inauenma/git/mecheye_ros2_interface/install/mecheye_ros_interface/include/mecheye_ros_interface/mecheye_ros_interface/srv/set_current_user_set.hpp
[10.971s] -- Up-to-date: /home/inauenma/git/mecheye_ros2_interface/install/mecheye_ros_interface/include/mecheye_ros_interface/mecheye_ros_interface/srv/set_float_parameter.hpp
[10.971s] -- Up-to-date: /home/inauenma/git/mecheye_ros2_interface/install/mecheye_ros_interface/include/mecheye_ros_interface/mecheye_ros_interface/srv/set_int_parameter.hpp
[10.971s] -- Up-to-date: /home/inauenma/git/mecheye_ros2_interface/install/mecheye_ros_interface/include/mecheye_ros_interface/mecheye_ros_interface/srv/set_enum_parameter.hpp
[10.972s] -- Up-to-date: /home/inauenma/git/mecheye_ros2_interface/install/mecheye_ros_interface/include/mecheye_ros_interface/mecheye_ros_interface/srv/detail
[10.972s] -- Up-to-date: /home/inauenma/git/mecheye_ros2_interface/install/mecheye_ros_interface/include/mecheye_ros_interface/mecheye_ros_interface/srv/detail/capture_color_image__type_support.hpp
[10.972s] -- Up-to-date: /home/inauenma/git/mecheye_ros2_interface/install/mecheye_ros_interface/include/mecheye_ros_interface/mecheye_ros_interface/srv/detail/set_float_array_parameter__builder.hpp
[10.972s] -- Up-to-date: /home/inauenma/git/mecheye_ros2_interface/install/mecheye_ros_interface/include/mecheye_ros_interface/mecheye_ros_interface/srv/detail/get_roi_parameter__type_support.hpp
[10.972s] -- Up-to-date: /home/inauenma/git/mecheye_ros2_interface/install/mecheye_ros_interface/include/mecheye_ros_interface/mecheye_ros_interface/srv/detail/set_roi_parameter__builder.hpp
[10.972s] -- Up-to-date: /home/inauenma/git/mecheye_ros2_interface/install/mecheye_ros_interface/include/mecheye_ros_interface/mecheye_ros_interface/srv/detail/get_all_user_sets__struct.hpp
[10.972s] -- Up-to-date: /home/inauenma/git/mecheye_ros2_interface/install/mecheye_ros_interface/include/mecheye_ros_interface/mecheye_ros_interface/srv/detail/save_all_settings_to_user_sets__type_support.hpp
[10.972s] -- Up-to-date: /home/inauenma/git/mecheye_ros2_interface/install/mecheye_ros_interface/include/mecheye_ros_interface/mecheye_ros_interface/srv/detail/delete_user_set__type_support.hpp
[10.972s] -- Up-to-date: /home/inauenma/git/mecheye_ros2_interface/install/mecheye_ros_interface/include/mecheye_ros_interface/mecheye_ros_interface/srv/detail/set_int_parameter__traits.hpp
[10.972s] -- Up-to-date: /home/inauenma/git/mecheye_ros2_interface/install/mecheye_ros_interface/include/mecheye_ros_interface/mecheye_ros_interface/srv/detail/get_float_parameter__traits.hpp
[10.972s] -- Up-to-date: /home/inauenma/git/mecheye_ros2_interface/install/mecheye_ros_interface/include/mecheye_ros_interface/mecheye_ros_interface/srv/detail/capture_depth_map__builder.hpp
[10.972s] -- Up-to-date: /home/inauenma/git/mecheye_ros2_interface/install/mecheye_ros_interface/include/mecheye_ros_interface/mecheye_ros_interface/srv/detail/capture_stereo_color_images__struct.hpp
[10.972s] -- Up-to-date: /home/inauenma/git/mecheye_ros2_interface/install/mecheye_ros_interface/include/mecheye_ros_interface/mecheye_ros_interface/srv/detail/set_range_parameter__traits.hpp
[10.972s] -- Up-to-date: /home/inauenma/git/mecheye_ros2_interface/install/mecheye_ros_interface/include/mecheye_ros_interface/mecheye_ros_interface/srv/detail/set_float_array_parameter__type_support.hpp
[10.972s] -- Up-to-date: /home/inauenma/git/mecheye_ros2_interface/install/mecheye_ros_interface/include/mecheye_ros_interface/mecheye_ros_interface/srv/detail/get_float_parameter__builder.hpp
[10.972s] -- Up-to-date: /home/inauenma/git/mecheye_ros2_interface/install/mecheye_ros_interface/include/mecheye_ros_interface/mecheye_ros_interface/srv/detail/capture_color_image__traits.hpp
[10.972s] -- Up-to-date: /home/inauenma/git/mecheye_ros2_interface/install/mecheye_ros_interface/include/mecheye_ros_interface/mecheye_ros_interface/srv/detail/set_roi_parameter__struct.hpp
[10.972s] -- Up-to-date: /home/inauenma/git/mecheye_ros2_interface/install/mecheye_ros_interface/include/mecheye_ros_interface/mecheye_ros_interface/srv/detail/get_bool_parameter__builder.hpp
[10.972s] -- Up-to-date: /home/inauenma/git/mecheye_ros2_interface/install/mecheye_ros_interface/include/mecheye_ros_interface/mecheye_ros_interface/srv/detail/set_enum_parameter__struct.hpp
[10.972s] -- Up-to-date: /home/inauenma/git/mecheye_ros2_interface/install/mecheye_ros_interface/include/mecheye_ros_interface/mecheye_ros_interface/srv/detail/set_bool_parameter__type_support.hpp
[10.972s] -- Up-to-date: /home/inauenma/git/mecheye_ros2_interface/install/mecheye_ros_interface/include/mecheye_ros_interface/mecheye_ros_interface/srv/detail/capture_point_cloud__struct.hpp
[10.972s] -- Up-to-date: /home/inauenma/git/mecheye_ros2_interface/install/mecheye_ros_interface/include/mecheye_ros_interface/mecheye_ros_interface/srv/detail/get_enum_parameter__type_support.hpp
[10.972s] -- Up-to-date: /home/inauenma/git/mecheye_ros2_interface/install/mecheye_ros_interface/include/mecheye_ros_interface/mecheye_ros_interface/srv/detail/add_user_set__struct.hpp
[10.972s] -- Up-to-date: /home/inauenma/git/mecheye_ros2_interface/install/mecheye_ros_interface/include/mecheye_ros_interface/mecheye_ros_interface/srv/detail/get_current_user_set__struct.hpp
[10.972s] -- Up-to-date: /home/inauenma/git/mecheye_ros2_interface/install/mecheye_ros_interface/include/mecheye_ros_interface/mecheye_ros_interface/srv/detail/get_float_array_parameter__type_support.hpp
[10.972s] -- Up-to-date: /home/inauenma/git/mecheye_ros2_interface/install/mecheye_ros_interface/include/mecheye_ros_interface/mecheye_ros_interface/srv/detail/add_user_set__builder.hpp
[10.972s] -- Up-to-date: /home/inauenma/git/mecheye_ros2_interface/install/mecheye_ros_interface/include/mecheye_ros_interface/mecheye_ros_interface/srv/detail/set_float_parameter__type_support.hpp
[10.972s] -- Up-to-date: /home/inauenma/git/mecheye_ros2_interface/install/mecheye_ros_interface/include/mecheye_ros_interface/mecheye_ros_interface/srv/detail/capture_point_cloud__type_support.hpp
[10.972s] -- Up-to-date: /home/inauenma/git/mecheye_ros2_interface/install/mecheye_ros_interface/include/mecheye_ros_interface/mecheye_ros_interface/srv/detail/set_float_array_parameter__struct.hpp
[10.972s] -- Up-to-date: /home/inauenma/git/mecheye_ros2_interface/install/mecheye_ros_interface/include/mecheye_ros_interface/mecheye_ros_interface/srv/detail/device_info__builder.hpp
[10.973s] -- Up-to-date: /home/inauenma/git/mecheye_ros2_interface/install/mecheye_ros_interface/include/mecheye_ros_interface/mecheye_ros_interface/srv/detail/capture_stereo_color_images__traits.hpp
[10.973s] -- Up-to-date: /home/inauenma/git/mecheye_ros2_interface/install/mecheye_ros_interface/include/mecheye_ros_interface/mecheye_ros_interface/srv/detail/capture_textured_point_cloud__builder.hpp
[10.973s] -- Up-to-date: /home/inauenma/git/mecheye_ros2_interface/install/mecheye_ros_interface/include/mecheye_ros_interface/mecheye_ros_interface/srv/detail/set_bool_parameter__traits.hpp
[10.973s] -- Up-to-date: /home/inauenma/git/mecheye_ros2_interface/install/mecheye_ros_interface/include/mecheye_ros_interface/mecheye_ros_interface/srv/detail/get_int_parameter__type_support.hpp
[10.973s] -- Up-to-date: /home/inauenma/git/mecheye_ros2_interface/install/mecheye_ros_interface/include/mecheye_ros_interface/mecheye_ros_interface/srv/detail/capture_depth_map__traits.hpp
[10.973s] -- Up-to-date: /home/inauenma/git/mecheye_ros2_interface/install/mecheye_ros_interface/include/mecheye_ros_interface/mecheye_ros_interface/srv/detail/set_enum_parameter__builder.hpp
[10.973s] -- Up-to-date: /home/inauenma/git/mecheye_ros2_interface/install/mecheye_ros_interface/include/mecheye_ros_interface/mecheye_ros_interface/srv/detail/capture_stereo_color_images__builder.hpp
[10.973s] -- Up-to-date: /home/inauenma/git/mecheye_ros2_interface/install/mecheye_ros_interface/include/mecheye_ros_interface/mecheye_ros_interface/srv/detail/set_current_user_set__struct.hpp
[10.973s] -- Up-to-date: /home/inauenma/git/mecheye_ros2_interface/install/mecheye_ros_interface/include/mecheye_ros_interface/mecheye_ros_interface/srv/detail/device_info__type_support.hpp
[10.973s] -- Up-to-date: /home/inauenma/git/mecheye_ros2_interface/install/mecheye_ros_interface/include/mecheye_ros_interface/mecheye_ros_interface/srv/detail/capture_point_cloud__traits.hpp
[10.973s] -- Up-to-date: /home/inauenma/git/mecheye_ros2_interface/install/mecheye_ros_interface/include/mecheye_ros_interface/mecheye_ros_interface/srv/detail/get_all_user_sets__traits.hpp
[10.973s] -- Up-to-date: /home/inauenma/git/mecheye_ros2_interface/install/mecheye_ros_interface/include/mecheye_ros_interface/mecheye_ros_interface/srv/detail/get_enum_parameter__builder.hpp
[10.973s] -- Up-to-date: /home/inauenma/git/mecheye_ros2_interface/install/mecheye_ros_interface/include/mecheye_ros_interface/mecheye_ros_interface/srv/detail/set_bool_parameter__builder.hpp
[10.973s] -- Up-to-date: /home/inauenma/git/mecheye_ros2_interface/install/mecheye_ros_interface/include/mecheye_ros_interface/mecheye_ros_interface/srv/detail/set_range_parameter__struct.hpp
[10.973s] -- Up-to-date: /home/inauenma/git/mecheye_ros2_interface/install/mecheye_ros_interface/include/mecheye_ros_interface/mecheye_ros_interface/srv/detail/get_enum_parameter__struct.hpp
[10.973s] -- Up-to-date: /home/inauenma/git/mecheye_ros2_interface/install/mecheye_ros_interface/include/mecheye_ros_interface/mecheye_ros_interface/srv/detail/get_all_user_sets__builder.hpp
[10.973s] -- Up-to-date: /home/inauenma/git/mecheye_ros2_interface/install/mecheye_ros_interface/include/mecheye_ros_interface/mecheye_ros_interface/srv/detail/set_current_user_set__traits.hpp
[10.973s] -- Up-to-date: /home/inauenma/git/mecheye_ros2_interface/install/mecheye_ros_interface/include/mecheye_ros_interface/mecheye_ros_interface/srv/detail/get_bool_parameter__type_support.hpp
[10.973s] -- Up-to-date: /home/inauenma/git/mecheye_ros2_interface/install/mecheye_ros_interface/include/mecheye_ros_interface/mecheye_ros_interface/srv/detail/set_current_user_set__builder.hpp
[10.973s] -- Up-to-date: /home/inauenma/git/mecheye_ros2_interface/install/mecheye_ros_interface/include/mecheye_ros_interface/mecheye_ros_interface/srv/detail/get_range_parameter__traits.hpp
[10.973s] -- Up-to-date: /home/inauenma/git/mecheye_ros2_interface/install/mecheye_ros_interface/include/mecheye_ros_interface/mecheye_ros_interface/srv/detail/set_float_parameter__builder.hpp
[10.973s] -- Up-to-date: /home/inauenma/git/mecheye_ros2_interface/install/mecheye_ros_interface/include/mecheye_ros_interface/mecheye_ros_interface/srv/detail/get_float_parameter__struct.hpp
[10.973s] -- Up-to-date: /home/inauenma/git/mecheye_ros2_interface/install/mecheye_ros_interface/include/mecheye_ros_interface/mecheye_ros_interface/srv/detail/capture_color_image__builder.hpp
[10.973s] -- Up-to-date: /home/inauenma/git/mecheye_ros2_interface/install/mecheye_ros_interface/include/mecheye_ros_interface/mecheye_ros_interface/srv/detail/get_bool_parameter__struct.hpp
[10.974s] -- Up-to-date: /home/inauenma/git/mecheye_ros2_interface/install/mecheye_ros_interface/include/mecheye_ros_interface/mecheye_ros_interface/srv/detail/set_float_parameter__struct.hpp
[10.974s] -- Up-to-date: /home/inauenma/git/mecheye_ros2_interface/install/mecheye_ros_interface/include/mecheye_ros_interface/mecheye_ros_interface/srv/detail/get_float_array_parameter__traits.hpp
[10.974s] -- Up-to-date: /home/inauenma/git/mecheye_ros2_interface/install/mecheye_ros_interface/include/mecheye_ros_interface/mecheye_ros_interface/srv/detail/delete_user_set__struct.hpp
[10.974s] -- Up-to-date: /home/inauenma/git/mecheye_ros2_interface/install/mecheye_ros_interface/include/mecheye_ros_interface/mecheye_ros_interface/srv/detail/set_enum_parameter__traits.hpp
[10.974s] -- Up-to-date: /home/inauenma/git/mecheye_ros2_interface/install/mecheye_ros_interface/include/mecheye_ros_interface/mecheye_ros_interface/srv/detail/get_roi_parameter__struct.hpp
[10.974s] -- Up-to-date: /home/inauenma/git/mecheye_ros2_interface/install/mecheye_ros_interface/include/mecheye_ros_interface/mecheye_ros_interface/srv/detail/get_all_user_sets__type_support.hpp
[10.974s] -- Up-to-date: /home/inauenma/git/mecheye_ros2_interface/install/mecheye_ros_interface/include/mecheye_ros_interface/mecheye_ros_interface/srv/detail/add_user_set__type_support.hpp
[10.974s] -- Up-to-date: /home/inauenma/git/mecheye_ros2_interface/install/mecheye_ros_interface/include/mecheye_ros_interface/mecheye_ros_interface/srv/detail/get_roi_parameter__traits.hpp
[10.974s] -- Up-to-date: /home/inauenma/git/mecheye_ros2_interface/install/mecheye_ros_interface/include/mecheye_ros_interface/mecheye_ros_interface/srv/detail/get_roi_parameter__builder.hpp
[10.974s] -- Up-to-date: /home/inauenma/git/mecheye_ros2_interface/install/mecheye_ros_interface/include/mecheye_ros_interface/mecheye_ros_interface/srv/detail/capture_color_image__struct.hpp
[10.974s] -- Up-to-date: /home/inauenma/git/mecheye_ros2_interface/install/mecheye_ros_interface/include/mecheye_ros_interface/mecheye_ros_interface/srv/detail/capture_textured_point_cloud__type_support.hpp
[10.974s] -- Up-to-date: /home/inauenma/git/mecheye_ros2_interface/install/mecheye_ros_interface/include/mecheye_ros_interface/mecheye_ros_interface/srv/detail/capture_textured_point_cloud__struct.hpp
[10.974s] -- Up-to-date: /home/inauenma/git/mecheye_ros2_interface/install/mecheye_ros_interface/include/mecheye_ros_interface/mecheye_ros_interface/srv/detail/device_info__traits.hpp
[10.974s] -- Up-to-date: /home/inauenma/git/mecheye_ros2_interface/install/mecheye_ros_interface/include/mecheye_ros_interface/mecheye_ros_interface/srv/detail/get_range_parameter__type_support.hpp
[10.974s] -- Up-to-date: /home/inauenma/git/mecheye_ros2_interface/install/mecheye_ros_interface/include/mecheye_ros_interface/mecheye_ros_interface/srv/detail/get_int_parameter__builder.hpp
[10.974s] -- Up-to-date: /home/inauenma/git/mecheye_ros2_interface/install/mecheye_ros_interface/include/mecheye_ros_interface/mecheye_ros_interface/srv/detail/get_enum_parameter__traits.hpp
[10.974s] -- Up-to-date: /home/inauenma/git/mecheye_ros2_interface/install/mecheye_ros_interface/include/mecheye_ros_interface/mecheye_ros_interface/srv/detail/get_current_user_set__builder.hpp
[10.974s] -- Up-to-date: /home/inauenma/git/mecheye_ros2_interface/install/mecheye_ros_interface/include/mecheye_ros_interface/mecheye_ros_interface/srv/detail/capture_depth_map__struct.hpp
[10.974s] -- Up-to-date: /home/inauenma/git/mecheye_ros2_interface/install/mecheye_ros_interface/include/mecheye_ros_interface/mecheye_ros_interface/srv/detail/add_user_set__traits.hpp
[10.974s] -- Up-to-date: /home/inauenma/git/mecheye_ros2_interface/install/mecheye_ros_interface/include/mecheye_ros_interface/mecheye_ros_interface/srv/detail/save_all_settings_to_user_sets__struct.hpp
[10.974s] -- Up-to-date: /home/inauenma/git/mecheye_ros2_interface/install/mecheye_ros_interface/include/mecheye_ros_interface/mecheye_ros_interface/srv/detail/set_int_parameter__struct.hpp
[10.974s] -- Up-to-date: /home/inauenma/git/mecheye_ros2_interface/install/mecheye_ros_interface/include/mecheye_ros_interface/mecheye_ros_interface/srv/detail/get_float_parameter__type_support.hpp
[10.974s] -- Up-to-date: /home/inauenma/git/mecheye_ros2_interface/install/mecheye_ros_interface/include/mecheye_ros_interface/mecheye_ros_interface/srv/detail/save_all_settings_to_user_sets__traits.hpp
[10.974s] -- Up-to-date: /home/inauenma/git/mecheye_ros2_interface/install/mecheye_ros_interface/include/mecheye_ros_interface/mecheye_ros_interface/srv/detail/get_range_parameter__builder.hpp
[10.974s] -- Up-to-date: /home/inauenma/git/mecheye_ros2_interface/install/mecheye_ros_interface/include/mecheye_ros_interface/mecheye_ros_interface/srv/detail/delete_user_set__traits.hpp
[10.974s] -- Up-to-date: /home/inauenma/git/mecheye_ros2_interface/install/mecheye_ros_interface/include/mecheye_ros_interface/mecheye_ros_interface/srv/detail/get_int_parameter__struct.hpp
[10.974s] -- Up-to-date: /home/inauenma/git/mecheye_ros2_interface/install/mecheye_ros_interface/include/mecheye_ros_interface/mecheye_ros_interface/srv/detail/set_float_array_parameter__traits.hpp
[10.975s] -- Up-to-date: /home/inauenma/git/mecheye_ros2_interface/install/mecheye_ros_interface/include/mecheye_ros_interface/mecheye_ros_interface/srv/detail/set_bool_parameter__struct.hpp
[10.975s] -- Up-to-date: /home/inauenma/git/mecheye_ros2_interface/install/mecheye_ros_interface/include/mecheye_ros_interface/mecheye_ros_interface/srv/detail/device_info__struct.hpp
[10.975s] -- Up-to-date: /home/inauenma/git/mecheye_ros2_interface/install/mecheye_ros_interface/include/mecheye_ros_interface/mecheye_ros_interface/srv/detail/set_range_parameter__builder.hpp
[10.975s] -- Up-to-date: /home/inauenma/git/mecheye_ros2_interface/install/mecheye_ros_interface/include/mecheye_ros_interface/mecheye_ros_interface/srv/detail/get_range_parameter__struct.hpp
[10.975s] -- Up-to-date: /home/inauenma/git/mecheye_ros2_interface/install/mecheye_ros_interface/include/mecheye_ros_interface/mecheye_ros_interface/srv/detail/set_range_parameter__type_support.hpp
[10.975s] -- Up-to-date: /home/inauenma/git/mecheye_ros2_interface/install/mecheye_ros_interface/include/mecheye_ros_interface/mecheye_ros_interface/srv/detail/get_current_user_set__type_support.hpp
[10.975s] -- Up-to-date: /home/inauenma/git/mecheye_ros2_interface/install/mecheye_ros_interface/include/mecheye_ros_interface/mecheye_ros_interface/srv/detail/get_bool_parameter__traits.hpp
[10.975s] -- Up-to-date: /home/inauenma/git/mecheye_ros2_interface/install/mecheye_ros_interface/include/mecheye_ros_interface/mecheye_ros_interface/srv/detail/set_enum_parameter__type_support.hpp
[10.975s] -- Up-to-date: /home/inauenma/git/mecheye_ros2_interface/install/mecheye_ros_interface/include/mecheye_ros_interface/mecheye_ros_interface/srv/detail/set_int_parameter__builder.hpp
[10.975s] -- Up-to-date: /home/inauenma/git/mecheye_ros2_interface/install/mecheye_ros_interface/include/mecheye_ros_interface/mecheye_ros_interface/srv/detail/get_int_parameter__traits.hpp
[10.975s] -- Up-to-date: /home/inauenma/git/mecheye_ros2_interface/install/mecheye_ros_interface/include/mecheye_ros_interface/mecheye_ros_interface/srv/detail/capture_depth_map__type_support.hpp
[10.975s] -- Up-to-date: /home/inauenma/git/mecheye_ros2_interface/install/mecheye_ros_interface/include/mecheye_ros_interface/mecheye_ros_interface/srv/detail/set_roi_parameter__traits.hpp
[10.975s] -- Up-to-date: /home/inauenma/git/mecheye_ros2_interface/install/mecheye_ros_interface/include/mecheye_ros_interface/mecheye_ros_interface/srv/detail/set_current_user_set__type_support.hpp
[10.975s] -- Up-to-date: /home/inauenma/git/mecheye_ros2_interface/install/mecheye_ros_interface/include/mecheye_ros_interface/mecheye_ros_interface/srv/detail/get_float_array_parameter__struct.hpp
[10.975s] -- Up-to-date: /home/inauenma/git/mecheye_ros2_interface/install/mecheye_ros_interface/include/mecheye_ros_interface/mecheye_ros_interface/srv/detail/set_float_parameter__traits.hpp
[10.976s] -- Up-to-date: /home/inauenma/git/mecheye_ros2_interface/install/mecheye_ros_interface/include/mecheye_ros_interface/mecheye_ros_interface/srv/detail/set_roi_parameter__type_support.hpp
[10.976s] -- Up-to-date: /home/inauenma/git/mecheye_ros2_interface/install/mecheye_ros_interface/include/mecheye_ros_interface/mecheye_ros_interface/srv/detail/capture_textured_point_cloud__traits.hpp
[10.977s] -- Up-to-date: /home/inauenma/git/mecheye_ros2_interface/install/mecheye_ros_interface/include/mecheye_ros_interface/mecheye_ros_interface/srv/detail/set_int_parameter__type_support.hpp
[10.977s] -- Up-to-date: /home/inauenma/git/mecheye_ros2_interface/install/mecheye_ros_interface/include/mecheye_ros_interface/mecheye_ros_interface/srv/detail/get_current_user_set__traits.hpp
[10.977s] -- Up-to-date: /home/inauenma/git/mecheye_ros2_interface/install/mecheye_ros_interface/include/mecheye_ros_interface/mecheye_ros_interface/srv/detail/capture_stereo_color_images__type_support.hpp
[10.977s] -- Up-to-date: /home/inauenma/git/mecheye_ros2_interface/install/mecheye_ros_interface/include/mecheye_ros_interface/mecheye_ros_interface/srv/detail/save_all_settings_to_user_sets__builder.hpp
[10.977s] -- Up-to-date: /home/inauenma/git/mecheye_ros2_interface/install/mecheye_ros_interface/include/mecheye_ros_interface/mecheye_ros_interface/srv/detail/capture_point_cloud__builder.hpp
[10.977s] -- Up-to-date: /home/inauenma/git/mecheye_ros2_interface/install/mecheye_ros_interface/include/mecheye_ros_interface/mecheye_ros_interface/srv/detail/get_float_array_parameter__builder.hpp
[10.977s] -- Up-to-date: /home/inauenma/git/mecheye_ros2_interface/install/mecheye_ros_interface/include/mecheye_ros_interface/mecheye_ros_interface/srv/detail/delete_user_set__builder.hpp
[10.977s] -- Up-to-date: /home/inauenma/git/mecheye_ros2_interface/install/mecheye_ros_interface/include/mecheye_ros_interface/mecheye_ros_interface/srv/get_bool_parameter.hpp
[10.977s] -- Up-to-date: /home/inauenma/git/mecheye_ros2_interface/install/mecheye_ros_interface/include/mecheye_ros_interface/mecheye_ros_interface/srv/get_range_parameter.hpp
[10.977s] -- Up-to-date: /home/inauenma/git/mecheye_ros2_interface/install/mecheye_ros_interface/include/mecheye_ros_interface/mecheye_ros_interface/srv/capture_stereo_color_images.hpp
[10.977s] -- Up-to-date: /home/inauenma/git/mecheye_ros2_interface/install/mecheye_ros_interface/include/mecheye_ros_interface/mecheye_ros_interface/msg
[10.977s] -- Up-to-date: /home/inauenma/git/mecheye_ros2_interface/install/mecheye_ros_interface/include/mecheye_ros_interface/mecheye_ros_interface/msg/rosidl_generator_cpp__visibility_control.hpp
[10.977s] -- Up-to-date: /home/inauenma/git/mecheye_ros2_interface/install/mecheye_ros_interface/include/mecheye_ros_interface/mecheye_ros_interface
[10.977s] -- Up-to-date: /home/inauenma/git/mecheye_ros2_interface/install/mecheye_ros_interface/include/mecheye_ros_interface/mecheye_ros_interface/srv
[10.977s] -- Up-to-date: /home/inauenma/git/mecheye_ros2_interface/install/mecheye_ros_interface/include/mecheye_ros_interface/mecheye_ros_interface/srv/detail
[10.977s] -- Up-to-date: /home/inauenma/git/mecheye_ros2_interface/install/mecheye_ros_interface/include/mecheye_ros_interface/mecheye_ros_interface/srv/detail/set_float_array_parameter__rosidl_typesupport_fastrtps_cpp.hpp
[10.977s] -- Up-to-date: /home/inauenma/git/mecheye_ros2_interface/install/mecheye_ros_interface/include/mecheye_ros_interface/mecheye_ros_interface/srv/detail/set_range_parameter__rosidl_typesupport_fastrtps_cpp.hpp
[10.977s] -- Up-to-date: /home/inauenma/git/mecheye_ros2_interface/install/mecheye_ros_interface/include/mecheye_ros_interface/mecheye_ros_interface/srv/detail/set_enum_parameter__rosidl_typesupport_fastrtps_cpp.hpp
[10.977s] -- Up-to-date: /home/inauenma/git/mecheye_ros2_interface/install/mecheye_ros_interface/include/mecheye_ros_interface/mecheye_ros_interface/srv/detail/capture_point_cloud__rosidl_typesupport_fastrtps_cpp.hpp
[10.977s] -- Up-to-date: /home/inauenma/git/mecheye_ros2_interface/install/mecheye_ros_interface/include/mecheye_ros_interface/mecheye_ros_interface/srv/detail/capture_color_image__rosidl_typesupport_fastrtps_cpp.hpp
[10.977s] -- Up-to-date: /home/inauenma/git/mecheye_ros2_interface/install/mecheye_ros_interface/include/mecheye_ros_interface/mecheye_ros_interface/srv/detail/set_roi_parameter__rosidl_typesupport_fastrtps_cpp.hpp
[10.978s] -- Up-to-date: /home/inauenma/git/mecheye_ros2_interface/install/mecheye_ros_interface/include/mecheye_ros_interface/mecheye_ros_interface/srv/detail/delete_user_set__rosidl_typesupport_fastrtps_cpp.hpp
[10.978s] -- Up-to-date: /home/inauenma/git/mecheye_ros2_interface/install/mecheye_ros_interface/include/mecheye_ros_interface/mecheye_ros_interface/srv/detail/capture_textured_point_cloud__rosidl_typesupport_fastrtps_cpp.hpp
[10.978s] -- Up-to-date: /home/inauenma/git/mecheye_ros2_interface/install/mecheye_ros_interface/include/mecheye_ros_interface/mecheye_ros_interface/srv/detail/get_roi_parameter__rosidl_typesupport_fastrtps_cpp.hpp
[10.978s] -- Up-to-date: /home/inauenma/git/mecheye_ros2_interface/install/mecheye_ros_interface/include/mecheye_ros_interface/mecheye_ros_interface/srv/detail/get_current_user_set__rosidl_typesupport_fastrtps_cpp.hpp
[10.978s] -- Up-to-date: /home/inauenma/git/mecheye_ros2_interface/install/mecheye_ros_interface/include/mecheye_ros_interface/mecheye_ros_interface/srv/detail/get_bool_parameter__rosidl_typesupport_fastrtps_cpp.hpp
[10.978s] -- Up-to-date: /home/inauenma/git/mecheye_ros2_interface/install/mecheye_ros_interface/include/mecheye_ros_interface/mecheye_ros_interface/srv/detail/get_all_user_sets__rosidl_typesupport_fastrtps_cpp.hpp
[10.978s] -- Up-to-date: /home/inauenma/git/mecheye_ros2_interface/install/mecheye_ros_interface/include/mecheye_ros_interface/mecheye_ros_interface/srv/detail/get_float_parameter__rosidl_typesupport_fastrtps_cpp.hpp
[10.978s] -- Up-to-date: /home/inauenma/git/mecheye_ros2_interface/install/mecheye_ros_interface/include/mecheye_ros_interface/mecheye_ros_interface/srv/detail/get_enum_parameter__rosidl_typesupport_fastrtps_cpp.hpp
[10.978s] -- Up-to-date: /home/inauenma/git/mecheye_ros2_interface/install/mecheye_ros_interface/include/mecheye_ros_interface/mecheye_ros_interface/srv/detail/capture_depth_map__rosidl_typesupport_fastrtps_cpp.hpp
[10.978s] -- Up-to-date: /home/inauenma/git/mecheye_ros2_interface/install/mecheye_ros_interface/include/mecheye_ros_interface/mecheye_ros_interface/srv/detail/set_float_parameter__rosidl_typesupport_fastrtps_cpp.hpp
[10.978s] -- Up-to-date: /home/inauenma/git/mecheye_ros2_interface/install/mecheye_ros_interface/include/mecheye_ros_interface/mecheye_ros_interface/srv/detail/save_all_settings_to_user_sets__rosidl_typesupport_fastrtps_cpp.hpp
[10.978s] -- Up-to-date: /home/inauenma/git/mecheye_ros2_interface/install/mecheye_ros_interface/include/mecheye_ros_interface/mecheye_ros_interface/srv/detail/get_float_array_parameter__rosidl_typesupport_fastrtps_cpp.hpp
[10.978s] -- Up-to-date: /home/inauenma/git/mecheye_ros2_interface/install/mecheye_ros_interface/include/mecheye_ros_interface/mecheye_ros_interface/srv/detail/device_info__rosidl_typesupport_fastrtps_cpp.hpp
[10.978s] -- Up-to-date: /home/inauenma/git/mecheye_ros2_interface/install/mecheye_ros_interface/include/mecheye_ros_interface/mecheye_ros_interface/srv/detail/add_user_set__rosidl_typesupport_fastrtps_cpp.hpp
[10.978s] -- Up-to-date: /home/inauenma/git/mecheye_ros2_interface/install/mecheye_ros_interface/include/mecheye_ros_interface/mecheye_ros_interface/srv/detail/get_range_parameter__rosidl_typesupport_fastrtps_cpp.hpp
[10.978s] -- Up-to-date: /home/inauenma/git/mecheye_ros2_interface/install/mecheye_ros_interface/include/mecheye_ros_interface/mecheye_ros_interface/srv/detail/get_int_parameter__rosidl_typesupport_fastrtps_cpp.hpp
[10.978s] -- Up-to-date: /home/inauenma/git/mecheye_ros2_interface/install/mecheye_ros_interface/include/mecheye_ros_interface/mecheye_ros_interface/srv/detail/capture_stereo_color_images__rosidl_typesupport_fastrtps_cpp.hpp
[10.978s] -- Up-to-date: /home/inauenma/git/mecheye_ros2_interface/install/mecheye_ros_interface/include/mecheye_ros_interface/mecheye_ros_interface/srv/detail/set_current_user_set__rosidl_typesupport_fastrtps_cpp.hpp
[10.978s] -- Up-to-date: /home/inauenma/git/mecheye_ros2_interface/install/mecheye_ros_interface/include/mecheye_ros_interface/mecheye_ros_interface/srv/detail/set_bool_parameter__rosidl_typesupport_fastrtps_cpp.hpp
[10.978s] -- Up-to-date: /home/inauenma/git/mecheye_ros2_interface/install/mecheye_ros_interface/include/mecheye_ros_interface/mecheye_ros_interface/srv/detail/set_int_parameter__rosidl_typesupport_fastrtps_cpp.hpp
[10.978s] -- Up-to-date: /home/inauenma/git/mecheye_ros2_interface/install/mecheye_ros_interface/include/mecheye_ros_interface/mecheye_ros_interface/srv/detail/dds_fastrtps
[10.978s] -- Up-to-date: /home/inauenma/git/mecheye_ros2_interface/install/mecheye_ros_interface/include/mecheye_ros_interface/mecheye_ros_interface/msg
[10.978s] -- Up-to-date: /home/inauenma/git/mecheye_ros2_interface/install/mecheye_ros_interface/include/mecheye_ros_interface/mecheye_ros_interface/msg/rosidl_typesupport_fastrtps_cpp__visibility_control.h
[10.978s] -- Up-to-date: /home/inauenma/git/mecheye_ros2_interface/install/mecheye_ros_interface/lib/libmecheye_ros_interface__rosidl_typesupport_fastrtps_cpp.so
[10.978s] -- Up-to-date: /home/inauenma/git/mecheye_ros2_interface/install/mecheye_ros_interface/include/mecheye_ros_interface/mecheye_ros_interface
[10.978s] -- Up-to-date: /home/inauenma/git/mecheye_ros2_interface/install/mecheye_ros_interface/include/mecheye_ros_interface/mecheye_ros_interface/srv
[10.978s] -- Up-to-date: /home/inauenma/git/mecheye_ros2_interface/install/mecheye_ros_interface/include/mecheye_ros_interface/mecheye_ros_interface/srv/detail
[10.978s] -- Up-to-date: /home/inauenma/git/mecheye_ros2_interface/install/mecheye_ros_interface/include/mecheye_ros_interface/mecheye_ros_interface/srv/detail/set_float_parameter__rosidl_typesupport_introspection_c.h
[10.978s] -- Installing: /home/inauenma/git/mecheye_ros2_interface/install/mecheye_ros_interface/include/mecheye_ros_interface/mecheye_ros_interface/srv/detail/capture_depth_map__type_support.c
[10.979s] -- Up-to-date: /home/inauenma/git/mecheye_ros2_interface/install/mecheye_ros_interface/include/mecheye_ros_interface/mecheye_ros_interface/srv/detail/capture_stereo_color_images__rosidl_typesupport_introspection_c.h
[10.979s] -- Installing: /home/inauenma/git/mecheye_ros2_interface/install/mecheye_ros_interface/include/mecheye_ros_interface/mecheye_ros_interface/srv/detail/set_range_parameter__type_support.c
[10.979s] -- Up-to-date: /home/inauenma/git/mecheye_ros2_interface/install/mecheye_ros_interface/include/mecheye_ros_interface/mecheye_ros_interface/srv/detail/device_info__rosidl_typesupport_introspection_c.h
[10.979s] -- Installing: /home/inauenma/git/mecheye_ros2_interface/install/mecheye_ros_interface/include/mecheye_ros_interface/mecheye_ros_interface/srv/detail/get_int_parameter__type_support.c
[10.979s] -- Installing: /home/inauenma/git/mecheye_ros2_interface/install/mecheye_ros_interface/include/mecheye_ros_interface/mecheye_ros_interface/srv/detail/set_enum_parameter__type_support.c
[10.979s] -- Installing: /home/inauenma/git/mecheye_ros2_interface/install/mecheye_ros_interface/include/mecheye_ros_interface/mecheye_ros_interface/srv/detail/get_enum_parameter__type_support.c
[10.979s] -- Installing: /home/inauenma/git/mecheye_ros2_interface/install/mecheye_ros_interface/include/mecheye_ros_interface/mecheye_ros_interface/srv/detail/get_current_user_set__type_support.c
[10.979s] -- Up-to-date: /home/inauenma/git/mecheye_ros2_interface/install/mecheye_ros_interface/include/mecheye_ros_interface/mecheye_ros_interface/srv/detail/delete_user_set__rosidl_typesupport_introspection_c.h
[10.979s] -- Installing: /home/inauenma/git/mecheye_ros2_interface/install/mecheye_ros_interface/include/mecheye_ros_interface/mecheye_ros_interface/srv/detail/capture_textured_point_cloud__type_support.c
[10.979s] -- Installing: /home/inauenma/git/mecheye_ros2_interface/install/mecheye_ros_interface/include/mecheye_ros_interface/mecheye_ros_interface/srv/detail/device_info__type_support.c
[10.979s] -- Up-to-date: /home/inauenma/git/mecheye_ros2_interface/install/mecheye_ros_interface/include/mecheye_ros_interface/mecheye_ros_interface/srv/detail/get_float_parameter__rosidl_typesupport_introspection_c.h
[10.979s] -- Up-to-date: /home/inauenma/git/mecheye_ros2_interface/install/mecheye_ros_interface/include/mecheye_ros_interface/mecheye_ros_interface/srv/detail/get_int_parameter__rosidl_typesupport_introspection_c.h
[10.979s] -- Up-to-date: /home/inauenma/git/mecheye_ros2_interface/install/mecheye_ros_interface/include/mecheye_ros_interface/mecheye_ros_interface/srv/detail/get_range_parameter__rosidl_typesupport_introspection_c.h
[10.979s] -- Installing: /home/inauenma/git/mecheye_ros2_interface/install/mecheye_ros_interface/include/mecheye_ros_interface/mecheye_ros_interface/srv/detail/get_all_user_sets__type_support.c
[10.979s] -- Installing: /home/inauenma/git/mecheye_ros2_interface/install/mecheye_ros_interface/include/mecheye_ros_interface/mecheye_ros_interface/srv/detail/add_user_set__type_support.c
[10.979s] -- Up-to-date: /home/inauenma/git/mecheye_ros2_interface/install/mecheye_ros_interface/include/mecheye_ros_interface/mecheye_ros_interface/srv/detail/capture_depth_map__rosidl_typesupport_introspection_c.h
[10.979s] -- Up-to-date: /home/inauenma/git/mecheye_ros2_interface/install/mecheye_ros_interface/include/mecheye_ros_interface/mecheye_ros_interface/srv/detail/set_enum_parameter__rosidl_typesupport_introspection_c.h
[10.979s] -- Installing: /home/inauenma/git/mecheye_ros2_interface/install/mecheye_ros_interface/include/mecheye_ros_interface/mecheye_ros_interface/srv/detail/capture_color_image__type_support.c
[10.979s] -- Up-to-date: /home/inauenma/git/mecheye_ros2_interface/install/mecheye_ros_interface/include/mecheye_ros_interface/mecheye_ros_interface/srv/detail/set_bool_parameter__rosidl_typesupport_introspection_c.h
[10.979s] -- Up-to-date: /home/inauenma/git/mecheye_ros2_interface/install/mecheye_ros_interface/include/mecheye_ros_interface/mecheye_ros_interface/srv/detail/set_float_array_parameter__rosidl_typesupport_introspection_c.h
[10.979s] -- Installing: /home/inauenma/git/mecheye_ros2_interface/install/mecheye_ros_interface/include/mecheye_ros_interface/mecheye_ros_interface/srv/detail/set_int_parameter__type_support.c
[10.979s] -- Up-to-date: /home/inauenma/git/mecheye_ros2_interface/install/mecheye_ros_interface/include/mecheye_ros_interface/mecheye_ros_interface/srv/detail/get_all_user_sets__rosidl_typesupport_introspection_c.h
[10.979s] -- Installing: /home/inauenma/git/mecheye_ros2_interface/install/mecheye_ros_interface/include/mecheye_ros_interface/mecheye_ros_interface/srv/detail/get_bool_parameter__type_support.c
[10.980s] -- Up-to-date: /home/inauenma/git/mecheye_ros2_interface/install/mecheye_ros_interface/include/mecheye_ros_interface/mecheye_ros_interface/srv/detail/capture_textured_point_cloud__rosidl_typesupport_introspection_c.h
[10.980s] -- Installing: /home/inauenma/git/mecheye_ros2_interface/install/mecheye_ros_interface/include/mecheye_ros_interface/mecheye_ros_interface/srv/detail/get_float_array_parameter__type_support.c
[10.980s] -- Up-to-date: /home/inauenma/git/mecheye_ros2_interface/install/mecheye_ros_interface/include/mecheye_ros_interface/mecheye_ros_interface/srv/detail/get_bool_parameter__rosidl_typesupport_introspection_c.h
[10.980s] -- Up-to-date: /home/inauenma/git/mecheye_ros2_interface/install/mecheye_ros_interface/include/mecheye_ros_interface/mecheye_ros_interface/srv/detail/get_float_array_parameter__rosidl_typesupport_introspection_c.h
[10.980s] -- Installing: /home/inauenma/git/mecheye_ros2_interface/install/mecheye_ros_interface/include/mecheye_ros_interface/mecheye_ros_interface/srv/detail/get_roi_parameter__type_support.c
[10.980s] -- Up-to-date: /home/inauenma/git/mecheye_ros2_interface/install/mecheye_ros_interface/include/mecheye_ros_interface/mecheye_ros_interface/srv/detail/capture_color_image__rosidl_typesupport_introspection_c.h
[10.980s] -- Installing: /home/inauenma/git/mecheye_ros2_interface/install/mecheye_ros_interface/include/mecheye_ros_interface/mecheye_ros_interface/srv/detail/set_bool_parameter__type_support.c
[10.980s] -- Installing: /home/inauenma/git/mecheye_ros2_interface/install/mecheye_ros_interface/include/mecheye_ros_interface/mecheye_ros_interface/srv/detail/save_all_settings_to_user_sets__type_support.c
[10.980s] -- Up-to-date: /home/inauenma/git/mecheye_ros2_interface/install/mecheye_ros_interface/include/mecheye_ros_interface/mecheye_ros_interface/srv/detail/set_range_parameter__rosidl_typesupport_introspection_c.h
[10.980s] -- Up-to-date: /home/inauenma/git/mecheye_ros2_interface/install/mecheye_ros_interface/include/mecheye_ros_interface/mecheye_ros_interface/srv/detail/get_enum_parameter__rosidl_typesupport_introspection_c.h
[10.980s] -- Up-to-date: /home/inauenma/git/mecheye_ros2_interface/install/mecheye_ros_interface/include/mecheye_ros_interface/mecheye_ros_interface/srv/detail/set_int_parameter__rosidl_typesupport_introspection_c.h
[10.980s] -- Installing: /home/inauenma/git/mecheye_ros2_interface/install/mecheye_ros_interface/include/mecheye_ros_interface/mecheye_ros_interface/srv/detail/capture_point_cloud__type_support.c
[10.980s] -- Up-to-date: /home/inauenma/git/mecheye_ros2_interface/install/mecheye_ros_interface/include/mecheye_ros_interface/mecheye_ros_interface/srv/detail/save_all_settings_to_user_sets__rosidl_typesupport_introspection_c.h
[10.980s] -- Up-to-date: /home/inauenma/git/mecheye_ros2_interface/install/mecheye_ros_interface/include/mecheye_ros_interface/mecheye_ros_interface/srv/detail/capture_point_cloud__rosidl_typesupport_introspection_c.h
[10.980s] -- Installing: /home/inauenma/git/mecheye_ros2_interface/install/mecheye_ros_interface/include/mecheye_ros_interface/mecheye_ros_interface/srv/detail/set_roi_parameter__type_support.c
[10.980s] -- Up-to-date: /home/inauenma/git/mecheye_ros2_interface/install/mecheye_ros_interface/include/mecheye_ros_interface/mecheye_ros_interface/srv/detail/get_roi_parameter__rosidl_typesupport_introspection_c.h
[10.980s] -- Up-to-date: /home/inauenma/git/mecheye_ros2_interface/install/mecheye_ros_interface/include/mecheye_ros_interface/mecheye_ros_interface/srv/detail/set_roi_parameter__rosidl_typesupport_introspection_c.h
[10.980s] -- Installing: /home/inauenma/git/mecheye_ros2_interface/install/mecheye_ros_interface/include/mecheye_ros_interface/mecheye_ros_interface/srv/detail/set_current_user_set__type_support.c
[10.980s] -- Up-to-date: /home/inauenma/git/mecheye_ros2_interface/install/mecheye_ros_interface/include/mecheye_ros_interface/mecheye_ros_interface/srv/detail/set_current_user_set__rosidl_typesupport_introspection_c.h
[10.980s] -- Up-to-date: /home/inauenma/git/mecheye_ros2_interface/install/mecheye_ros_interface/include/mecheye_ros_interface/mecheye_ros_interface/srv/detail/get_current_user_set__rosidl_typesupport_introspection_c.h
[10.980s] -- Installing: /home/inauenma/git/mecheye_ros2_interface/install/mecheye_ros_interface/include/mecheye_ros_interface/mecheye_ros_interface/srv/detail/get_range_parameter__type_support.c
[10.980s] -- Installing: /home/inauenma/git/mecheye_ros2_interface/install/mecheye_ros_interface/include/mecheye_ros_interface/mecheye_ros_interface/srv/detail/get_float_parameter__type_support.c
[10.980s] -- Installing: /home/inauenma/git/mecheye_ros2_interface/install/mecheye_ros_interface/include/mecheye_ros_interface/mecheye_ros_interface/srv/detail/capture_stereo_color_images__type_support.c
[10.980s] -- Installing: /home/inauenma/git/mecheye_ros2_interface/install/mecheye_ros_interface/include/mecheye_ros_interface/mecheye_ros_interface/srv/detail/set_float_array_parameter__type_support.c
[10.980s] -- Installing: /home/inauenma/git/mecheye_ros2_interface/install/mecheye_ros_interface/include/mecheye_ros_interface/mecheye_ros_interface/srv/detail/delete_user_set__type_support.c
[10.980s] -- Up-to-date: /home/inauenma/git/mecheye_ros2_interface/install/mecheye_ros_interface/include/mecheye_ros_interface/mecheye_ros_interface/srv/detail/add_user_set__rosidl_typesupport_introspection_c.h
[10.980s] -- Installing: /home/inauenma/git/mecheye_ros2_interface/install/mecheye_ros_interface/include/mecheye_ros_interface/mecheye_ros_interface/srv/detail/set_float_parameter__type_support.c
[10.980s] -- Up-to-date: /home/inauenma/git/mecheye_ros2_interface/install/mecheye_ros_interface/include/mecheye_ros_interface/mecheye_ros_interface/msg
[10.980s] -- Up-to-date: /home/inauenma/git/mecheye_ros2_interface/install/mecheye_ros_interface/include/mecheye_ros_interface/mecheye_ros_interface/msg/rosidl_typesupport_introspection_c__visibility_control.h
[10.981s] -- Up-to-date: /home/inauenma/git/mecheye_ros2_interface/install/mecheye_ros_interface/lib/libmecheye_ros_interface__rosidl_typesupport_introspection_c.so
[10.981s] -- Up-to-date: /home/inauenma/git/mecheye_ros2_interface/install/mecheye_ros_interface/lib/libmecheye_ros_interface__rosidl_typesupport_c.so
[10.981s] -- Up-to-date: /home/inauenma/git/mecheye_ros2_interface/install/mecheye_ros_interface/include/mecheye_ros_interface/mecheye_ros_interface
[10.981s] -- Up-to-date: /home/inauenma/git/mecheye_ros2_interface/install/mecheye_ros_interface/include/mecheye_ros_interface/mecheye_ros_interface/srv
[10.981s] -- Up-to-date: /home/inauenma/git/mecheye_ros2_interface/install/mecheye_ros_interface/include/mecheye_ros_interface/mecheye_ros_interface/srv/detail
[10.981s] -- Up-to-date: /home/inauenma/git/mecheye_ros2_interface/install/mecheye_ros_interface/include/mecheye_ros_interface/mecheye_ros_interface/srv/detail/get_all_user_sets__type_support.cpp
[10.981s] -- Up-to-date: /home/inauenma/git/mecheye_ros2_interface/install/mecheye_ros_interface/include/mecheye_ros_interface/mecheye_ros_interface/srv/detail/delete_user_set__type_support.cpp
[10.981s] -- Up-to-date: /home/inauenma/git/mecheye_ros2_interface/install/mecheye_ros_interface/include/mecheye_ros_interface/mecheye_ros_interface/srv/detail/capture_depth_map__type_support.cpp
[10.981s] -- Up-to-date: /home/inauenma/git/mecheye_ros2_interface/install/mecheye_ros_interface/include/mecheye_ros_interface/mecheye_ros_interface/srv/detail/device_info__rosidl_typesupport_introspection_cpp.hpp
[10.981s] -- Up-to-date: /home/inauenma/git/mecheye_ros2_interface/install/mecheye_ros_interface/include/mecheye_ros_interface/mecheye_ros_interface/srv/detail/get_bool_parameter__type_support.cpp
[10.981s] -- Up-to-date: /home/inauenma/git/mecheye_ros2_interface/install/mecheye_ros_interface/include/mecheye_ros_interface/mecheye_ros_interface/srv/detail/set_range_parameter__rosidl_typesupport_introspection_cpp.hpp
[10.981s] -- Up-to-date: /home/inauenma/git/mecheye_ros2_interface/install/mecheye_ros_interface/include/mecheye_ros_interface/mecheye_ros_interface/srv/detail/get_float_parameter__rosidl_typesupport_introspection_cpp.hpp
[10.981s] -- Up-to-date: /home/inauenma/git/mecheye_ros2_interface/install/mecheye_ros_interface/include/mecheye_ros_interface/mecheye_ros_interface/srv/detail/get_current_user_set__type_support.cpp
[10.981s] -- Up-to-date: /home/inauenma/git/mecheye_ros2_interface/install/mecheye_ros_interface/include/mecheye_ros_interface/mecheye_ros_interface/srv/detail/get_roi_parameter__type_support.cpp
[10.981s] -- Up-to-date: /home/inauenma/git/mecheye_ros2_interface/install/mecheye_ros_interface/include/mecheye_ros_interface/mecheye_ros_interface/srv/detail/capture_point_cloud__rosidl_typesupport_introspection_cpp.hpp
[10.981s] -- Up-to-date: /home/inauenma/git/mecheye_ros2_interface/install/mecheye_ros_interface/include/mecheye_ros_interface/mecheye_ros_interface/srv/detail/get_range_parameter__rosidl_typesupport_introspection_cpp.hpp
[10.981s] -- Up-to-date: /home/inauenma/git/mecheye_ros2_interface/install/mecheye_ros_interface/include/mecheye_ros_interface/mecheye_ros_interface/srv/detail/set_float_array_parameter__type_support.cpp
[10.981s] -- Up-to-date: /home/inauenma/git/mecheye_ros2_interface/install/mecheye_ros_interface/include/mecheye_ros_interface/mecheye_ros_interface/srv/detail/save_all_settings_to_user_sets__type_support.cpp
[10.981s] -- Up-to-date: /home/inauenma/git/mecheye_ros2_interface/install/mecheye_ros_interface/include/mecheye_ros_interface/mecheye_ros_interface/srv/detail/add_user_set__rosidl_typesupport_introspection_cpp.hpp
[10.981s] -- Up-to-date: /home/inauenma/git/mecheye_ros2_interface/install/mecheye_ros_interface/include/mecheye_ros_interface/mecheye_ros_interface/srv/detail/get_int_parameter__type_support.cpp
[10.981s] -- Up-to-date: /home/inauenma/git/mecheye_ros2_interface/install/mecheye_ros_interface/include/mecheye_ros_interface/mecheye_ros_interface/srv/detail/set_current_user_set__type_support.cpp
[10.981s] -- Up-to-date: /home/inauenma/git/mecheye_ros2_interface/install/mecheye_ros_interface/include/mecheye_ros_interface/mecheye_ros_interface/srv/detail/set_float_parameter__rosidl_typesupport_introspection_cpp.hpp
[10.981s] -- Up-to-date: /home/inauenma/git/mecheye_ros2_interface/install/mecheye_ros_interface/include/mecheye_ros_interface/mecheye_ros_interface/srv/detail/set_int_parameter__rosidl_typesupport_introspection_cpp.hpp
[10.981s] -- Up-to-date: /home/inauenma/git/mecheye_ros2_interface/install/mecheye_ros_interface/include/mecheye_ros_interface/mecheye_ros_interface/srv/detail/get_float_parameter__type_support.cpp
[10.982s] -- Up-to-date: /home/inauenma/git/mecheye_ros2_interface/install/mecheye_ros_interface/include/mecheye_ros_interface/mecheye_ros_interface/srv/detail/capture_textured_point_cloud__type_support.cpp
[10.982s] -- Up-to-date: /home/inauenma/git/mecheye_ros2_interface/install/mecheye_ros_interface/include/mecheye_ros_interface/mecheye_ros_interface/srv/detail/add_user_set__type_support.cpp
[10.982s] -- Up-to-date: /home/inauenma/git/mecheye_ros2_interface/install/mecheye_ros_interface/include/mecheye_ros_interface/mecheye_ros_interface/srv/detail/set_roi_parameter__type_support.cpp
[10.982s] -- Up-to-date: /home/inauenma/git/mecheye_ros2_interface/install/mecheye_ros_interface/include/mecheye_ros_interface/mecheye_ros_interface/srv/detail/set_roi_parameter__rosidl_typesupport_introspection_cpp.hpp
[10.982s] -- Up-to-date: /home/inauenma/git/mecheye_ros2_interface/install/mecheye_ros_interface/include/mecheye_ros_interface/mecheye_ros_interface/srv/detail/get_current_user_set__rosidl_typesupport_introspection_cpp.hpp
[10.982s] -- Up-to-date: /home/inauenma/git/mecheye_ros2_interface/install/mecheye_ros_interface/include/mecheye_ros_interface/mecheye_ros_interface/srv/detail/capture_color_image__type_support.cpp
[10.982s] -- Up-to-date: /home/inauenma/git/mecheye_ros2_interface/install/mecheye_ros_interface/include/mecheye_ros_interface/mecheye_ros_interface/srv/detail/get_int_parameter__rosidl_typesupport_introspection_cpp.hpp
[10.982s] -- Up-to-date: /home/inauenma/git/mecheye_ros2_interface/install/mecheye_ros_interface/include/mecheye_ros_interface/mecheye_ros_interface/srv/detail/save_all_settings_to_user_sets__rosidl_typesupport_introspection_cpp.hpp
[10.982s] -- Up-to-date: /home/inauenma/git/mecheye_ros2_interface/install/mecheye_ros_interface/include/mecheye_ros_interface/mecheye_ros_interface/srv/detail/get_float_array_parameter__type_support.cpp
[10.982s] -- Up-to-date: /home/inauenma/git/mecheye_ros2_interface/install/mecheye_ros_interface/include/mecheye_ros_interface/mecheye_ros_interface/srv/detail/capture_stereo_color_images__type_support.cpp
[10.982s] -- Up-to-date: /home/inauenma/git/mecheye_ros2_interface/install/mecheye_ros_interface/include/mecheye_ros_interface/mecheye_ros_interface/srv/detail/capture_depth_map__rosidl_typesupport_introspection_cpp.hpp
[10.982s] -- Up-to-date: /home/inauenma/git/mecheye_ros2_interface/install/mecheye_ros_interface/include/mecheye_ros_interface/mecheye_ros_interface/srv/detail/set_float_parameter__type_support.cpp
[10.982s] -- Up-to-date: /home/inauenma/git/mecheye_ros2_interface/install/mecheye_ros_interface/include/mecheye_ros_interface/mecheye_ros_interface/srv/detail/capture_color_image__rosidl_typesupport_introspection_cpp.hpp
[10.982s] -- Up-to-date: /home/inauenma/git/mecheye_ros2_interface/install/mecheye_ros_interface/include/mecheye_ros_interface/mecheye_ros_interface/srv/detail/set_float_array_parameter__rosidl_typesupport_introspection_cpp.hpp
[10.982s] -- Up-to-date: /home/inauenma/git/mecheye_ros2_interface/install/mecheye_ros_interface/include/mecheye_ros_interface/mecheye_ros_interface/srv/detail/get_all_user_sets__rosidl_typesupport_introspection_cpp.hpp
[10.982s] -- Up-to-date: /home/inauenma/git/mecheye_ros2_interface/install/mecheye_ros_interface/include/mecheye_ros_interface/mecheye_ros_interface/srv/detail/get_float_array_parameter__rosidl_typesupport_introspection_cpp.hpp
[10.982s] -- Up-to-date: /home/inauenma/git/mecheye_ros2_interface/install/mecheye_ros_interface/include/mecheye_ros_interface/mecheye_ros_interface/srv/detail/capture_textured_point_cloud__rosidl_typesupport_introspection_cpp.hpp
[10.982s] -- Up-to-date: /home/inauenma/git/mecheye_ros2_interface/install/mecheye_ros_interface/include/mecheye_ros_interface/mecheye_ros_interface/srv/detail/set_range_parameter__type_support.cpp
[10.982s] -- Up-to-date: /home/inauenma/git/mecheye_ros2_interface/install/mecheye_ros_interface/include/mecheye_ros_interface/mecheye_ros_interface/srv/detail/set_int_parameter__type_support.cpp
[10.982s] -- Up-to-date: /home/inauenma/git/mecheye_ros2_interface/install/mecheye_ros_interface/include/mecheye_ros_interface/mecheye_ros_interface/srv/detail/set_bool_parameter__type_support.cpp
[10.982s] -- Up-to-date: /home/inauenma/git/mecheye_ros2_interface/install/mecheye_ros_interface/include/mecheye_ros_interface/mecheye_ros_interface/srv/detail/get_bool_parameter__rosidl_typesupport_introspection_cpp.hpp
[10.982s] -- Up-to-date: /home/inauenma/git/mecheye_ros2_interface/install/mecheye_ros_interface/include/mecheye_ros_interface/mecheye_ros_interface/srv/detail/set_current_user_set__rosidl_typesupport_introspection_cpp.hpp
[10.982s] -- Up-to-date: /home/inauenma/git/mecheye_ros2_interface/install/mecheye_ros_interface/include/mecheye_ros_interface/mecheye_ros_interface/srv/detail/set_enum_parameter__rosidl_typesupport_introspection_cpp.hpp
[10.982s] -- Up-to-date: /home/inauenma/git/mecheye_ros2_interface/install/mecheye_ros_interface/include/mecheye_ros_interface/mecheye_ros_interface/srv/detail/capture_stereo_color_images__rosidl_typesupport_introspection_cpp.hpp
[10.982s] -- Up-to-date: /home/inauenma/git/mecheye_ros2_interface/install/mecheye_ros_interface/include/mecheye_ros_interface/mecheye_ros_interface/srv/detail/set_enum_parameter__type_support.cpp
[10.982s] -- Up-to-date: /home/inauenma/git/mecheye_ros2_interface/install/mecheye_ros_interface/include/mecheye_ros_interface/mecheye_ros_interface/srv/detail/delete_user_set__rosidl_typesupport_introspection_cpp.hpp
[10.983s] -- Up-to-date: /home/inauenma/git/mecheye_ros2_interface/install/mecheye_ros_interface/include/mecheye_ros_interface/mecheye_ros_interface/srv/detail/set_bool_parameter__rosidl_typesupport_introspection_cpp.hpp
[10.983s] -- Up-to-date: /home/inauenma/git/mecheye_ros2_interface/install/mecheye_ros_interface/include/mecheye_ros_interface/mecheye_ros_interface/srv/detail/get_enum_parameter__rosidl_typesupport_introspection_cpp.hpp
[10.983s] -- Up-to-date: /home/inauenma/git/mecheye_ros2_interface/install/mecheye_ros_interface/include/mecheye_ros_interface/mecheye_ros_interface/srv/detail/capture_point_cloud__type_support.cpp
[10.983s] -- Up-to-date: /home/inauenma/git/mecheye_ros2_interface/install/mecheye_ros_interface/include/mecheye_ros_interface/mecheye_ros_interface/srv/detail/get_range_parameter__type_support.cpp
[10.983s] -- Up-to-date: /home/inauenma/git/mecheye_ros2_interface/install/mecheye_ros_interface/include/mecheye_ros_interface/mecheye_ros_interface/srv/detail/device_info__type_support.cpp
[10.983s] -- Up-to-date: /home/inauenma/git/mecheye_ros2_interface/install/mecheye_ros_interface/include/mecheye_ros_interface/mecheye_ros_interface/srv/detail/get_roi_parameter__rosidl_typesupport_introspection_cpp.hpp
[10.983s] -- Up-to-date: /home/inauenma/git/mecheye_ros2_interface/install/mecheye_ros_interface/include/mecheye_ros_interface/mecheye_ros_interface/srv/detail/get_enum_parameter__type_support.cpp
[10.983s] -- Up-to-date: /home/inauenma/git/mecheye_ros2_interface/install/mecheye_ros_interface/lib/libmecheye_ros_interface__rosidl_typesupport_introspection_cpp.so
[10.983s] -- Up-to-date: /home/inauenma/git/mecheye_ros2_interface/install/mecheye_ros_interface/lib/libmecheye_ros_interface__rosidl_typesupport_cpp.so
[10.983s] -- Up-to-date: /home/inauenma/git/mecheye_ros2_interface/install/mecheye_ros_interface/share/mecheye_ros_interface/environment/pythonpath.sh
[10.983s] -- Up-to-date: /home/inauenma/git/mecheye_ros2_interface/install/mecheye_ros_interface/share/mecheye_ros_interface/environment/pythonpath.dsv
[10.983s] -- Up-to-date: /home/inauenma/git/mecheye_ros2_interface/install/mecheye_ros_interface/lib/python3.12/site-packages/mecheye_ros_interface-0.0.2-py3.12.egg-info
[10.983s] -- Installing: /home/inauenma/git/mecheye_ros2_interface/install/mecheye_ros_interface/lib/python3.12/site-packages/mecheye_ros_interface-0.0.2-py3.12.egg-info/SOURCES.txt
[10.983s] -- Installing: /home/inauenma/git/mecheye_ros2_interface/install/mecheye_ros_interface/lib/python3.12/site-packages/mecheye_ros_interface-0.0.2-py3.12.egg-info/PKG-INFO
[10.983s] -- Installing: /home/inauenma/git/mecheye_ros2_interface/install/mecheye_ros_interface/lib/python3.12/site-packages/mecheye_ros_interface-0.0.2-py3.12.egg-info/top_level.txt
[10.983s] -- Installing: /home/inauenma/git/mecheye_ros2_interface/install/mecheye_ros_interface/lib/python3.12/site-packages/mecheye_ros_interface-0.0.2-py3.12.egg-info/dependency_links.txt
[10.983s] -- Up-to-date: /home/inauenma/git/mecheye_ros2_interface/install/mecheye_ros_interface/lib/python3.12/site-packages/mecheye_ros_interface
[10.983s] -- Up-to-date: /home/inauenma/git/mecheye_ros2_interface/install/mecheye_ros_interface/lib/python3.12/site-packages/mecheye_ros_interface/_mecheye_ros_interface_s.ep.rosidl_typesupport_fastrtps_c.c
[10.983s] -- Up-to-date: /home/inauenma/git/mecheye_ros2_interface/install/mecheye_ros_interface/lib/python3.12/site-packages/mecheye_ros_interface/mecheye_ros_interface_s__rosidl_typesupport_c.so
[10.983s] -- Up-to-date: /home/inauenma/git/mecheye_ros2_interface/install/mecheye_ros_interface/lib/python3.12/site-packages/mecheye_ros_interface/mecheye_ros_interface_s__rosidl_typesupport_introspection_c.so
[10.983s] -- Up-to-date: /home/inauenma/git/mecheye_ros2_interface/install/mecheye_ros_interface/lib/python3.12/site-packages/mecheye_ros_interface/mecheye_ros_interface_s__rosidl_typesupport_fastrtps_c.so
[10.983s] -- Up-to-date: /home/inauenma/git/mecheye_ros2_interface/install/mecheye_ros_interface/lib/python3.12/site-packages/mecheye_ros_interface/srv
[10.983s] -- Up-to-date: /home/inauenma/git/mecheye_ros2_interface/install/mecheye_ros_interface/lib/python3.12/site-packages/mecheye_ros_interface/srv/_capture_textured_point_cloud_s.c
[10.983s] -- Up-to-date: /home/inauenma/git/mecheye_ros2_interface/install/mecheye_ros_interface/lib/python3.12/site-packages/mecheye_ros_interface/srv/_set_range_parameter_s.c
[10.984s] -- Up-to-date: /home/inauenma/git/mecheye_ros2_interface/install/mecheye_ros_interface/lib/python3.12/site-packages/mecheye_ros_interface/srv/_get_float_parameter_s.c
[10.984s] -- Up-to-date: /home/inauenma/git/mecheye_ros2_interface/install/mecheye_ros_interface/lib/python3.12/site-packages/mecheye_ros_interface/srv/_capture_depth_map_s.c
[10.984s] -- Up-to-date: /home/inauenma/git/mecheye_ros2_interface/install/mecheye_ros_interface/lib/python3.12/site-packages/mecheye_ros_interface/srv/_get_all_user_sets_s.c
[10.984s] -- Up-to-date: /home/inauenma/git/mecheye_ros2_interface/install/mecheye_ros_interface/lib/python3.12/site-packages/mecheye_ros_interface/srv/_get_float_array_parameter.py
[10.984s] -- Up-to-date: /home/inauenma/git/mecheye_ros2_interface/install/mecheye_ros_interface/lib/python3.12/site-packages/mecheye_ros_interface/srv/_get_current_user_set.py
[10.984s] -- Up-to-date: /home/inauenma/git/mecheye_ros2_interface/install/mecheye_ros_interface/lib/python3.12/site-packages/mecheye_ros_interface/srv/_set_bool_parameter_s.c
[10.984s] -- Up-to-date: /home/inauenma/git/mecheye_ros2_interface/install/mecheye_ros_interface/lib/python3.12/site-packages/mecheye_ros_interface/srv/_device_info_s.c
[10.984s] -- Up-to-date: /home/inauenma/git/mecheye_ros2_interface/install/mecheye_ros_interface/lib/python3.12/site-packages/mecheye_ros_interface/srv/_capture_depth_map.py
[10.984s] -- Up-to-date: /home/inauenma/git/mecheye_ros2_interface/install/mecheye_ros_interface/lib/python3.12/site-packages/mecheye_ros_interface/srv/_add_user_set.py
[10.984s] -- Up-to-date: /home/inauenma/git/mecheye_ros2_interface/install/mecheye_ros_interface/lib/python3.12/site-packages/mecheye_ros_interface/srv/_set_roi_parameter_s.c
[10.984s] -- Up-to-date: /home/inauenma/git/mecheye_ros2_interface/install/mecheye_ros_interface/lib/python3.12/site-packages/mecheye_ros_interface/srv/_set_current_user_set_s.c
[10.984s] -- Up-to-date: /home/inauenma/git/mecheye_ros2_interface/install/mecheye_ros_interface/lib/python3.12/site-packages/mecheye_ros_interface/srv/_capture_stereo_color_images_s.c
[10.984s] -- Up-to-date: /home/inauenma/git/mecheye_ros2_interface/install/mecheye_ros_interface/lib/python3.12/site-packages/mecheye_ros_interface/srv/_save_all_settings_to_user_sets_s.c
[10.984s] -- Up-to-date: /home/inauenma/git/mecheye_ros2_interface/install/mecheye_ros_interface/lib/python3.12/site-packages/mecheye_ros_interface/srv/_set_range_parameter.py
[10.984s] -- Up-to-date: /home/inauenma/git/mecheye_ros2_interface/install/mecheye_ros_interface/lib/python3.12/site-packages/mecheye_ros_interface/srv/_capture_textured_point_cloud.py
[10.984s] -- Up-to-date: /home/inauenma/git/mecheye_ros2_interface/install/mecheye_ros_interface/lib/python3.12/site-packages/mecheye_ros_interface/srv/_get_range_parameter_s.c
[10.984s] -- Up-to-date: /home/inauenma/git/mecheye_ros2_interface/install/mecheye_ros_interface/lib/python3.12/site-packages/mecheye_ros_interface/srv/_set_roi_parameter.py
[10.984s] -- Up-to-date: /home/inauenma/git/mecheye_ros2_interface/install/mecheye_ros_interface/lib/python3.12/site-packages/mecheye_ros_interface/srv/_get_enum_parameter.py
[10.984s] -- Up-to-date: /home/inauenma/git/mecheye_ros2_interface/install/mecheye_ros_interface/lib/python3.12/site-packages/mecheye_ros_interface/srv/_capture_color_image_s.c
[10.984s] -- Up-to-date: /home/inauenma/git/mecheye_ros2_interface/install/mecheye_ros_interface/lib/python3.12/site-packages/mecheye_ros_interface/srv/_get_current_user_set_s.c
[10.984s] -- Up-to-date: /home/inauenma/git/mecheye_ros2_interface/install/mecheye_ros_interface/lib/python3.12/site-packages/mecheye_ros_interface/srv/__init__.py
[10.984s] -- Up-to-date: /home/inauenma/git/mecheye_ros2_interface/install/mecheye_ros_interface/lib/python3.12/site-packages/mecheye_ros_interface/srv/_capture_point_cloud_s.c
[10.984s] -- Up-to-date: /home/inauenma/git/mecheye_ros2_interface/install/mecheye_ros_interface/lib/python3.12/site-packages/mecheye_ros_interface/srv/_set_float_array_parameter_s.c
[10.984s] -- Up-to-date: /home/inauenma/git/mecheye_ros2_interface/install/mecheye_ros_interface/lib/python3.12/site-packages/mecheye_ros_interface/srv/_get_roi_parameter_s.c
[10.984s] -- Up-to-date: /home/inauenma/git/mecheye_ros2_interface/install/mecheye_ros_interface/lib/python3.12/site-packages/mecheye_ros_interface/srv/_device_info.py
[10.984s] -- Up-to-date: /home/inauenma/git/mecheye_ros2_interface/install/mecheye_ros_interface/lib/python3.12/site-packages/mecheye_ros_interface/srv/_delete_user_set_s.c
[10.984s] -- Up-to-date: /home/inauenma/git/mecheye_ros2_interface/install/mecheye_ros_interface/lib/python3.12/site-packages/mecheye_ros_interface/srv/_set_current_user_set.py
[10.984s] -- Up-to-date: /home/inauenma/git/mecheye_ros2_interface/install/mecheye_ros_interface/lib/python3.12/site-packages/mecheye_ros_interface/srv/_capture_color_image.py
[10.984s] -- Up-to-date: /home/inauenma/git/mecheye_ros2_interface/install/mecheye_ros_interface/lib/python3.12/site-packages/mecheye_ros_interface/srv/_set_int_parameter_s.c
[10.985s] -- Up-to-date: /home/inauenma/git/mecheye_ros2_interface/install/mecheye_ros_interface/lib/python3.12/site-packages/mecheye_ros_interface/srv/_capture_stereo_color_images.py
[10.985s] -- Up-to-date: /home/inauenma/git/mecheye_ros2_interface/install/mecheye_ros_interface/lib/python3.12/site-packages/mecheye_ros_interface/srv/_get_bool_parameter_s.c
[10.985s] -- Up-to-date: /home/inauenma/git/mecheye_ros2_interface/install/mecheye_ros_interface/lib/python3.12/site-packages/mecheye_ros_interface/srv/_set_float_parameter.py
[10.985s] -- Up-to-date: /home/inauenma/git/mecheye_ros2_interface/install/mecheye_ros_interface/lib/python3.12/site-packages/mecheye_ros_interface/srv/_add_user_set_s.c
[10.985s] -- Up-to-date: /home/inauenma/git/mecheye_ros2_interface/install/mecheye_ros_interface/lib/python3.12/site-packages/mecheye_ros_interface/srv/_delete_user_set.py
[10.985s] -- Up-to-date: /home/inauenma/git/mecheye_ros2_interface/install/mecheye_ros_interface/lib/python3.12/site-packages/mecheye_ros_interface/srv/_get_int_parameter_s.c
[10.985s] -- Up-to-date: /home/inauenma/git/mecheye_ros2_interface/install/mecheye_ros_interface/lib/python3.12/site-packages/mecheye_ros_interface/srv/_set_bool_parameter.py
[10.985s] -- Up-to-date: /home/inauenma/git/mecheye_ros2_interface/install/mecheye_ros_interface/lib/python3.12/site-packages/mecheye_ros_interface/srv/_set_enum_parameter.py
[10.985s] -- Up-to-date: /home/inauenma/git/mecheye_ros2_interface/install/mecheye_ros_interface/lib/python3.12/site-packages/mecheye_ros_interface/srv/_get_all_user_sets.py
[10.985s] -- Up-to-date: /home/inauenma/git/mecheye_ros2_interface/install/mecheye_ros_interface/lib/python3.12/site-packages/mecheye_ros_interface/srv/_get_int_parameter.py
[10.985s] -- Up-to-date: /home/inauenma/git/mecheye_ros2_interface/install/mecheye_ros_interface/lib/python3.12/site-packages/mecheye_ros_interface/srv/_set_float_parameter_s.c
[10.985s] -- Up-to-date: /home/inauenma/git/mecheye_ros2_interface/install/mecheye_ros_interface/lib/python3.12/site-packages/mecheye_ros_interface/srv/_set_enum_parameter_s.c
[10.985s] -- Up-to-date: /home/inauenma/git/mecheye_ros2_interface/install/mecheye_ros_interface/lib/python3.12/site-packages/mecheye_ros_interface/srv/_get_range_parameter.py
[10.985s] -- Up-to-date: /home/inauenma/git/mecheye_ros2_interface/install/mecheye_ros_interface/lib/python3.12/site-packages/mecheye_ros_interface/srv/_get_enum_parameter_s.c
[10.985s] -- Up-to-date: /home/inauenma/git/mecheye_ros2_interface/install/mecheye_ros_interface/lib/python3.12/site-packages/mecheye_ros_interface/srv/_get_roi_parameter.py
[10.985s] -- Up-to-date: /home/inauenma/git/mecheye_ros2_interface/install/mecheye_ros_interface/lib/python3.12/site-packages/mecheye_ros_interface/srv/_get_float_array_parameter_s.c
[10.985s] -- Up-to-date: /home/inauenma/git/mecheye_ros2_interface/install/mecheye_ros_interface/lib/python3.12/site-packages/mecheye_ros_interface/srv/_set_int_parameter.py
[10.985s] -- Up-to-date: /home/inauenma/git/mecheye_ros2_interface/install/mecheye_ros_interface/lib/python3.12/site-packages/mecheye_ros_interface/srv/_get_bool_parameter.py
[10.985s] -- Up-to-date: /home/inauenma/git/mecheye_ros2_interface/install/mecheye_ros_interface/lib/python3.12/site-packages/mecheye_ros_interface/srv/_save_all_settings_to_user_sets.py
[10.985s] -- Up-to-date: /home/inauenma/git/mecheye_ros2_interface/install/mecheye_ros_interface/lib/python3.12/site-packages/mecheye_ros_interface/srv/_capture_point_cloud.py
[10.985s] -- Up-to-date: /home/inauenma/git/mecheye_ros2_interface/install/mecheye_ros_interface/lib/python3.12/site-packages/mecheye_ros_interface/srv/_get_float_parameter.py
[10.985s] -- Up-to-date: /home/inauenma/git/mecheye_ros2_interface/install/mecheye_ros_interface/lib/python3.12/site-packages/mecheye_ros_interface/srv/_set_float_array_parameter.py
[10.985s] -- Up-to-date: /home/inauenma/git/mecheye_ros2_interface/install/mecheye_ros_interface/lib/python3.12/site-packages/mecheye_ros_interface/__init__.py
[10.985s] -- Up-to-date: /home/inauenma/git/mecheye_ros2_interface/install/mecheye_ros_interface/lib/python3.12/site-packages/mecheye_ros_interface/_mecheye_ros_interface_s.ep.rosidl_typesupport_introspection_c.c
[10.985s] -- Up-to-date: /home/inauenma/git/mecheye_ros2_interface/install/mecheye_ros_interface/lib/python3.12/site-packages/mecheye_ros_interface/_mecheye_ros_interface_s.ep.rosidl_typesupport_c.c
[11.004s] Listing '/home/inauenma/git/mecheye_ros2_interface/install/mecheye_ros_interface/lib/python3.12/site-packages/mecheye_ros_interface'...
[11.004s] Listing '/home/inauenma/git/mecheye_ros2_interface/install/mecheye_ros_interface/lib/python3.12/site-packages/mecheye_ros_interface/srv'...
[11.009s] -- Up-to-date: /home/inauenma/git/mecheye_ros2_interface/install/mecheye_ros_interface/lib/python3.12/site-packages/mecheye_ros_interface/mecheye_ros_interface_s__rosidl_typesupport_fastrtps_c.so
[11.009s] -- Up-to-date: /home/inauenma/git/mecheye_ros2_interface/install/mecheye_ros_interface/lib/python3.12/site-packages/mecheye_ros_interface/mecheye_ros_interface_s__rosidl_typesupport_introspection_c.so
[11.010s] -- Up-to-date: /home/inauenma/git/mecheye_ros2_interface/install/mecheye_ros_interface/lib/python3.12/site-packages/mecheye_ros_interface/mecheye_ros_interface_s__rosidl_typesupport_c.so
[11.010s] -- Up-to-date: /home/inauenma/git/mecheye_ros2_interface/install/mecheye_ros_interface/lib/libmecheye_ros_interface__rosidl_generator_py.so
[11.011s] -- Up-to-date: /home/inauenma/git/mecheye_ros2_interface/install/mecheye_ros_interface/share/mecheye_ros_interface/srv/SetCurrentUserSet.idl
[11.011s] -- Up-to-date: /home/inauenma/git/mecheye_ros2_interface/install/mecheye_ros_interface/share/mecheye_ros_interface/srv/SaveAllSettingsToUserSets.idl
[11.011s] -- Up-to-date: /home/inauenma/git/mecheye_ros2_interface/install/mecheye_ros_interface/share/mecheye_ros_interface/srv/AddUserSet.idl
[11.011s] -- Up-to-date: /home/inauenma/git/mecheye_ros2_interface/install/mecheye_ros_interface/share/mecheye_ros_interface/srv/CaptureColorImage.idl
[11.011s] -- Up-to-date: /home/inauenma/git/mecheye_ros2_interface/install/mecheye_ros_interface/share/mecheye_ros_interface/srv/CaptureStereoColorImages.idl
[11.012s] -- Up-to-date: /home/inauenma/git/mecheye_ros2_interface/install/mecheye_ros_interface/share/mecheye_ros_interface/srv/CaptureTexturedPointCloud.idl
[11.012s] -- Up-to-date: /home/inauenma/git/mecheye_ros2_interface/install/mecheye_ros_interface/share/mecheye_ros_interface/srv/CaptureDepthMap.idl
[11.012s] -- Up-to-date: /home/inauenma/git/mecheye_ros2_interface/install/mecheye_ros_interface/share/mecheye_ros_interface/srv/CapturePointCloud.idl
[11.012s] -- Up-to-date: /home/inauenma/git/mecheye_ros2_interface/install/mecheye_ros_interface/share/mecheye_ros_interface/srv/DeleteUserSet.idl
[11.013s] -- Up-to-date: /home/inauenma/git/mecheye_ros2_interface/install/mecheye_ros_interface/share/mecheye_ros_interface/srv/DeviceInfo.idl
[11.013s] -- Up-to-date: /home/inauenma/git/mecheye_ros2_interface/install/mecheye_ros_interface/share/mecheye_ros_interface/srv/GetAllUserSets.idl
[11.013s] -- Up-to-date: /home/inauenma/git/mecheye_ros2_interface/install/mecheye_ros_interface/share/mecheye_ros_interface/srv/GetCurrentUserSet.idl
[11.013s] -- Up-to-date: /home/inauenma/git/mecheye_ros2_interface/install/mecheye_ros_interface/share/mecheye_ros_interface/srv/SetIntParameter.idl
[11.014s] -- Up-to-date: /home/inauenma/git/mecheye_ros2_interface/install/mecheye_ros_interface/share/mecheye_ros_interface/srv/GetIntParameter.idl
[11.014s] -- Up-to-date: /home/inauenma/git/mecheye_ros2_interface/install/mecheye_ros_interface/share/mecheye_ros_interface/srv/SetRangeParameter.idl
[11.014s] -- Up-to-date: /home/inauenma/git/mecheye_ros2_interface/install/mecheye_ros_interface/share/mecheye_ros_interface/srv/GetRangeParameter.idl
[11.014s] -- Up-to-date: /home/inauenma/git/mecheye_ros2_interface/install/mecheye_ros_interface/share/mecheye_ros_interface/srv/SetBoolParameter.idl
[11.014s] -- Up-to-date: /home/inauenma/git/mecheye_ros2_interface/install/mecheye_ros_interface/share/mecheye_ros_interface/srv/GetBoolParameter.idl
[11.014s] -- Up-to-date: /home/inauenma/git/mecheye_ros2_interface/install/mecheye_ros_interface/share/mecheye_ros_interface/srv/SetEnumParameter.idl
[11.014s] -- Up-to-date: /home/inauenma/git/mecheye_ros2_interface/install/mecheye_ros_interface/share/mecheye_ros_interface/srv/GetEnumParameter.idl
[11.014s] -- Up-to-date: /home/inauenma/git/mecheye_ros2_interface/install/mecheye_ros_interface/share/mecheye_ros_interface/srv/SetFloatParameter.idl
[11.015s] -- Up-to-date: /home/inauenma/git/mecheye_ros2_interface/install/mecheye_ros_interface/share/mecheye_ros_interface/srv/GetFloatParameter.idl
[11.015s] -- Up-to-date: /home/inauenma/git/mecheye_ros2_interface/install/mecheye_ros_interface/share/mecheye_ros_interface/srv/SetFloatArrayParameter.idl
[11.015s] -- Up-to-date: /home/inauenma/git/mecheye_ros2_interface/install/mecheye_ros_interface/share/mecheye_ros_interface/srv/GetFloatArrayParameter.idl
[11.015s] -- Up-to-date: /home/inauenma/git/mecheye_ros2_interface/install/mecheye_ros_interface/share/mecheye_ros_interface/srv/SetROIParameter.idl
[11.015s] -- Up-to-date: /home/inauenma/git/mecheye_ros2_interface/install/mecheye_ros_interface/share/mecheye_ros_interface/srv/GetROIParameter.idl
[11.015s] -- Up-to-date: /home/inauenma/git/mecheye_ros2_interface/install/mecheye_ros_interface/share/mecheye_ros_interface/srv/SetCurrentUserSet.srv
[11.016s] -- Up-to-date: /home/inauenma/git/mecheye_ros2_interface/install/mecheye_ros_interface/share/mecheye_ros_interface/srv/SaveAllSettingsToUserSets.srv
[11.016s] -- Up-to-date: /home/inauenma/git/mecheye_ros2_interface/install/mecheye_ros_interface/share/mecheye_ros_interface/srv/AddUserSet.srv
[11.016s] -- Up-to-date: /home/inauenma/git/mecheye_ros2_interface/install/mecheye_ros_interface/share/mecheye_ros_interface/srv/CaptureColorImage.srv
[11.017s] -- Up-to-date: /home/inauenma/git/mecheye_ros2_interface/install/mecheye_ros_interface/share/mecheye_ros_interface/srv/CaptureStereoColorImages.srv
[11.017s] -- Up-to-date: /home/inauenma/git/mecheye_ros2_interface/install/mecheye_ros_interface/share/mecheye_ros_interface/srv/CaptureTexturedPointCloud.srv
[11.017s] -- Up-to-date: /home/inauenma/git/mecheye_ros2_interface/install/mecheye_ros_interface/share/mecheye_ros_interface/srv/CaptureDepthMap.srv
[11.017s] -- Up-to-date: /home/inauenma/git/mecheye_ros2_interface/install/mecheye_ros_interface/share/mecheye_ros_interface/srv/CapturePointCloud.srv
[11.018s] -- Up-to-date: /home/inauenma/git/mecheye_ros2_interface/install/mecheye_ros_interface/share/mecheye_ros_interface/srv/DeleteUserSet.srv
[11.018s] -- Up-to-date: /home/inauenma/git/mecheye_ros2_interface/install/mecheye_ros_interface/share/mecheye_ros_interface/srv/DeviceInfo.srv
[11.018s] -- Up-to-date: /home/inauenma/git/mecheye_ros2_interface/install/mecheye_ros_interface/share/mecheye_ros_interface/srv/GetAllUserSets.srv
[11.018s] -- Up-to-date: /home/inauenma/git/mecheye_ros2_interface/install/mecheye_ros_interface/share/mecheye_ros_interface/srv/GetCurrentUserSet.srv
[11.018s] -- Up-to-date: /home/inauenma/git/mecheye_ros2_interface/install/mecheye_ros_interface/share/mecheye_ros_interface/srv/SetIntParameter.srv
[11.018s] -- Up-to-date: /home/inauenma/git/mecheye_ros2_interface/install/mecheye_ros_interface/share/mecheye_ros_interface/srv/GetIntParameter.srv
[11.018s] -- Up-to-date: /home/inauenma/git/mecheye_ros2_interface/install/mecheye_ros_interface/share/mecheye_ros_interface/srv/SetRangeParameter.srv
[11.018s] -- Up-to-date: /home/inauenma/git/mecheye_ros2_interface/install/mecheye_ros_interface/share/mecheye_ros_interface/srv/GetRangeParameter.srv
[11.018s] -- Up-to-date: /home/inauenma/git/mecheye_ros2_interface/install/mecheye_ros_interface/share/mecheye_ros_interface/srv/SetBoolParameter.srv
[11.018s] -- Up-to-date: /home/inauenma/git/mecheye_ros2_interface/install/mecheye_ros_interface/share/mecheye_ros_interface/srv/GetBoolParameter.srv
[11.018s] -- Up-to-date: /home/inauenma/git/mecheye_ros2_interface/install/mecheye_ros_interface/share/mecheye_ros_interface/srv/SetEnumParameter.srv
[11.018s] -- Up-to-date: /home/inauenma/git/mecheye_ros2_interface/install/mecheye_ros_interface/share/mecheye_ros_interface/srv/GetEnumParameter.srv
[11.018s] -- Up-to-date: /home/inauenma/git/mecheye_ros2_interface/install/mecheye_ros_interface/share/mecheye_ros_interface/srv/SetFloatParameter.srv
[11.018s] -- Up-to-date: /home/inauenma/git/mecheye_ros2_interface/install/mecheye_ros_interface/share/mecheye_ros_interface/srv/GetFloatParameter.srv
[11.018s] -- Up-to-date: /home/inauenma/git/mecheye_ros2_interface/install/mecheye_ros_interface/share/mecheye_ros_interface/srv/SetFloatArrayParameter.srv
[11.018s] -- Up-to-date: /home/inauenma/git/mecheye_ros2_interface/install/mecheye_ros_interface/share/mecheye_ros_interface/srv/GetFloatArrayParameter.srv
[11.018s] -- Up-to-date: /home/inauenma/git/mecheye_ros2_interface/install/mecheye_ros_interface/share/mecheye_ros_interface/srv/SetROIParameter.srv
[11.018s] -- Up-to-date: /home/inauenma/git/mecheye_ros2_interface/install/mecheye_ros_interface/share/mecheye_ros_interface/srv/GetROIParameter.srv
[11.018s] -- Installing: /home/inauenma/git/mecheye_ros2_interface/install/mecheye_ros_interface/lib/mecheye_ros_interface/start
[11.055s] -- Set non-toolchain portion of runtime path of "/home/inauenma/git/mecheye_ros2_interface/install/mecheye_ros_interface/lib/mecheye_ros_interface/start" to ""
[11.055s] -- Up-to-date: /home/inauenma/git/mecheye_ros2_interface/install/mecheye_ros_interface/include/mecheye_ros_interface
[11.055s] -- Up-to-date: /home/inauenma/git/mecheye_ros2_interface/install/mecheye_ros_interface/include/mecheye_ros_interface/MechMindCamera.h
[11.055s] -- Up-to-date: /home/inauenma/git/mecheye_ros2_interface/install/mecheye_ros_interface/share/mecheye_ros_interface/launch/start_camera.py
[11.056s] -- Up-to-date: /home/inauenma/git/mecheye_ros2_interface/install/mecheye_ros_interface/share/ament_index/resource_index/package_run_dependencies/mecheye_ros_interface
[11.056s] -- Up-to-date: /home/inauenma/git/mecheye_ros2_interface/install/mecheye_ros_interface/share/ament_index/resource_index/parent_prefix_path/mecheye_ros_interface
[11.056s] -- Up-to-date: /home/inauenma/git/mecheye_ros2_interface/install/mecheye_ros_interface/share/mecheye_ros_interface/environment/ament_prefix_path.sh
[11.056s] -- Up-to-date: /home/inauenma/git/mecheye_ros2_interface/install/mecheye_ros_interface/share/mecheye_ros_interface/environment/ament_prefix_path.dsv
[11.056s] -- Up-to-date: /home/inauenma/git/mecheye_ros2_interface/install/mecheye_ros_interface/share/mecheye_ros_interface/environment/path.sh
[11.057s] -- Up-to-date: /home/inauenma/git/mecheye_ros2_interface/install/mecheye_ros_interface/share/mecheye_ros_interface/environment/path.dsv
[11.057s] -- Up-to-date: /home/inauenma/git/mecheye_ros2_interface/install/mecheye_ros_interface/share/mecheye_ros_interface/local_setup.bash
[11.057s] -- Up-to-date: /home/inauenma/git/mecheye_ros2_interface/install/mecheye_ros_interface/share/mecheye_ros_interface/local_setup.sh
[11.057s] -- Up-to-date: /home/inauenma/git/mecheye_ros2_interface/install/mecheye_ros_interface/share/mecheye_ros_interface/local_setup.zsh
[11.058s] -- Up-to-date: /home/inauenma/git/mecheye_ros2_interface/install/mecheye_ros_interface/share/mecheye_ros_interface/local_setup.dsv
[11.058s] -- Installing: /home/inauenma/git/mecheye_ros2_interface/install/mecheye_ros_interface/share/mecheye_ros_interface/package.dsv
[11.058s] -- Up-to-date: /home/inauenma/git/mecheye_ros2_interface/install/mecheye_ros_interface/share/ament_index/resource_index/packages/mecheye_ros_interface
[11.058s] -- Up-to-date: /home/inauenma/git/mecheye_ros2_interface/install/mecheye_ros_interface/share/mecheye_ros_interface/cmake/export_mecheye_ros_interface__rosidl_generator_cExport.cmake
[11.058s] -- Up-to-date: /home/inauenma/git/mecheye_ros2_interface/install/mecheye_ros_interface/share/mecheye_ros_interface/cmake/export_mecheye_ros_interface__rosidl_generator_cExport-noconfig.cmake
[11.060s] -- Up-to-date: /home/inauenma/git/mecheye_ros2_interface/install/mecheye_ros_interface/share/mecheye_ros_interface/cmake/export_mecheye_ros_interface__rosidl_typesupport_fastrtps_cExport.cmake
[11.060s] -- Up-to-date: /home/inauenma/git/mecheye_ros2_interface/install/mecheye_ros_interface/share/mecheye_ros_interface/cmake/export_mecheye_ros_interface__rosidl_typesupport_fastrtps_cExport-noconfig.cmake
[11.060s] -- Up-to-date: /home/inauenma/git/mecheye_ros2_interface/install/mecheye_ros_interface/share/mecheye_ros_interface/cmake/export_mecheye_ros_interface__rosidl_generator_cppExport.cmake
[11.061s] -- Up-to-date: /home/inauenma/git/mecheye_ros2_interface/install/mecheye_ros_interface/share/mecheye_ros_interface/cmake/export_mecheye_ros_interface__rosidl_typesupport_fastrtps_cppExport.cmake
[11.061s] -- Up-to-date: /home/inauenma/git/mecheye_ros2_interface/install/mecheye_ros_interface/share/mecheye_ros_interface/cmake/export_mecheye_ros_interface__rosidl_typesupport_fastrtps_cppExport-noconfig.cmake
[11.061s] -- Up-to-date: /home/inauenma/git/mecheye_ros2_interface/install/mecheye_ros_interface/share/mecheye_ros_interface/cmake/mecheye_ros_interface__rosidl_typesupport_introspection_cExport.cmake
[11.061s] -- Up-to-date: /home/inauenma/git/mecheye_ros2_interface/install/mecheye_ros_interface/share/mecheye_ros_interface/cmake/mecheye_ros_interface__rosidl_typesupport_introspection_cExport-noconfig.cmake
[11.061s] -- Up-to-date: /home/inauenma/git/mecheye_ros2_interface/install/mecheye_ros_interface/share/mecheye_ros_interface/cmake/mecheye_ros_interface__rosidl_typesupport_cExport.cmake
[11.062s] -- Up-to-date: /home/inauenma/git/mecheye_ros2_interface/install/mecheye_ros_interface/share/mecheye_ros_interface/cmake/mecheye_ros_interface__rosidl_typesupport_cExport-noconfig.cmake
[11.062s] -- Up-to-date: /home/inauenma/git/mecheye_ros2_interface/install/mecheye_ros_interface/share/mecheye_ros_interface/cmake/mecheye_ros_interface__rosidl_typesupport_introspection_cppExport.cmake
[11.062s] -- Up-to-date: /home/inauenma/git/mecheye_ros2_interface/install/mecheye_ros_interface/share/mecheye_ros_interface/cmake/mecheye_ros_interface__rosidl_typesupport_introspection_cppExport-noconfig.cmake
[11.062s] -- Up-to-date: /home/inauenma/git/mecheye_ros2_interface/install/mecheye_ros_interface/share/mecheye_ros_interface/cmake/mecheye_ros_interface__rosidl_typesupport_cppExport.cmake
[11.062s] -- Up-to-date: /home/inauenma/git/mecheye_ros2_interface/install/mecheye_ros_interface/share/mecheye_ros_interface/cmake/mecheye_ros_interface__rosidl_typesupport_cppExport-noconfig.cmake
[11.062s] -- Up-to-date: /home/inauenma/git/mecheye_ros2_interface/install/mecheye_ros_interface/share/mecheye_ros_interface/cmake/export_mecheye_ros_interface__rosidl_generator_pyExport.cmake
[11.062s] -- Up-to-date: /home/inauenma/git/mecheye_ros2_interface/install/mecheye_ros_interface/share/mecheye_ros_interface/cmake/export_mecheye_ros_interface__rosidl_generator_pyExport-noconfig.cmake
[11.062s] -- Up-to-date: /home/inauenma/git/mecheye_ros2_interface/install/mecheye_ros_interface/share/mecheye_ros_interface/cmake/rosidl_cmake-extras.cmake
[11.063s] -- Up-to-date: /home/inauenma/git/mecheye_ros2_interface/install/mecheye_ros_interface/share/mecheye_ros_interface/cmake/ament_cmake_export_dependencies-extras.cmake
[11.063s] -- Up-to-date: /home/inauenma/git/mecheye_ros2_interface/install/mecheye_ros_interface/share/mecheye_ros_interface/cmake/ament_cmake_export_include_directories-extras.cmake
[11.063s] -- Up-to-date: /home/inauenma/git/mecheye_ros2_interface/install/mecheye_ros_interface/share/mecheye_ros_interface/cmake/ament_cmake_export_libraries-extras.cmake
[11.063s] -- Up-to-date: /home/inauenma/git/mecheye_ros2_interface/install/mecheye_ros_interface/share/mecheye_ros_interface/cmake/ament_cmake_export_targets-extras.cmake
[11.063s] -- Up-to-date: /home/inauenma/git/mecheye_ros2_interface/install/mecheye_ros_interface/share/mecheye_ros_interface/cmake/rosidl_cmake_export_typesupport_targets-extras.cmake
[11.063s] -- Up-to-date: /home/inauenma/git/mecheye_ros2_interface/install/mecheye_ros_interface/share/mecheye_ros_interface/cmake/rosidl_cmake_export_typesupport_libraries-extras.cmake
[11.063s] -- Up-to-date: /home/inauenma/git/mecheye_ros2_interface/install/mecheye_ros_interface/share/mecheye_ros_interface/cmake/mecheye_ros_interfaceConfig.cmake
[11.063s] -- Up-to-date: /home/inauenma/git/mecheye_ros2_interface/install/mecheye_ros_interface/share/mecheye_ros_interface/cmake/mecheye_ros_interfaceConfig-version.cmake
[11.063s] -- Up-to-date: /home/inauenma/git/mecheye_ros2_interface/install/mecheye_ros_interface/share/mecheye_ros_interface/package.xml
[11.067s] Invoked command in '/home/inauenma/git/mecheye_ros2_interface/build/mecheye_ros_interface' returned '0': CMAKE_PREFIX_PATH=${CMAKE_PREFIX_PATH}:/home/inauenma/ros2_ws/install/mesh_control_ros:/home/inauenma/moveit_ws/install/moveit_configs_utils:/opt/ros/jazzy DEBUGINFOD_URLS=https://debuginfod.ubuntu.com /usr/bin/cmake --install /home/inauenma/git/mecheye_ros2_interface/build/mecheye_ros_interface
