[0.018s] Invoking command in '/home/inauenma/git/mecheye_ros2_interface/build/mecheye_ros_interface': CMAKE_PREFIX_PATH=${CMAKE_PREFIX_PATH}:/home/inauenma/ros2_ws/install/mesh_control_ros:/home/inauenma/moveit_ws/install/moveit_configs_utils:/opt/ros/jazzy DEBUGINFOD_URLS=https://debuginfod.ubuntu.com /usr/bin/cmake --build /home/inauenma/git/mecheye_ros2_interface/build/mecheye_ros_interface -- -j16 -l16
[0.049s] /usr/bin/cmake -S/home/inauenma/git/mecheye_ros2_interface -B/home/inauenma/git/mecheye_ros2_interface/build/mecheye_ros_interface --check-build-system CMakeFiles/Makefile.cmake 0
[0.075s] /usr/bin/cmake -E cmake_progress_start /home/inauenma/git/mecheye_ros2_interface/build/mecheye_ros_interface/CMakeFiles /home/inauenma/git/mecheye_ros2_interface/build/mecheye_ros_interface//CMakeFiles/progress.marks
[0.093s] /usr/bin/gmake  -f CMakeFiles/Makefile2 all
[0.096s] gmake[1]: Entering directory '/home/inauenma/git/mecheye_ros2_interface/build/mecheye_ros_interface'
[0.096s] /usr/bin/gmake  -f CMakeFiles/mecheye_ros_interface__rosidl_generator_type_description.dir/build.make CMakeFiles/mecheye_ros_interface__rosidl_generator_type_description.dir/depend
[0.096s] /usr/bin/gmake  -f CMakeFiles/ament_cmake_python_copy_mecheye_ros_interface.dir/build.make CMakeFiles/ament_cmake_python_copy_mecheye_ros_interface.dir/depend
[0.099s] gmake[2]: Entering directory '/home/inauenma/git/mecheye_ros2_interface/build/mecheye_ros_interface'
[0.099s] cd /home/inauenma/git/mecheye_ros2_interface/build/mecheye_ros_interface && /usr/bin/cmake -E cmake_depends "Unix Makefiles" /home/inauenma/git/mecheye_ros2_interface /home/inauenma/git/mecheye_ros2_interface /home/inauenma/git/mecheye_ros2_interface/build/mecheye_ros_interface /home/inauenma/git/mecheye_ros2_interface/build/mecheye_ros_interface /home/inauenma/git/mecheye_ros2_interface/build/mecheye_ros_interface/CMakeFiles/ament_cmake_python_copy_mecheye_ros_interface.dir/DependInfo.cmake "--color="
[0.099s] gmake[2]: Entering directory '/home/inauenma/git/mecheye_ros2_interface/build/mecheye_ros_interface'
[0.099s] cd /home/inauenma/git/mecheye_ros2_interface/build/mecheye_ros_interface && /usr/bin/cmake -E cmake_depends "Unix Makefiles" /home/inauenma/git/mecheye_ros2_interface /home/inauenma/git/mecheye_ros2_interface /home/inauenma/git/mecheye_ros2_interface/build/mecheye_ros_interface /home/inauenma/git/mecheye_ros2_interface/build/mecheye_ros_interface /home/inauenma/git/mecheye_ros2_interface/build/mecheye_ros_interface/CMakeFiles/mecheye_ros_interface__rosidl_generator_type_description.dir/DependInfo.cmake "--color="
[0.116s] gmake[2]: Leaving directory '/home/inauenma/git/mecheye_ros2_interface/build/mecheye_ros_interface'
[0.116s] gmake[2]: Leaving directory '/home/inauenma/git/mecheye_ros2_interface/build/mecheye_ros_interface'
[0.117s] /usr/bin/gmake  -f CMakeFiles/ament_cmake_python_copy_mecheye_ros_interface.dir/build.make CMakeFiles/ament_cmake_python_copy_mecheye_ros_interface.dir/build
[0.117s] /usr/bin/gmake  -f CMakeFiles/mecheye_ros_interface__rosidl_generator_type_description.dir/build.make CMakeFiles/mecheye_ros_interface__rosidl_generator_type_description.dir/build
[0.118s] gmake[2]: Entering directory '/home/inauenma/git/mecheye_ros2_interface/build/mecheye_ros_interface'
[0.118s] /usr/bin/cmake -E copy_directory /home/inauenma/git/mecheye_ros2_interface/build/mecheye_ros_interface/rosidl_generator_py/mecheye_ros_interface /home/inauenma/git/mecheye_ros2_interface/build/mecheye_ros_interface/ament_cmake_python/mecheye_ros_interface/mecheye_ros_interface
[0.119s] gmake[2]: Entering directory '/home/inauenma/git/mecheye_ros2_interface/build/mecheye_ros_interface'
[0.120s] gmake[2]: Nothing to be done for 'CMakeFiles/mecheye_ros_interface__rosidl_generator_type_description.dir/build'.
[0.120s] gmake[2]: Leaving directory '/home/inauenma/git/mecheye_ros2_interface/build/mecheye_ros_interface'
[0.136s] [  1%] Built target mecheye_ros_interface__rosidl_generator_type_description
[0.137s] /usr/bin/gmake  -f CMakeFiles/mecheye_ros_interface__cpp.dir/build.make CMakeFiles/mecheye_ros_interface__cpp.dir/depend
[0.137s] /usr/bin/gmake  -f CMakeFiles/mecheye_ros_interface__rosidl_generator_c.dir/build.make CMakeFiles/mecheye_ros_interface__rosidl_generator_c.dir/depend
[0.141s] gmake[2]: Entering directory '/home/inauenma/git/mecheye_ros2_interface/build/mecheye_ros_interface'
[0.141s] cd /home/inauenma/git/mecheye_ros2_interface/build/mecheye_ros_interface && /usr/bin/cmake -E cmake_depends "Unix Makefiles" /home/inauenma/git/mecheye_ros2_interface /home/inauenma/git/mecheye_ros2_interface /home/inauenma/git/mecheye_ros2_interface/build/mecheye_ros_interface /home/inauenma/git/mecheye_ros2_interface/build/mecheye_ros_interface /home/inauenma/git/mecheye_ros2_interface/build/mecheye_ros_interface/CMakeFiles/mecheye_ros_interface__cpp.dir/DependInfo.cmake "--color="
[0.147s] gmake[2]: Entering directory '/home/inauenma/git/mecheye_ros2_interface/build/mecheye_ros_interface'
[0.147s] cd /home/inauenma/git/mecheye_ros2_interface/build/mecheye_ros_interface && /usr/bin/cmake -E cmake_depends "Unix Makefiles" /home/inauenma/git/mecheye_ros2_interface /home/inauenma/git/mecheye_ros2_interface /home/inauenma/git/mecheye_ros2_interface/build/mecheye_ros_interface /home/inauenma/git/mecheye_ros2_interface/build/mecheye_ros_interface /home/inauenma/git/mecheye_ros2_interface/build/mecheye_ros_interface/CMakeFiles/mecheye_ros_interface__rosidl_generator_c.dir/DependInfo.cmake "--color="
[0.149s] gmake[2]: Leaving directory '/home/inauenma/git/mecheye_ros2_interface/build/mecheye_ros_interface'
[0.161s] gmake[2]: Leaving directory '/home/inauenma/git/mecheye_ros2_interface/build/mecheye_ros_interface'
[0.161s] /usr/bin/gmake  -f CMakeFiles/mecheye_ros_interface__cpp.dir/build.make CMakeFiles/mecheye_ros_interface__cpp.dir/build
[0.166s] [  1%] Built target ament_cmake_python_copy_mecheye_ros_interface
[0.166s] gmake[2]: Entering directory '/home/inauenma/git/mecheye_ros2_interface/build/mecheye_ros_interface'
[0.166s] gmake[2]: Nothing to be done for 'CMakeFiles/mecheye_ros_interface__cpp.dir/build'.
[0.166s] gmake[2]: Leaving directory '/home/inauenma/git/mecheye_ros2_interface/build/mecheye_ros_interface'
[0.167s] /usr/bin/gmake  -f CMakeFiles/ament_cmake_python_build_mecheye_ros_interface_egg.dir/build.make CMakeFiles/ament_cmake_python_build_mecheye_ros_interface_egg.dir/depend
[0.169s] gmake[2]: Entering directory '/home/inauenma/git/mecheye_ros2_interface/build/mecheye_ros_interface'
[0.169s] cd /home/inauenma/git/mecheye_ros2_interface/build/mecheye_ros_interface && /usr/bin/cmake -E cmake_depends "Unix Makefiles" /home/inauenma/git/mecheye_ros2_interface /home/inauenma/git/mecheye_ros2_interface /home/inauenma/git/mecheye_ros2_interface/build/mecheye_ros_interface /home/inauenma/git/mecheye_ros2_interface/build/mecheye_ros_interface /home/inauenma/git/mecheye_ros2_interface/build/mecheye_ros_interface/CMakeFiles/ament_cmake_python_build_mecheye_ros_interface_egg.dir/DependInfo.cmake "--color="
[0.169s] gmake[2]: Leaving directory '/home/inauenma/git/mecheye_ros2_interface/build/mecheye_ros_interface'
[0.169s] /usr/bin/gmake  -f CMakeFiles/mecheye_ros_interface__rosidl_generator_c.dir/build.make CMakeFiles/mecheye_ros_interface__rosidl_generator_c.dir/build
[0.179s] gmake[2]: Entering directory '/home/inauenma/git/mecheye_ros2_interface/build/mecheye_ros_interface'
[0.179s] gmake[2]: Nothing to be done for 'CMakeFiles/mecheye_ros_interface__rosidl_generator_c.dir/build'.
[0.179s] gmake[2]: Leaving directory '/home/inauenma/git/mecheye_ros2_interface/build/mecheye_ros_interface'
[0.183s] [  1%] Built target mecheye_ros_interface__cpp
[0.186s] gmake[2]: Leaving directory '/home/inauenma/git/mecheye_ros2_interface/build/mecheye_ros_interface'
[0.186s] /usr/bin/gmake  -f CMakeFiles/ament_cmake_python_build_mecheye_ros_interface_egg.dir/build.make CMakeFiles/ament_cmake_python_build_mecheye_ros_interface_egg.dir/build
[0.188s] gmake[2]: Entering directory '/home/inauenma/git/mecheye_ros2_interface/build/mecheye_ros_interface'
[0.188s] cd /home/inauenma/git/mecheye_ros2_interface/build/mecheye_ros_interface/ament_cmake_python/mecheye_ros_interface && /usr/bin/python3 setup.py egg_info
[0.198s] [ 29%] Built target mecheye_ros_interface__rosidl_generator_c
[0.199s] /usr/bin/gmake  -f CMakeFiles/mecheye_ros_interface__rosidl_typesupport_cpp.dir/build.make CMakeFiles/mecheye_ros_interface__rosidl_typesupport_cpp.dir/depend
[0.200s] /usr/bin/gmake  -f CMakeFiles/mecheye_ros_interface__rosidl_typesupport_fastrtps_c.dir/build.make CMakeFiles/mecheye_ros_interface__rosidl_typesupport_fastrtps_c.dir/depend
[0.200s] /usr/bin/gmake  -f CMakeFiles/mecheye_ros_interface__rosidl_typesupport_fastrtps_cpp.dir/build.make CMakeFiles/mecheye_ros_interface__rosidl_typesupport_fastrtps_cpp.dir/depend
[0.200s] /usr/bin/gmake  -f CMakeFiles/mecheye_ros_interface__rosidl_typesupport_introspection_c.dir/build.make CMakeFiles/mecheye_ros_interface__rosidl_typesupport_introspection_c.dir/depend
[0.200s] /usr/bin/gmake  -f CMakeFiles/mecheye_ros_interface__rosidl_typesupport_c.dir/build.make CMakeFiles/mecheye_ros_interface__rosidl_typesupport_c.dir/depend
[0.201s] /usr/bin/gmake  -f CMakeFiles/mecheye_ros_interface__rosidl_typesupport_introspection_cpp.dir/build.make CMakeFiles/mecheye_ros_interface__rosidl_typesupport_introspection_cpp.dir/depend
[0.207s] gmake[2]: Entering directory '/home/inauenma/git/mecheye_ros2_interface/build/mecheye_ros_interface'
[0.207s] cd /home/inauenma/git/mecheye_ros2_interface/build/mecheye_ros_interface && /usr/bin/cmake -E cmake_depends "Unix Makefiles" /home/inauenma/git/mecheye_ros2_interface /home/inauenma/git/mecheye_ros2_interface /home/inauenma/git/mecheye_ros2_interface/build/mecheye_ros_interface /home/inauenma/git/mecheye_ros2_interface/build/mecheye_ros_interface /home/inauenma/git/mecheye_ros2_interface/build/mecheye_ros_interface/CMakeFiles/mecheye_ros_interface__rosidl_typesupport_cpp.dir/DependInfo.cmake "--color="
[0.208s] gmake[2]: Entering directory '/home/inauenma/git/mecheye_ros2_interface/build/mecheye_ros_interface'
[0.208s] gmake[2]: Entering directory '/home/inauenma/git/mecheye_ros2_interface/build/mecheye_ros_interface'
[0.208s] cd /home/inauenma/git/mecheye_ros2_interface/build/mecheye_ros_interface && /usr/bin/cmake -E cmake_depends "Unix Makefiles" /home/inauenma/git/mecheye_ros2_interface /home/inauenma/git/mecheye_ros2_interface /home/inauenma/git/mecheye_ros2_interface/build/mecheye_ros_interface /home/inauenma/git/mecheye_ros2_interface/build/mecheye_ros_interface /home/inauenma/git/mecheye_ros2_interface/build/mecheye_ros_interface/CMakeFiles/mecheye_ros_interface__rosidl_typesupport_introspection_c.dir/DependInfo.cmake "--color="
[0.208s] cd /home/inauenma/git/mecheye_ros2_interface/build/mecheye_ros_interface && /usr/bin/cmake -E cmake_depends "Unix Makefiles" /home/inauenma/git/mecheye_ros2_interface /home/inauenma/git/mecheye_ros2_interface /home/inauenma/git/mecheye_ros2_interface/build/mecheye_ros_interface /home/inauenma/git/mecheye_ros2_interface/build/mecheye_ros_interface /home/inauenma/git/mecheye_ros2_interface/build/mecheye_ros_interface/CMakeFiles/mecheye_ros_interface__rosidl_typesupport_c.dir/DependInfo.cmake "--color="
[0.208s] gmake[2]: Entering directory '/home/inauenma/git/mecheye_ros2_interface/build/mecheye_ros_interface'
[0.208s] cd /home/inauenma/git/mecheye_ros2_interface/build/mecheye_ros_interface && /usr/bin/cmake -E cmake_depends "Unix Makefiles" /home/inauenma/git/mecheye_ros2_interface /home/inauenma/git/mecheye_ros2_interface /home/inauenma/git/mecheye_ros2_interface/build/mecheye_ros_interface /home/inauenma/git/mecheye_ros2_interface/build/mecheye_ros_interface /home/inauenma/git/mecheye_ros2_interface/build/mecheye_ros_interface/CMakeFiles/mecheye_ros_interface__rosidl_typesupport_fastrtps_c.dir/DependInfo.cmake "--color="
[0.209s] gmake[2]: Entering directory '/home/inauenma/git/mecheye_ros2_interface/build/mecheye_ros_interface'
[0.209s] cd /home/inauenma/git/mecheye_ros2_interface/build/mecheye_ros_interface && /usr/bin/cmake -E cmake_depends "Unix Makefiles" /home/inauenma/git/mecheye_ros2_interface /home/inauenma/git/mecheye_ros2_interface /home/inauenma/git/mecheye_ros2_interface/build/mecheye_ros_interface /home/inauenma/git/mecheye_ros2_interface/build/mecheye_ros_interface /home/inauenma/git/mecheye_ros2_interface/build/mecheye_ros_interface/CMakeFiles/mecheye_ros_interface__rosidl_typesupport_introspection_cpp.dir/DependInfo.cmake "--color="
[0.211s] gmake[2]: Entering directory '/home/inauenma/git/mecheye_ros2_interface/build/mecheye_ros_interface'
[0.211s] cd /home/inauenma/git/mecheye_ros2_interface/build/mecheye_ros_interface && /usr/bin/cmake -E cmake_depends "Unix Makefiles" /home/inauenma/git/mecheye_ros2_interface /home/inauenma/git/mecheye_ros2_interface /home/inauenma/git/mecheye_ros2_interface/build/mecheye_ros_interface /home/inauenma/git/mecheye_ros2_interface/build/mecheye_ros_interface /home/inauenma/git/mecheye_ros2_interface/build/mecheye_ros_interface/CMakeFiles/mecheye_ros_interface__rosidl_typesupport_fastrtps_cpp.dir/DependInfo.cmake "--color="
[0.232s] gmake[2]: Leaving directory '/home/inauenma/git/mecheye_ros2_interface/build/mecheye_ros_interface'
[0.233s] gmake[2]: Leaving directory '/home/inauenma/git/mecheye_ros2_interface/build/mecheye_ros_interface'
[0.233s] gmake[2]: Leaving directory '/home/inauenma/git/mecheye_ros2_interface/build/mecheye_ros_interface'
[0.233s] gmake[2]: Leaving directory '/home/inauenma/git/mecheye_ros2_interface/build/mecheye_ros_interface'
[0.233s] /usr/bin/gmake  -f CMakeFiles/mecheye_ros_interface__rosidl_typesupport_cpp.dir/build.make CMakeFiles/mecheye_ros_interface__rosidl_typesupport_cpp.dir/build
[0.233s] /usr/bin/gmake  -f CMakeFiles/mecheye_ros_interface__rosidl_typesupport_introspection_c.dir/build.make CMakeFiles/mecheye_ros_interface__rosidl_typesupport_introspection_c.dir/build
[0.233s] /usr/bin/gmake  -f CMakeFiles/mecheye_ros_interface__rosidl_typesupport_c.dir/build.make CMakeFiles/mecheye_ros_interface__rosidl_typesupport_c.dir/build
[0.233s] /usr/bin/gmake  -f CMakeFiles/mecheye_ros_interface__rosidl_typesupport_introspection_cpp.dir/build.make CMakeFiles/mecheye_ros_interface__rosidl_typesupport_introspection_cpp.dir/build
[0.234s] gmake[2]: Leaving directory '/home/inauenma/git/mecheye_ros2_interface/build/mecheye_ros_interface'
[0.234s] gmake[2]: Leaving directory '/home/inauenma/git/mecheye_ros2_interface/build/mecheye_ros_interface'
[0.235s] /usr/bin/gmake  -f CMakeFiles/mecheye_ros_interface__rosidl_typesupport_fastrtps_c.dir/build.make CMakeFiles/mecheye_ros_interface__rosidl_typesupport_fastrtps_c.dir/build
[0.235s] /usr/bin/gmake  -f CMakeFiles/mecheye_ros_interface__rosidl_typesupport_fastrtps_cpp.dir/build.make CMakeFiles/mecheye_ros_interface__rosidl_typesupport_fastrtps_cpp.dir/build
[0.241s] gmake[2]: Entering directory '/home/inauenma/git/mecheye_ros2_interface/build/mecheye_ros_interface'
[0.241s] gmake[2]: Entering directory '/home/inauenma/git/mecheye_ros2_interface/build/mecheye_ros_interface'
[0.242s] gmake[2]: Nothing to be done for 'CMakeFiles/mecheye_ros_interface__rosidl_typesupport_c.dir/build'.
[0.242s] gmake[2]: Nothing to be done for 'CMakeFiles/mecheye_ros_interface__rosidl_typesupport_introspection_c.dir/build'.
[0.242s] gmake[2]: Leaving directory '/home/inauenma/git/mecheye_ros2_interface/build/mecheye_ros_interface'
[0.242s] gmake[2]: Leaving directory '/home/inauenma/git/mecheye_ros2_interface/build/mecheye_ros_interface'
[0.242s] gmake[2]: Entering directory '/home/inauenma/git/mecheye_ros2_interface/build/mecheye_ros_interface'
[0.242s] gmake[2]: Nothing to be done for 'CMakeFiles/mecheye_ros_interface__rosidl_typesupport_cpp.dir/build'.
[0.242s] gmake[2]: Leaving directory '/home/inauenma/git/mecheye_ros2_interface/build/mecheye_ros_interface'
[0.243s] gmake[2]: Entering directory '/home/inauenma/git/mecheye_ros2_interface/build/mecheye_ros_interface'
[0.243s] gmake[2]: Nothing to be done for 'CMakeFiles/mecheye_ros_interface__rosidl_typesupport_introspection_cpp.dir/build'.
[0.243s] gmake[2]: Leaving directory '/home/inauenma/git/mecheye_ros2_interface/build/mecheye_ros_interface'
[0.245s] gmake[2]: Entering directory '/home/inauenma/git/mecheye_ros2_interface/build/mecheye_ros_interface'
[0.246s] gmake[2]: Nothing to be done for 'CMakeFiles/mecheye_ros_interface__rosidl_typesupport_fastrtps_c.dir/build'.
[0.246s] gmake[2]: Leaving directory '/home/inauenma/git/mecheye_ros2_interface/build/mecheye_ros_interface'
[0.247s] gmake[2]: Entering directory '/home/inauenma/git/mecheye_ros2_interface/build/mecheye_ros_interface'
[0.247s] gmake[2]: Nothing to be done for 'CMakeFiles/mecheye_ros_interface__rosidl_typesupport_fastrtps_cpp.dir/build'.
[0.247s] gmake[2]: Leaving directory '/home/inauenma/git/mecheye_ros2_interface/build/mecheye_ros_interface'
[0.262s] [ 67%] Built target mecheye_ros_interface__rosidl_typesupport_introspection_c
[0.262s] [ 67%] Built target mecheye_ros_interface__rosidl_typesupport_cpp
[0.262s] [ 67%] Built target mecheye_ros_interface__rosidl_typesupport_introspection_cpp
[0.262s] [ 67%] Built target mecheye_ros_interface__rosidl_typesupport_c
[0.263s] /usr/bin/gmake  -f CMakeFiles/start.dir/build.make CMakeFiles/start.dir/depend
[0.264s] [ 77%] Built target mecheye_ros_interface__rosidl_typesupport_fastrtps_c
[0.268s] [ 87%] Built target mecheye_ros_interface__rosidl_typesupport_fastrtps_cpp
[0.269s] /usr/bin/gmake  -f CMakeFiles/mecheye_ros_interface.dir/build.make CMakeFiles/mecheye_ros_interface.dir/depend
[0.271s] gmake[2]: Entering directory '/home/inauenma/git/mecheye_ros2_interface/build/mecheye_ros_interface'
[0.272s] cd /home/inauenma/git/mecheye_ros2_interface/build/mecheye_ros_interface && /usr/bin/cmake -E cmake_depends "Unix Makefiles" /home/inauenma/git/mecheye_ros2_interface /home/inauenma/git/mecheye_ros2_interface /home/inauenma/git/mecheye_ros2_interface/build/mecheye_ros_interface /home/inauenma/git/mecheye_ros2_interface/build/mecheye_ros_interface /home/inauenma/git/mecheye_ros2_interface/build/mecheye_ros_interface/CMakeFiles/start.dir/DependInfo.cmake "--color="
[0.272s] gmake[2]: Entering directory '/home/inauenma/git/mecheye_ros2_interface/build/mecheye_ros_interface'
[0.272s] cd /home/inauenma/git/mecheye_ros2_interface/build/mecheye_ros_interface && /usr/bin/cmake -E cmake_depends "Unix Makefiles" /home/inauenma/git/mecheye_ros2_interface /home/inauenma/git/mecheye_ros2_interface /home/inauenma/git/mecheye_ros2_interface/build/mecheye_ros_interface /home/inauenma/git/mecheye_ros2_interface/build/mecheye_ros_interface /home/inauenma/git/mecheye_ros2_interface/build/mecheye_ros_interface/CMakeFiles/mecheye_ros_interface.dir/DependInfo.cmake "--color="
[0.290s] gmake[2]: Leaving directory '/home/inauenma/git/mecheye_ros2_interface/build/mecheye_ros_interface'
[0.290s] /usr/bin/gmake  -f CMakeFiles/mecheye_ros_interface.dir/build.make CMakeFiles/mecheye_ros_interface.dir/build
[0.293s] gmake[2]: Entering directory '/home/inauenma/git/mecheye_ros2_interface/build/mecheye_ros_interface'
[0.293s] gmake[2]: Nothing to be done for 'CMakeFiles/mecheye_ros_interface.dir/build'.
[0.293s] gmake[2]: Leaving directory '/home/inauenma/git/mecheye_ros2_interface/build/mecheye_ros_interface'
[0.313s] gmake[2]: Leaving directory '/home/inauenma/git/mecheye_ros2_interface/build/mecheye_ros_interface'
[0.313s] /usr/bin/gmake  -f CMakeFiles/start.dir/build.make CMakeFiles/start.dir/build
[0.314s] [ 87%] Built target mecheye_ros_interface
[0.316s] /usr/bin/gmake  -f mecheye_ros_interface__py/CMakeFiles/mecheye_ros_interface__py.dir/build.make mecheye_ros_interface__py/CMakeFiles/mecheye_ros_interface__py.dir/depend
[0.319s] gmake[2]: Entering directory '/home/inauenma/git/mecheye_ros2_interface/build/mecheye_ros_interface'
[0.319s] cd /home/inauenma/git/mecheye_ros2_interface/build/mecheye_ros_interface && /usr/bin/cmake -E cmake_depends "Unix Makefiles" /home/inauenma/git/mecheye_ros2_interface /home/inauenma/git/mecheye_ros2_interface/build/mecheye_ros_interface/mecheye_ros_interface__py /home/inauenma/git/mecheye_ros2_interface/build/mecheye_ros_interface /home/inauenma/git/mecheye_ros2_interface/build/mecheye_ros_interface/mecheye_ros_interface__py /home/inauenma/git/mecheye_ros2_interface/build/mecheye_ros_interface/mecheye_ros_interface__py/CMakeFiles/mecheye_ros_interface__py.dir/DependInfo.cmake "--color="
[0.327s] gmake[2]: Entering directory '/home/inauenma/git/mecheye_ros2_interface/build/mecheye_ros_interface'
[0.338s] gmake[2]: Leaving directory '/home/inauenma/git/mecheye_ros2_interface/build/mecheye_ros_interface'
[0.339s] /usr/bin/gmake  -f mecheye_ros_interface__py/CMakeFiles/mecheye_ros_interface__py.dir/build.make mecheye_ros_interface__py/CMakeFiles/mecheye_ros_interface__py.dir/build
[0.342s] gmake[2]: Entering directory '/home/inauenma/git/mecheye_ros2_interface/build/mecheye_ros_interface'
[0.343s] gmake[2]: Nothing to be done for 'mecheye_ros_interface__py/CMakeFiles/mecheye_ros_interface__py.dir/build'.
[0.343s] gmake[2]: Leaving directory '/home/inauenma/git/mecheye_ros2_interface/build/mecheye_ros_interface'
[0.348s] [ 88%] Building CXX object CMakeFiles/start.dir/src/MechMindCamera.cpp.o
[0.350s] /usr/bin/c++ -DBOOST_ATOMIC_DYN_LINK -DBOOST_ATOMIC_NO_LIB -DBOOST_FILESYSTEM_DYN_LINK -DBOOST_FILESYSTEM_NO_LIB -DBOOST_IOSTREAMS_DYN_LINK -DBOOST_IOSTREAMS_NO_LIB -DBOOST_SERIALIZATION_DYN_LINK -DBOOST_SERIALIZATION_NO_LIB -DBOOST_SYSTEM_DYN_LINK -DBOOST_SYSTEM_NO_LIB -DDEFAULT_RMW_IMPLEMENTATION=rmw_fastrtps_cpp -DEIGEN_HAS_CXX17_OVERALIGN=0 -DFASTCDR_DYN_LINK -DQT_CORE_LIB -DQT_GUI_LIB -DQT_NO_DEBUG -DQT_OPENGL_LIB -DQT_WIDGETS_LIB -DROS_PACKAGE_NAME=\"mecheye_ros_interface\" -Dkiss_fft_scalar=double -I/home/inauenma/git/mecheye_ros2_interface/include -I/home/inauenma/git/mecheye_ros2_interface/build/mecheye_ros_interface -I/opt/mech-mind/mech-eye-sdk/include -I/opt/ros/jazzy/include/pcl_conversions -I/home/inauenma/git/mecheye_ros2_interface/build/mecheye_ros_interface/rosidl_generator_c -I/home/inauenma/git/mecheye_ros2_interface/build/mecheye_ros_interface/rosidl_generator_cpp -isystem /usr/include/eigen3 -isystem /usr/include/opencv4 -isystem /usr/include/pcl-1.14 -isystem /usr/include/ni -isystem /usr/include/openni2 -isystem /opt/ros/jazzy/include/cv_bridge -isystem /opt/ros/jazzy/include/image_transport -isystem /opt/ros/jazzy/include/rclcpp -isystem /opt/ros/jazzy/include/sensor_msgs -isystem /opt/ros/jazzy/include/std_msgs -isystem /opt/ros/jazzy/include/tf2 -isystem /opt/ros/jazzy/include/message_filters -isystem /opt/ros/jazzy/include/pcl_msgs -isystem /opt/ros/jazzy/include/builtin_interfaces -isystem /opt/ros/jazzy/include/rosidl_runtime_c -isystem /opt/ros/jazzy/include/rcutils -isystem /opt/ros/jazzy/include/rosidl_typesupport_interface -isystem /opt/ros/jazzy/include/geometry_msgs -isystem /opt/ros/jazzy/include/service_msgs -isystem /opt/ros/jazzy/include/fastcdr -isystem /opt/ros/jazzy/include/rosidl_runtime_cpp -isystem /opt/ros/jazzy/include/rosidl_typesupport_fastrtps_cpp -isystem /opt/ros/jazzy/include/rmw -isystem /opt/ros/jazzy/include/rosidl_dynamic_typesupport -isystem /opt/ros/jazzy/include/rosidl_typesupport_fastrtps_c -isystem /opt/ros/jazzy/include/rosidl_typesupport_introspection_c -isystem /opt/ros/jazzy/include/rosidl_typesupport_introspection_cpp -isystem /opt/ros/jazzy/include/libstatistics_collector -isystem /opt/ros/jazzy/include/rcl -isystem /opt/ros/jazzy/include/rcl_interfaces -isystem /opt/ros/jazzy/include/rcl_logging_interface -isystem /opt/ros/jazzy/include/rcl_yaml_param_parser -isystem /opt/ros/jazzy/include/type_description_interfaces -isystem /opt/ros/jazzy/include/rcpputils -isystem /opt/ros/jazzy/include/statistics_msgs -isystem /opt/ros/jazzy/include/rosgraph_msgs -isystem /opt/ros/jazzy/include/rosidl_typesupport_cpp -isystem /opt/ros/jazzy/include/rosidl_typesupport_c -isystem /opt/ros/jazzy/include/tracetools -isystem /usr/include/vtk-9.1 -isystem /usr/include/jsoncpp -isystem /usr/include/freetype2 -isystem /usr/include/x86_64-linux-gnu/qt5 -isystem /usr/include/x86_64-linux-gnu/qt5/QtOpenGL -isystem /usr/include/x86_64-linux-gnu/qt5/QtWidgets -isystem /usr/include/x86_64-linux-gnu/qt5/QtGui -isystem /usr/include/x86_64-linux-gnu/qt5/QtCore -isystem /usr/lib/x86_64-linux-gnu/qt5/mkspecs/linux-g++ -std=gnu++17 -fopenmp -fPIC -MD -MT CMakeFiles/start.dir/src/MechMindCamera.cpp.o -MF CMakeFiles/start.dir/src/MechMindCamera.cpp.o.d -o CMakeFiles/start.dir/src/MechMindCamera.cpp.o -c /home/inauenma/git/mecheye_ros2_interface/src/MechMindCamera.cpp
[0.360s] [ 88%] Built target mecheye_ros_interface__py
[0.362s] /usr/bin/gmake  -f CMakeFiles/mecheye_ros_interface__rosidl_generator_py.dir/build.make CMakeFiles/mecheye_ros_interface__rosidl_generator_py.dir/depend
[0.369s] gmake[2]: Entering directory '/home/inauenma/git/mecheye_ros2_interface/build/mecheye_ros_interface'
[0.370s] cd /home/inauenma/git/mecheye_ros2_interface/build/mecheye_ros_interface && /usr/bin/cmake -E cmake_depends "Unix Makefiles" /home/inauenma/git/mecheye_ros2_interface /home/inauenma/git/mecheye_ros2_interface /home/inauenma/git/mecheye_ros2_interface/build/mecheye_ros_interface /home/inauenma/git/mecheye_ros2_interface/build/mecheye_ros_interface /home/inauenma/git/mecheye_ros2_interface/build/mecheye_ros_interface/CMakeFiles/mecheye_ros_interface__rosidl_generator_py.dir/DependInfo.cmake "--color="
[0.377s] running egg_info
[0.390s] gmake[2]: Leaving directory '/home/inauenma/git/mecheye_ros2_interface/build/mecheye_ros_interface'
[0.390s] /usr/bin/gmake  -f CMakeFiles/mecheye_ros_interface__rosidl_generator_py.dir/build.make CMakeFiles/mecheye_ros_interface__rosidl_generator_py.dir/build
[0.394s] writing mecheye_ros_interface.egg-info/PKG-INFO
[0.394s] writing dependency_links to mecheye_ros_interface.egg-info/dependency_links.txt
[0.395s] writing top-level names to mecheye_ros_interface.egg-info/top_level.txt
[0.399s] gmake[2]: Entering directory '/home/inauenma/git/mecheye_ros2_interface/build/mecheye_ros_interface'
[0.399s] gmake[2]: Nothing to be done for 'CMakeFiles/mecheye_ros_interface__rosidl_generator_py.dir/build'.
[0.399s] gmake[2]: Leaving directory '/home/inauenma/git/mecheye_ros2_interface/build/mecheye_ros_interface'
[0.418s] [ 97%] Built target mecheye_ros_interface__rosidl_generator_py
[0.419s] /usr/bin/gmake  -f CMakeFiles/mecheye_ros_interface_s__rosidl_typesupport_fastrtps_c.dir/build.make CMakeFiles/mecheye_ros_interface_s__rosidl_typesupport_fastrtps_c.dir/depend
[0.419s] /usr/bin/gmake  -f CMakeFiles/mecheye_ros_interface_s__rosidl_typesupport_introspection_c.dir/build.make CMakeFiles/mecheye_ros_interface_s__rosidl_typesupport_introspection_c.dir/depend
[0.419s] /usr/bin/gmake  -f CMakeFiles/mecheye_ros_interface_s__rosidl_typesupport_c.dir/build.make CMakeFiles/mecheye_ros_interface_s__rosidl_typesupport_c.dir/depend
[0.422s] gmake[2]: Entering directory '/home/inauenma/git/mecheye_ros2_interface/build/mecheye_ros_interface'
[0.423s] cd /home/inauenma/git/mecheye_ros2_interface/build/mecheye_ros_interface && /usr/bin/cmake -E cmake_depends "Unix Makefiles" /home/inauenma/git/mecheye_ros2_interface /home/inauenma/git/mecheye_ros2_interface /home/inauenma/git/mecheye_ros2_interface/build/mecheye_ros_interface /home/inauenma/git/mecheye_ros2_interface/build/mecheye_ros_interface /home/inauenma/git/mecheye_ros2_interface/build/mecheye_ros_interface/CMakeFiles/mecheye_ros_interface_s__rosidl_typesupport_introspection_c.dir/DependInfo.cmake "--color="
[0.423s] gmake[2]: Entering directory '/home/inauenma/git/mecheye_ros2_interface/build/mecheye_ros_interface'
[0.423s] cd /home/inauenma/git/mecheye_ros2_interface/build/mecheye_ros_interface && /usr/bin/cmake -E cmake_depends "Unix Makefiles" /home/inauenma/git/mecheye_ros2_interface /home/inauenma/git/mecheye_ros2_interface /home/inauenma/git/mecheye_ros2_interface/build/mecheye_ros_interface /home/inauenma/git/mecheye_ros2_interface/build/mecheye_ros_interface /home/inauenma/git/mecheye_ros2_interface/build/mecheye_ros_interface/CMakeFiles/mecheye_ros_interface_s__rosidl_typesupport_c.dir/DependInfo.cmake "--color="
[0.423s] gmake[2]: Entering directory '/home/inauenma/git/mecheye_ros2_interface/build/mecheye_ros_interface'
[0.423s] cd /home/inauenma/git/mecheye_ros2_interface/build/mecheye_ros_interface && /usr/bin/cmake -E cmake_depends "Unix Makefiles" /home/inauenma/git/mecheye_ros2_interface /home/inauenma/git/mecheye_ros2_interface /home/inauenma/git/mecheye_ros2_interface/build/mecheye_ros_interface /home/inauenma/git/mecheye_ros2_interface/build/mecheye_ros_interface /home/inauenma/git/mecheye_ros2_interface/build/mecheye_ros_interface/CMakeFiles/mecheye_ros_interface_s__rosidl_typesupport_fastrtps_c.dir/DependInfo.cmake "--color="
[0.438s] reading manifest file 'mecheye_ros_interface.egg-info/SOURCES.txt'
[0.438s] writing manifest file 'mecheye_ros_interface.egg-info/SOURCES.txt'
[0.442s] gmake[2]: Leaving directory '/home/inauenma/git/mecheye_ros2_interface/build/mecheye_ros_interface'
[0.442s] gmake[2]: Leaving directory '/home/inauenma/git/mecheye_ros2_interface/build/mecheye_ros_interface'
[0.442s] gmake[2]: Leaving directory '/home/inauenma/git/mecheye_ros2_interface/build/mecheye_ros_interface'
[0.442s] /usr/bin/gmake  -f CMakeFiles/mecheye_ros_interface_s__rosidl_typesupport_fastrtps_c.dir/build.make CMakeFiles/mecheye_ros_interface_s__rosidl_typesupport_fastrtps_c.dir/build
[0.442s] /usr/bin/gmake  -f CMakeFiles/mecheye_ros_interface_s__rosidl_typesupport_introspection_c.dir/build.make CMakeFiles/mecheye_ros_interface_s__rosidl_typesupport_introspection_c.dir/build
[0.442s] /usr/bin/gmake  -f CMakeFiles/mecheye_ros_interface_s__rosidl_typesupport_c.dir/build.make CMakeFiles/mecheye_ros_interface_s__rosidl_typesupport_c.dir/build
[0.446s] gmake[2]: Entering directory '/home/inauenma/git/mecheye_ros2_interface/build/mecheye_ros_interface'
[0.446s] gmake[2]: Entering directory '/home/inauenma/git/mecheye_ros2_interface/build/mecheye_ros_interface'
[0.447s] gmake[2]: Nothing to be done for 'CMakeFiles/mecheye_ros_interface_s__rosidl_typesupport_introspection_c.dir/build'.
[0.447s] gmake[2]: Nothing to be done for 'CMakeFiles/mecheye_ros_interface_s__rosidl_typesupport_fastrtps_c.dir/build'.
[0.447s] gmake[2]: Leaving directory '/home/inauenma/git/mecheye_ros2_interface/build/mecheye_ros_interface'
[0.447s] gmake[2]: Leaving directory '/home/inauenma/git/mecheye_ros2_interface/build/mecheye_ros_interface'
[0.447s] gmake[2]: Entering directory '/home/inauenma/git/mecheye_ros2_interface/build/mecheye_ros_interface'
[0.447s] gmake[2]: Nothing to be done for 'CMakeFiles/mecheye_ros_interface_s__rosidl_typesupport_c.dir/build'.
[0.447s] gmake[2]: Leaving directory '/home/inauenma/git/mecheye_ros2_interface/build/mecheye_ros_interface'
[0.466s] gmake[2]: Leaving directory '/home/inauenma/git/mecheye_ros2_interface/build/mecheye_ros_interface'
[0.466s] [ 98%] Built target mecheye_ros_interface_s__rosidl_typesupport_introspection_c
[0.466s] [ 98%] Built target mecheye_ros_interface_s__rosidl_typesupport_c
[0.466s] [ 99%] Built target mecheye_ros_interface_s__rosidl_typesupport_fastrtps_c
[0.487s] [ 99%] Built target ament_cmake_python_build_mecheye_ros_interface_egg
[30.395s] [100%] Linking CXX executable start
[30.396s] /usr/bin/cmake -E cmake_link_script CMakeFiles/start.dir/link.txt --verbose=1
[30.413s] /usr/bin/c++ CMakeFiles/start.dir/src/MechMindCamera.cpp.o CMakeFiles/start.dir/src/main.cpp.o -o start   -L/opt/mech-mind/mech-eye-sdk/lib  -Wl,-rpath,/opt/mech-mind/mech-eye-sdk/lib:/opt/ros/jazzy/lib/x86_64-linux-gnu:/opt/ros/jazzy/lib:/home/inauenma/git/mecheye_ros2_interface/build/mecheye_ros_interface: /opt/ros/jazzy/lib/libcv_bridge.so /opt/ros/jazzy/lib/x86_64-linux-gnu/libimage_transport.so /opt/ros/jazzy/lib/libsensor_msgs__rosidl_generator_py.so /opt/ros/jazzy/lib/libtf2.so /opt/ros/jazzy/lib/libmessage_filters.so /opt/ros/jazzy/lib/libservice_msgs__rosidl_generator_c.so /opt/ros/jazzy/lib/libservice_msgs__rosidl_typesupport_fastrtps_c.so /opt/ros/jazzy/lib/libservice_msgs__rosidl_typesupport_fastrtps_cpp.so /opt/ros/jazzy/lib/libservice_msgs__rosidl_typesupport_introspection_c.so /opt/ros/jazzy/lib/libservice_msgs__rosidl_typesupport_c.so /opt/ros/jazzy/lib/libservice_msgs__rosidl_typesupport_introspection_cpp.so /opt/ros/jazzy/lib/libservice_msgs__rosidl_typesupport_cpp.so /opt/ros/jazzy/lib/libservice_msgs__rosidl_generator_py.so /opt/ros/jazzy/lib/librosidl_typesupport_fastrtps_c.so /opt/ros/jazzy/lib/librmw.so /opt/ros/jazzy/lib/librosidl_typesupport_fastrtps_cpp.so /opt/ros/jazzy/lib/librcutils.so -ldl -latomic /opt/ros/jazzy/lib/librcpputils.so /opt/ros/jazzy/lib/librosidl_typesupport_c.so /opt/ros/jazzy/lib/librosidl_typesupport_cpp.so /opt/ros/jazzy/lib/librosidl_runtime_c.so /opt/ros/jazzy/lib/librosidl_typesupport_introspection_c.so /opt/ros/jazzy/lib/librosidl_typesupport_introspection_cpp.so /opt/ros/jazzy/lib/libpcl_msgs__rosidl_generator_c.so /opt/ros/jazzy/lib/libpcl_msgs__rosidl_typesupport_fastrtps_c.so /opt/ros/jazzy/lib/libsensor_msgs__rosidl_typesupport_fastrtps_c.so /opt/ros/jazzy/lib/libpcl_msgs__rosidl_typesupport_introspection_c.so /opt/ros/jazzy/lib/libsensor_msgs__rosidl_typesupport_introspection_c.so /opt/ros/jazzy/lib/libpcl_msgs__rosidl_typesupport_c.so /opt/ros/jazzy/lib/libsensor_msgs__rosidl_typesupport_c.so /opt/ros/jazzy/lib/libpcl_msgs__rosidl_typesupport_fastrtps_cpp.so /opt/ros/jazzy/lib/libsensor_msgs__rosidl_typesupport_fastrtps_cpp.so /opt/ros/jazzy/lib/libpcl_msgs__rosidl_typesupport_introspection_cpp.so /opt/ros/jazzy/lib/libsensor_msgs__rosidl_typesupport_introspection_cpp.so /opt/ros/jazzy/lib/libpcl_msgs__rosidl_typesupport_cpp.so /opt/ros/jazzy/lib/libpcl_msgs__rosidl_generator_c.so /opt/ros/jazzy/lib/libpcl_msgs__rosidl_generator_py.so /opt/ros/jazzy/lib/librclcpp.so /opt/ros/jazzy/lib/libsensor_msgs__rosidl_generator_c.so /opt/ros/jazzy/lib/libsensor_msgs__rosidl_typesupport_fastrtps_c.so /opt/ros/jazzy/lib/libgeometry_msgs__rosidl_typesupport_fastrtps_c.so /opt/ros/jazzy/lib/libsensor_msgs__rosidl_typesupport_fastrtps_cpp.so /opt/ros/jazzy/lib/libgeometry_msgs__rosidl_typesupport_fastrtps_cpp.so /opt/ros/jazzy/lib/libsensor_msgs__rosidl_typesupport_introspection_c.so /opt/ros/jazzy/lib/libgeometry_msgs__rosidl_typesupport_introspection_c.so /opt/ros/jazzy/lib/libsensor_msgs__rosidl_typesupport_c.so /opt/ros/jazzy/lib/libsensor_msgs__rosidl_typesupport_introspection_cpp.so /opt/ros/jazzy/lib/libgeometry_msgs__rosidl_typesupport_introspection_cpp.so /opt/ros/jazzy/lib/libsensor_msgs__rosidl_typesupport_cpp.so /opt/ros/jazzy/lib/libsensor_msgs__rosidl_generator_py.so /opt/ros/jazzy/lib/libstd_msgs__rosidl_generator_c.so /opt/ros/jazzy/lib/libstd_msgs__rosidl_typesupport_fastrtps_c.so /opt/ros/jazzy/lib/libstd_msgs__rosidl_typesupport_fastrtps_cpp.so /opt/ros/jazzy/lib/libstd_msgs__rosidl_typesupport_introspection_c.so /opt/ros/jazzy/lib/libstd_msgs__rosidl_typesupport_c.so /opt/ros/jazzy/lib/libstd_msgs__rosidl_typesupport_introspection_cpp.so /opt/ros/jazzy/lib/libstd_msgs__rosidl_typesupport_cpp.so /opt/ros/jazzy/lib/libstd_msgs__rosidl_generator_py.so /usr/lib/libOpenNI.so /usr/lib/x86_64-linux-gnu/libOpenNI2.so /usr/lib/x86_64-linux-gnu/libusb-1.0.so /usr/lib/x86_64-linux-gnu/libopencv_stitching.so.4.6.0 /usr/lib/x86_64-linux-gnu/libopencv_alphamat.so.4.6.0 /usr/lib/x86_64-linux-gnu/libopencv_aruco.so.4.6.0 /usr/lib/x86_64-linux-gnu/libopencv_barcode.so.4.6.0 /usr/lib/x86_64-linux-gnu/libopencv_bgsegm.so.4.6.0 /usr/lib/x86_64-linux-gnu/libopencv_bioinspired.so.4.6.0 /usr/lib/x86_64-linux-gnu/libopencv_ccalib.so.4.6.0 /usr/lib/x86_64-linux-gnu/libopencv_cvv.so.4.6.0 /usr/lib/x86_64-linux-gnu/libopencv_dnn_objdetect.so.4.6.0 /usr/lib/x86_64-linux-gnu/libopencv_dnn_superres.so.4.6.0 /usr/lib/x86_64-linux-gnu/libopencv_dpm.so.4.6.0 /usr/lib/x86_64-linux-gnu/libopencv_face.so.4.6.0 /usr/lib/x86_64-linux-gnu/libopencv_freetype.so.4.6.0 /usr/lib/x86_64-linux-gnu/libopencv_fuzzy.so.4.6.0 /usr/lib/x86_64-linux-gnu/libopencv_hdf.so.4.6.0 /usr/lib/x86_64-linux-gnu/libopencv_hfs.so.4.6.0 /usr/lib/x86_64-linux-gnu/libopencv_img_hash.so.4.6.0 /usr/lib/x86_64-linux-gnu/libopencv_intensity_transform.so.4.6.0 /usr/lib/x86_64-linux-gnu/libopencv_line_descriptor.so.4.6.0 /usr/lib/x86_64-linux-gnu/libopencv_mcc.so.4.6.0 /usr/lib/x86_64-linux-gnu/libopencv_quality.so.4.6.0 /usr/lib/x86_64-linux-gnu/libopencv_rapid.so.4.6.0 /usr/lib/x86_64-linux-gnu/libopencv_reg.so.4.6.0 /usr/lib/x86_64-linux-gnu/libopencv_rgbd.so.4.6.0 /usr/lib/x86_64-linux-gnu/libopencv_saliency.so.4.6.0 /usr/lib/x86_64-linux-gnu/libopencv_shape.so.4.6.0 /usr/lib/x86_64-linux-gnu/libopencv_stereo.so.4.6.0 /usr/lib/x86_64-linux-gnu/libopencv_structured_light.so.4.6.0 /usr/lib/x86_64-linux-gnu/libopencv_superres.so.4.6.0 /usr/lib/x86_64-linux-gnu/libopencv_surface_matching.so.4.6.0 /usr/lib/x86_64-linux-gnu/libopencv_tracking.so.4.6.0 /usr/lib/x86_64-linux-gnu/libopencv_videostab.so.4.6.0 /usr/lib/x86_64-linux-gnu/libopencv_viz.so.4.6.0 /usr/lib/x86_64-linux-gnu/libopencv_wechat_qrcode.so.4.6.0 /usr/lib/x86_64-linux-gnu/libopencv_xobjdetect.so.4.6.0 /usr/lib/x86_64-linux-gnu/libopencv_xphoto.so.4.6.0 /usr/lib/x86_64-linux-gnu/libpcl_apps.so /usr/lib/x86_64-linux-gnu/libpcl_outofcore.so /usr/lib/x86_64-linux-gnu/libpcl_people.so /usr/lib/libOpenNI.so /usr/lib/x86_64-linux-gnu/libusb-1.0.so /usr/lib/x86_64-linux-gnu/libOpenNI2.so /usr/lib/x86_64-linux-gnu/libusb-1.0.so /usr/lib/x86_64-linux-gnu/libflann_cpp.so.1.9.2 -lMechEyeApi libmecheye_ros_interface__rosidl_typesupport_cpp.so /opt/ros/jazzy/lib/libmessage_filters.so /opt/ros/jazzy/lib/librclcpp.so /opt/ros/jazzy/lib/liblibstatistics_collector.so /opt/ros/jazzy/lib/librcl.so /opt/ros/jazzy/lib/librmw_implementation.so /opt/ros/jazzy/lib/libtype_description_interfaces__rosidl_typesupport_fastrtps_c.so /opt/ros/jazzy/lib/libtype_description_interfaces__rosidl_typesupport_introspection_c.so /opt/ros/jazzy/lib/libtype_description_interfaces__rosidl_typesupport_fastrtps_cpp.so /opt/ros/jazzy/lib/libtype_description_interfaces__rosidl_typesupport_introspection_cpp.so /opt/ros/jazzy/lib/libtype_description_interfaces__rosidl_typesupport_cpp.so /opt/ros/jazzy/lib/libtype_description_interfaces__rosidl_generator_py.so /opt/ros/jazzy/lib/libtype_description_interfaces__rosidl_typesupport_c.so /opt/ros/jazzy/lib/libtype_description_interfaces__rosidl_generator_c.so /opt/ros/jazzy/lib/librcl_interfaces__rosidl_typesupport_fastrtps_c.so /opt/ros/jazzy/lib/librcl_interfaces__rosidl_typesupport_introspection_c.so /opt/ros/jazzy/lib/librcl_interfaces__rosidl_typesupport_fastrtps_cpp.so /opt/ros/jazzy/lib/librcl_interfaces__rosidl_typesupport_introspection_cpp.so /opt/ros/jazzy/lib/librcl_interfaces__rosidl_typesupport_cpp.so /opt/ros/jazzy/lib/librcl_interfaces__rosidl_generator_py.so /opt/ros/jazzy/lib/librcl_interfaces__rosidl_typesupport_c.so /opt/ros/jazzy/lib/librcl_interfaces__rosidl_generator_c.so /opt/ros/jazzy/lib/libservice_msgs__rosidl_typesupport_fastrtps_c.so /opt/ros/jazzy/lib/libservice_msgs__rosidl_typesupport_fastrtps_cpp.so /opt/ros/jazzy/lib/libservice_msgs__rosidl_typesupport_introspection_c.so /opt/ros/jazzy/lib/libservice_msgs__rosidl_typesupport_introspection_cpp.so /opt/ros/jazzy/lib/libservice_msgs__rosidl_typesupport_c.so /opt/ros/jazzy/lib/librcl_yaml_param_parser.so /opt/ros/jazzy/lib/librosgraph_msgs__rosidl_typesupport_fastrtps_c.so /opt/ros/jazzy/lib/librosgraph_msgs__rosidl_typesupport_fastrtps_cpp.so /opt/ros/jazzy/lib/librosgraph_msgs__rosidl_typesupport_introspection_c.so /opt/ros/jazzy/lib/librosgraph_msgs__rosidl_typesupport_introspection_cpp.so /opt/ros/jazzy/lib/librosgraph_msgs__rosidl_typesupport_cpp.so /opt/ros/jazzy/lib/librosgraph_msgs__rosidl_generator_py.so /opt/ros/jazzy/lib/librosgraph_msgs__rosidl_typesupport_c.so /opt/ros/jazzy/lib/librosgraph_msgs__rosidl_generator_c.so /opt/ros/jazzy/lib/libstatistics_msgs__rosidl_typesupport_fastrtps_c.so /opt/ros/jazzy/lib/libstatistics_msgs__rosidl_typesupport_fastrtps_cpp.so /opt/ros/jazzy/lib/libstatistics_msgs__rosidl_typesupport_introspection_c.so /opt/ros/jazzy/lib/libstatistics_msgs__rosidl_typesupport_introspection_cpp.so /opt/ros/jazzy/lib/libstatistics_msgs__rosidl_typesupport_cpp.so /opt/ros/jazzy/lib/libstatistics_msgs__rosidl_generator_py.so /opt/ros/jazzy/lib/libstatistics_msgs__rosidl_typesupport_c.so /opt/ros/jazzy/lib/libstatistics_msgs__rosidl_generator_c.so /opt/ros/jazzy/lib/libtracetools.so -llttng-ust -llttng-ust-common -rdynamic -ldl /opt/ros/jazzy/lib/librcl_logging_interface.so /opt/ros/jazzy/lib/libgeometry_msgs__rosidl_generator_py.so /opt/ros/jazzy/lib/libstd_msgs__rosidl_typesupport_fastrtps_c.so /opt/ros/jazzy/lib/libstd_msgs__rosidl_typesupport_fastrtps_cpp.so /opt/ros/jazzy/lib/libstd_msgs__rosidl_typesupport_introspection_c.so /opt/ros/jazzy/lib/libstd_msgs__rosidl_typesupport_introspection_cpp.so /opt/ros/jazzy/lib/libstd_msgs__rosidl_generator_py.so /opt/ros/jazzy/lib/libbuiltin_interfaces__rosidl_generator_py.so /opt/ros/jazzy/lib/libgeometry_msgs__rosidl_typesupport_c.so /opt/ros/jazzy/lib/libstd_msgs__rosidl_typesupport_c.so /opt/ros/jazzy/lib/libbuiltin_interfaces__rosidl_typesupport_fastrtps_c.so /opt/ros/jazzy/lib/librosidl_typesupport_fastrtps_c.so /opt/ros/jazzy/lib/libbuiltin_interfaces__rosidl_typesupport_fastrtps_cpp.so /opt/ros/jazzy/lib/librosidl_typesupport_fastrtps_cpp.so /opt/ros/jazzy/lib/libfastcdr.so.2.2.5 /opt/ros/jazzy/lib/librmw.so /opt/ros/jazzy/lib/librosidl_dynamic_typesupport.so /opt/ros/jazzy/lib/libbuiltin_interfaces__rosidl_typesupport_introspection_c.so /opt/ros/jazzy/lib/libbuiltin_interfaces__rosidl_typesupport_c.so /opt/ros/jazzy/lib/libbuiltin_interfaces__rosidl_typesupport_introspection_cpp.so /opt/ros/jazzy/lib/librosidl_typesupport_introspection_cpp.so /opt/ros/jazzy/lib/librosidl_typesupport_introspection_c.so /usr/lib/x86_64-linux-gnu/libpcl_surface.so /usr/lib/x86_64-linux-gnu/libpcl_keypoints.so /usr/lib/x86_64-linux-gnu/libpcl_tracking.so /usr/lib/x86_64-linux-gnu/libpcl_recognition.so /usr/lib/x86_64-linux-gnu/libpcl_registration.so /usr/lib/x86_64-linux-gnu/libpcl_stereo.so /usr/lib/x86_64-linux-gnu/libpcl_segmentation.so /usr/lib/x86_64-linux-gnu/libpcl_features.so /usr/lib/x86_64-linux-gnu/libpcl_filters.so /usr/lib/x86_64-linux-gnu/libpcl_sample_consensus.so /usr/lib/x86_64-linux-gnu/libpcl_ml.so /usr/lib/x86_64-linux-gnu/libpcl_visualization.so /usr/lib/x86_64-linux-gnu/libpcl_search.so /usr/lib/x86_64-linux-gnu/libpcl_kdtree.so /usr/lib/x86_64-linux-gnu/libpcl_io.so /usr/lib/x86_64-linux-gnu/libpcl_octree.so /usr/lib/gcc/x86_64-linux-gnu/13/libgomp.so /usr/lib/x86_64-linux-gnu/libpthread.a /usr/lib/x86_64-linux-gnu/libpng.so /usr/lib/x86_64-linux-gnu/libz.so /usr/lib/libOpenNI.so /usr/lib/x86_64-linux-gnu/libOpenNI2.so /usr/lib/x86_64-linux-gnu/libusb-1.0.so /usr/lib/x86_64-linux-gnu/libvtkChartsCore-9.1.so.9.1.0 /usr/lib/x86_64-linux-gnu/libvtkInteractionImage-9.1.so.9.1.0 /usr/lib/x86_64-linux-gnu/libvtkViewsContext2D-9.1.so.9.1.0 /usr/lib/x86_64-linux-gnu/libvtkViewsCore-9.1.so.9.1.0 /usr/lib/x86_64-linux-gnu/libvtkRenderingContextOpenGL2-9.1.so.9.1.0 /usr/lib/x86_64-linux-gnu/libvtkGUISupportQt-9.1.so.9.1.0 /usr/lib/x86_64-linux-gnu/libvtkInteractionWidgets-9.1.so.9.1.0 /usr/lib/x86_64-linux-gnu/libvtkRenderingAnnotation-9.1.so.9.1.0 /usr/lib/x86_64-linux-gnu/libpcl_common.so /usr/lib/x86_64-linux-gnu/libboost_system.so.1.83.0 /usr/lib/x86_64-linux-gnu/libboost_filesystem.so.1.83.0 /usr/lib/x86_64-linux-gnu/libboost_atomic.so.1.83.0 /usr/lib/x86_64-linux-gnu/libboost_iostreams.so.1.83.0 /usr/lib/x86_64-linux-gnu/libboost_serialization.so.1.83.0 -Wl,-whole-archive /usr/lib/x86_64-linux-gnu/libflann_cpp_s.a /usr/lib/x86_64-linux-gnu/liblz4.so -Wl,-no-whole-archive /usr/lib/x86_64-linux-gnu/libqhull_r.so.8.0.2 -lm /usr/lib/x86_64-linux-gnu/libopencv_highgui.so.4.6.0 /usr/lib/x86_64-linux-gnu/libQt5OpenGL.so.5.15.13 /usr/lib/x86_64-linux-gnu/libQt5Widgets.so.5.15.13 /usr/lib/x86_64-linux-gnu/libQt5Gui.so.5.15.13 /usr/lib/x86_64-linux-gnu/libQt5Core.so.5.15.13 /usr/lib/x86_64-linux-gnu/libopencv_datasets.so.4.6.0 /usr/lib/x86_64-linux-gnu/libopencv_plot.so.4.6.0 /usr/lib/x86_64-linux-gnu/libopencv_text.so.4.6.0 /usr/lib/x86_64-linux-gnu/libopencv_ml.so.4.6.0 /usr/lib/x86_64-linux-gnu/libopencv_phase_unwrapping.so.4.6.0 /usr/lib/x86_64-linux-gnu/libvtkInteractionStyle-9.1.so.9.1.0 /usr/lib/x86_64-linux-gnu/libvtkFiltersExtraction-9.1.so.9.1.0 /usr/lib/x86_64-linux-gnu/libvtkIOPLY-9.1.so.9.1.0 /usr/lib/x86_64-linux-gnu/libvtkRenderingLOD-9.1.so.9.1.0 /usr/lib/x86_64-linux-gnu/libvtkFiltersModeling-9.1.so.9.1.0 /usr/lib/x86_64-linux-gnu/libvtkIOGeometry-9.1.so.9.1.0 /usr/lib/x86_64-linux-gnu/libvtkIOLegacy-9.1.so.9.1.0 /usr/lib/x86_64-linux-gnu/libvtkImagingSources-9.1.so.9.1.0 /usr/lib/x86_64-linux-gnu/libvtkIOImage-9.1.so.9.1.0 /usr/lib/x86_64-linux-gnu/libvtkImagingCore-9.1.so.9.1.0 /usr/lib/x86_64-linux-gnu/libvtkRenderingContext2D-9.1.so.9.1.0 /usr/lib/x86_64-linux-gnu/libvtkRenderingFreeType-9.1.so.9.1.0 /usr/lib/x86_64-linux-gnu/libfreetype.so /usr/lib/x86_64-linux-gnu/libvtkIOCore-9.1.so.9.1.0 /usr/lib/x86_64-linux-gnu/libvtkRenderingOpenGL2-9.1.so.9.1.0 /usr/lib/x86_64-linux-gnu/libvtkRenderingUI-9.1.so.9.1.0 /usr/lib/x86_64-linux-gnu/libGLEW.so /usr/lib/x86_64-linux-gnu/libX11.so /usr/lib/x86_64-linux-gnu/libjsoncpp.so /usr/lib/x86_64-linux-gnu/libvtkRenderingCore-9.1.so.9.1.0 /usr/lib/x86_64-linux-gnu/libvtkCommonColor-9.1.so.9.1.0 /usr/lib/x86_64-linux-gnu/libvtkFiltersGeometry-9.1.so.9.1.0 /usr/lib/x86_64-linux-gnu/libvtkFiltersSources-9.1.so.9.1.0 /usr/lib/x86_64-linux-gnu/libvtkFiltersGeneral-9.1.so.9.1.0 /usr/lib/x86_64-linux-gnu/libvtkCommonComputationalGeometry-9.1.so.9.1.0 /usr/lib/x86_64-linux-gnu/libvtkFiltersCore-9.1.so.9.1.0 /usr/lib/x86_64-linux-gnu/libvtkCommonExecutionModel-9.1.so.9.1.0 /usr/lib/x86_64-linux-gnu/libvtkCommonDataModel-9.1.so.9.1.0 /usr/lib/x86_64-linux-gnu/libvtkCommonMisc-9.1.so.9.1.0 /usr/lib/x86_64-linux-gnu/libvtkCommonTransforms-9.1.so.9.1.0 /usr/lib/x86_64-linux-gnu/libvtkCommonMath-9.1.so.9.1.0 /usr/lib/x86_64-linux-gnu/libvtkkissfft-9.1.so.9.1.0 /usr/lib/x86_64-linux-gnu/libvtkCommonCore-9.1.so.9.1.0 /usr/lib/x86_64-linux-gnu/libtbb.so.12.11 /usr/lib/x86_64-linux-gnu/libvtksys-9.1.so.9.1.0 /usr/lib/x86_64-linux-gnu/libopencv_optflow.so.4.6.0 /usr/lib/x86_64-linux-gnu/libopencv_ximgproc.so.4.6.0 /usr/lib/x86_64-linux-gnu/libopencv_video.so.4.6.0 /usr/lib/x86_64-linux-gnu/libopencv_videoio.so.4.6.0 /usr/lib/x86_64-linux-gnu/libopencv_imgcodecs.so.4.6.0 /usr/lib/x86_64-linux-gnu/libopencv_objdetect.so.4.6.0 /usr/lib/x86_64-linux-gnu/libopencv_calib3d.so.4.6.0 /usr/lib/x86_64-linux-gnu/libopencv_dnn.so.4.6.0 /usr/lib/x86_64-linux-gnu/libopencv_features2d.so.4.6.0 /usr/lib/x86_64-linux-gnu/libopencv_flann.so.4.6.0 /usr/lib/x86_64-linux-gnu/libopencv_photo.so.4.6.0 /usr/lib/x86_64-linux-gnu/libopencv_imgproc.so.4.6.0 /usr/lib/x86_64-linux-gnu/libopencv_core.so.4.6.0 /opt/ros/jazzy/lib/libsensor_msgs__rosidl_typesupport_cpp.so /opt/ros/jazzy/lib/libgeometry_msgs__rosidl_typesupport_cpp.so /opt/ros/jazzy/lib/libstd_msgs__rosidl_typesupport_cpp.so /opt/ros/jazzy/lib/libservice_msgs__rosidl_typesupport_cpp.so /opt/ros/jazzy/lib/libbuiltin_interfaces__rosidl_typesupport_cpp.so /opt/ros/jazzy/lib/librosidl_typesupport_cpp.so /opt/ros/jazzy/lib/librosidl_typesupport_c.so /opt/ros/jazzy/lib/librcpputils.so libmecheye_ros_interface__rosidl_generator_c.so /opt/ros/jazzy/lib/libsensor_msgs__rosidl_generator_c.so /opt/ros/jazzy/lib/libgeometry_msgs__rosidl_generator_c.so /opt/ros/jazzy/lib/libstd_msgs__rosidl_generator_c.so /opt/ros/jazzy/lib/libservice_msgs__rosidl_generator_c.so /opt/ros/jazzy/lib/libbuiltin_interfaces__rosidl_generator_c.so /opt/ros/jazzy/lib/librosidl_runtime_c.so /opt/ros/jazzy/lib/librcutils.so -ldl -latomic -Wl,-rpath-link,/opt/ros/jazzy/lib 
[35.145s] gmake[2]: Leaving directory '/home/inauenma/git/mecheye_ros2_interface/build/mecheye_ros_interface'
[35.163s] [100%] Built target start
[35.164s] gmake[1]: Leaving directory '/home/inauenma/git/mecheye_ros2_interface/build/mecheye_ros_interface'
[35.165s] /usr/bin/cmake -E cmake_progress_start /home/inauenma/git/mecheye_ros2_interface/build/mecheye_ros_interface/CMakeFiles 0
[35.194s] Invoked command in '/home/inauenma/git/mecheye_ros2_interface/build/mecheye_ros_interface' returned '0': CMAKE_PREFIX_PATH=${CMAKE_PREFIX_PATH}:/home/inauenma/ros2_ws/install/mesh_control_ros:/home/inauenma/moveit_ws/install/moveit_configs_utils:/opt/ros/jazzy DEBUGINFOD_URLS=https://debuginfod.ubuntu.com /usr/bin/cmake --build /home/inauenma/git/mecheye_ros2_interface/build/mecheye_ros_interface -- -j16 -l16
[35.219s] Invoking command in '/home/inauenma/git/mecheye_ros2_interface/build/mecheye_ros_interface': CMAKE_PREFIX_PATH=${CMAKE_PREFIX_PATH}:/home/inauenma/ros2_ws/install/mesh_control_ros:/home/inauenma/moveit_ws/install/moveit_configs_utils:/opt/ros/jazzy DEBUGINFOD_URLS=https://debuginfod.ubuntu.com /usr/bin/cmake --install /home/inauenma/git/mecheye_ros2_interface/build/mecheye_ros_interface
[35.239s] -- Install configuration: ""
[35.239s] -- Up-to-date: /home/inauenma/git/mecheye_ros2_interface/install/mecheye_ros_interface/share/ament_index/resource_index/rosidl_interfaces/mecheye_ros_interface
[35.240s] -- Up-to-date: /home/inauenma/git/mecheye_ros2_interface/install/mecheye_ros_interface/share/mecheye_ros_interface/srv/SetCurrentUserSet.json
[35.240s] -- Up-to-date: /home/inauenma/git/mecheye_ros2_interface/install/mecheye_ros_interface/share/mecheye_ros_interface/srv/SaveAllSettingsToUserSets.json
[35.241s] -- Up-to-date: /home/inauenma/git/mecheye_ros2_interface/install/mecheye_ros_interface/share/mecheye_ros_interface/srv/AddUserSet.json
[35.241s] -- Up-to-date: /home/inauenma/git/mecheye_ros2_interface/install/mecheye_ros_interface/share/mecheye_ros_interface/srv/CaptureColorImage.json
[35.241s] -- Up-to-date: /home/inauenma/git/mecheye_ros2_interface/install/mecheye_ros_interface/share/mecheye_ros_interface/srv/CaptureStereoColorImages.json
[35.241s] -- Up-to-date: /home/inauenma/git/mecheye_ros2_interface/install/mecheye_ros_interface/share/mecheye_ros_interface/srv/CaptureTexturedPointCloud.json
[35.241s] -- Up-to-date: /home/inauenma/git/mecheye_ros2_interface/install/mecheye_ros_interface/share/mecheye_ros_interface/srv/CaptureDepthMap.json
[35.242s] -- Up-to-date: /home/inauenma/git/mecheye_ros2_interface/install/mecheye_ros_interface/share/mecheye_ros_interface/srv/CapturePointCloud.json
[35.242s] -- Up-to-date: /home/inauenma/git/mecheye_ros2_interface/install/mecheye_ros_interface/share/mecheye_ros_interface/srv/DeleteUserSet.json
[35.242s] -- Up-to-date: /home/inauenma/git/mecheye_ros2_interface/install/mecheye_ros_interface/share/mecheye_ros_interface/srv/DeviceInfo.json
[35.242s] -- Up-to-date: /home/inauenma/git/mecheye_ros2_interface/install/mecheye_ros_interface/share/mecheye_ros_interface/srv/GetAllUserSets.json
[35.242s] -- Up-to-date: /home/inauenma/git/mecheye_ros2_interface/install/mecheye_ros_interface/share/mecheye_ros_interface/srv/GetCurrentUserSet.json
[35.242s] -- Up-to-date: /home/inauenma/git/mecheye_ros2_interface/install/mecheye_ros_interface/share/mecheye_ros_interface/srv/SetIntParameter.json
[35.243s] -- Up-to-date: /home/inauenma/git/mecheye_ros2_interface/install/mecheye_ros_interface/share/mecheye_ros_interface/srv/GetIntParameter.json
[35.243s] -- Up-to-date: /home/inauenma/git/mecheye_ros2_interface/install/mecheye_ros_interface/share/mecheye_ros_interface/srv/SetRangeParameter.json
[35.244s] -- Up-to-date: /home/inauenma/git/mecheye_ros2_interface/install/mecheye_ros_interface/share/mecheye_ros_interface/srv/GetRangeParameter.json
[35.244s] -- Up-to-date: /home/inauenma/git/mecheye_ros2_interface/install/mecheye_ros_interface/share/mecheye_ros_interface/srv/SetBoolParameter.json
[35.244s] -- Up-to-date: /home/inauenma/git/mecheye_ros2_interface/install/mecheye_ros_interface/share/mecheye_ros_interface/srv/GetBoolParameter.json
[35.244s] -- Up-to-date: /home/inauenma/git/mecheye_ros2_interface/install/mecheye_ros_interface/share/mecheye_ros_interface/srv/SetEnumParameter.json
[35.245s] -- Up-to-date: /home/inauenma/git/mecheye_ros2_interface/install/mecheye_ros_interface/share/mecheye_ros_interface/srv/GetEnumParameter.json
[35.245s] -- Up-to-date: /home/inauenma/git/mecheye_ros2_interface/install/mecheye_ros_interface/share/mecheye_ros_interface/srv/SetFloatParameter.json
[35.246s] -- Up-to-date: /home/inauenma/git/mecheye_ros2_interface/install/mecheye_ros_interface/share/mecheye_ros_interface/srv/GetFloatParameter.json
[35.246s] -- Up-to-date: /home/inauenma/git/mecheye_ros2_interface/install/mecheye_ros_interface/share/mecheye_ros_interface/srv/SetFloatArrayParameter.json
[35.246s] -- Up-to-date: /home/inauenma/git/mecheye_ros2_interface/install/mecheye_ros_interface/share/mecheye_ros_interface/srv/GetFloatArrayParameter.json
[35.246s] -- Up-to-date: /home/inauenma/git/mecheye_ros2_interface/install/mecheye_ros_interface/share/mecheye_ros_interface/srv/SetROIParameter.json
[35.247s] -- Up-to-date: /home/inauenma/git/mecheye_ros2_interface/install/mecheye_ros_interface/share/mecheye_ros_interface/srv/GetROIParameter.json
[35.247s] -- Up-to-date: /home/inauenma/git/mecheye_ros2_interface/install/mecheye_ros_interface/include/mecheye_ros_interface/mecheye_ros_interface
[35.247s] -- Up-to-date: /home/inauenma/git/mecheye_ros2_interface/install/mecheye_ros_interface/include/mecheye_ros_interface/mecheye_ros_interface/srv
[35.247s] -- Up-to-date: /home/inauenma/git/mecheye_ros2_interface/install/mecheye_ros_interface/include/mecheye_ros_interface/mecheye_ros_interface/srv/capture_point_cloud.h
[35.247s] -- Up-to-date: /home/inauenma/git/mecheye_ros2_interface/install/mecheye_ros_interface/include/mecheye_ros_interface/mecheye_ros_interface/srv/set_current_user_set.h
[35.247s] -- Up-to-date: /home/inauenma/git/mecheye_ros2_interface/install/mecheye_ros_interface/include/mecheye_ros_interface/mecheye_ros_interface/srv/capture_depth_map.h
[35.247s] -- Up-to-date: /home/inauenma/git/mecheye_ros2_interface/install/mecheye_ros_interface/include/mecheye_ros_interface/mecheye_ros_interface/srv/set_float_array_parameter.h
[35.248s] -- Up-to-date: /home/inauenma/git/mecheye_ros2_interface/install/mecheye_ros_interface/include/mecheye_ros_interface/mecheye_ros_interface/srv/save_all_settings_to_user_sets.h
[35.248s] -- Up-to-date: /home/inauenma/git/mecheye_ros2_interface/install/mecheye_ros_interface/include/mecheye_ros_interface/mecheye_ros_interface/srv/get_enum_parameter.h
[35.248s] -- Up-to-date: /home/inauenma/git/mecheye_ros2_interface/install/mecheye_ros_interface/include/mecheye_ros_interface/mecheye_ros_interface/srv/set_range_parameter.h
[35.248s] -- Up-to-date: /home/inauenma/git/mecheye_ros2_interface/install/mecheye_ros_interface/include/mecheye_ros_interface/mecheye_ros_interface/srv/capture_textured_point_cloud.h
[35.249s] -- Up-to-date: /home/inauenma/git/mecheye_ros2_interface/install/mecheye_ros_interface/include/mecheye_ros_interface/mecheye_ros_interface/srv/set_int_parameter.h
[35.249s] -- Up-to-date: /home/inauenma/git/mecheye_ros2_interface/install/mecheye_ros_interface/include/mecheye_ros_interface/mecheye_ros_interface/srv/set_roi_parameter.h
[35.249s] -- Up-to-date: /home/inauenma/git/mecheye_ros2_interface/install/mecheye_ros_interface/include/mecheye_ros_interface/mecheye_ros_interface/srv/get_float_array_parameter.h
[35.250s] -- Up-to-date: /home/inauenma/git/mecheye_ros2_interface/install/mecheye_ros_interface/include/mecheye_ros_interface/mecheye_ros_interface/srv/get_current_user_set.h
[35.251s] -- Up-to-date: /home/inauenma/git/mecheye_ros2_interface/install/mecheye_ros_interface/include/mecheye_ros_interface/mecheye_ros_interface/srv/set_float_parameter.h
[35.251s] -- Up-to-date: /home/inauenma/git/mecheye_ros2_interface/install/mecheye_ros_interface/include/mecheye_ros_interface/mecheye_ros_interface/srv/device_info.h
[35.251s] -- Up-to-date: /home/inauenma/git/mecheye_ros2_interface/install/mecheye_ros_interface/include/mecheye_ros_interface/mecheye_ros_interface/srv/capture_color_image.h
[35.251s] -- Up-to-date: /home/inauenma/git/mecheye_ros2_interface/install/mecheye_ros_interface/include/mecheye_ros_interface/mecheye_ros_interface/srv/get_int_parameter.h
[35.251s] -- Up-to-date: /home/inauenma/git/mecheye_ros2_interface/install/mecheye_ros_interface/include/mecheye_ros_interface/mecheye_ros_interface/srv/get_float_parameter.h
[35.252s] -- Up-to-date: /home/inauenma/git/mecheye_ros2_interface/install/mecheye_ros_interface/include/mecheye_ros_interface/mecheye_ros_interface/srv/get_range_parameter.h
[35.252s] -- Up-to-date: /home/inauenma/git/mecheye_ros2_interface/install/mecheye_ros_interface/include/mecheye_ros_interface/mecheye_ros_interface/srv/set_bool_parameter.h
[35.252s] -- Up-to-date: /home/inauenma/git/mecheye_ros2_interface/install/mecheye_ros_interface/include/mecheye_ros_interface/mecheye_ros_interface/srv/get_bool_parameter.h
[35.253s] -- Up-to-date: /home/inauenma/git/mecheye_ros2_interface/install/mecheye_ros_interface/include/mecheye_ros_interface/mecheye_ros_interface/srv/get_roi_parameter.h
[35.253s] -- Up-to-date: /home/inauenma/git/mecheye_ros2_interface/install/mecheye_ros_interface/include/mecheye_ros_interface/mecheye_ros_interface/srv/delete_user_set.h
[35.253s] -- Up-to-date: /home/inauenma/git/mecheye_ros2_interface/install/mecheye_ros_interface/include/mecheye_ros_interface/mecheye_ros_interface/srv/get_all_user_sets.h
[35.254s] -- Up-to-date: /home/inauenma/git/mecheye_ros2_interface/install/mecheye_ros_interface/include/mecheye_ros_interface/mecheye_ros_interface/srv/detail
[35.254s] -- Up-to-date: /home/inauenma/git/mecheye_ros2_interface/install/mecheye_ros_interface/include/mecheye_ros_interface/mecheye_ros_interface/srv/detail/get_current_user_set__functions.c
[35.254s] -- Up-to-date: /home/inauenma/git/mecheye_ros2_interface/install/mecheye_ros_interface/include/mecheye_ros_interface/mecheye_ros_interface/srv/detail/get_current_user_set__struct.h
[35.254s] -- Up-to-date: /home/inauenma/git/mecheye_ros2_interface/install/mecheye_ros_interface/include/mecheye_ros_interface/mecheye_ros_interface/srv/detail/get_roi_parameter__functions.c
[35.254s] -- Up-to-date: /home/inauenma/git/mecheye_ros2_interface/install/mecheye_ros_interface/include/mecheye_ros_interface/mecheye_ros_interface/srv/detail/get_int_parameter__type_support.h
[35.255s] -- Installing: /home/inauenma/git/mecheye_ros2_interface/install/mecheye_ros_interface/include/mecheye_ros_interface/mecheye_ros_interface/srv/detail/capture_depth_map__type_support.c
[35.256s] -- Up-to-date: /home/inauenma/git/mecheye_ros2_interface/install/mecheye_ros_interface/include/mecheye_ros_interface/mecheye_ros_interface/srv/detail/capture_textured_point_cloud__type_support.h
[35.256s] -- Up-to-date: /home/inauenma/git/mecheye_ros2_interface/install/mecheye_ros_interface/include/mecheye_ros_interface/mecheye_ros_interface/srv/detail/set_current_user_set__description.c
[35.256s] -- Up-to-date: /home/inauenma/git/mecheye_ros2_interface/install/mecheye_ros_interface/include/mecheye_ros_interface/mecheye_ros_interface/srv/detail/get_float_array_parameter__struct.h
[35.256s] -- Up-to-date: /home/inauenma/git/mecheye_ros2_interface/install/mecheye_ros_interface/include/mecheye_ros_interface/mecheye_ros_interface/srv/detail/capture_color_image__functions.c
[35.256s] -- Up-to-date: /home/inauenma/git/mecheye_ros2_interface/install/mecheye_ros_interface/include/mecheye_ros_interface/mecheye_ros_interface/srv/detail/save_all_settings_to_user_sets__struct.h
[35.257s] -- Installing: /home/inauenma/git/mecheye_ros2_interface/install/mecheye_ros_interface/include/mecheye_ros_interface/mecheye_ros_interface/srv/detail/set_range_parameter__type_support.c
[35.257s] -- Up-to-date: /home/inauenma/git/mecheye_ros2_interface/install/mecheye_ros_interface/include/mecheye_ros_interface/mecheye_ros_interface/srv/detail/set_enum_parameter__functions.h
[35.257s] -- Up-to-date: /home/inauenma/git/mecheye_ros2_interface/install/mecheye_ros_interface/include/mecheye_ros_interface/mecheye_ros_interface/srv/detail/get_roi_parameter__description.c
[35.257s] -- Up-to-date: /home/inauenma/git/mecheye_ros2_interface/install/mecheye_ros_interface/include/mecheye_ros_interface/mecheye_ros_interface/srv/detail/set_range_parameter__description.c
[35.258s] -- Installing: /home/inauenma/git/mecheye_ros2_interface/install/mecheye_ros_interface/include/mecheye_ros_interface/mecheye_ros_interface/srv/detail/get_int_parameter__type_support.c
[35.259s] -- Installing: /home/inauenma/git/mecheye_ros2_interface/install/mecheye_ros_interface/include/mecheye_ros_interface/mecheye_ros_interface/srv/detail/set_enum_parameter__type_support.c
[35.259s] -- Up-to-date: /home/inauenma/git/mecheye_ros2_interface/install/mecheye_ros_interface/include/mecheye_ros_interface/mecheye_ros_interface/srv/detail/capture_color_image__type_support.h
[35.259s] -- Up-to-date: /home/inauenma/git/mecheye_ros2_interface/install/mecheye_ros_interface/include/mecheye_ros_interface/mecheye_ros_interface/srv/detail/capture_stereo_color_images__struct.h
[35.260s] -- Installing: /home/inauenma/git/mecheye_ros2_interface/install/mecheye_ros_interface/include/mecheye_ros_interface/mecheye_ros_interface/srv/detail/get_enum_parameter__type_support.c
[35.260s] -- Installing: /home/inauenma/git/mecheye_ros2_interface/install/mecheye_ros_interface/include/mecheye_ros_interface/mecheye_ros_interface/srv/detail/get_current_user_set__type_support.c
[35.260s] -- Installing: /home/inauenma/git/mecheye_ros2_interface/install/mecheye_ros_interface/include/mecheye_ros_interface/mecheye_ros_interface/srv/detail/capture_textured_point_cloud__type_support.c
[35.260s] -- Up-to-date: /home/inauenma/git/mecheye_ros2_interface/install/mecheye_ros_interface/include/mecheye_ros_interface/mecheye_ros_interface/srv/detail/set_float_parameter__struct.h
[35.261s] -- Installing: /home/inauenma/git/mecheye_ros2_interface/install/mecheye_ros_interface/include/mecheye_ros_interface/mecheye_ros_interface/srv/detail/device_info__type_support.c
[35.261s] -- Up-to-date: /home/inauenma/git/mecheye_ros2_interface/install/mecheye_ros_interface/include/mecheye_ros_interface/mecheye_ros_interface/srv/detail/set_float_array_parameter__functions.c
[35.261s] -- Up-to-date: /home/inauenma/git/mecheye_ros2_interface/install/mecheye_ros_interface/include/mecheye_ros_interface/mecheye_ros_interface/srv/detail/get_float_parameter__struct.h
[35.261s] -- Up-to-date: /home/inauenma/git/mecheye_ros2_interface/install/mecheye_ros_interface/include/mecheye_ros_interface/mecheye_ros_interface/srv/detail/get_bool_parameter__type_support.h
[35.261s] -- Up-to-date: /home/inauenma/git/mecheye_ros2_interface/install/mecheye_ros_interface/include/mecheye_ros_interface/mecheye_ros_interface/srv/detail/capture_stereo_color_images__functions.h
[35.261s] -- Up-to-date: /home/inauenma/git/mecheye_ros2_interface/install/mecheye_ros_interface/include/mecheye_ros_interface/mecheye_ros_interface/srv/detail/delete_user_set__description.c
[35.262s] -- Up-to-date: /home/inauenma/git/mecheye_ros2_interface/install/mecheye_ros_interface/include/mecheye_ros_interface/mecheye_ros_interface/srv/detail/set_roi_parameter__type_support.h
[35.262s] -- Up-to-date: /home/inauenma/git/mecheye_ros2_interface/install/mecheye_ros_interface/include/mecheye_ros_interface/mecheye_ros_interface/srv/detail/get_int_parameter__functions.h
[35.262s] -- Up-to-date: /home/inauenma/git/mecheye_ros2_interface/install/mecheye_ros_interface/include/mecheye_ros_interface/mecheye_ros_interface/srv/detail/get_float_array_parameter__functions.h
[35.262s] -- Up-to-date: /home/inauenma/git/mecheye_ros2_interface/install/mecheye_ros_interface/include/mecheye_ros_interface/mecheye_ros_interface/srv/detail/get_enum_parameter__functions.h
[35.263s] -- Up-to-date: /home/inauenma/git/mecheye_ros2_interface/install/mecheye_ros_interface/include/mecheye_ros_interface/mecheye_ros_interface/srv/detail/get_bool_parameter__functions.h
[35.263s] -- Up-to-date: /home/inauenma/git/mecheye_ros2_interface/install/mecheye_ros_interface/include/mecheye_ros_interface/mecheye_ros_interface/srv/detail/get_float_parameter__description.c
[35.263s] -- Up-to-date: /home/inauenma/git/mecheye_ros2_interface/install/mecheye_ros_interface/include/mecheye_ros_interface/mecheye_ros_interface/srv/detail/set_bool_parameter__functions.h
[35.263s] -- Up-to-date: /home/inauenma/git/mecheye_ros2_interface/install/mecheye_ros_interface/include/mecheye_ros_interface/mecheye_ros_interface/srv/detail/get_roi_parameter__functions.h
[35.264s] -- Up-to-date: /home/inauenma/git/mecheye_ros2_interface/install/mecheye_ros_interface/include/mecheye_ros_interface/mecheye_ros_interface/srv/detail/get_enum_parameter__functions.c
[35.264s] -- Up-to-date: /home/inauenma/git/mecheye_ros2_interface/install/mecheye_ros_interface/include/mecheye_ros_interface/mecheye_ros_interface/srv/detail/set_enum_parameter__description.c
[35.264s] -- Up-to-date: /home/inauenma/git/mecheye_ros2_interface/install/mecheye_ros_interface/include/mecheye_ros_interface/mecheye_ros_interface/srv/detail/save_all_settings_to_user_sets__functions.h
[35.265s] -- Up-to-date: /home/inauenma/git/mecheye_ros2_interface/install/mecheye_ros_interface/include/mecheye_ros_interface/mecheye_ros_interface/srv/detail/device_info__type_support.h
[35.265s] -- Installing: /home/inauenma/git/mecheye_ros2_interface/install/mecheye_ros_interface/include/mecheye_ros_interface/mecheye_ros_interface/srv/detail/get_all_user_sets__type_support.c
[35.265s] -- Up-to-date: /home/inauenma/git/mecheye_ros2_interface/install/mecheye_ros_interface/include/mecheye_ros_interface/mecheye_ros_interface/srv/detail/set_range_parameter__type_support.h
[35.265s] -- Up-to-date: /home/inauenma/git/mecheye_ros2_interface/install/mecheye_ros_interface/include/mecheye_ros_interface/mecheye_ros_interface/srv/detail/set_bool_parameter__type_support.h
[35.266s] -- Up-to-date: /home/inauenma/git/mecheye_ros2_interface/install/mecheye_ros_interface/include/mecheye_ros_interface/mecheye_ros_interface/srv/detail/set_current_user_set__functions.h
[35.266s] -- Up-to-date: /home/inauenma/git/mecheye_ros2_interface/install/mecheye_ros_interface/include/mecheye_ros_interface/mecheye_ros_interface/srv/detail/set_int_parameter__functions.c
[35.267s] -- Up-to-date: /home/inauenma/git/mecheye_ros2_interface/install/mecheye_ros_interface/include/mecheye_ros_interface/mecheye_ros_interface/srv/detail/get_float_array_parameter__description.c
[35.267s] -- Up-to-date: /home/inauenma/git/mecheye_ros2_interface/install/mecheye_ros_interface/include/mecheye_ros_interface/mecheye_ros_interface/srv/detail/set_current_user_set__struct.h
[35.267s] -- Up-to-date: /home/inauenma/git/mecheye_ros2_interface/install/mecheye_ros_interface/include/mecheye_ros_interface/mecheye_ros_interface/srv/detail/set_range_parameter__functions.h
[35.267s] -- Up-to-date: /home/inauenma/git/mecheye_ros2_interface/install/mecheye_ros_interface/include/mecheye_ros_interface/mecheye_ros_interface/srv/detail/capture_color_image__functions.h
[35.268s] -- Installing: /home/inauenma/git/mecheye_ros2_interface/install/mecheye_ros_interface/include/mecheye_ros_interface/mecheye_ros_interface/srv/detail/add_user_set__type_support.c
[35.268s] -- Up-to-date: /home/inauenma/git/mecheye_ros2_interface/install/mecheye_ros_interface/include/mecheye_ros_interface/mecheye_ros_interface/srv/detail/set_int_parameter__struct.h
[35.268s] -- Up-to-date: /home/inauenma/git/mecheye_ros2_interface/install/mecheye_ros_interface/include/mecheye_ros_interface/mecheye_ros_interface/srv/detail/capture_point_cloud__functions.h
[35.268s] -- Up-to-date: /home/inauenma/git/mecheye_ros2_interface/install/mecheye_ros_interface/include/mecheye_ros_interface/mecheye_ros_interface/srv/detail/set_roi_parameter__description.c
[35.269s] -- Up-to-date: /home/inauenma/git/mecheye_ros2_interface/install/mecheye_ros_interface/include/mecheye_ros_interface/mecheye_ros_interface/srv/detail/capture_stereo_color_images__type_support.h
[35.269s] -- Up-to-date: /home/inauenma/git/mecheye_ros2_interface/install/mecheye_ros_interface/include/mecheye_ros_interface/mecheye_ros_interface/srv/detail/set_float_array_parameter__struct.h
[35.269s] -- Installing: /home/inauenma/git/mecheye_ros2_interface/install/mecheye_ros_interface/include/mecheye_ros_interface/mecheye_ros_interface/srv/detail/capture_color_image__type_support.c
[35.269s] -- Up-to-date: /home/inauenma/git/mecheye_ros2_interface/install/mecheye_ros_interface/include/mecheye_ros_interface/mecheye_ros_interface/srv/detail/get_enum_parameter__struct.h
[35.269s] -- Up-to-date: /home/inauenma/git/mecheye_ros2_interface/install/mecheye_ros_interface/include/mecheye_ros_interface/mecheye_ros_interface/srv/detail/set_roi_parameter__functions.h
[35.270s] -- Up-to-date: /home/inauenma/git/mecheye_ros2_interface/install/mecheye_ros_interface/include/mecheye_ros_interface/mecheye_ros_interface/srv/detail/get_bool_parameter__description.c
[35.270s] -- Up-to-date: /home/inauenma/git/mecheye_ros2_interface/install/mecheye_ros_interface/include/mecheye_ros_interface/mecheye_ros_interface/srv/detail/get_int_parameter__struct.h
[35.270s] -- Up-to-date: /home/inauenma/git/mecheye_ros2_interface/install/mecheye_ros_interface/include/mecheye_ros_interface/mecheye_ros_interface/srv/detail/set_float_array_parameter__functions.h
[35.270s] -- Up-to-date: /home/inauenma/git/mecheye_ros2_interface/install/mecheye_ros_interface/include/mecheye_ros_interface/mecheye_ros_interface/srv/detail/device_info__description.c
[35.270s] -- Up-to-date: /home/inauenma/git/mecheye_ros2_interface/install/mecheye_ros_interface/include/mecheye_ros_interface/mecheye_ros_interface/srv/detail/delete_user_set__functions.c
[35.271s] -- Installing: /home/inauenma/git/mecheye_ros2_interface/install/mecheye_ros_interface/include/mecheye_ros_interface/mecheye_ros_interface/srv/detail/set_int_parameter__type_support.c
[35.271s] -- Up-to-date: /home/inauenma/git/mecheye_ros2_interface/install/mecheye_ros_interface/include/mecheye_ros_interface/mecheye_ros_interface/srv/detail/device_info__functions.c
[35.272s] -- Installing: /home/inauenma/git/mecheye_ros2_interface/install/mecheye_ros_interface/include/mecheye_ros_interface/mecheye_ros_interface/srv/detail/get_bool_parameter__type_support.c
[35.272s] -- Up-to-date: /home/inauenma/git/mecheye_ros2_interface/install/mecheye_ros_interface/include/mecheye_ros_interface/mecheye_ros_interface/srv/detail/set_enum_parameter__struct.h
[35.272s] -- Up-to-date: /home/inauenma/git/mecheye_ros2_interface/install/mecheye_ros_interface/include/mecheye_ros_interface/mecheye_ros_interface/srv/detail/set_int_parameter__type_support.h
[35.272s] -- Up-to-date: /home/inauenma/git/mecheye_ros2_interface/install/mecheye_ros_interface/include/mecheye_ros_interface/mecheye_ros_interface/srv/detail/save_all_settings_to_user_sets__functions.c
[35.272s] -- Up-to-date: /home/inauenma/git/mecheye_ros2_interface/install/mecheye_ros_interface/include/mecheye_ros_interface/mecheye_ros_interface/srv/detail/get_current_user_set__type_support.h
[35.272s] -- Up-to-date: /home/inauenma/git/mecheye_ros2_interface/install/mecheye_ros_interface/include/mecheye_ros_interface/mecheye_ros_interface/srv/detail/get_bool_parameter__struct.h
[35.273s] -- Up-to-date: /home/inauenma/git/mecheye_ros2_interface/install/mecheye_ros_interface/include/mecheye_ros_interface/mecheye_ros_interface/srv/detail/set_float_parameter__type_support.h
[35.273s] -- Up-to-date: /home/inauenma/git/mecheye_ros2_interface/install/mecheye_ros_interface/include/mecheye_ros_interface/mecheye_ros_interface/srv/detail/set_float_parameter__functions.c
[35.274s] -- Installing: /home/inauenma/git/mecheye_ros2_interface/install/mecheye_ros_interface/include/mecheye_ros_interface/mecheye_ros_interface/srv/detail/get_float_array_parameter__type_support.c
[35.274s] -- Up-to-date: /home/inauenma/git/mecheye_ros2_interface/install/mecheye_ros_interface/include/mecheye_ros_interface/mecheye_ros_interface/srv/detail/capture_textured_point_cloud__functions.h
[35.274s] -- Up-to-date: /home/inauenma/git/mecheye_ros2_interface/install/mecheye_ros_interface/include/mecheye_ros_interface/mecheye_ros_interface/srv/detail/save_all_settings_to_user_sets__description.c
[35.274s] -- Up-to-date: /home/inauenma/git/mecheye_ros2_interface/install/mecheye_ros_interface/include/mecheye_ros_interface/mecheye_ros_interface/srv/detail/set_range_parameter__functions.c
[35.274s] -- Up-to-date: /home/inauenma/git/mecheye_ros2_interface/install/mecheye_ros_interface/include/mecheye_ros_interface/mecheye_ros_interface/srv/detail/get_current_user_set__description.c
[35.274s] -- Up-to-date: /home/inauenma/git/mecheye_ros2_interface/install/mecheye_ros_interface/include/mecheye_ros_interface/mecheye_ros_interface/srv/detail/capture_color_image__struct.h
[35.274s] -- Up-to-date: /home/inauenma/git/mecheye_ros2_interface/install/mecheye_ros_interface/include/mecheye_ros_interface/mecheye_ros_interface/srv/detail/add_user_set__functions.c
[35.274s] -- Up-to-date: /home/inauenma/git/mecheye_ros2_interface/install/mecheye_ros_interface/include/mecheye_ros_interface/mecheye_ros_interface/srv/detail/set_bool_parameter__functions.c
[35.275s] -- Up-to-date: /home/inauenma/git/mecheye_ros2_interface/install/mecheye_ros_interface/include/mecheye_ros_interface/mecheye_ros_interface/srv/detail/set_enum_parameter__type_support.h
[35.275s] -- Up-to-date: /home/inauenma/git/mecheye_ros2_interface/install/mecheye_ros_interface/include/mecheye_ros_interface/mecheye_ros_interface/srv/detail/device_info__functions.h
[35.275s] -- Up-to-date: /home/inauenma/git/mecheye_ros2_interface/install/mecheye_ros_interface/include/mecheye_ros_interface/mecheye_ros_interface/srv/detail/get_enum_parameter__description.c
[35.276s] -- Up-to-date: /home/inauenma/git/mecheye_ros2_interface/install/mecheye_ros_interface/include/mecheye_ros_interface/mecheye_ros_interface/srv/detail/set_bool_parameter__description.c
[35.276s] -- Up-to-date: /home/inauenma/git/mecheye_ros2_interface/install/mecheye_ros_interface/include/mecheye_ros_interface/mecheye_ros_interface/srv/detail/get_bool_parameter__functions.c
[35.277s] -- Installing: /home/inauenma/git/mecheye_ros2_interface/install/mecheye_ros_interface/include/mecheye_ros_interface/mecheye_ros_interface/srv/detail/get_roi_parameter__type_support.c
[35.278s] -- Up-to-date: /home/inauenma/git/mecheye_ros2_interface/install/mecheye_ros_interface/include/mecheye_ros_interface/mecheye_ros_interface/srv/detail/capture_point_cloud__functions.c
[35.278s] -- Up-to-date: /home/inauenma/git/mecheye_ros2_interface/install/mecheye_ros_interface/include/mecheye_ros_interface/mecheye_ros_interface/srv/detail/capture_textured_point_cloud__description.c
[35.278s] -- Up-to-date: /home/inauenma/git/mecheye_ros2_interface/install/mecheye_ros_interface/include/mecheye_ros_interface/mecheye_ros_interface/srv/detail/get_all_user_sets__type_support.h
[35.278s] -- Installing: /home/inauenma/git/mecheye_ros2_interface/install/mecheye_ros_interface/include/mecheye_ros_interface/mecheye_ros_interface/srv/detail/set_bool_parameter__type_support.c
[35.278s] -- Installing: /home/inauenma/git/mecheye_ros2_interface/install/mecheye_ros_interface/include/mecheye_ros_interface/mecheye_ros_interface/srv/detail/save_all_settings_to_user_sets__type_support.c
[35.278s] -- Up-to-date: /home/inauenma/git/mecheye_ros2_interface/install/mecheye_ros_interface/include/mecheye_ros_interface/mecheye_ros_interface/srv/detail/capture_depth_map__description.c
[35.278s] -- Up-to-date: /home/inauenma/git/mecheye_ros2_interface/install/mecheye_ros_interface/include/mecheye_ros_interface/mecheye_ros_interface/srv/detail/capture_color_image__description.c
[35.278s] -- Up-to-date: /home/inauenma/git/mecheye_ros2_interface/install/mecheye_ros_interface/include/mecheye_ros_interface/mecheye_ros_interface/srv/detail/get_range_parameter__description.c
[35.278s] -- Up-to-date: /home/inauenma/git/mecheye_ros2_interface/install/mecheye_ros_interface/include/mecheye_ros_interface/mecheye_ros_interface/srv/detail/set_float_parameter__description.c
[35.278s] -- Up-to-date: /home/inauenma/git/mecheye_ros2_interface/install/mecheye_ros_interface/include/mecheye_ros_interface/mecheye_ros_interface/srv/detail/capture_stereo_color_images__functions.c
[35.278s] -- Up-to-date: /home/inauenma/git/mecheye_ros2_interface/install/mecheye_ros_interface/include/mecheye_ros_interface/mecheye_ros_interface/srv/detail/save_all_settings_to_user_sets__type_support.h
[35.278s] -- Up-to-date: /home/inauenma/git/mecheye_ros2_interface/install/mecheye_ros_interface/include/mecheye_ros_interface/mecheye_ros_interface/srv/detail/get_roi_parameter__type_support.h
[35.279s] -- Up-to-date: /home/inauenma/git/mecheye_ros2_interface/install/mecheye_ros_interface/include/mecheye_ros_interface/mecheye_ros_interface/srv/detail/set_int_parameter__functions.h
[35.279s] -- Up-to-date: /home/inauenma/git/mecheye_ros2_interface/install/mecheye_ros_interface/include/mecheye_ros_interface/mecheye_ros_interface/srv/detail/capture_textured_point_cloud__functions.c
[35.279s] -- Installing: /home/inauenma/git/mecheye_ros2_interface/install/mecheye_ros_interface/include/mecheye_ros_interface/mecheye_ros_interface/srv/detail/capture_point_cloud__type_support.c
[35.280s] -- Up-to-date: /home/inauenma/git/mecheye_ros2_interface/install/mecheye_ros_interface/include/mecheye_ros_interface/mecheye_ros_interface/srv/detail/get_float_parameter__type_support.h
[35.280s] -- Up-to-date: /home/inauenma/git/mecheye_ros2_interface/install/mecheye_ros_interface/include/mecheye_ros_interface/mecheye_ros_interface/srv/detail/get_float_array_parameter__type_support.h
[35.280s] -- Up-to-date: /home/inauenma/git/mecheye_ros2_interface/install/mecheye_ros_interface/include/mecheye_ros_interface/mecheye_ros_interface/srv/detail/device_info__struct.h
[35.280s] -- Up-to-date: /home/inauenma/git/mecheye_ros2_interface/install/mecheye_ros_interface/include/mecheye_ros_interface/mecheye_ros_interface/srv/detail/add_user_set__description.c
[35.280s] -- Up-to-date: /home/inauenma/git/mecheye_ros2_interface/install/mecheye_ros_interface/include/mecheye_ros_interface/mecheye_ros_interface/srv/detail/get_all_user_sets__description.c
[35.280s] -- Up-to-date: /home/inauenma/git/mecheye_ros2_interface/install/mecheye_ros_interface/include/mecheye_ros_interface/mecheye_ros_interface/srv/detail/get_float_parameter__functions.c
[35.280s] -- Up-to-date: /home/inauenma/git/mecheye_ros2_interface/install/mecheye_ros_interface/include/mecheye_ros_interface/mecheye_ros_interface/srv/detail/get_range_parameter__type_support.h
[35.280s] -- Up-to-date: /home/inauenma/git/mecheye_ros2_interface/install/mecheye_ros_interface/include/mecheye_ros_interface/mecheye_ros_interface/srv/detail/set_float_parameter__functions.h
[35.280s] -- Installing: /home/inauenma/git/mecheye_ros2_interface/install/mecheye_ros_interface/include/mecheye_ros_interface/mecheye_ros_interface/srv/detail/set_roi_parameter__type_support.c
[35.280s] -- Up-to-date: /home/inauenma/git/mecheye_ros2_interface/install/mecheye_ros_interface/include/mecheye_ros_interface/mecheye_ros_interface/srv/detail/get_all_user_sets__functions.h
[35.280s] -- Up-to-date: /home/inauenma/git/mecheye_ros2_interface/install/mecheye_ros_interface/include/mecheye_ros_interface/mecheye_ros_interface/srv/detail/get_all_user_sets__functions.c
[35.280s] -- Up-to-date: /home/inauenma/git/mecheye_ros2_interface/install/mecheye_ros_interface/include/mecheye_ros_interface/mecheye_ros_interface/srv/detail/capture_depth_map__type_support.h
[35.280s] -- Up-to-date: /home/inauenma/git/mecheye_ros2_interface/install/mecheye_ros_interface/include/mecheye_ros_interface/mecheye_ros_interface/srv/detail/get_range_parameter__functions.h
[35.280s] -- Up-to-date: /home/inauenma/git/mecheye_ros2_interface/install/mecheye_ros_interface/include/mecheye_ros_interface/mecheye_ros_interface/srv/detail/capture_point_cloud__description.c
[35.280s] -- Installing: /home/inauenma/git/mecheye_ros2_interface/install/mecheye_ros_interface/include/mecheye_ros_interface/mecheye_ros_interface/srv/detail/set_current_user_set__type_support.c
[35.280s] -- Up-to-date: /home/inauenma/git/mecheye_ros2_interface/install/mecheye_ros_interface/include/mecheye_ros_interface/mecheye_ros_interface/srv/detail/get_int_parameter__description.c
[35.280s] -- Up-to-date: /home/inauenma/git/mecheye_ros2_interface/install/mecheye_ros_interface/include/mecheye_ros_interface/mecheye_ros_interface/srv/detail/capture_depth_map__functions.h
[35.280s] -- Up-to-date: /home/inauenma/git/mecheye_ros2_interface/install/mecheye_ros_interface/include/mecheye_ros_interface/mecheye_ros_interface/srv/detail/capture_point_cloud__struct.h
[35.280s] -- Up-to-date: /home/inauenma/git/mecheye_ros2_interface/install/mecheye_ros_interface/include/mecheye_ros_interface/mecheye_ros_interface/srv/detail/get_enum_parameter__type_support.h
[35.281s] -- Up-to-date: /home/inauenma/git/mecheye_ros2_interface/install/mecheye_ros_interface/include/mecheye_ros_interface/mecheye_ros_interface/srv/detail/get_float_parameter__functions.h
[35.281s] -- Installing: /home/inauenma/git/mecheye_ros2_interface/install/mecheye_ros_interface/include/mecheye_ros_interface/mecheye_ros_interface/srv/detail/get_range_parameter__type_support.c
[35.281s] -- Up-to-date: /home/inauenma/git/mecheye_ros2_interface/install/mecheye_ros_interface/include/mecheye_ros_interface/mecheye_ros_interface/srv/detail/delete_user_set__struct.h
[35.281s] -- Up-to-date: /home/inauenma/git/mecheye_ros2_interface/install/mecheye_ros_interface/include/mecheye_ros_interface/mecheye_ros_interface/srv/detail/capture_depth_map__functions.c
[35.281s] -- Up-to-date: /home/inauenma/git/mecheye_ros2_interface/install/mecheye_ros_interface/include/mecheye_ros_interface/mecheye_ros_interface/srv/detail/capture_textured_point_cloud__struct.h
[35.281s] -- Up-to-date: /home/inauenma/git/mecheye_ros2_interface/install/mecheye_ros_interface/include/mecheye_ros_interface/mecheye_ros_interface/srv/detail/get_range_parameter__struct.h
[35.281s] -- Up-to-date: /home/inauenma/git/mecheye_ros2_interface/install/mecheye_ros_interface/include/mecheye_ros_interface/mecheye_ros_interface/srv/detail/get_roi_parameter__struct.h
[35.281s] -- Up-to-date: /home/inauenma/git/mecheye_ros2_interface/install/mecheye_ros_interface/include/mecheye_ros_interface/mecheye_ros_interface/srv/detail/capture_stereo_color_images__description.c
[35.281s] -- Up-to-date: /home/inauenma/git/mecheye_ros2_interface/install/mecheye_ros_interface/include/mecheye_ros_interface/mecheye_ros_interface/srv/detail/add_user_set__functions.h
[35.281s] -- Up-to-date: /home/inauenma/git/mecheye_ros2_interface/install/mecheye_ros_interface/include/mecheye_ros_interface/mecheye_ros_interface/srv/detail/delete_user_set__type_support.h
[35.281s] -- Up-to-date: /home/inauenma/git/mecheye_ros2_interface/install/mecheye_ros_interface/include/mecheye_ros_interface/mecheye_ros_interface/srv/detail/get_int_parameter__functions.c
[35.281s] -- Up-to-date: /home/inauenma/git/mecheye_ros2_interface/install/mecheye_ros_interface/include/mecheye_ros_interface/mecheye_ros_interface/srv/detail/set_roi_parameter__functions.c
[35.281s] -- Up-to-date: /home/inauenma/git/mecheye_ros2_interface/install/mecheye_ros_interface/include/mecheye_ros_interface/mecheye_ros_interface/srv/detail/get_all_user_sets__struct.h
[35.281s] -- Installing: /home/inauenma/git/mecheye_ros2_interface/install/mecheye_ros_interface/include/mecheye_ros_interface/mecheye_ros_interface/srv/detail/get_float_parameter__type_support.c
[35.281s] -- Up-to-date: /home/inauenma/git/mecheye_ros2_interface/install/mecheye_ros_interface/include/mecheye_ros_interface/mecheye_ros_interface/srv/detail/set_float_array_parameter__description.c
[35.281s] -- Up-to-date: /home/inauenma/git/mecheye_ros2_interface/install/mecheye_ros_interface/include/mecheye_ros_interface/mecheye_ros_interface/srv/detail/set_int_parameter__description.c
[35.281s] -- Installing: /home/inauenma/git/mecheye_ros2_interface/install/mecheye_ros_interface/include/mecheye_ros_interface/mecheye_ros_interface/srv/detail/capture_stereo_color_images__type_support.c
[35.281s] -- Installing: /home/inauenma/git/mecheye_ros2_interface/install/mecheye_ros_interface/include/mecheye_ros_interface/mecheye_ros_interface/srv/detail/set_float_array_parameter__type_support.c
[35.281s] -- Up-to-date: /home/inauenma/git/mecheye_ros2_interface/install/mecheye_ros_interface/include/mecheye_ros_interface/mecheye_ros_interface/srv/detail/set_roi_parameter__struct.h
[35.281s] -- Up-to-date: /home/inauenma/git/mecheye_ros2_interface/install/mecheye_ros_interface/include/mecheye_ros_interface/mecheye_ros_interface/srv/detail/get_float_array_parameter__functions.c
[35.281s] -- Up-to-date: /home/inauenma/git/mecheye_ros2_interface/install/mecheye_ros_interface/include/mecheye_ros_interface/mecheye_ros_interface/srv/detail/add_user_set__type_support.h
[35.281s] -- Up-to-date: /home/inauenma/git/mecheye_ros2_interface/install/mecheye_ros_interface/include/mecheye_ros_interface/mecheye_ros_interface/srv/detail/set_current_user_set__type_support.h
[35.282s] -- Up-to-date: /home/inauenma/git/mecheye_ros2_interface/install/mecheye_ros_interface/include/mecheye_ros_interface/mecheye_ros_interface/srv/detail/add_user_set__struct.h
[35.282s] -- Installing: /home/inauenma/git/mecheye_ros2_interface/install/mecheye_ros_interface/include/mecheye_ros_interface/mecheye_ros_interface/srv/detail/delete_user_set__type_support.c
[35.282s] -- Up-to-date: /home/inauenma/git/mecheye_ros2_interface/install/mecheye_ros_interface/include/mecheye_ros_interface/mecheye_ros_interface/srv/detail/delete_user_set__functions.h
[35.282s] -- Up-to-date: /home/inauenma/git/mecheye_ros2_interface/install/mecheye_ros_interface/include/mecheye_ros_interface/mecheye_ros_interface/srv/detail/set_range_parameter__struct.h
[35.282s] -- Up-to-date: /home/inauenma/git/mecheye_ros2_interface/install/mecheye_ros_interface/include/mecheye_ros_interface/mecheye_ros_interface/srv/detail/set_current_user_set__functions.c
[35.282s] -- Up-to-date: /home/inauenma/git/mecheye_ros2_interface/install/mecheye_ros_interface/include/mecheye_ros_interface/mecheye_ros_interface/srv/detail/get_range_parameter__functions.c
[35.282s] -- Up-to-date: /home/inauenma/git/mecheye_ros2_interface/install/mecheye_ros_interface/include/mecheye_ros_interface/mecheye_ros_interface/srv/detail/set_enum_parameter__functions.c
[35.282s] -- Up-to-date: /home/inauenma/git/mecheye_ros2_interface/install/mecheye_ros_interface/include/mecheye_ros_interface/mecheye_ros_interface/srv/detail/set_bool_parameter__struct.h
[35.282s] -- Up-to-date: /home/inauenma/git/mecheye_ros2_interface/install/mecheye_ros_interface/include/mecheye_ros_interface/mecheye_ros_interface/srv/detail/capture_depth_map__struct.h
[35.282s] -- Up-to-date: /home/inauenma/git/mecheye_ros2_interface/install/mecheye_ros_interface/include/mecheye_ros_interface/mecheye_ros_interface/srv/detail/set_float_array_parameter__type_support.h
[35.282s] -- Up-to-date: /home/inauenma/git/mecheye_ros2_interface/install/mecheye_ros_interface/include/mecheye_ros_interface/mecheye_ros_interface/srv/detail/get_current_user_set__functions.h
[35.282s] -- Up-to-date: /home/inauenma/git/mecheye_ros2_interface/install/mecheye_ros_interface/include/mecheye_ros_interface/mecheye_ros_interface/srv/detail/capture_point_cloud__type_support.h
[35.282s] -- Installing: /home/inauenma/git/mecheye_ros2_interface/install/mecheye_ros_interface/include/mecheye_ros_interface/mecheye_ros_interface/srv/detail/set_float_parameter__type_support.c
[35.282s] -- Up-to-date: /home/inauenma/git/mecheye_ros2_interface/install/mecheye_ros_interface/include/mecheye_ros_interface/mecheye_ros_interface/srv/capture_stereo_color_images.h
[35.282s] -- Up-to-date: /home/inauenma/git/mecheye_ros2_interface/install/mecheye_ros_interface/include/mecheye_ros_interface/mecheye_ros_interface/srv/add_user_set.h
[35.282s] -- Up-to-date: /home/inauenma/git/mecheye_ros2_interface/install/mecheye_ros_interface/include/mecheye_ros_interface/mecheye_ros_interface/srv/set_enum_parameter.h
[35.282s] -- Up-to-date: /home/inauenma/git/mecheye_ros2_interface/install/mecheye_ros_interface/include/mecheye_ros_interface/mecheye_ros_interface/msg
[35.282s] -- Up-to-date: /home/inauenma/git/mecheye_ros2_interface/install/mecheye_ros_interface/include/mecheye_ros_interface/mecheye_ros_interface/msg/rosidl_generator_c__visibility_control.h
[35.282s] -- Up-to-date: /home/inauenma/git/mecheye_ros2_interface/install/mecheye_ros_interface/share/mecheye_ros_interface/environment/library_path.sh
[35.282s] -- Up-to-date: /home/inauenma/git/mecheye_ros2_interface/install/mecheye_ros_interface/share/mecheye_ros_interface/environment/library_path.dsv
[35.282s] -- Up-to-date: /home/inauenma/git/mecheye_ros2_interface/install/mecheye_ros_interface/lib/libmecheye_ros_interface__rosidl_generator_c.so
[35.283s] -- Up-to-date: /home/inauenma/git/mecheye_ros2_interface/install/mecheye_ros_interface/include/mecheye_ros_interface/mecheye_ros_interface
[35.283s] -- Up-to-date: /home/inauenma/git/mecheye_ros2_interface/install/mecheye_ros_interface/include/mecheye_ros_interface/mecheye_ros_interface/srv
[35.283s] -- Up-to-date: /home/inauenma/git/mecheye_ros2_interface/install/mecheye_ros_interface/include/mecheye_ros_interface/mecheye_ros_interface/srv/detail
[35.283s] -- Up-to-date: /home/inauenma/git/mecheye_ros2_interface/install/mecheye_ros_interface/include/mecheye_ros_interface/mecheye_ros_interface/srv/detail/device_info__rosidl_typesupport_fastrtps_c.h
[35.283s] -- Up-to-date: /home/inauenma/git/mecheye_ros2_interface/install/mecheye_ros_interface/include/mecheye_ros_interface/mecheye_ros_interface/srv/detail/get_roi_parameter__rosidl_typesupport_fastrtps_c.h
[35.283s] -- Up-to-date: /home/inauenma/git/mecheye_ros2_interface/install/mecheye_ros_interface/include/mecheye_ros_interface/mecheye_ros_interface/srv/detail/capture_point_cloud__rosidl_typesupport_fastrtps_c.h
[35.283s] -- Up-to-date: /home/inauenma/git/mecheye_ros2_interface/install/mecheye_ros_interface/include/mecheye_ros_interface/mecheye_ros_interface/srv/detail/get_enum_parameter__rosidl_typesupport_fastrtps_c.h
[35.283s] -- Up-to-date: /home/inauenma/git/mecheye_ros2_interface/install/mecheye_ros_interface/include/mecheye_ros_interface/mecheye_ros_interface/srv/detail/save_all_settings_to_user_sets__rosidl_typesupport_fastrtps_c.h
[35.283s] -- Up-to-date: /home/inauenma/git/mecheye_ros2_interface/install/mecheye_ros_interface/include/mecheye_ros_interface/mecheye_ros_interface/srv/detail/get_all_user_sets__rosidl_typesupport_fastrtps_c.h
[35.283s] -- Up-to-date: /home/inauenma/git/mecheye_ros2_interface/install/mecheye_ros_interface/include/mecheye_ros_interface/mecheye_ros_interface/srv/detail/capture_depth_map__rosidl_typesupport_fastrtps_c.h
[35.283s] -- Up-to-date: /home/inauenma/git/mecheye_ros2_interface/install/mecheye_ros_interface/include/mecheye_ros_interface/mecheye_ros_interface/srv/detail/set_float_array_parameter__rosidl_typesupport_fastrtps_c.h
[35.283s] -- Up-to-date: /home/inauenma/git/mecheye_ros2_interface/install/mecheye_ros_interface/include/mecheye_ros_interface/mecheye_ros_interface/srv/detail/capture_textured_point_cloud__rosidl_typesupport_fastrtps_c.h
[35.283s] -- Up-to-date: /home/inauenma/git/mecheye_ros2_interface/install/mecheye_ros_interface/include/mecheye_ros_interface/mecheye_ros_interface/srv/detail/get_bool_parameter__rosidl_typesupport_fastrtps_c.h
[35.283s] -- Up-to-date: /home/inauenma/git/mecheye_ros2_interface/install/mecheye_ros_interface/include/mecheye_ros_interface/mecheye_ros_interface/srv/detail/get_range_parameter__rosidl_typesupport_fastrtps_c.h
[35.283s] -- Up-to-date: /home/inauenma/git/mecheye_ros2_interface/install/mecheye_ros_interface/include/mecheye_ros_interface/mecheye_ros_interface/srv/detail/get_current_user_set__rosidl_typesupport_fastrtps_c.h
[35.283s] -- Up-to-date: /home/inauenma/git/mecheye_ros2_interface/install/mecheye_ros_interface/include/mecheye_ros_interface/mecheye_ros_interface/srv/detail/get_float_array_parameter__rosidl_typesupport_fastrtps_c.h
[35.283s] -- Up-to-date: /home/inauenma/git/mecheye_ros2_interface/install/mecheye_ros_interface/include/mecheye_ros_interface/mecheye_ros_interface/srv/detail/capture_stereo_color_images__rosidl_typesupport_fastrtps_c.h
[35.283s] -- Up-to-date: /home/inauenma/git/mecheye_ros2_interface/install/mecheye_ros_interface/include/mecheye_ros_interface/mecheye_ros_interface/srv/detail/set_bool_parameter__rosidl_typesupport_fastrtps_c.h
[35.283s] -- Up-to-date: /home/inauenma/git/mecheye_ros2_interface/install/mecheye_ros_interface/include/mecheye_ros_interface/mecheye_ros_interface/srv/detail/add_user_set__rosidl_typesupport_fastrtps_c.h
[35.283s] -- Up-to-date: /home/inauenma/git/mecheye_ros2_interface/install/mecheye_ros_interface/include/mecheye_ros_interface/mecheye_ros_interface/srv/detail/set_float_parameter__rosidl_typesupport_fastrtps_c.h
[35.283s] -- Up-to-date: /home/inauenma/git/mecheye_ros2_interface/install/mecheye_ros_interface/include/mecheye_ros_interface/mecheye_ros_interface/srv/detail/set_current_user_set__rosidl_typesupport_fastrtps_c.h
[35.283s] -- Up-to-date: /home/inauenma/git/mecheye_ros2_interface/install/mecheye_ros_interface/include/mecheye_ros_interface/mecheye_ros_interface/srv/detail/set_int_parameter__rosidl_typesupport_fastrtps_c.h
[35.283s] -- Up-to-date: /home/inauenma/git/mecheye_ros2_interface/install/mecheye_ros_interface/include/mecheye_ros_interface/mecheye_ros_interface/srv/detail/capture_color_image__rosidl_typesupport_fastrtps_c.h
[35.284s] -- Up-to-date: /home/inauenma/git/mecheye_ros2_interface/install/mecheye_ros_interface/include/mecheye_ros_interface/mecheye_ros_interface/srv/detail/get_int_parameter__rosidl_typesupport_fastrtps_c.h
[35.284s] -- Up-to-date: /home/inauenma/git/mecheye_ros2_interface/install/mecheye_ros_interface/include/mecheye_ros_interface/mecheye_ros_interface/srv/detail/set_roi_parameter__rosidl_typesupport_fastrtps_c.h
[35.284s] -- Up-to-date: /home/inauenma/git/mecheye_ros2_interface/install/mecheye_ros_interface/include/mecheye_ros_interface/mecheye_ros_interface/srv/detail/get_float_parameter__rosidl_typesupport_fastrtps_c.h
[35.284s] -- Up-to-date: /home/inauenma/git/mecheye_ros2_interface/install/mecheye_ros_interface/include/mecheye_ros_interface/mecheye_ros_interface/srv/detail/set_range_parameter__rosidl_typesupport_fastrtps_c.h
[35.284s] -- Up-to-date: /home/inauenma/git/mecheye_ros2_interface/install/mecheye_ros_interface/include/mecheye_ros_interface/mecheye_ros_interface/srv/detail/set_enum_parameter__rosidl_typesupport_fastrtps_c.h
[35.284s] -- Up-to-date: /home/inauenma/git/mecheye_ros2_interface/install/mecheye_ros_interface/include/mecheye_ros_interface/mecheye_ros_interface/srv/detail/delete_user_set__rosidl_typesupport_fastrtps_c.h
[35.284s] -- Up-to-date: /home/inauenma/git/mecheye_ros2_interface/install/mecheye_ros_interface/include/mecheye_ros_interface/mecheye_ros_interface/msg
[35.284s] -- Up-to-date: /home/inauenma/git/mecheye_ros2_interface/install/mecheye_ros_interface/include/mecheye_ros_interface/mecheye_ros_interface/msg/rosidl_typesupport_fastrtps_c__visibility_control.h
[35.284s] -- Up-to-date: /home/inauenma/git/mecheye_ros2_interface/install/mecheye_ros_interface/lib/libmecheye_ros_interface__rosidl_typesupport_fastrtps_c.so
[35.284s] -- Up-to-date: /home/inauenma/git/mecheye_ros2_interface/install/mecheye_ros_interface/include/mecheye_ros_interface/mecheye_ros_interface
[35.284s] -- Up-to-date: /home/inauenma/git/mecheye_ros2_interface/install/mecheye_ros_interface/include/mecheye_ros_interface/mecheye_ros_interface/srv
[35.284s] -- Up-to-date: /home/inauenma/git/mecheye_ros2_interface/install/mecheye_ros_interface/include/mecheye_ros_interface/mecheye_ros_interface/srv/capture_depth_map.hpp
[35.284s] -- Up-to-date: /home/inauenma/git/mecheye_ros2_interface/install/mecheye_ros_interface/include/mecheye_ros_interface/mecheye_ros_interface/srv/get_current_user_set.hpp
[35.284s] -- Up-to-date: /home/inauenma/git/mecheye_ros2_interface/install/mecheye_ros_interface/include/mecheye_ros_interface/mecheye_ros_interface/srv/get_float_array_parameter.hpp
[35.284s] -- Up-to-date: /home/inauenma/git/mecheye_ros2_interface/install/mecheye_ros_interface/include/mecheye_ros_interface/mecheye_ros_interface/srv/get_roi_parameter.hpp
[35.284s] -- Up-to-date: /home/inauenma/git/mecheye_ros2_interface/install/mecheye_ros_interface/include/mecheye_ros_interface/mecheye_ros_interface/srv/set_roi_parameter.hpp
[35.284s] -- Up-to-date: /home/inauenma/git/mecheye_ros2_interface/install/mecheye_ros_interface/include/mecheye_ros_interface/mecheye_ros_interface/srv/add_user_set.hpp
[35.285s] -- Up-to-date: /home/inauenma/git/mecheye_ros2_interface/install/mecheye_ros_interface/include/mecheye_ros_interface/mecheye_ros_interface/srv/get_float_parameter.hpp
[35.285s] -- Up-to-date: /home/inauenma/git/mecheye_ros2_interface/install/mecheye_ros_interface/include/mecheye_ros_interface/mecheye_ros_interface/srv/set_bool_parameter.hpp
[35.285s] -- Up-to-date: /home/inauenma/git/mecheye_ros2_interface/install/mecheye_ros_interface/include/mecheye_ros_interface/mecheye_ros_interface/srv/capture_color_image.hpp
[35.285s] -- Up-to-date: /home/inauenma/git/mecheye_ros2_interface/install/mecheye_ros_interface/include/mecheye_ros_interface/mecheye_ros_interface/srv/set_float_array_parameter.hpp
[35.285s] -- Up-to-date: /home/inauenma/git/mecheye_ros2_interface/install/mecheye_ros_interface/include/mecheye_ros_interface/mecheye_ros_interface/srv/set_range_parameter.hpp
[35.285s] -- Up-to-date: /home/inauenma/git/mecheye_ros2_interface/install/mecheye_ros_interface/include/mecheye_ros_interface/mecheye_ros_interface/srv/device_info.hpp
[35.285s] -- Up-to-date: /home/inauenma/git/mecheye_ros2_interface/install/mecheye_ros_interface/include/mecheye_ros_interface/mecheye_ros_interface/srv/save_all_settings_to_user_sets.hpp
[35.285s] -- Up-to-date: /home/inauenma/git/mecheye_ros2_interface/install/mecheye_ros_interface/include/mecheye_ros_interface/mecheye_ros_interface/srv/get_enum_parameter.hpp
[35.285s] -- Up-to-date: /home/inauenma/git/mecheye_ros2_interface/install/mecheye_ros_interface/include/mecheye_ros_interface/mecheye_ros_interface/srv/capture_point_cloud.hpp
[35.285s] -- Up-to-date: /home/inauenma/git/mecheye_ros2_interface/install/mecheye_ros_interface/include/mecheye_ros_interface/mecheye_ros_interface/srv/get_int_parameter.hpp
[35.285s] -- Up-to-date: /home/inauenma/git/mecheye_ros2_interface/install/mecheye_ros_interface/include/mecheye_ros_interface/mecheye_ros_interface/srv/get_all_user_sets.hpp
[35.285s] -- Up-to-date: /home/inauenma/git/mecheye_ros2_interface/install/mecheye_ros_interface/include/mecheye_ros_interface/mecheye_ros_interface/srv/capture_textured_point_cloud.hpp
[35.285s] -- Up-to-date: /home/inauenma/git/mecheye_ros2_interface/install/mecheye_ros_interface/include/mecheye_ros_interface/mecheye_ros_interface/srv/delete_user_set.hpp
[35.285s] -- Up-to-date: /home/inauenma/git/mecheye_ros2_interface/install/mecheye_ros_interface/include/mecheye_ros_interface/mecheye_ros_interface/srv/set_current_user_set.hpp
[35.285s] -- Up-to-date: /home/inauenma/git/mecheye_ros2_interface/install/mecheye_ros_interface/include/mecheye_ros_interface/mecheye_ros_interface/srv/set_float_parameter.hpp
[35.285s] -- Up-to-date: /home/inauenma/git/mecheye_ros2_interface/install/mecheye_ros_interface/include/mecheye_ros_interface/mecheye_ros_interface/srv/set_int_parameter.hpp
[35.285s] -- Up-to-date: /home/inauenma/git/mecheye_ros2_interface/install/mecheye_ros_interface/include/mecheye_ros_interface/mecheye_ros_interface/srv/set_enum_parameter.hpp
[35.285s] -- Up-to-date: /home/inauenma/git/mecheye_ros2_interface/install/mecheye_ros_interface/include/mecheye_ros_interface/mecheye_ros_interface/srv/detail
[35.286s] -- Up-to-date: /home/inauenma/git/mecheye_ros2_interface/install/mecheye_ros_interface/include/mecheye_ros_interface/mecheye_ros_interface/srv/detail/capture_color_image__type_support.hpp
[35.286s] -- Up-to-date: /home/inauenma/git/mecheye_ros2_interface/install/mecheye_ros_interface/include/mecheye_ros_interface/mecheye_ros_interface/srv/detail/set_float_array_parameter__builder.hpp
[35.286s] -- Up-to-date: /home/inauenma/git/mecheye_ros2_interface/install/mecheye_ros_interface/include/mecheye_ros_interface/mecheye_ros_interface/srv/detail/get_roi_parameter__type_support.hpp
[35.286s] -- Up-to-date: /home/inauenma/git/mecheye_ros2_interface/install/mecheye_ros_interface/include/mecheye_ros_interface/mecheye_ros_interface/srv/detail/set_roi_parameter__builder.hpp
[35.286s] -- Up-to-date: /home/inauenma/git/mecheye_ros2_interface/install/mecheye_ros_interface/include/mecheye_ros_interface/mecheye_ros_interface/srv/detail/get_all_user_sets__struct.hpp
[35.286s] -- Up-to-date: /home/inauenma/git/mecheye_ros2_interface/install/mecheye_ros_interface/include/mecheye_ros_interface/mecheye_ros_interface/srv/detail/save_all_settings_to_user_sets__type_support.hpp
[35.286s] -- Up-to-date: /home/inauenma/git/mecheye_ros2_interface/install/mecheye_ros_interface/include/mecheye_ros_interface/mecheye_ros_interface/srv/detail/delete_user_set__type_support.hpp
[35.286s] -- Up-to-date: /home/inauenma/git/mecheye_ros2_interface/install/mecheye_ros_interface/include/mecheye_ros_interface/mecheye_ros_interface/srv/detail/set_int_parameter__traits.hpp
[35.286s] -- Up-to-date: /home/inauenma/git/mecheye_ros2_interface/install/mecheye_ros_interface/include/mecheye_ros_interface/mecheye_ros_interface/srv/detail/get_float_parameter__traits.hpp
[35.286s] -- Up-to-date: /home/inauenma/git/mecheye_ros2_interface/install/mecheye_ros_interface/include/mecheye_ros_interface/mecheye_ros_interface/srv/detail/capture_depth_map__builder.hpp
[35.286s] -- Up-to-date: /home/inauenma/git/mecheye_ros2_interface/install/mecheye_ros_interface/include/mecheye_ros_interface/mecheye_ros_interface/srv/detail/capture_stereo_color_images__struct.hpp
[35.286s] -- Up-to-date: /home/inauenma/git/mecheye_ros2_interface/install/mecheye_ros_interface/include/mecheye_ros_interface/mecheye_ros_interface/srv/detail/set_range_parameter__traits.hpp
[35.286s] -- Up-to-date: /home/inauenma/git/mecheye_ros2_interface/install/mecheye_ros_interface/include/mecheye_ros_interface/mecheye_ros_interface/srv/detail/set_float_array_parameter__type_support.hpp
[35.286s] -- Up-to-date: /home/inauenma/git/mecheye_ros2_interface/install/mecheye_ros_interface/include/mecheye_ros_interface/mecheye_ros_interface/srv/detail/get_float_parameter__builder.hpp
[35.286s] -- Up-to-date: /home/inauenma/git/mecheye_ros2_interface/install/mecheye_ros_interface/include/mecheye_ros_interface/mecheye_ros_interface/srv/detail/capture_color_image__traits.hpp
[35.286s] -- Up-to-date: /home/inauenma/git/mecheye_ros2_interface/install/mecheye_ros_interface/include/mecheye_ros_interface/mecheye_ros_interface/srv/detail/set_roi_parameter__struct.hpp
[35.286s] -- Up-to-date: /home/inauenma/git/mecheye_ros2_interface/install/mecheye_ros_interface/include/mecheye_ros_interface/mecheye_ros_interface/srv/detail/get_bool_parameter__builder.hpp
[35.286s] -- Up-to-date: /home/inauenma/git/mecheye_ros2_interface/install/mecheye_ros_interface/include/mecheye_ros_interface/mecheye_ros_interface/srv/detail/set_enum_parameter__struct.hpp
[35.286s] -- Up-to-date: /home/inauenma/git/mecheye_ros2_interface/install/mecheye_ros_interface/include/mecheye_ros_interface/mecheye_ros_interface/srv/detail/set_bool_parameter__type_support.hpp
[35.286s] -- Up-to-date: /home/inauenma/git/mecheye_ros2_interface/install/mecheye_ros_interface/include/mecheye_ros_interface/mecheye_ros_interface/srv/detail/capture_point_cloud__struct.hpp
[35.287s] -- Up-to-date: /home/inauenma/git/mecheye_ros2_interface/install/mecheye_ros_interface/include/mecheye_ros_interface/mecheye_ros_interface/srv/detail/get_enum_parameter__type_support.hpp
[35.287s] -- Up-to-date: /home/inauenma/git/mecheye_ros2_interface/install/mecheye_ros_interface/include/mecheye_ros_interface/mecheye_ros_interface/srv/detail/add_user_set__struct.hpp
[35.287s] -- Up-to-date: /home/inauenma/git/mecheye_ros2_interface/install/mecheye_ros_interface/include/mecheye_ros_interface/mecheye_ros_interface/srv/detail/get_current_user_set__struct.hpp
[35.287s] -- Up-to-date: /home/inauenma/git/mecheye_ros2_interface/install/mecheye_ros_interface/include/mecheye_ros_interface/mecheye_ros_interface/srv/detail/get_float_array_parameter__type_support.hpp
[35.287s] -- Up-to-date: /home/inauenma/git/mecheye_ros2_interface/install/mecheye_ros_interface/include/mecheye_ros_interface/mecheye_ros_interface/srv/detail/add_user_set__builder.hpp
[35.287s] -- Up-to-date: /home/inauenma/git/mecheye_ros2_interface/install/mecheye_ros_interface/include/mecheye_ros_interface/mecheye_ros_interface/srv/detail/set_float_parameter__type_support.hpp
[35.287s] -- Up-to-date: /home/inauenma/git/mecheye_ros2_interface/install/mecheye_ros_interface/include/mecheye_ros_interface/mecheye_ros_interface/srv/detail/capture_point_cloud__type_support.hpp
[35.287s] -- Up-to-date: /home/inauenma/git/mecheye_ros2_interface/install/mecheye_ros_interface/include/mecheye_ros_interface/mecheye_ros_interface/srv/detail/set_float_array_parameter__struct.hpp
[35.287s] -- Up-to-date: /home/inauenma/git/mecheye_ros2_interface/install/mecheye_ros_interface/include/mecheye_ros_interface/mecheye_ros_interface/srv/detail/device_info__builder.hpp
[35.287s] -- Up-to-date: /home/inauenma/git/mecheye_ros2_interface/install/mecheye_ros_interface/include/mecheye_ros_interface/mecheye_ros_interface/srv/detail/capture_stereo_color_images__traits.hpp
[35.287s] -- Up-to-date: /home/inauenma/git/mecheye_ros2_interface/install/mecheye_ros_interface/include/mecheye_ros_interface/mecheye_ros_interface/srv/detail/capture_textured_point_cloud__builder.hpp
[35.287s] -- Up-to-date: /home/inauenma/git/mecheye_ros2_interface/install/mecheye_ros_interface/include/mecheye_ros_interface/mecheye_ros_interface/srv/detail/set_bool_parameter__traits.hpp
[35.287s] -- Up-to-date: /home/inauenma/git/mecheye_ros2_interface/install/mecheye_ros_interface/include/mecheye_ros_interface/mecheye_ros_interface/srv/detail/get_int_parameter__type_support.hpp
[35.287s] -- Up-to-date: /home/inauenma/git/mecheye_ros2_interface/install/mecheye_ros_interface/include/mecheye_ros_interface/mecheye_ros_interface/srv/detail/capture_depth_map__traits.hpp
[35.287s] -- Up-to-date: /home/inauenma/git/mecheye_ros2_interface/install/mecheye_ros_interface/include/mecheye_ros_interface/mecheye_ros_interface/srv/detail/set_enum_parameter__builder.hpp
[35.287s] -- Up-to-date: /home/inauenma/git/mecheye_ros2_interface/install/mecheye_ros_interface/include/mecheye_ros_interface/mecheye_ros_interface/srv/detail/capture_stereo_color_images__builder.hpp
[35.287s] -- Up-to-date: /home/inauenma/git/mecheye_ros2_interface/install/mecheye_ros_interface/include/mecheye_ros_interface/mecheye_ros_interface/srv/detail/set_current_user_set__struct.hpp
[35.287s] -- Up-to-date: /home/inauenma/git/mecheye_ros2_interface/install/mecheye_ros_interface/include/mecheye_ros_interface/mecheye_ros_interface/srv/detail/device_info__type_support.hpp
[35.287s] -- Up-to-date: /home/inauenma/git/mecheye_ros2_interface/install/mecheye_ros_interface/include/mecheye_ros_interface/mecheye_ros_interface/srv/detail/capture_point_cloud__traits.hpp
[35.287s] -- Up-to-date: /home/inauenma/git/mecheye_ros2_interface/install/mecheye_ros_interface/include/mecheye_ros_interface/mecheye_ros_interface/srv/detail/get_all_user_sets__traits.hpp
[35.287s] -- Up-to-date: /home/inauenma/git/mecheye_ros2_interface/install/mecheye_ros_interface/include/mecheye_ros_interface/mecheye_ros_interface/srv/detail/get_enum_parameter__builder.hpp
[35.287s] -- Up-to-date: /home/inauenma/git/mecheye_ros2_interface/install/mecheye_ros_interface/include/mecheye_ros_interface/mecheye_ros_interface/srv/detail/set_bool_parameter__builder.hpp
[35.288s] -- Up-to-date: /home/inauenma/git/mecheye_ros2_interface/install/mecheye_ros_interface/include/mecheye_ros_interface/mecheye_ros_interface/srv/detail/set_range_parameter__struct.hpp
[35.288s] -- Up-to-date: /home/inauenma/git/mecheye_ros2_interface/install/mecheye_ros_interface/include/mecheye_ros_interface/mecheye_ros_interface/srv/detail/get_enum_parameter__struct.hpp
[35.288s] -- Up-to-date: /home/inauenma/git/mecheye_ros2_interface/install/mecheye_ros_interface/include/mecheye_ros_interface/mecheye_ros_interface/srv/detail/get_all_user_sets__builder.hpp
[35.288s] -- Up-to-date: /home/inauenma/git/mecheye_ros2_interface/install/mecheye_ros_interface/include/mecheye_ros_interface/mecheye_ros_interface/srv/detail/set_current_user_set__traits.hpp
[35.288s] -- Up-to-date: /home/inauenma/git/mecheye_ros2_interface/install/mecheye_ros_interface/include/mecheye_ros_interface/mecheye_ros_interface/srv/detail/get_bool_parameter__type_support.hpp
[35.288s] -- Up-to-date: /home/inauenma/git/mecheye_ros2_interface/install/mecheye_ros_interface/include/mecheye_ros_interface/mecheye_ros_interface/srv/detail/set_current_user_set__builder.hpp
[35.288s] -- Up-to-date: /home/inauenma/git/mecheye_ros2_interface/install/mecheye_ros_interface/include/mecheye_ros_interface/mecheye_ros_interface/srv/detail/get_range_parameter__traits.hpp
[35.288s] -- Up-to-date: /home/inauenma/git/mecheye_ros2_interface/install/mecheye_ros_interface/include/mecheye_ros_interface/mecheye_ros_interface/srv/detail/set_float_parameter__builder.hpp
[35.288s] -- Up-to-date: /home/inauenma/git/mecheye_ros2_interface/install/mecheye_ros_interface/include/mecheye_ros_interface/mecheye_ros_interface/srv/detail/get_float_parameter__struct.hpp
[35.288s] -- Up-to-date: /home/inauenma/git/mecheye_ros2_interface/install/mecheye_ros_interface/include/mecheye_ros_interface/mecheye_ros_interface/srv/detail/capture_color_image__builder.hpp
[35.288s] -- Up-to-date: /home/inauenma/git/mecheye_ros2_interface/install/mecheye_ros_interface/include/mecheye_ros_interface/mecheye_ros_interface/srv/detail/get_bool_parameter__struct.hpp
[35.288s] -- Up-to-date: /home/inauenma/git/mecheye_ros2_interface/install/mecheye_ros_interface/include/mecheye_ros_interface/mecheye_ros_interface/srv/detail/set_float_parameter__struct.hpp
[35.288s] -- Up-to-date: /home/inauenma/git/mecheye_ros2_interface/install/mecheye_ros_interface/include/mecheye_ros_interface/mecheye_ros_interface/srv/detail/get_float_array_parameter__traits.hpp
[35.288s] -- Up-to-date: /home/inauenma/git/mecheye_ros2_interface/install/mecheye_ros_interface/include/mecheye_ros_interface/mecheye_ros_interface/srv/detail/delete_user_set__struct.hpp
[35.288s] -- Up-to-date: /home/inauenma/git/mecheye_ros2_interface/install/mecheye_ros_interface/include/mecheye_ros_interface/mecheye_ros_interface/srv/detail/set_enum_parameter__traits.hpp
[35.288s] -- Up-to-date: /home/inauenma/git/mecheye_ros2_interface/install/mecheye_ros_interface/include/mecheye_ros_interface/mecheye_ros_interface/srv/detail/get_roi_parameter__struct.hpp
[35.288s] -- Up-to-date: /home/inauenma/git/mecheye_ros2_interface/install/mecheye_ros_interface/include/mecheye_ros_interface/mecheye_ros_interface/srv/detail/get_all_user_sets__type_support.hpp
[35.288s] -- Up-to-date: /home/inauenma/git/mecheye_ros2_interface/install/mecheye_ros_interface/include/mecheye_ros_interface/mecheye_ros_interface/srv/detail/add_user_set__type_support.hpp
[35.288s] -- Up-to-date: /home/inauenma/git/mecheye_ros2_interface/install/mecheye_ros_interface/include/mecheye_ros_interface/mecheye_ros_interface/srv/detail/get_roi_parameter__traits.hpp
[35.288s] -- Up-to-date: /home/inauenma/git/mecheye_ros2_interface/install/mecheye_ros_interface/include/mecheye_ros_interface/mecheye_ros_interface/srv/detail/get_roi_parameter__builder.hpp
[35.288s] -- Up-to-date: /home/inauenma/git/mecheye_ros2_interface/install/mecheye_ros_interface/include/mecheye_ros_interface/mecheye_ros_interface/srv/detail/capture_color_image__struct.hpp
[35.289s] -- Up-to-date: /home/inauenma/git/mecheye_ros2_interface/install/mecheye_ros_interface/include/mecheye_ros_interface/mecheye_ros_interface/srv/detail/capture_textured_point_cloud__type_support.hpp
[35.289s] -- Up-to-date: /home/inauenma/git/mecheye_ros2_interface/install/mecheye_ros_interface/include/mecheye_ros_interface/mecheye_ros_interface/srv/detail/capture_textured_point_cloud__struct.hpp
[35.289s] -- Up-to-date: /home/inauenma/git/mecheye_ros2_interface/install/mecheye_ros_interface/include/mecheye_ros_interface/mecheye_ros_interface/srv/detail/device_info__traits.hpp
[35.289s] -- Up-to-date: /home/inauenma/git/mecheye_ros2_interface/install/mecheye_ros_interface/include/mecheye_ros_interface/mecheye_ros_interface/srv/detail/get_range_parameter__type_support.hpp
[35.289s] -- Up-to-date: /home/inauenma/git/mecheye_ros2_interface/install/mecheye_ros_interface/include/mecheye_ros_interface/mecheye_ros_interface/srv/detail/get_int_parameter__builder.hpp
[35.289s] -- Up-to-date: /home/inauenma/git/mecheye_ros2_interface/install/mecheye_ros_interface/include/mecheye_ros_interface/mecheye_ros_interface/srv/detail/get_enum_parameter__traits.hpp
[35.289s] -- Up-to-date: /home/inauenma/git/mecheye_ros2_interface/install/mecheye_ros_interface/include/mecheye_ros_interface/mecheye_ros_interface/srv/detail/get_current_user_set__builder.hpp
[35.289s] -- Up-to-date: /home/inauenma/git/mecheye_ros2_interface/install/mecheye_ros_interface/include/mecheye_ros_interface/mecheye_ros_interface/srv/detail/capture_depth_map__struct.hpp
[35.289s] -- Up-to-date: /home/inauenma/git/mecheye_ros2_interface/install/mecheye_ros_interface/include/mecheye_ros_interface/mecheye_ros_interface/srv/detail/add_user_set__traits.hpp
[35.289s] -- Up-to-date: /home/inauenma/git/mecheye_ros2_interface/install/mecheye_ros_interface/include/mecheye_ros_interface/mecheye_ros_interface/srv/detail/save_all_settings_to_user_sets__struct.hpp
[35.289s] -- Up-to-date: /home/inauenma/git/mecheye_ros2_interface/install/mecheye_ros_interface/include/mecheye_ros_interface/mecheye_ros_interface/srv/detail/set_int_parameter__struct.hpp
[35.289s] -- Up-to-date: /home/inauenma/git/mecheye_ros2_interface/install/mecheye_ros_interface/include/mecheye_ros_interface/mecheye_ros_interface/srv/detail/get_float_parameter__type_support.hpp
[35.289s] -- Up-to-date: /home/inauenma/git/mecheye_ros2_interface/install/mecheye_ros_interface/include/mecheye_ros_interface/mecheye_ros_interface/srv/detail/save_all_settings_to_user_sets__traits.hpp
[35.289s] -- Up-to-date: /home/inauenma/git/mecheye_ros2_interface/install/mecheye_ros_interface/include/mecheye_ros_interface/mecheye_ros_interface/srv/detail/get_range_parameter__builder.hpp
[35.289s] -- Up-to-date: /home/inauenma/git/mecheye_ros2_interface/install/mecheye_ros_interface/include/mecheye_ros_interface/mecheye_ros_interface/srv/detail/delete_user_set__traits.hpp
[35.289s] -- Up-to-date: /home/inauenma/git/mecheye_ros2_interface/install/mecheye_ros_interface/include/mecheye_ros_interface/mecheye_ros_interface/srv/detail/get_int_parameter__struct.hpp
[35.289s] -- Up-to-date: /home/inauenma/git/mecheye_ros2_interface/install/mecheye_ros_interface/include/mecheye_ros_interface/mecheye_ros_interface/srv/detail/set_float_array_parameter__traits.hpp
[35.289s] -- Up-to-date: /home/inauenma/git/mecheye_ros2_interface/install/mecheye_ros_interface/include/mecheye_ros_interface/mecheye_ros_interface/srv/detail/set_bool_parameter__struct.hpp
[35.289s] -- Up-to-date: /home/inauenma/git/mecheye_ros2_interface/install/mecheye_ros_interface/include/mecheye_ros_interface/mecheye_ros_interface/srv/detail/device_info__struct.hpp
[35.289s] -- Up-to-date: /home/inauenma/git/mecheye_ros2_interface/install/mecheye_ros_interface/include/mecheye_ros_interface/mecheye_ros_interface/srv/detail/set_range_parameter__builder.hpp
[35.289s] -- Up-to-date: /home/inauenma/git/mecheye_ros2_interface/install/mecheye_ros_interface/include/mecheye_ros_interface/mecheye_ros_interface/srv/detail/get_range_parameter__struct.hpp
[35.289s] -- Up-to-date: /home/inauenma/git/mecheye_ros2_interface/install/mecheye_ros_interface/include/mecheye_ros_interface/mecheye_ros_interface/srv/detail/set_range_parameter__type_support.hpp
[35.290s] -- Up-to-date: /home/inauenma/git/mecheye_ros2_interface/install/mecheye_ros_interface/include/mecheye_ros_interface/mecheye_ros_interface/srv/detail/get_current_user_set__type_support.hpp
[35.290s] -- Up-to-date: /home/inauenma/git/mecheye_ros2_interface/install/mecheye_ros_interface/include/mecheye_ros_interface/mecheye_ros_interface/srv/detail/get_bool_parameter__traits.hpp
[35.290s] -- Up-to-date: /home/inauenma/git/mecheye_ros2_interface/install/mecheye_ros_interface/include/mecheye_ros_interface/mecheye_ros_interface/srv/detail/set_enum_parameter__type_support.hpp
[35.290s] -- Up-to-date: /home/inauenma/git/mecheye_ros2_interface/install/mecheye_ros_interface/include/mecheye_ros_interface/mecheye_ros_interface/srv/detail/set_int_parameter__builder.hpp
[35.290s] -- Up-to-date: /home/inauenma/git/mecheye_ros2_interface/install/mecheye_ros_interface/include/mecheye_ros_interface/mecheye_ros_interface/srv/detail/get_int_parameter__traits.hpp
[35.290s] -- Up-to-date: /home/inauenma/git/mecheye_ros2_interface/install/mecheye_ros_interface/include/mecheye_ros_interface/mecheye_ros_interface/srv/detail/capture_depth_map__type_support.hpp
[35.290s] -- Up-to-date: /home/inauenma/git/mecheye_ros2_interface/install/mecheye_ros_interface/include/mecheye_ros_interface/mecheye_ros_interface/srv/detail/set_roi_parameter__traits.hpp
[35.290s] -- Up-to-date: /home/inauenma/git/mecheye_ros2_interface/install/mecheye_ros_interface/include/mecheye_ros_interface/mecheye_ros_interface/srv/detail/set_current_user_set__type_support.hpp
[35.290s] -- Up-to-date: /home/inauenma/git/mecheye_ros2_interface/install/mecheye_ros_interface/include/mecheye_ros_interface/mecheye_ros_interface/srv/detail/get_float_array_parameter__struct.hpp
[35.290s] -- Up-to-date: /home/inauenma/git/mecheye_ros2_interface/install/mecheye_ros_interface/include/mecheye_ros_interface/mecheye_ros_interface/srv/detail/set_float_parameter__traits.hpp
[35.290s] -- Up-to-date: /home/inauenma/git/mecheye_ros2_interface/install/mecheye_ros_interface/include/mecheye_ros_interface/mecheye_ros_interface/srv/detail/set_roi_parameter__type_support.hpp
[35.290s] -- Up-to-date: /home/inauenma/git/mecheye_ros2_interface/install/mecheye_ros_interface/include/mecheye_ros_interface/mecheye_ros_interface/srv/detail/capture_textured_point_cloud__traits.hpp
[35.290s] -- Up-to-date: /home/inauenma/git/mecheye_ros2_interface/install/mecheye_ros_interface/include/mecheye_ros_interface/mecheye_ros_interface/srv/detail/set_int_parameter__type_support.hpp
[35.290s] -- Up-to-date: /home/inauenma/git/mecheye_ros2_interface/install/mecheye_ros_interface/include/mecheye_ros_interface/mecheye_ros_interface/srv/detail/get_current_user_set__traits.hpp
[35.290s] -- Up-to-date: /home/inauenma/git/mecheye_ros2_interface/install/mecheye_ros_interface/include/mecheye_ros_interface/mecheye_ros_interface/srv/detail/capture_stereo_color_images__type_support.hpp
[35.290s] -- Up-to-date: /home/inauenma/git/mecheye_ros2_interface/install/mecheye_ros_interface/include/mecheye_ros_interface/mecheye_ros_interface/srv/detail/save_all_settings_to_user_sets__builder.hpp
[35.290s] -- Up-to-date: /home/inauenma/git/mecheye_ros2_interface/install/mecheye_ros_interface/include/mecheye_ros_interface/mecheye_ros_interface/srv/detail/capture_point_cloud__builder.hpp
[35.290s] -- Up-to-date: /home/inauenma/git/mecheye_ros2_interface/install/mecheye_ros_interface/include/mecheye_ros_interface/mecheye_ros_interface/srv/detail/get_float_array_parameter__builder.hpp
[35.290s] -- Up-to-date: /home/inauenma/git/mecheye_ros2_interface/install/mecheye_ros_interface/include/mecheye_ros_interface/mecheye_ros_interface/srv/detail/delete_user_set__builder.hpp
[35.290s] -- Up-to-date: /home/inauenma/git/mecheye_ros2_interface/install/mecheye_ros_interface/include/mecheye_ros_interface/mecheye_ros_interface/srv/get_bool_parameter.hpp
[35.290s] -- Up-to-date: /home/inauenma/git/mecheye_ros2_interface/install/mecheye_ros_interface/include/mecheye_ros_interface/mecheye_ros_interface/srv/get_range_parameter.hpp
[35.291s] -- Up-to-date: /home/inauenma/git/mecheye_ros2_interface/install/mecheye_ros_interface/include/mecheye_ros_interface/mecheye_ros_interface/srv/capture_stereo_color_images.hpp
[35.291s] -- Up-to-date: /home/inauenma/git/mecheye_ros2_interface/install/mecheye_ros_interface/include/mecheye_ros_interface/mecheye_ros_interface/msg
[35.291s] -- Up-to-date: /home/inauenma/git/mecheye_ros2_interface/install/mecheye_ros_interface/include/mecheye_ros_interface/mecheye_ros_interface/msg/rosidl_generator_cpp__visibility_control.hpp
[35.291s] -- Up-to-date: /home/inauenma/git/mecheye_ros2_interface/install/mecheye_ros_interface/include/mecheye_ros_interface/mecheye_ros_interface
[35.291s] -- Up-to-date: /home/inauenma/git/mecheye_ros2_interface/install/mecheye_ros_interface/include/mecheye_ros_interface/mecheye_ros_interface/srv
[35.291s] -- Up-to-date: /home/inauenma/git/mecheye_ros2_interface/install/mecheye_ros_interface/include/mecheye_ros_interface/mecheye_ros_interface/srv/detail
[35.291s] -- Up-to-date: /home/inauenma/git/mecheye_ros2_interface/install/mecheye_ros_interface/include/mecheye_ros_interface/mecheye_ros_interface/srv/detail/set_float_array_parameter__rosidl_typesupport_fastrtps_cpp.hpp
[35.291s] -- Up-to-date: /home/inauenma/git/mecheye_ros2_interface/install/mecheye_ros_interface/include/mecheye_ros_interface/mecheye_ros_interface/srv/detail/set_range_parameter__rosidl_typesupport_fastrtps_cpp.hpp
[35.291s] -- Up-to-date: /home/inauenma/git/mecheye_ros2_interface/install/mecheye_ros_interface/include/mecheye_ros_interface/mecheye_ros_interface/srv/detail/set_enum_parameter__rosidl_typesupport_fastrtps_cpp.hpp
[35.291s] -- Up-to-date: /home/inauenma/git/mecheye_ros2_interface/install/mecheye_ros_interface/include/mecheye_ros_interface/mecheye_ros_interface/srv/detail/capture_point_cloud__rosidl_typesupport_fastrtps_cpp.hpp
[35.291s] -- Up-to-date: /home/inauenma/git/mecheye_ros2_interface/install/mecheye_ros_interface/include/mecheye_ros_interface/mecheye_ros_interface/srv/detail/capture_color_image__rosidl_typesupport_fastrtps_cpp.hpp
[35.291s] -- Up-to-date: /home/inauenma/git/mecheye_ros2_interface/install/mecheye_ros_interface/include/mecheye_ros_interface/mecheye_ros_interface/srv/detail/set_roi_parameter__rosidl_typesupport_fastrtps_cpp.hpp
[35.291s] -- Up-to-date: /home/inauenma/git/mecheye_ros2_interface/install/mecheye_ros_interface/include/mecheye_ros_interface/mecheye_ros_interface/srv/detail/delete_user_set__rosidl_typesupport_fastrtps_cpp.hpp
[35.291s] -- Up-to-date: /home/inauenma/git/mecheye_ros2_interface/install/mecheye_ros_interface/include/mecheye_ros_interface/mecheye_ros_interface/srv/detail/capture_textured_point_cloud__rosidl_typesupport_fastrtps_cpp.hpp
[35.291s] -- Up-to-date: /home/inauenma/git/mecheye_ros2_interface/install/mecheye_ros_interface/include/mecheye_ros_interface/mecheye_ros_interface/srv/detail/get_roi_parameter__rosidl_typesupport_fastrtps_cpp.hpp
[35.291s] -- Up-to-date: /home/inauenma/git/mecheye_ros2_interface/install/mecheye_ros_interface/include/mecheye_ros_interface/mecheye_ros_interface/srv/detail/get_current_user_set__rosidl_typesupport_fastrtps_cpp.hpp
[35.291s] -- Up-to-date: /home/inauenma/git/mecheye_ros2_interface/install/mecheye_ros_interface/include/mecheye_ros_interface/mecheye_ros_interface/srv/detail/get_bool_parameter__rosidl_typesupport_fastrtps_cpp.hpp
[35.291s] -- Up-to-date: /home/inauenma/git/mecheye_ros2_interface/install/mecheye_ros_interface/include/mecheye_ros_interface/mecheye_ros_interface/srv/detail/get_all_user_sets__rosidl_typesupport_fastrtps_cpp.hpp
[35.291s] -- Up-to-date: /home/inauenma/git/mecheye_ros2_interface/install/mecheye_ros_interface/include/mecheye_ros_interface/mecheye_ros_interface/srv/detail/get_float_parameter__rosidl_typesupport_fastrtps_cpp.hpp
[35.291s] -- Up-to-date: /home/inauenma/git/mecheye_ros2_interface/install/mecheye_ros_interface/include/mecheye_ros_interface/mecheye_ros_interface/srv/detail/get_enum_parameter__rosidl_typesupport_fastrtps_cpp.hpp
[35.291s] -- Up-to-date: /home/inauenma/git/mecheye_ros2_interface/install/mecheye_ros_interface/include/mecheye_ros_interface/mecheye_ros_interface/srv/detail/capture_depth_map__rosidl_typesupport_fastrtps_cpp.hpp
[35.291s] -- Up-to-date: /home/inauenma/git/mecheye_ros2_interface/install/mecheye_ros_interface/include/mecheye_ros_interface/mecheye_ros_interface/srv/detail/set_float_parameter__rosidl_typesupport_fastrtps_cpp.hpp
[35.292s] -- Up-to-date: /home/inauenma/git/mecheye_ros2_interface/install/mecheye_ros_interface/include/mecheye_ros_interface/mecheye_ros_interface/srv/detail/save_all_settings_to_user_sets__rosidl_typesupport_fastrtps_cpp.hpp
[35.292s] -- Up-to-date: /home/inauenma/git/mecheye_ros2_interface/install/mecheye_ros_interface/include/mecheye_ros_interface/mecheye_ros_interface/srv/detail/get_float_array_parameter__rosidl_typesupport_fastrtps_cpp.hpp
[35.292s] -- Up-to-date: /home/inauenma/git/mecheye_ros2_interface/install/mecheye_ros_interface/include/mecheye_ros_interface/mecheye_ros_interface/srv/detail/device_info__rosidl_typesupport_fastrtps_cpp.hpp
[35.292s] -- Up-to-date: /home/inauenma/git/mecheye_ros2_interface/install/mecheye_ros_interface/include/mecheye_ros_interface/mecheye_ros_interface/srv/detail/add_user_set__rosidl_typesupport_fastrtps_cpp.hpp
[35.292s] -- Up-to-date: /home/inauenma/git/mecheye_ros2_interface/install/mecheye_ros_interface/include/mecheye_ros_interface/mecheye_ros_interface/srv/detail/get_range_parameter__rosidl_typesupport_fastrtps_cpp.hpp
[35.292s] -- Up-to-date: /home/inauenma/git/mecheye_ros2_interface/install/mecheye_ros_interface/include/mecheye_ros_interface/mecheye_ros_interface/srv/detail/get_int_parameter__rosidl_typesupport_fastrtps_cpp.hpp
[35.292s] -- Up-to-date: /home/inauenma/git/mecheye_ros2_interface/install/mecheye_ros_interface/include/mecheye_ros_interface/mecheye_ros_interface/srv/detail/capture_stereo_color_images__rosidl_typesupport_fastrtps_cpp.hpp
[35.292s] -- Up-to-date: /home/inauenma/git/mecheye_ros2_interface/install/mecheye_ros_interface/include/mecheye_ros_interface/mecheye_ros_interface/srv/detail/set_current_user_set__rosidl_typesupport_fastrtps_cpp.hpp
[35.292s] -- Up-to-date: /home/inauenma/git/mecheye_ros2_interface/install/mecheye_ros_interface/include/mecheye_ros_interface/mecheye_ros_interface/srv/detail/set_bool_parameter__rosidl_typesupport_fastrtps_cpp.hpp
[35.292s] -- Up-to-date: /home/inauenma/git/mecheye_ros2_interface/install/mecheye_ros_interface/include/mecheye_ros_interface/mecheye_ros_interface/srv/detail/set_int_parameter__rosidl_typesupport_fastrtps_cpp.hpp
[35.292s] -- Up-to-date: /home/inauenma/git/mecheye_ros2_interface/install/mecheye_ros_interface/include/mecheye_ros_interface/mecheye_ros_interface/srv/detail/dds_fastrtps
[35.292s] -- Up-to-date: /home/inauenma/git/mecheye_ros2_interface/install/mecheye_ros_interface/include/mecheye_ros_interface/mecheye_ros_interface/msg
[35.292s] -- Up-to-date: /home/inauenma/git/mecheye_ros2_interface/install/mecheye_ros_interface/include/mecheye_ros_interface/mecheye_ros_interface/msg/rosidl_typesupport_fastrtps_cpp__visibility_control.h
[35.292s] -- Up-to-date: /home/inauenma/git/mecheye_ros2_interface/install/mecheye_ros_interface/lib/libmecheye_ros_interface__rosidl_typesupport_fastrtps_cpp.so
[35.292s] -- Up-to-date: /home/inauenma/git/mecheye_ros2_interface/install/mecheye_ros_interface/include/mecheye_ros_interface/mecheye_ros_interface
[35.292s] -- Up-to-date: /home/inauenma/git/mecheye_ros2_interface/install/mecheye_ros_interface/include/mecheye_ros_interface/mecheye_ros_interface/srv
[35.292s] -- Up-to-date: /home/inauenma/git/mecheye_ros2_interface/install/mecheye_ros_interface/include/mecheye_ros_interface/mecheye_ros_interface/srv/detail
[35.292s] -- Up-to-date: /home/inauenma/git/mecheye_ros2_interface/install/mecheye_ros_interface/include/mecheye_ros_interface/mecheye_ros_interface/srv/detail/set_float_parameter__rosidl_typesupport_introspection_c.h
[35.292s] -- Installing: /home/inauenma/git/mecheye_ros2_interface/install/mecheye_ros_interface/include/mecheye_ros_interface/mecheye_ros_interface/srv/detail/capture_depth_map__type_support.c
[35.292s] -- Up-to-date: /home/inauenma/git/mecheye_ros2_interface/install/mecheye_ros_interface/include/mecheye_ros_interface/mecheye_ros_interface/srv/detail/capture_stereo_color_images__rosidl_typesupport_introspection_c.h
[35.293s] -- Installing: /home/inauenma/git/mecheye_ros2_interface/install/mecheye_ros_interface/include/mecheye_ros_interface/mecheye_ros_interface/srv/detail/set_range_parameter__type_support.c
[35.293s] -- Up-to-date: /home/inauenma/git/mecheye_ros2_interface/install/mecheye_ros_interface/include/mecheye_ros_interface/mecheye_ros_interface/srv/detail/device_info__rosidl_typesupport_introspection_c.h
[35.293s] -- Installing: /home/inauenma/git/mecheye_ros2_interface/install/mecheye_ros_interface/include/mecheye_ros_interface/mecheye_ros_interface/srv/detail/get_int_parameter__type_support.c
[35.293s] -- Installing: /home/inauenma/git/mecheye_ros2_interface/install/mecheye_ros_interface/include/mecheye_ros_interface/mecheye_ros_interface/srv/detail/set_enum_parameter__type_support.c
[35.293s] -- Installing: /home/inauenma/git/mecheye_ros2_interface/install/mecheye_ros_interface/include/mecheye_ros_interface/mecheye_ros_interface/srv/detail/get_enum_parameter__type_support.c
[35.293s] -- Installing: /home/inauenma/git/mecheye_ros2_interface/install/mecheye_ros_interface/include/mecheye_ros_interface/mecheye_ros_interface/srv/detail/get_current_user_set__type_support.c
[35.293s] -- Up-to-date: /home/inauenma/git/mecheye_ros2_interface/install/mecheye_ros_interface/include/mecheye_ros_interface/mecheye_ros_interface/srv/detail/delete_user_set__rosidl_typesupport_introspection_c.h
[35.293s] -- Installing: /home/inauenma/git/mecheye_ros2_interface/install/mecheye_ros_interface/include/mecheye_ros_interface/mecheye_ros_interface/srv/detail/capture_textured_point_cloud__type_support.c
[35.293s] -- Installing: /home/inauenma/git/mecheye_ros2_interface/install/mecheye_ros_interface/include/mecheye_ros_interface/mecheye_ros_interface/srv/detail/device_info__type_support.c
[35.293s] -- Up-to-date: /home/inauenma/git/mecheye_ros2_interface/install/mecheye_ros_interface/include/mecheye_ros_interface/mecheye_ros_interface/srv/detail/get_float_parameter__rosidl_typesupport_introspection_c.h
[35.293s] -- Up-to-date: /home/inauenma/git/mecheye_ros2_interface/install/mecheye_ros_interface/include/mecheye_ros_interface/mecheye_ros_interface/srv/detail/get_int_parameter__rosidl_typesupport_introspection_c.h
[35.293s] -- Up-to-date: /home/inauenma/git/mecheye_ros2_interface/install/mecheye_ros_interface/include/mecheye_ros_interface/mecheye_ros_interface/srv/detail/get_range_parameter__rosidl_typesupport_introspection_c.h
[35.293s] -- Installing: /home/inauenma/git/mecheye_ros2_interface/install/mecheye_ros_interface/include/mecheye_ros_interface/mecheye_ros_interface/srv/detail/get_all_user_sets__type_support.c
[35.293s] -- Installing: /home/inauenma/git/mecheye_ros2_interface/install/mecheye_ros_interface/include/mecheye_ros_interface/mecheye_ros_interface/srv/detail/add_user_set__type_support.c
[35.293s] -- Up-to-date: /home/inauenma/git/mecheye_ros2_interface/install/mecheye_ros_interface/include/mecheye_ros_interface/mecheye_ros_interface/srv/detail/capture_depth_map__rosidl_typesupport_introspection_c.h
[35.293s] -- Up-to-date: /home/inauenma/git/mecheye_ros2_interface/install/mecheye_ros_interface/include/mecheye_ros_interface/mecheye_ros_interface/srv/detail/set_enum_parameter__rosidl_typesupport_introspection_c.h
[35.293s] -- Installing: /home/inauenma/git/mecheye_ros2_interface/install/mecheye_ros_interface/include/mecheye_ros_interface/mecheye_ros_interface/srv/detail/capture_color_image__type_support.c
[35.293s] -- Up-to-date: /home/inauenma/git/mecheye_ros2_interface/install/mecheye_ros_interface/include/mecheye_ros_interface/mecheye_ros_interface/srv/detail/set_bool_parameter__rosidl_typesupport_introspection_c.h
[35.293s] -- Up-to-date: /home/inauenma/git/mecheye_ros2_interface/install/mecheye_ros_interface/include/mecheye_ros_interface/mecheye_ros_interface/srv/detail/set_float_array_parameter__rosidl_typesupport_introspection_c.h
[35.293s] -- Installing: /home/inauenma/git/mecheye_ros2_interface/install/mecheye_ros_interface/include/mecheye_ros_interface/mecheye_ros_interface/srv/detail/set_int_parameter__type_support.c
[35.293s] -- Up-to-date: /home/inauenma/git/mecheye_ros2_interface/install/mecheye_ros_interface/include/mecheye_ros_interface/mecheye_ros_interface/srv/detail/get_all_user_sets__rosidl_typesupport_introspection_c.h
[35.293s] -- Installing: /home/inauenma/git/mecheye_ros2_interface/install/mecheye_ros_interface/include/mecheye_ros_interface/mecheye_ros_interface/srv/detail/get_bool_parameter__type_support.c
[35.293s] -- Up-to-date: /home/inauenma/git/mecheye_ros2_interface/install/mecheye_ros_interface/include/mecheye_ros_interface/mecheye_ros_interface/srv/detail/capture_textured_point_cloud__rosidl_typesupport_introspection_c.h
[35.293s] -- Installing: /home/inauenma/git/mecheye_ros2_interface/install/mecheye_ros_interface/include/mecheye_ros_interface/mecheye_ros_interface/srv/detail/get_float_array_parameter__type_support.c
[35.294s] -- Up-to-date: /home/inauenma/git/mecheye_ros2_interface/install/mecheye_ros_interface/include/mecheye_ros_interface/mecheye_ros_interface/srv/detail/get_bool_parameter__rosidl_typesupport_introspection_c.h
[35.294s] -- Up-to-date: /home/inauenma/git/mecheye_ros2_interface/install/mecheye_ros_interface/include/mecheye_ros_interface/mecheye_ros_interface/srv/detail/get_float_array_parameter__rosidl_typesupport_introspection_c.h
[35.294s] -- Installing: /home/inauenma/git/mecheye_ros2_interface/install/mecheye_ros_interface/include/mecheye_ros_interface/mecheye_ros_interface/srv/detail/get_roi_parameter__type_support.c
[35.294s] -- Up-to-date: /home/inauenma/git/mecheye_ros2_interface/install/mecheye_ros_interface/include/mecheye_ros_interface/mecheye_ros_interface/srv/detail/capture_color_image__rosidl_typesupport_introspection_c.h
[35.294s] -- Installing: /home/inauenma/git/mecheye_ros2_interface/install/mecheye_ros_interface/include/mecheye_ros_interface/mecheye_ros_interface/srv/detail/set_bool_parameter__type_support.c
[35.294s] -- Installing: /home/inauenma/git/mecheye_ros2_interface/install/mecheye_ros_interface/include/mecheye_ros_interface/mecheye_ros_interface/srv/detail/save_all_settings_to_user_sets__type_support.c
[35.294s] -- Up-to-date: /home/inauenma/git/mecheye_ros2_interface/install/mecheye_ros_interface/include/mecheye_ros_interface/mecheye_ros_interface/srv/detail/set_range_parameter__rosidl_typesupport_introspection_c.h
[35.294s] -- Up-to-date: /home/inauenma/git/mecheye_ros2_interface/install/mecheye_ros_interface/include/mecheye_ros_interface/mecheye_ros_interface/srv/detail/get_enum_parameter__rosidl_typesupport_introspection_c.h
[35.294s] -- Up-to-date: /home/inauenma/git/mecheye_ros2_interface/install/mecheye_ros_interface/include/mecheye_ros_interface/mecheye_ros_interface/srv/detail/set_int_parameter__rosidl_typesupport_introspection_c.h
[35.294s] -- Installing: /home/inauenma/git/mecheye_ros2_interface/install/mecheye_ros_interface/include/mecheye_ros_interface/mecheye_ros_interface/srv/detail/capture_point_cloud__type_support.c
[35.294s] -- Up-to-date: /home/inauenma/git/mecheye_ros2_interface/install/mecheye_ros_interface/include/mecheye_ros_interface/mecheye_ros_interface/srv/detail/save_all_settings_to_user_sets__rosidl_typesupport_introspection_c.h
[35.294s] -- Up-to-date: /home/inauenma/git/mecheye_ros2_interface/install/mecheye_ros_interface/include/mecheye_ros_interface/mecheye_ros_interface/srv/detail/capture_point_cloud__rosidl_typesupport_introspection_c.h
[35.294s] -- Installing: /home/inauenma/git/mecheye_ros2_interface/install/mecheye_ros_interface/include/mecheye_ros_interface/mecheye_ros_interface/srv/detail/set_roi_parameter__type_support.c
[35.294s] -- Up-to-date: /home/inauenma/git/mecheye_ros2_interface/install/mecheye_ros_interface/include/mecheye_ros_interface/mecheye_ros_interface/srv/detail/get_roi_parameter__rosidl_typesupport_introspection_c.h
[35.294s] -- Up-to-date: /home/inauenma/git/mecheye_ros2_interface/install/mecheye_ros_interface/include/mecheye_ros_interface/mecheye_ros_interface/srv/detail/set_roi_parameter__rosidl_typesupport_introspection_c.h
[35.294s] -- Installing: /home/inauenma/git/mecheye_ros2_interface/install/mecheye_ros_interface/include/mecheye_ros_interface/mecheye_ros_interface/srv/detail/set_current_user_set__type_support.c
[35.294s] -- Up-to-date: /home/inauenma/git/mecheye_ros2_interface/install/mecheye_ros_interface/include/mecheye_ros_interface/mecheye_ros_interface/srv/detail/set_current_user_set__rosidl_typesupport_introspection_c.h
[35.294s] -- Up-to-date: /home/inauenma/git/mecheye_ros2_interface/install/mecheye_ros_interface/include/mecheye_ros_interface/mecheye_ros_interface/srv/detail/get_current_user_set__rosidl_typesupport_introspection_c.h
[35.294s] -- Installing: /home/inauenma/git/mecheye_ros2_interface/install/mecheye_ros_interface/include/mecheye_ros_interface/mecheye_ros_interface/srv/detail/get_range_parameter__type_support.c
[35.294s] -- Installing: /home/inauenma/git/mecheye_ros2_interface/install/mecheye_ros_interface/include/mecheye_ros_interface/mecheye_ros_interface/srv/detail/get_float_parameter__type_support.c
[35.295s] -- Installing: /home/inauenma/git/mecheye_ros2_interface/install/mecheye_ros_interface/include/mecheye_ros_interface/mecheye_ros_interface/srv/detail/capture_stereo_color_images__type_support.c
[35.295s] -- Installing: /home/inauenma/git/mecheye_ros2_interface/install/mecheye_ros_interface/include/mecheye_ros_interface/mecheye_ros_interface/srv/detail/set_float_array_parameter__type_support.c
[35.295s] -- Installing: /home/inauenma/git/mecheye_ros2_interface/install/mecheye_ros_interface/include/mecheye_ros_interface/mecheye_ros_interface/srv/detail/delete_user_set__type_support.c
[35.295s] -- Up-to-date: /home/inauenma/git/mecheye_ros2_interface/install/mecheye_ros_interface/include/mecheye_ros_interface/mecheye_ros_interface/srv/detail/add_user_set__rosidl_typesupport_introspection_c.h
[35.295s] -- Installing: /home/inauenma/git/mecheye_ros2_interface/install/mecheye_ros_interface/include/mecheye_ros_interface/mecheye_ros_interface/srv/detail/set_float_parameter__type_support.c
[35.295s] -- Up-to-date: /home/inauenma/git/mecheye_ros2_interface/install/mecheye_ros_interface/include/mecheye_ros_interface/mecheye_ros_interface/msg
[35.295s] -- Up-to-date: /home/inauenma/git/mecheye_ros2_interface/install/mecheye_ros_interface/include/mecheye_ros_interface/mecheye_ros_interface/msg/rosidl_typesupport_introspection_c__visibility_control.h
[35.295s] -- Up-to-date: /home/inauenma/git/mecheye_ros2_interface/install/mecheye_ros_interface/lib/libmecheye_ros_interface__rosidl_typesupport_introspection_c.so
[35.295s] -- Up-to-date: /home/inauenma/git/mecheye_ros2_interface/install/mecheye_ros_interface/lib/libmecheye_ros_interface__rosidl_typesupport_c.so
[35.295s] -- Up-to-date: /home/inauenma/git/mecheye_ros2_interface/install/mecheye_ros_interface/include/mecheye_ros_interface/mecheye_ros_interface
[35.295s] -- Up-to-date: /home/inauenma/git/mecheye_ros2_interface/install/mecheye_ros_interface/include/mecheye_ros_interface/mecheye_ros_interface/srv
[35.295s] -- Up-to-date: /home/inauenma/git/mecheye_ros2_interface/install/mecheye_ros_interface/include/mecheye_ros_interface/mecheye_ros_interface/srv/detail
[35.295s] -- Up-to-date: /home/inauenma/git/mecheye_ros2_interface/install/mecheye_ros_interface/include/mecheye_ros_interface/mecheye_ros_interface/srv/detail/get_all_user_sets__type_support.cpp
[35.295s] -- Up-to-date: /home/inauenma/git/mecheye_ros2_interface/install/mecheye_ros_interface/include/mecheye_ros_interface/mecheye_ros_interface/srv/detail/delete_user_set__type_support.cpp
[35.295s] -- Up-to-date: /home/inauenma/git/mecheye_ros2_interface/install/mecheye_ros_interface/include/mecheye_ros_interface/mecheye_ros_interface/srv/detail/capture_depth_map__type_support.cpp
[35.295s] -- Up-to-date: /home/inauenma/git/mecheye_ros2_interface/install/mecheye_ros_interface/include/mecheye_ros_interface/mecheye_ros_interface/srv/detail/device_info__rosidl_typesupport_introspection_cpp.hpp
[35.295s] -- Up-to-date: /home/inauenma/git/mecheye_ros2_interface/install/mecheye_ros_interface/include/mecheye_ros_interface/mecheye_ros_interface/srv/detail/get_bool_parameter__type_support.cpp
[35.295s] -- Up-to-date: /home/inauenma/git/mecheye_ros2_interface/install/mecheye_ros_interface/include/mecheye_ros_interface/mecheye_ros_interface/srv/detail/set_range_parameter__rosidl_typesupport_introspection_cpp.hpp
[35.295s] -- Up-to-date: /home/inauenma/git/mecheye_ros2_interface/install/mecheye_ros_interface/include/mecheye_ros_interface/mecheye_ros_interface/srv/detail/get_float_parameter__rosidl_typesupport_introspection_cpp.hpp
[35.295s] -- Up-to-date: /home/inauenma/git/mecheye_ros2_interface/install/mecheye_ros_interface/include/mecheye_ros_interface/mecheye_ros_interface/srv/detail/get_current_user_set__type_support.cpp
[35.295s] -- Up-to-date: /home/inauenma/git/mecheye_ros2_interface/install/mecheye_ros_interface/include/mecheye_ros_interface/mecheye_ros_interface/srv/detail/get_roi_parameter__type_support.cpp
[35.296s] -- Up-to-date: /home/inauenma/git/mecheye_ros2_interface/install/mecheye_ros_interface/include/mecheye_ros_interface/mecheye_ros_interface/srv/detail/capture_point_cloud__rosidl_typesupport_introspection_cpp.hpp
[35.296s] -- Up-to-date: /home/inauenma/git/mecheye_ros2_interface/install/mecheye_ros_interface/include/mecheye_ros_interface/mecheye_ros_interface/srv/detail/get_range_parameter__rosidl_typesupport_introspection_cpp.hpp
[35.296s] -- Up-to-date: /home/inauenma/git/mecheye_ros2_interface/install/mecheye_ros_interface/include/mecheye_ros_interface/mecheye_ros_interface/srv/detail/set_float_array_parameter__type_support.cpp
[35.296s] -- Up-to-date: /home/inauenma/git/mecheye_ros2_interface/install/mecheye_ros_interface/include/mecheye_ros_interface/mecheye_ros_interface/srv/detail/save_all_settings_to_user_sets__type_support.cpp
[35.296s] -- Up-to-date: /home/inauenma/git/mecheye_ros2_interface/install/mecheye_ros_interface/include/mecheye_ros_interface/mecheye_ros_interface/srv/detail/add_user_set__rosidl_typesupport_introspection_cpp.hpp
[35.296s] -- Up-to-date: /home/inauenma/git/mecheye_ros2_interface/install/mecheye_ros_interface/include/mecheye_ros_interface/mecheye_ros_interface/srv/detail/get_int_parameter__type_support.cpp
[35.296s] -- Up-to-date: /home/inauenma/git/mecheye_ros2_interface/install/mecheye_ros_interface/include/mecheye_ros_interface/mecheye_ros_interface/srv/detail/set_current_user_set__type_support.cpp
[35.296s] -- Up-to-date: /home/inauenma/git/mecheye_ros2_interface/install/mecheye_ros_interface/include/mecheye_ros_interface/mecheye_ros_interface/srv/detail/set_float_parameter__rosidl_typesupport_introspection_cpp.hpp
[35.296s] -- Up-to-date: /home/inauenma/git/mecheye_ros2_interface/install/mecheye_ros_interface/include/mecheye_ros_interface/mecheye_ros_interface/srv/detail/set_int_parameter__rosidl_typesupport_introspection_cpp.hpp
[35.296s] -- Up-to-date: /home/inauenma/git/mecheye_ros2_interface/install/mecheye_ros_interface/include/mecheye_ros_interface/mecheye_ros_interface/srv/detail/get_float_parameter__type_support.cpp
[35.296s] -- Up-to-date: /home/inauenma/git/mecheye_ros2_interface/install/mecheye_ros_interface/include/mecheye_ros_interface/mecheye_ros_interface/srv/detail/capture_textured_point_cloud__type_support.cpp
[35.296s] -- Up-to-date: /home/inauenma/git/mecheye_ros2_interface/install/mecheye_ros_interface/include/mecheye_ros_interface/mecheye_ros_interface/srv/detail/add_user_set__type_support.cpp
[35.296s] -- Up-to-date: /home/inauenma/git/mecheye_ros2_interface/install/mecheye_ros_interface/include/mecheye_ros_interface/mecheye_ros_interface/srv/detail/set_roi_parameter__type_support.cpp
[35.296s] -- Up-to-date: /home/inauenma/git/mecheye_ros2_interface/install/mecheye_ros_interface/include/mecheye_ros_interface/mecheye_ros_interface/srv/detail/set_roi_parameter__rosidl_typesupport_introspection_cpp.hpp
[35.296s] -- Up-to-date: /home/inauenma/git/mecheye_ros2_interface/install/mecheye_ros_interface/include/mecheye_ros_interface/mecheye_ros_interface/srv/detail/get_current_user_set__rosidl_typesupport_introspection_cpp.hpp
[35.296s] -- Up-to-date: /home/inauenma/git/mecheye_ros2_interface/install/mecheye_ros_interface/include/mecheye_ros_interface/mecheye_ros_interface/srv/detail/capture_color_image__type_support.cpp
[35.296s] -- Up-to-date: /home/inauenma/git/mecheye_ros2_interface/install/mecheye_ros_interface/include/mecheye_ros_interface/mecheye_ros_interface/srv/detail/get_int_parameter__rosidl_typesupport_introspection_cpp.hpp
[35.296s] -- Up-to-date: /home/inauenma/git/mecheye_ros2_interface/install/mecheye_ros_interface/include/mecheye_ros_interface/mecheye_ros_interface/srv/detail/save_all_settings_to_user_sets__rosidl_typesupport_introspection_cpp.hpp
[35.296s] -- Up-to-date: /home/inauenma/git/mecheye_ros2_interface/install/mecheye_ros_interface/include/mecheye_ros_interface/mecheye_ros_interface/srv/detail/get_float_array_parameter__type_support.cpp
[35.296s] -- Up-to-date: /home/inauenma/git/mecheye_ros2_interface/install/mecheye_ros_interface/include/mecheye_ros_interface/mecheye_ros_interface/srv/detail/capture_stereo_color_images__type_support.cpp
[35.296s] -- Up-to-date: /home/inauenma/git/mecheye_ros2_interface/install/mecheye_ros_interface/include/mecheye_ros_interface/mecheye_ros_interface/srv/detail/capture_depth_map__rosidl_typesupport_introspection_cpp.hpp
[35.296s] -- Up-to-date: /home/inauenma/git/mecheye_ros2_interface/install/mecheye_ros_interface/include/mecheye_ros_interface/mecheye_ros_interface/srv/detail/set_float_parameter__type_support.cpp
[35.296s] -- Up-to-date: /home/inauenma/git/mecheye_ros2_interface/install/mecheye_ros_interface/include/mecheye_ros_interface/mecheye_ros_interface/srv/detail/capture_color_image__rosidl_typesupport_introspection_cpp.hpp
[35.297s] -- Up-to-date: /home/inauenma/git/mecheye_ros2_interface/install/mecheye_ros_interface/include/mecheye_ros_interface/mecheye_ros_interface/srv/detail/set_float_array_parameter__rosidl_typesupport_introspection_cpp.hpp
[35.297s] -- Up-to-date: /home/inauenma/git/mecheye_ros2_interface/install/mecheye_ros_interface/include/mecheye_ros_interface/mecheye_ros_interface/srv/detail/get_all_user_sets__rosidl_typesupport_introspection_cpp.hpp
[35.297s] -- Up-to-date: /home/inauenma/git/mecheye_ros2_interface/install/mecheye_ros_interface/include/mecheye_ros_interface/mecheye_ros_interface/srv/detail/get_float_array_parameter__rosidl_typesupport_introspection_cpp.hpp
[35.297s] -- Up-to-date: /home/inauenma/git/mecheye_ros2_interface/install/mecheye_ros_interface/include/mecheye_ros_interface/mecheye_ros_interface/srv/detail/capture_textured_point_cloud__rosidl_typesupport_introspection_cpp.hpp
[35.297s] -- Up-to-date: /home/inauenma/git/mecheye_ros2_interface/install/mecheye_ros_interface/include/mecheye_ros_interface/mecheye_ros_interface/srv/detail/set_range_parameter__type_support.cpp
[35.297s] -- Up-to-date: /home/inauenma/git/mecheye_ros2_interface/install/mecheye_ros_interface/include/mecheye_ros_interface/mecheye_ros_interface/srv/detail/set_int_parameter__type_support.cpp
[35.297s] -- Up-to-date: /home/inauenma/git/mecheye_ros2_interface/install/mecheye_ros_interface/include/mecheye_ros_interface/mecheye_ros_interface/srv/detail/set_bool_parameter__type_support.cpp
[35.297s] -- Up-to-date: /home/inauenma/git/mecheye_ros2_interface/install/mecheye_ros_interface/include/mecheye_ros_interface/mecheye_ros_interface/srv/detail/get_bool_parameter__rosidl_typesupport_introspection_cpp.hpp
[35.297s] -- Up-to-date: /home/inauenma/git/mecheye_ros2_interface/install/mecheye_ros_interface/include/mecheye_ros_interface/mecheye_ros_interface/srv/detail/set_current_user_set__rosidl_typesupport_introspection_cpp.hpp
[35.297s] -- Up-to-date: /home/inauenma/git/mecheye_ros2_interface/install/mecheye_ros_interface/include/mecheye_ros_interface/mecheye_ros_interface/srv/detail/set_enum_parameter__rosidl_typesupport_introspection_cpp.hpp
[35.297s] -- Up-to-date: /home/inauenma/git/mecheye_ros2_interface/install/mecheye_ros_interface/include/mecheye_ros_interface/mecheye_ros_interface/srv/detail/capture_stereo_color_images__rosidl_typesupport_introspection_cpp.hpp
[35.297s] -- Up-to-date: /home/inauenma/git/mecheye_ros2_interface/install/mecheye_ros_interface/include/mecheye_ros_interface/mecheye_ros_interface/srv/detail/set_enum_parameter__type_support.cpp
[35.297s] -- Up-to-date: /home/inauenma/git/mecheye_ros2_interface/install/mecheye_ros_interface/include/mecheye_ros_interface/mecheye_ros_interface/srv/detail/delete_user_set__rosidl_typesupport_introspection_cpp.hpp
[35.297s] -- Up-to-date: /home/inauenma/git/mecheye_ros2_interface/install/mecheye_ros_interface/include/mecheye_ros_interface/mecheye_ros_interface/srv/detail/set_bool_parameter__rosidl_typesupport_introspection_cpp.hpp
[35.297s] -- Up-to-date: /home/inauenma/git/mecheye_ros2_interface/install/mecheye_ros_interface/include/mecheye_ros_interface/mecheye_ros_interface/srv/detail/get_enum_parameter__rosidl_typesupport_introspection_cpp.hpp
[35.297s] -- Up-to-date: /home/inauenma/git/mecheye_ros2_interface/install/mecheye_ros_interface/include/mecheye_ros_interface/mecheye_ros_interface/srv/detail/capture_point_cloud__type_support.cpp
[35.297s] -- Up-to-date: /home/inauenma/git/mecheye_ros2_interface/install/mecheye_ros_interface/include/mecheye_ros_interface/mecheye_ros_interface/srv/detail/get_range_parameter__type_support.cpp
[35.297s] -- Up-to-date: /home/inauenma/git/mecheye_ros2_interface/install/mecheye_ros_interface/include/mecheye_ros_interface/mecheye_ros_interface/srv/detail/device_info__type_support.cpp
[35.297s] -- Up-to-date: /home/inauenma/git/mecheye_ros2_interface/install/mecheye_ros_interface/include/mecheye_ros_interface/mecheye_ros_interface/srv/detail/get_roi_parameter__rosidl_typesupport_introspection_cpp.hpp
[35.297s] -- Up-to-date: /home/inauenma/git/mecheye_ros2_interface/install/mecheye_ros_interface/include/mecheye_ros_interface/mecheye_ros_interface/srv/detail/get_enum_parameter__type_support.cpp
[35.297s] -- Up-to-date: /home/inauenma/git/mecheye_ros2_interface/install/mecheye_ros_interface/lib/libmecheye_ros_interface__rosidl_typesupport_introspection_cpp.so
[35.297s] -- Up-to-date: /home/inauenma/git/mecheye_ros2_interface/install/mecheye_ros_interface/lib/libmecheye_ros_interface__rosidl_typesupport_cpp.so
[35.297s] -- Up-to-date: /home/inauenma/git/mecheye_ros2_interface/install/mecheye_ros_interface/share/mecheye_ros_interface/environment/pythonpath.sh
[35.298s] -- Up-to-date: /home/inauenma/git/mecheye_ros2_interface/install/mecheye_ros_interface/share/mecheye_ros_interface/environment/pythonpath.dsv
[35.298s] -- Up-to-date: /home/inauenma/git/mecheye_ros2_interface/install/mecheye_ros_interface/lib/python3.12/site-packages/mecheye_ros_interface-0.0.2-py3.12.egg-info
[35.298s] -- Installing: /home/inauenma/git/mecheye_ros2_interface/install/mecheye_ros_interface/lib/python3.12/site-packages/mecheye_ros_interface-0.0.2-py3.12.egg-info/SOURCES.txt
[35.298s] -- Installing: /home/inauenma/git/mecheye_ros2_interface/install/mecheye_ros_interface/lib/python3.12/site-packages/mecheye_ros_interface-0.0.2-py3.12.egg-info/PKG-INFO
[35.298s] -- Installing: /home/inauenma/git/mecheye_ros2_interface/install/mecheye_ros_interface/lib/python3.12/site-packages/mecheye_ros_interface-0.0.2-py3.12.egg-info/top_level.txt
[35.298s] -- Installing: /home/inauenma/git/mecheye_ros2_interface/install/mecheye_ros_interface/lib/python3.12/site-packages/mecheye_ros_interface-0.0.2-py3.12.egg-info/dependency_links.txt
[35.298s] -- Up-to-date: /home/inauenma/git/mecheye_ros2_interface/install/mecheye_ros_interface/lib/python3.12/site-packages/mecheye_ros_interface
[35.298s] -- Up-to-date: /home/inauenma/git/mecheye_ros2_interface/install/mecheye_ros_interface/lib/python3.12/site-packages/mecheye_ros_interface/_mecheye_ros_interface_s.ep.rosidl_typesupport_fastrtps_c.c
[35.298s] -- Up-to-date: /home/inauenma/git/mecheye_ros2_interface/install/mecheye_ros_interface/lib/python3.12/site-packages/mecheye_ros_interface/mecheye_ros_interface_s__rosidl_typesupport_c.so
[35.298s] -- Up-to-date: /home/inauenma/git/mecheye_ros2_interface/install/mecheye_ros_interface/lib/python3.12/site-packages/mecheye_ros_interface/mecheye_ros_interface_s__rosidl_typesupport_introspection_c.so
[35.298s] -- Up-to-date: /home/inauenma/git/mecheye_ros2_interface/install/mecheye_ros_interface/lib/python3.12/site-packages/mecheye_ros_interface/mecheye_ros_interface_s__rosidl_typesupport_fastrtps_c.so
[35.298s] -- Up-to-date: /home/inauenma/git/mecheye_ros2_interface/install/mecheye_ros_interface/lib/python3.12/site-packages/mecheye_ros_interface/srv
[35.298s] -- Up-to-date: /home/inauenma/git/mecheye_ros2_interface/install/mecheye_ros_interface/lib/python3.12/site-packages/mecheye_ros_interface/srv/_capture_textured_point_cloud_s.c
[35.298s] -- Up-to-date: /home/inauenma/git/mecheye_ros2_interface/install/mecheye_ros_interface/lib/python3.12/site-packages/mecheye_ros_interface/srv/_set_range_parameter_s.c
[35.298s] -- Up-to-date: /home/inauenma/git/mecheye_ros2_interface/install/mecheye_ros_interface/lib/python3.12/site-packages/mecheye_ros_interface/srv/_get_float_parameter_s.c
[35.298s] -- Up-to-date: /home/inauenma/git/mecheye_ros2_interface/install/mecheye_ros_interface/lib/python3.12/site-packages/mecheye_ros_interface/srv/_capture_depth_map_s.c
[35.298s] -- Up-to-date: /home/inauenma/git/mecheye_ros2_interface/install/mecheye_ros_interface/lib/python3.12/site-packages/mecheye_ros_interface/srv/_get_all_user_sets_s.c
[35.298s] -- Up-to-date: /home/inauenma/git/mecheye_ros2_interface/install/mecheye_ros_interface/lib/python3.12/site-packages/mecheye_ros_interface/srv/_get_float_array_parameter.py
[35.298s] -- Up-to-date: /home/inauenma/git/mecheye_ros2_interface/install/mecheye_ros_interface/lib/python3.12/site-packages/mecheye_ros_interface/srv/_get_current_user_set.py
[35.298s] -- Up-to-date: /home/inauenma/git/mecheye_ros2_interface/install/mecheye_ros_interface/lib/python3.12/site-packages/mecheye_ros_interface/srv/_set_bool_parameter_s.c
[35.298s] -- Up-to-date: /home/inauenma/git/mecheye_ros2_interface/install/mecheye_ros_interface/lib/python3.12/site-packages/mecheye_ros_interface/srv/_device_info_s.c
[35.298s] -- Up-to-date: /home/inauenma/git/mecheye_ros2_interface/install/mecheye_ros_interface/lib/python3.12/site-packages/mecheye_ros_interface/srv/_capture_depth_map.py
[35.298s] -- Up-to-date: /home/inauenma/git/mecheye_ros2_interface/install/mecheye_ros_interface/lib/python3.12/site-packages/mecheye_ros_interface/srv/_add_user_set.py
[35.298s] -- Up-to-date: /home/inauenma/git/mecheye_ros2_interface/install/mecheye_ros_interface/lib/python3.12/site-packages/mecheye_ros_interface/srv/_set_roi_parameter_s.c
[35.299s] -- Up-to-date: /home/inauenma/git/mecheye_ros2_interface/install/mecheye_ros_interface/lib/python3.12/site-packages/mecheye_ros_interface/srv/_set_current_user_set_s.c
[35.299s] -- Up-to-date: /home/inauenma/git/mecheye_ros2_interface/install/mecheye_ros_interface/lib/python3.12/site-packages/mecheye_ros_interface/srv/_capture_stereo_color_images_s.c
[35.299s] -- Up-to-date: /home/inauenma/git/mecheye_ros2_interface/install/mecheye_ros_interface/lib/python3.12/site-packages/mecheye_ros_interface/srv/_save_all_settings_to_user_sets_s.c
[35.299s] -- Up-to-date: /home/inauenma/git/mecheye_ros2_interface/install/mecheye_ros_interface/lib/python3.12/site-packages/mecheye_ros_interface/srv/_set_range_parameter.py
[35.299s] -- Up-to-date: /home/inauenma/git/mecheye_ros2_interface/install/mecheye_ros_interface/lib/python3.12/site-packages/mecheye_ros_interface/srv/_capture_textured_point_cloud.py
[35.299s] -- Up-to-date: /home/inauenma/git/mecheye_ros2_interface/install/mecheye_ros_interface/lib/python3.12/site-packages/mecheye_ros_interface/srv/_get_range_parameter_s.c
[35.299s] -- Up-to-date: /home/inauenma/git/mecheye_ros2_interface/install/mecheye_ros_interface/lib/python3.12/site-packages/mecheye_ros_interface/srv/_set_roi_parameter.py
[35.299s] -- Up-to-date: /home/inauenma/git/mecheye_ros2_interface/install/mecheye_ros_interface/lib/python3.12/site-packages/mecheye_ros_interface/srv/_get_enum_parameter.py
[35.299s] -- Up-to-date: /home/inauenma/git/mecheye_ros2_interface/install/mecheye_ros_interface/lib/python3.12/site-packages/mecheye_ros_interface/srv/_capture_color_image_s.c
[35.299s] -- Up-to-date: /home/inauenma/git/mecheye_ros2_interface/install/mecheye_ros_interface/lib/python3.12/site-packages/mecheye_ros_interface/srv/_get_current_user_set_s.c
[35.299s] -- Up-to-date: /home/inauenma/git/mecheye_ros2_interface/install/mecheye_ros_interface/lib/python3.12/site-packages/mecheye_ros_interface/srv/__init__.py
[35.299s] -- Up-to-date: /home/inauenma/git/mecheye_ros2_interface/install/mecheye_ros_interface/lib/python3.12/site-packages/mecheye_ros_interface/srv/_capture_point_cloud_s.c
[35.299s] -- Up-to-date: /home/inauenma/git/mecheye_ros2_interface/install/mecheye_ros_interface/lib/python3.12/site-packages/mecheye_ros_interface/srv/_set_float_array_parameter_s.c
[35.299s] -- Up-to-date: /home/inauenma/git/mecheye_ros2_interface/install/mecheye_ros_interface/lib/python3.12/site-packages/mecheye_ros_interface/srv/_get_roi_parameter_s.c
[35.299s] -- Up-to-date: /home/inauenma/git/mecheye_ros2_interface/install/mecheye_ros_interface/lib/python3.12/site-packages/mecheye_ros_interface/srv/_device_info.py
[35.299s] -- Up-to-date: /home/inauenma/git/mecheye_ros2_interface/install/mecheye_ros_interface/lib/python3.12/site-packages/mecheye_ros_interface/srv/_delete_user_set_s.c
[35.299s] -- Up-to-date: /home/inauenma/git/mecheye_ros2_interface/install/mecheye_ros_interface/lib/python3.12/site-packages/mecheye_ros_interface/srv/_set_current_user_set.py
[35.299s] -- Up-to-date: /home/inauenma/git/mecheye_ros2_interface/install/mecheye_ros_interface/lib/python3.12/site-packages/mecheye_ros_interface/srv/_capture_color_image.py
[35.299s] -- Up-to-date: /home/inauenma/git/mecheye_ros2_interface/install/mecheye_ros_interface/lib/python3.12/site-packages/mecheye_ros_interface/srv/_set_int_parameter_s.c
[35.299s] -- Up-to-date: /home/inauenma/git/mecheye_ros2_interface/install/mecheye_ros_interface/lib/python3.12/site-packages/mecheye_ros_interface/srv/_capture_stereo_color_images.py
[35.299s] -- Up-to-date: /home/inauenma/git/mecheye_ros2_interface/install/mecheye_ros_interface/lib/python3.12/site-packages/mecheye_ros_interface/srv/_get_bool_parameter_s.c
[35.299s] -- Up-to-date: /home/inauenma/git/mecheye_ros2_interface/install/mecheye_ros_interface/lib/python3.12/site-packages/mecheye_ros_interface/srv/_set_float_parameter.py
[35.299s] -- Up-to-date: /home/inauenma/git/mecheye_ros2_interface/install/mecheye_ros_interface/lib/python3.12/site-packages/mecheye_ros_interface/srv/_add_user_set_s.c
[35.299s] -- Up-to-date: /home/inauenma/git/mecheye_ros2_interface/install/mecheye_ros_interface/lib/python3.12/site-packages/mecheye_ros_interface/srv/_delete_user_set.py
[35.299s] -- Up-to-date: /home/inauenma/git/mecheye_ros2_interface/install/mecheye_ros_interface/lib/python3.12/site-packages/mecheye_ros_interface/srv/_get_int_parameter_s.c
[35.300s] -- Up-to-date: /home/inauenma/git/mecheye_ros2_interface/install/mecheye_ros_interface/lib/python3.12/site-packages/mecheye_ros_interface/srv/_set_bool_parameter.py
[35.300s] -- Up-to-date: /home/inauenma/git/mecheye_ros2_interface/install/mecheye_ros_interface/lib/python3.12/site-packages/mecheye_ros_interface/srv/_set_enum_parameter.py
[35.300s] -- Up-to-date: /home/inauenma/git/mecheye_ros2_interface/install/mecheye_ros_interface/lib/python3.12/site-packages/mecheye_ros_interface/srv/_get_all_user_sets.py
[35.300s] -- Up-to-date: /home/inauenma/git/mecheye_ros2_interface/install/mecheye_ros_interface/lib/python3.12/site-packages/mecheye_ros_interface/srv/_get_int_parameter.py
[35.300s] -- Up-to-date: /home/inauenma/git/mecheye_ros2_interface/install/mecheye_ros_interface/lib/python3.12/site-packages/mecheye_ros_interface/srv/_set_float_parameter_s.c
[35.300s] -- Up-to-date: /home/inauenma/git/mecheye_ros2_interface/install/mecheye_ros_interface/lib/python3.12/site-packages/mecheye_ros_interface/srv/_set_enum_parameter_s.c
[35.300s] -- Up-to-date: /home/inauenma/git/mecheye_ros2_interface/install/mecheye_ros_interface/lib/python3.12/site-packages/mecheye_ros_interface/srv/_get_range_parameter.py
[35.300s] -- Up-to-date: /home/inauenma/git/mecheye_ros2_interface/install/mecheye_ros_interface/lib/python3.12/site-packages/mecheye_ros_interface/srv/_get_enum_parameter_s.c
[35.300s] -- Up-to-date: /home/inauenma/git/mecheye_ros2_interface/install/mecheye_ros_interface/lib/python3.12/site-packages/mecheye_ros_interface/srv/_get_roi_parameter.py
[35.300s] -- Up-to-date: /home/inauenma/git/mecheye_ros2_interface/install/mecheye_ros_interface/lib/python3.12/site-packages/mecheye_ros_interface/srv/_get_float_array_parameter_s.c
[35.300s] -- Up-to-date: /home/inauenma/git/mecheye_ros2_interface/install/mecheye_ros_interface/lib/python3.12/site-packages/mecheye_ros_interface/srv/_set_int_parameter.py
[35.300s] -- Up-to-date: /home/inauenma/git/mecheye_ros2_interface/install/mecheye_ros_interface/lib/python3.12/site-packages/mecheye_ros_interface/srv/_get_bool_parameter.py
[35.300s] -- Up-to-date: /home/inauenma/git/mecheye_ros2_interface/install/mecheye_ros_interface/lib/python3.12/site-packages/mecheye_ros_interface/srv/_save_all_settings_to_user_sets.py
[35.300s] -- Up-to-date: /home/inauenma/git/mecheye_ros2_interface/install/mecheye_ros_interface/lib/python3.12/site-packages/mecheye_ros_interface/srv/_capture_point_cloud.py
[35.300s] -- Up-to-date: /home/inauenma/git/mecheye_ros2_interface/install/mecheye_ros_interface/lib/python3.12/site-packages/mecheye_ros_interface/srv/_get_float_parameter.py
[35.300s] -- Up-to-date: /home/inauenma/git/mecheye_ros2_interface/install/mecheye_ros_interface/lib/python3.12/site-packages/mecheye_ros_interface/srv/_set_float_array_parameter.py
[35.300s] -- Up-to-date: /home/inauenma/git/mecheye_ros2_interface/install/mecheye_ros_interface/lib/python3.12/site-packages/mecheye_ros_interface/__init__.py
[35.300s] -- Up-to-date: /home/inauenma/git/mecheye_ros2_interface/install/mecheye_ros_interface/lib/python3.12/site-packages/mecheye_ros_interface/_mecheye_ros_interface_s.ep.rosidl_typesupport_introspection_c.c
[35.300s] -- Up-to-date: /home/inauenma/git/mecheye_ros2_interface/install/mecheye_ros_interface/lib/python3.12/site-packages/mecheye_ros_interface/_mecheye_ros_interface_s.ep.rosidl_typesupport_c.c
[35.327s] Listing '/home/inauenma/git/mecheye_ros2_interface/install/mecheye_ros_interface/lib/python3.12/site-packages/mecheye_ros_interface'...
[35.327s] Listing '/home/inauenma/git/mecheye_ros2_interface/install/mecheye_ros_interface/lib/python3.12/site-packages/mecheye_ros_interface/srv'...
[35.335s] -- Up-to-date: /home/inauenma/git/mecheye_ros2_interface/install/mecheye_ros_interface/lib/python3.12/site-packages/mecheye_ros_interface/mecheye_ros_interface_s__rosidl_typesupport_fastrtps_c.so
[35.335s] -- Up-to-date: /home/inauenma/git/mecheye_ros2_interface/install/mecheye_ros_interface/lib/python3.12/site-packages/mecheye_ros_interface/mecheye_ros_interface_s__rosidl_typesupport_introspection_c.so
[35.336s] -- Up-to-date: /home/inauenma/git/mecheye_ros2_interface/install/mecheye_ros_interface/lib/python3.12/site-packages/mecheye_ros_interface/mecheye_ros_interface_s__rosidl_typesupport_c.so
[35.336s] -- Up-to-date: /home/inauenma/git/mecheye_ros2_interface/install/mecheye_ros_interface/lib/libmecheye_ros_interface__rosidl_generator_py.so
[35.336s] -- Up-to-date: /home/inauenma/git/mecheye_ros2_interface/install/mecheye_ros_interface/share/mecheye_ros_interface/srv/SetCurrentUserSet.idl
[35.337s] -- Up-to-date: /home/inauenma/git/mecheye_ros2_interface/install/mecheye_ros_interface/share/mecheye_ros_interface/srv/SaveAllSettingsToUserSets.idl
[35.337s] -- Up-to-date: /home/inauenma/git/mecheye_ros2_interface/install/mecheye_ros_interface/share/mecheye_ros_interface/srv/AddUserSet.idl
[35.337s] -- Up-to-date: /home/inauenma/git/mecheye_ros2_interface/install/mecheye_ros_interface/share/mecheye_ros_interface/srv/CaptureColorImage.idl
[35.337s] -- Up-to-date: /home/inauenma/git/mecheye_ros2_interface/install/mecheye_ros_interface/share/mecheye_ros_interface/srv/CaptureStereoColorImages.idl
[35.338s] -- Up-to-date: /home/inauenma/git/mecheye_ros2_interface/install/mecheye_ros_interface/share/mecheye_ros_interface/srv/CaptureTexturedPointCloud.idl
[35.338s] -- Up-to-date: /home/inauenma/git/mecheye_ros2_interface/install/mecheye_ros_interface/share/mecheye_ros_interface/srv/CaptureDepthMap.idl
[35.338s] -- Up-to-date: /home/inauenma/git/mecheye_ros2_interface/install/mecheye_ros_interface/share/mecheye_ros_interface/srv/CapturePointCloud.idl
[35.338s] -- Up-to-date: /home/inauenma/git/mecheye_ros2_interface/install/mecheye_ros_interface/share/mecheye_ros_interface/srv/DeleteUserSet.idl
[35.338s] -- Up-to-date: /home/inauenma/git/mecheye_ros2_interface/install/mecheye_ros_interface/share/mecheye_ros_interface/srv/DeviceInfo.idl
[35.339s] -- Up-to-date: /home/inauenma/git/mecheye_ros2_interface/install/mecheye_ros_interface/share/mecheye_ros_interface/srv/GetAllUserSets.idl
[35.339s] -- Up-to-date: /home/inauenma/git/mecheye_ros2_interface/install/mecheye_ros_interface/share/mecheye_ros_interface/srv/GetCurrentUserSet.idl
[35.339s] -- Up-to-date: /home/inauenma/git/mecheye_ros2_interface/install/mecheye_ros_interface/share/mecheye_ros_interface/srv/SetIntParameter.idl
[35.339s] -- Up-to-date: /home/inauenma/git/mecheye_ros2_interface/install/mecheye_ros_interface/share/mecheye_ros_interface/srv/GetIntParameter.idl
[35.339s] -- Up-to-date: /home/inauenma/git/mecheye_ros2_interface/install/mecheye_ros_interface/share/mecheye_ros_interface/srv/SetRangeParameter.idl
[35.340s] -- Up-to-date: /home/inauenma/git/mecheye_ros2_interface/install/mecheye_ros_interface/share/mecheye_ros_interface/srv/GetRangeParameter.idl
[35.340s] -- Up-to-date: /home/inauenma/git/mecheye_ros2_interface/install/mecheye_ros_interface/share/mecheye_ros_interface/srv/SetBoolParameter.idl
[35.340s] -- Up-to-date: /home/inauenma/git/mecheye_ros2_interface/install/mecheye_ros_interface/share/mecheye_ros_interface/srv/GetBoolParameter.idl
[35.340s] -- Up-to-date: /home/inauenma/git/mecheye_ros2_interface/install/mecheye_ros_interface/share/mecheye_ros_interface/srv/SetEnumParameter.idl
[35.340s] -- Up-to-date: /home/inauenma/git/mecheye_ros2_interface/install/mecheye_ros_interface/share/mecheye_ros_interface/srv/GetEnumParameter.idl
[35.341s] -- Up-to-date: /home/inauenma/git/mecheye_ros2_interface/install/mecheye_ros_interface/share/mecheye_ros_interface/srv/SetFloatParameter.idl
[35.341s] -- Up-to-date: /home/inauenma/git/mecheye_ros2_interface/install/mecheye_ros_interface/share/mecheye_ros_interface/srv/GetFloatParameter.idl
[35.341s] -- Up-to-date: /home/inauenma/git/mecheye_ros2_interface/install/mecheye_ros_interface/share/mecheye_ros_interface/srv/SetFloatArrayParameter.idl
[35.341s] -- Up-to-date: /home/inauenma/git/mecheye_ros2_interface/install/mecheye_ros_interface/share/mecheye_ros_interface/srv/GetFloatArrayParameter.idl
[35.341s] -- Up-to-date: /home/inauenma/git/mecheye_ros2_interface/install/mecheye_ros_interface/share/mecheye_ros_interface/srv/SetROIParameter.idl
[35.342s] -- Up-to-date: /home/inauenma/git/mecheye_ros2_interface/install/mecheye_ros_interface/share/mecheye_ros_interface/srv/GetROIParameter.idl
[35.342s] -- Up-to-date: /home/inauenma/git/mecheye_ros2_interface/install/mecheye_ros_interface/share/mecheye_ros_interface/srv/SetCurrentUserSet.srv
[35.342s] -- Up-to-date: /home/inauenma/git/mecheye_ros2_interface/install/mecheye_ros_interface/share/mecheye_ros_interface/srv/SaveAllSettingsToUserSets.srv
[35.342s] -- Up-to-date: /home/inauenma/git/mecheye_ros2_interface/install/mecheye_ros_interface/share/mecheye_ros_interface/srv/AddUserSet.srv
[35.343s] -- Up-to-date: /home/inauenma/git/mecheye_ros2_interface/install/mecheye_ros_interface/share/mecheye_ros_interface/srv/CaptureColorImage.srv
[35.343s] -- Up-to-date: /home/inauenma/git/mecheye_ros2_interface/install/mecheye_ros_interface/share/mecheye_ros_interface/srv/CaptureStereoColorImages.srv
[35.343s] -- Up-to-date: /home/inauenma/git/mecheye_ros2_interface/install/mecheye_ros_interface/share/mecheye_ros_interface/srv/CaptureTexturedPointCloud.srv
[35.343s] -- Up-to-date: /home/inauenma/git/mecheye_ros2_interface/install/mecheye_ros_interface/share/mecheye_ros_interface/srv/CaptureDepthMap.srv
[35.343s] -- Up-to-date: /home/inauenma/git/mecheye_ros2_interface/install/mecheye_ros_interface/share/mecheye_ros_interface/srv/CapturePointCloud.srv
[35.343s] -- Up-to-date: /home/inauenma/git/mecheye_ros2_interface/install/mecheye_ros_interface/share/mecheye_ros_interface/srv/DeleteUserSet.srv
[35.344s] -- Up-to-date: /home/inauenma/git/mecheye_ros2_interface/install/mecheye_ros_interface/share/mecheye_ros_interface/srv/DeviceInfo.srv
[35.344s] -- Up-to-date: /home/inauenma/git/mecheye_ros2_interface/install/mecheye_ros_interface/share/mecheye_ros_interface/srv/GetAllUserSets.srv
[35.344s] -- Up-to-date: /home/inauenma/git/mecheye_ros2_interface/install/mecheye_ros_interface/share/mecheye_ros_interface/srv/GetCurrentUserSet.srv
[35.344s] -- Up-to-date: /home/inauenma/git/mecheye_ros2_interface/install/mecheye_ros_interface/share/mecheye_ros_interface/srv/SetIntParameter.srv
[35.344s] -- Up-to-date: /home/inauenma/git/mecheye_ros2_interface/install/mecheye_ros_interface/share/mecheye_ros_interface/srv/GetIntParameter.srv
[35.344s] -- Up-to-date: /home/inauenma/git/mecheye_ros2_interface/install/mecheye_ros_interface/share/mecheye_ros_interface/srv/SetRangeParameter.srv
[35.344s] -- Up-to-date: /home/inauenma/git/mecheye_ros2_interface/install/mecheye_ros_interface/share/mecheye_ros_interface/srv/GetRangeParameter.srv
[35.344s] -- Up-to-date: /home/inauenma/git/mecheye_ros2_interface/install/mecheye_ros_interface/share/mecheye_ros_interface/srv/SetBoolParameter.srv
[35.344s] -- Up-to-date: /home/inauenma/git/mecheye_ros2_interface/install/mecheye_ros_interface/share/mecheye_ros_interface/srv/GetBoolParameter.srv
[35.344s] -- Up-to-date: /home/inauenma/git/mecheye_ros2_interface/install/mecheye_ros_interface/share/mecheye_ros_interface/srv/SetEnumParameter.srv
[35.344s] -- Up-to-date: /home/inauenma/git/mecheye_ros2_interface/install/mecheye_ros_interface/share/mecheye_ros_interface/srv/GetEnumParameter.srv
[35.344s] -- Up-to-date: /home/inauenma/git/mecheye_ros2_interface/install/mecheye_ros_interface/share/mecheye_ros_interface/srv/SetFloatParameter.srv
[35.344s] -- Up-to-date: /home/inauenma/git/mecheye_ros2_interface/install/mecheye_ros_interface/share/mecheye_ros_interface/srv/GetFloatParameter.srv
[35.344s] -- Up-to-date: /home/inauenma/git/mecheye_ros2_interface/install/mecheye_ros_interface/share/mecheye_ros_interface/srv/SetFloatArrayParameter.srv
[35.344s] -- Up-to-date: /home/inauenma/git/mecheye_ros2_interface/install/mecheye_ros_interface/share/mecheye_ros_interface/srv/GetFloatArrayParameter.srv
[35.345s] -- Up-to-date: /home/inauenma/git/mecheye_ros2_interface/install/mecheye_ros_interface/share/mecheye_ros_interface/srv/SetROIParameter.srv
[35.345s] -- Up-to-date: /home/inauenma/git/mecheye_ros2_interface/install/mecheye_ros_interface/share/mecheye_ros_interface/srv/GetROIParameter.srv
[35.345s] -- Installing: /home/inauenma/git/mecheye_ros2_interface/install/mecheye_ros_interface/lib/mecheye_ros_interface/start
[35.376s] -- Set non-toolchain portion of runtime path of "/home/inauenma/git/mecheye_ros2_interface/install/mecheye_ros_interface/lib/mecheye_ros_interface/start" to ""
[35.376s] -- Up-to-date: /home/inauenma/git/mecheye_ros2_interface/install/mecheye_ros_interface/include/mecheye_ros_interface
[35.376s] -- Up-to-date: /home/inauenma/git/mecheye_ros2_interface/install/mecheye_ros_interface/include/mecheye_ros_interface/MechMindCamera.h
[35.377s] -- Up-to-date: /home/inauenma/git/mecheye_ros2_interface/install/mecheye_ros_interface/share/mecheye_ros_interface/launch/start_camera.py
[35.377s] -- Up-to-date: /home/inauenma/git/mecheye_ros2_interface/install/mecheye_ros_interface/share/ament_index/resource_index/package_run_dependencies/mecheye_ros_interface
[35.377s] -- Up-to-date: /home/inauenma/git/mecheye_ros2_interface/install/mecheye_ros_interface/share/ament_index/resource_index/parent_prefix_path/mecheye_ros_interface
[35.377s] -- Up-to-date: /home/inauenma/git/mecheye_ros2_interface/install/mecheye_ros_interface/share/mecheye_ros_interface/environment/ament_prefix_path.sh
[35.377s] -- Up-to-date: /home/inauenma/git/mecheye_ros2_interface/install/mecheye_ros_interface/share/mecheye_ros_interface/environment/ament_prefix_path.dsv
[35.378s] -- Up-to-date: /home/inauenma/git/mecheye_ros2_interface/install/mecheye_ros_interface/share/mecheye_ros_interface/environment/path.sh
[35.378s] -- Up-to-date: /home/inauenma/git/mecheye_ros2_interface/install/mecheye_ros_interface/share/mecheye_ros_interface/environment/path.dsv
[35.378s] -- Up-to-date: /home/inauenma/git/mecheye_ros2_interface/install/mecheye_ros_interface/share/mecheye_ros_interface/local_setup.bash
[35.378s] -- Up-to-date: /home/inauenma/git/mecheye_ros2_interface/install/mecheye_ros_interface/share/mecheye_ros_interface/local_setup.sh
[35.378s] -- Up-to-date: /home/inauenma/git/mecheye_ros2_interface/install/mecheye_ros_interface/share/mecheye_ros_interface/local_setup.zsh
[35.378s] -- Up-to-date: /home/inauenma/git/mecheye_ros2_interface/install/mecheye_ros_interface/share/mecheye_ros_interface/local_setup.dsv
[35.379s] -- Installing: /home/inauenma/git/mecheye_ros2_interface/install/mecheye_ros_interface/share/mecheye_ros_interface/package.dsv
[35.379s] -- Up-to-date: /home/inauenma/git/mecheye_ros2_interface/install/mecheye_ros_interface/share/ament_index/resource_index/packages/mecheye_ros_interface
[35.379s] -- Up-to-date: /home/inauenma/git/mecheye_ros2_interface/install/mecheye_ros_interface/share/mecheye_ros_interface/cmake/export_mecheye_ros_interface__rosidl_generator_cExport.cmake
[35.379s] -- Up-to-date: /home/inauenma/git/mecheye_ros2_interface/install/mecheye_ros_interface/share/mecheye_ros_interface/cmake/export_mecheye_ros_interface__rosidl_generator_cExport-noconfig.cmake
[35.379s] -- Up-to-date: /home/inauenma/git/mecheye_ros2_interface/install/mecheye_ros_interface/share/mecheye_ros_interface/cmake/export_mecheye_ros_interface__rosidl_typesupport_fastrtps_cExport.cmake
[35.380s] -- Up-to-date: /home/inauenma/git/mecheye_ros2_interface/install/mecheye_ros_interface/share/mecheye_ros_interface/cmake/export_mecheye_ros_interface__rosidl_typesupport_fastrtps_cExport-noconfig.cmake
[35.380s] -- Up-to-date: /home/inauenma/git/mecheye_ros2_interface/install/mecheye_ros_interface/share/mecheye_ros_interface/cmake/export_mecheye_ros_interface__rosidl_generator_cppExport.cmake
[35.380s] -- Up-to-date: /home/inauenma/git/mecheye_ros2_interface/install/mecheye_ros_interface/share/mecheye_ros_interface/cmake/export_mecheye_ros_interface__rosidl_typesupport_fastrtps_cppExport.cmake
[35.380s] -- Up-to-date: /home/inauenma/git/mecheye_ros2_interface/install/mecheye_ros_interface/share/mecheye_ros_interface/cmake/export_mecheye_ros_interface__rosidl_typesupport_fastrtps_cppExport-noconfig.cmake
[35.380s] -- Up-to-date: /home/inauenma/git/mecheye_ros2_interface/install/mecheye_ros_interface/share/mecheye_ros_interface/cmake/mecheye_ros_interface__rosidl_typesupport_introspection_cExport.cmake
[35.381s] -- Up-to-date: /home/inauenma/git/mecheye_ros2_interface/install/mecheye_ros_interface/share/mecheye_ros_interface/cmake/mecheye_ros_interface__rosidl_typesupport_introspection_cExport-noconfig.cmake
[35.381s] -- Up-to-date: /home/inauenma/git/mecheye_ros2_interface/install/mecheye_ros_interface/share/mecheye_ros_interface/cmake/mecheye_ros_interface__rosidl_typesupport_cExport.cmake
[35.381s] -- Up-to-date: /home/inauenma/git/mecheye_ros2_interface/install/mecheye_ros_interface/share/mecheye_ros_interface/cmake/mecheye_ros_interface__rosidl_typesupport_cExport-noconfig.cmake
[35.381s] -- Up-to-date: /home/inauenma/git/mecheye_ros2_interface/install/mecheye_ros_interface/share/mecheye_ros_interface/cmake/mecheye_ros_interface__rosidl_typesupport_introspection_cppExport.cmake
[35.381s] -- Up-to-date: /home/inauenma/git/mecheye_ros2_interface/install/mecheye_ros_interface/share/mecheye_ros_interface/cmake/mecheye_ros_interface__rosidl_typesupport_introspection_cppExport-noconfig.cmake
[35.382s] -- Up-to-date: /home/inauenma/git/mecheye_ros2_interface/install/mecheye_ros_interface/share/mecheye_ros_interface/cmake/mecheye_ros_interface__rosidl_typesupport_cppExport.cmake
[35.382s] -- Up-to-date: /home/inauenma/git/mecheye_ros2_interface/install/mecheye_ros_interface/share/mecheye_ros_interface/cmake/mecheye_ros_interface__rosidl_typesupport_cppExport-noconfig.cmake
[35.382s] -- Up-to-date: /home/inauenma/git/mecheye_ros2_interface/install/mecheye_ros_interface/share/mecheye_ros_interface/cmake/export_mecheye_ros_interface__rosidl_generator_pyExport.cmake
[35.382s] -- Up-to-date: /home/inauenma/git/mecheye_ros2_interface/install/mecheye_ros_interface/share/mecheye_ros_interface/cmake/export_mecheye_ros_interface__rosidl_generator_pyExport-noconfig.cmake
[35.382s] -- Up-to-date: /home/inauenma/git/mecheye_ros2_interface/install/mecheye_ros_interface/share/mecheye_ros_interface/cmake/rosidl_cmake-extras.cmake
[35.382s] -- Up-to-date: /home/inauenma/git/mecheye_ros2_interface/install/mecheye_ros_interface/share/mecheye_ros_interface/cmake/ament_cmake_export_dependencies-extras.cmake
[35.382s] -- Up-to-date: /home/inauenma/git/mecheye_ros2_interface/install/mecheye_ros_interface/share/mecheye_ros_interface/cmake/ament_cmake_export_include_directories-extras.cmake
[35.382s] -- Up-to-date: /home/inauenma/git/mecheye_ros2_interface/install/mecheye_ros_interface/share/mecheye_ros_interface/cmake/ament_cmake_export_libraries-extras.cmake
[35.382s] -- Up-to-date: /home/inauenma/git/mecheye_ros2_interface/install/mecheye_ros_interface/share/mecheye_ros_interface/cmake/ament_cmake_export_targets-extras.cmake
[35.382s] -- Up-to-date: /home/inauenma/git/mecheye_ros2_interface/install/mecheye_ros_interface/share/mecheye_ros_interface/cmake/rosidl_cmake_export_typesupport_targets-extras.cmake
[35.382s] -- Up-to-date: /home/inauenma/git/mecheye_ros2_interface/install/mecheye_ros_interface/share/mecheye_ros_interface/cmake/rosidl_cmake_export_typesupport_libraries-extras.cmake
[35.382s] -- Up-to-date: /home/inauenma/git/mecheye_ros2_interface/install/mecheye_ros_interface/share/mecheye_ros_interface/cmake/mecheye_ros_interfaceConfig.cmake
[35.382s] -- Up-to-date: /home/inauenma/git/mecheye_ros2_interface/install/mecheye_ros_interface/share/mecheye_ros_interface/cmake/mecheye_ros_interfaceConfig-version.cmake
[35.382s] -- Up-to-date: /home/inauenma/git/mecheye_ros2_interface/install/mecheye_ros_interface/share/mecheye_ros_interface/package.xml
[35.386s] Invoked command in '/home/inauenma/git/mecheye_ros2_interface/build/mecheye_ros_interface' returned '0': CMAKE_PREFIX_PATH=${CMAKE_PREFIX_PATH}:/home/inauenma/ros2_ws/install/mesh_control_ros:/home/inauenma/moveit_ws/install/moveit_configs_utils:/opt/ros/jazzy DEBUGINFOD_URLS=https://debuginfod.ubuntu.com /usr/bin/cmake --install /home/inauenma/git/mecheye_ros2_interface/build/mecheye_ros_interface
