[0.028s] Invoking command in '/home/inauenma/git/mecheye_ros2_interface/build/mecheye_ros_interface': CMAKE_PREFIX_PATH=${CMAKE_PREFIX_PATH}:/home/inauenma/ros2_ws/install/mesh_control_ros:/home/inauenma/moveit_ws/install/moveit_configs_utils:/opt/ros/jazzy DEBUGINFOD_URLS=https://debuginfod.ubuntu.com /usr/bin/cmake --build /home/inauenma/git/mecheye_ros2_interface/build/mecheye_ros_interface -- -j16 -l16
[0.086s] /usr/bin/cmake -S/home/inauenma/git/mecheye_ros2_interface -B/home/inauenma/git/mecheye_ros2_interface/build/mecheye_ros_interface --check-build-system CMakeFiles/Makefile.cmake 0
[0.137s] -- Found ament_cmake: 2.5.5 (/opt/ros/jazzy/share/ament_cmake/cmake)
[0.191s] -- Found Python3: /usr/bin/python3 (found version "3.12.3") found components: Interpreter 
[0.346s] -- Found Boost: /usr/lib/x86_64-linux-gnu/cmake/Boost-1.83.0/BoostConfig.cmake (found version "1.83.0")  
[0.348s] -- Found cv_bridge: 4.1.0 (/opt/ros/jazzy/share/cv_bridge/cmake)
[0.594s] -- Found rosidl_generator_c: 4.6.7 (/opt/ros/jazzy/share/rosidl_generator_c/cmake)
[0.610s] -- Found rosidl_generator_cpp: 4.6.7 (/opt/ros/jazzy/share/rosidl_generator_cpp/cmake)
[0.629s] -- Using all available rosidl_typesupport_c: rosidl_typesupport_fastrtps_c;rosidl_typesupport_introspection_c
[0.658s] -- Using all available rosidl_typesupport_cpp: rosidl_typesupport_fastrtps_cpp;rosidl_typesupport_introspection_cpp
[0.851s] -- Found rmw_implementation_cmake: 7.3.3 (/opt/ros/jazzy/share/rmw_implementation_cmake/cmake)
[0.860s] -- Found rmw_fastrtps_cpp: 8.4.3 (/opt/ros/jazzy/share/rmw_fastrtps_cpp/cmake)
[1.434s] -- Using RMW implementation 'rmw_fastrtps_cpp' as default
[1.852s] -- Found image_transport: 5.1.7 (/opt/ros/jazzy/share/image_transport/cmake)
[1.937s] -- Found Boost: /usr/lib/x86_64-linux-gnu/cmake/Boost-1.83.0/BoostConfig.cmake (found suitable version "1.83.0", minimum required is "1.65.0") found components: system filesystem iostreams serialization 
[1.942s] CMake Warning (dev) at /usr/lib/x86_64-linux-gnu/cmake/pcl/Modules/FindFLANN.cmake:45 (find_package):
[1.942s]   Policy CMP0144 is not set: find_package uses upper-case <PACKAGENAME>_ROOT
[1.942s]   variables.  Run "cmake --help-policy CMP0144" for policy details.  Use the
[1.942s]   cmake_policy command to set the policy and suppress this warning.
[1.942s] 
[1.942s]   CMake variable FLANN_ROOT is set to:
[1.942s] 
[1.943s]     /usr
[1.943s] 
[1.943s]   For compatibility, find_package is ignoring the variable, but code in a
[1.943s]   .cmake module might still use it.
[1.943s] Call Stack (most recent call first):
[1.943s]   /usr/lib/x86_64-linux-gnu/cmake/pcl/PCLConfig.cmake:261 (find_package)
[1.943s]   /usr/lib/x86_64-linux-gnu/cmake/pcl/PCLConfig.cmake:306 (find_flann)
[1.943s]   /usr/lib/x86_64-linux-gnu/cmake/pcl/PCLConfig.cmake:570 (find_external_library)
[1.944s]   CMakeLists.txt:15 (find_package)
[1.944s] This warning is for project developers.  Use -Wno-dev to suppress it.
[1.944s] 
[1.954s] -- Found flann version 1.9.2
[15.460s] -- OpenNI found (version: 1.5.4.0, include: /usr/include/ni, lib: /usr/lib/libOpenNI.so;libusb::libusb)
[15.469s] -- OpenNI2 found (version: 2.2.0.33, include: /usr/include/openni2, lib: /usr/lib/x86_64-linux-gnu/libOpenNI2.so;libusb::libusb)
[15.612s] -- Could NOT find Pcap (missing: PCAP_LIBRARIES PCAP_INCLUDE_DIRS) 
[15.612s] ** WARNING ** io features related to pcap will be disabled
[25.359s] -- OpenNI found (version: 1.5.4.0, include: /usr/include/ni, lib: /usr/lib/libOpenNI.so;libusb::libusb)
[25.368s] -- OpenNI2 found (version: 2.2.0.33, include: /usr/include/openni2, lib: /usr/lib/x86_64-linux-gnu/libOpenNI2.so;libusb::libusb)
[34.021s] -- Found Qhull version 8.0.2
[42.748s] -- OpenNI found (version: 1.5.4.0, include: /usr/include/ni, lib: /usr/lib/libOpenNI.so;libusb::libusb)
[50.930s] -- looking for PCL_COMMON
[50.930s] -- looking for PCL_KDTREE
[50.931s] -- looking for PCL_OCTREE
[50.931s] -- looking for PCL_SEARCH
[50.931s] -- looking for PCL_SAMPLE_CONSENSUS
[50.931s] -- looking for PCL_FILTERS
[50.932s] -- looking for PCL_2D
[50.932s] -- looking for PCL_GEOMETRY
[50.932s] -- looking for PCL_IO
[50.933s] -- looking for PCL_FEATURES
[50.933s] -- looking for PCL_ML
[50.934s] -- looking for PCL_SEGMENTATION
[50.934s] -- looking for PCL_VISUALIZATION
[50.935s] -- looking for PCL_SURFACE
[50.935s] -- looking for PCL_REGISTRATION
[50.936s] -- looking for PCL_KEYPOINTS
[50.936s] -- looking for PCL_TRACKING
[50.937s] -- looking for PCL_RECOGNITION
[50.937s] -- looking for PCL_STEREO
[50.938s] -- looking for PCL_APPS
[50.939s] -- looking for PCL_IN_HAND_SCANNER
[50.939s] -- looking for PCL_MODELER
[50.939s] -- looking for PCL_POINT_CLOUD_EDITOR
[50.940s] -- looking for PCL_OUTOFCORE
[50.940s] -- looking for PCL_PEOPLE
[50.941s] -- Found pcl_conversions: 2.6.2 (/opt/ros/jazzy/share/pcl_conversions/cmake)
[50.969s] -- Found rosidl_default_generators: 1.6.0 (/opt/ros/jazzy/share/rosidl_default_generators/cmake)
[50.982s] -- Found rosidl_adapter: 4.6.7 (/opt/ros/jazzy/share/rosidl_adapter/cmake)
[50.984s] -- Found tf2: 0.36.19 (/opt/ros/jazzy/share/tf2/cmake)
[51.403s] -- Found ament_cmake_ros: 0.12.0 (/opt/ros/jazzy/share/ament_cmake_ros/cmake)
[51.743s] -- Using all available rosidl_typesupport_c: rosidl_typesupport_fastrtps_c;rosidl_typesupport_introspection_c
[51.875s] -- Using all available rosidl_typesupport_cpp: rosidl_typesupport_fastrtps_cpp;rosidl_typesupport_introspection_cpp
[51.877s] -- Found python_cmake_module: 0.11.1 (/opt/ros/jazzy/share/python_cmake_module/cmake)
[52.148s] -- Found Python3: /usr/bin/python3 (found version "3.12.3") found components: Interpreter Development NumPy Development.Module Development.Embed 
[52.239s] -- Configuring done (52.1s)
[52.395s] -- Generating done (0.1s)
[52.419s] -- Build files have been written to: /home/inauenma/git/mecheye_ros2_interface/build/mecheye_ros_interface
[52.456s] /usr/bin/cmake -E cmake_progress_start /home/inauenma/git/mecheye_ros2_interface/build/mecheye_ros_interface/CMakeFiles /home/inauenma/git/mecheye_ros2_interface/build/mecheye_ros_interface//CMakeFiles/progress.marks
[52.476s] /usr/bin/gmake  -f CMakeFiles/Makefile2 all
[52.479s] gmake[1]: Entering directory '/home/inauenma/git/mecheye_ros2_interface/build/mecheye_ros_interface'
[52.479s] /usr/bin/gmake  -f CMakeFiles/mecheye_ros_interface__rosidl_generator_type_description.dir/build.make CMakeFiles/mecheye_ros_interface__rosidl_generator_type_description.dir/depend
[52.479s] /usr/bin/gmake  -f CMakeFiles/ament_cmake_python_copy_mecheye_ros_interface.dir/build.make CMakeFiles/ament_cmake_python_copy_mecheye_ros_interface.dir/depend
[52.482s] gmake[2]: Entering directory '/home/inauenma/git/mecheye_ros2_interface/build/mecheye_ros_interface'
[52.482s] cd /home/inauenma/git/mecheye_ros2_interface/build/mecheye_ros_interface && /usr/bin/cmake -E cmake_depends "Unix Makefiles" /home/inauenma/git/mecheye_ros2_interface /home/inauenma/git/mecheye_ros2_interface /home/inauenma/git/mecheye_ros2_interface/build/mecheye_ros_interface /home/inauenma/git/mecheye_ros2_interface/build/mecheye_ros_interface /home/inauenma/git/mecheye_ros2_interface/build/mecheye_ros_interface/CMakeFiles/ament_cmake_python_copy_mecheye_ros_interface.dir/DependInfo.cmake "--color="
[52.482s] gmake[2]: Entering directory '/home/inauenma/git/mecheye_ros2_interface/build/mecheye_ros_interface'
[52.482s] cd /home/inauenma/git/mecheye_ros2_interface/build/mecheye_ros_interface && /usr/bin/cmake -E cmake_depends "Unix Makefiles" /home/inauenma/git/mecheye_ros2_interface /home/inauenma/git/mecheye_ros2_interface /home/inauenma/git/mecheye_ros2_interface/build/mecheye_ros_interface /home/inauenma/git/mecheye_ros2_interface/build/mecheye_ros_interface /home/inauenma/git/mecheye_ros2_interface/build/mecheye_ros_interface/CMakeFiles/mecheye_ros_interface__rosidl_generator_type_description.dir/DependInfo.cmake "--color="
[52.501s] gmake[2]: Leaving directory '/home/inauenma/git/mecheye_ros2_interface/build/mecheye_ros_interface'
[52.501s] gmake[2]: Leaving directory '/home/inauenma/git/mecheye_ros2_interface/build/mecheye_ros_interface'
[52.501s] /usr/bin/gmake  -f CMakeFiles/ament_cmake_python_copy_mecheye_ros_interface.dir/build.make CMakeFiles/ament_cmake_python_copy_mecheye_ros_interface.dir/build
[52.501s] /usr/bin/gmake  -f CMakeFiles/mecheye_ros_interface__rosidl_generator_type_description.dir/build.make CMakeFiles/mecheye_ros_interface__rosidl_generator_type_description.dir/build
[52.503s] gmake[2]: Entering directory '/home/inauenma/git/mecheye_ros2_interface/build/mecheye_ros_interface'
[52.503s] /usr/bin/cmake -E copy_directory /home/inauenma/git/mecheye_ros2_interface/build/mecheye_ros_interface/rosidl_generator_py/mecheye_ros_interface /home/inauenma/git/mecheye_ros2_interface/build/mecheye_ros_interface/ament_cmake_python/mecheye_ros_interface/mecheye_ros_interface
[52.503s] gmake[2]: Entering directory '/home/inauenma/git/mecheye_ros2_interface/build/mecheye_ros_interface'
[52.503s] gmake[2]: Nothing to be done for 'CMakeFiles/mecheye_ros_interface__rosidl_generator_type_description.dir/build'.
[52.504s] gmake[2]: Leaving directory '/home/inauenma/git/mecheye_ros2_interface/build/mecheye_ros_interface'
[52.521s] [  1%] Built target mecheye_ros_interface__rosidl_generator_type_description
[52.522s] /usr/bin/gmake  -f CMakeFiles/mecheye_ros_interface__cpp.dir/build.make CMakeFiles/mecheye_ros_interface__cpp.dir/depend
[52.523s] /usr/bin/gmake  -f CMakeFiles/mecheye_ros_interface__rosidl_generator_c.dir/build.make CMakeFiles/mecheye_ros_interface__rosidl_generator_c.dir/depend
[52.526s] gmake[2]: Entering directory '/home/inauenma/git/mecheye_ros2_interface/build/mecheye_ros_interface'
[52.527s] cd /home/inauenma/git/mecheye_ros2_interface/build/mecheye_ros_interface && /usr/bin/cmake -E cmake_depends "Unix Makefiles" /home/inauenma/git/mecheye_ros2_interface /home/inauenma/git/mecheye_ros2_interface /home/inauenma/git/mecheye_ros2_interface/build/mecheye_ros_interface /home/inauenma/git/mecheye_ros2_interface/build/mecheye_ros_interface /home/inauenma/git/mecheye_ros2_interface/build/mecheye_ros_interface/CMakeFiles/mecheye_ros_interface__cpp.dir/DependInfo.cmake "--color="
[52.531s] gmake[2]: Entering directory '/home/inauenma/git/mecheye_ros2_interface/build/mecheye_ros_interface'
[52.531s] cd /home/inauenma/git/mecheye_ros2_interface/build/mecheye_ros_interface && /usr/bin/cmake -E cmake_depends "Unix Makefiles" /home/inauenma/git/mecheye_ros2_interface /home/inauenma/git/mecheye_ros2_interface /home/inauenma/git/mecheye_ros2_interface/build/mecheye_ros_interface /home/inauenma/git/mecheye_ros2_interface/build/mecheye_ros_interface /home/inauenma/git/mecheye_ros2_interface/build/mecheye_ros_interface/CMakeFiles/mecheye_ros_interface__rosidl_generator_c.dir/DependInfo.cmake "--color="
[52.542s] gmake[2]: Leaving directory '/home/inauenma/git/mecheye_ros2_interface/build/mecheye_ros_interface'
[52.557s] gmake[2]: Leaving directory '/home/inauenma/git/mecheye_ros2_interface/build/mecheye_ros_interface'
[52.558s] /usr/bin/gmake  -f CMakeFiles/mecheye_ros_interface__cpp.dir/build.make CMakeFiles/mecheye_ros_interface__cpp.dir/build
[52.563s] gmake[2]: Entering directory '/home/inauenma/git/mecheye_ros2_interface/build/mecheye_ros_interface'
[52.563s] gmake[2]: Nothing to be done for 'CMakeFiles/mecheye_ros_interface__cpp.dir/build'.
[52.563s] gmake[2]: Leaving directory '/home/inauenma/git/mecheye_ros2_interface/build/mecheye_ros_interface'
[52.571s] [  1%] Built target ament_cmake_python_copy_mecheye_ros_interface
[52.573s] /usr/bin/gmake  -f CMakeFiles/ament_cmake_python_build_mecheye_ros_interface_egg.dir/build.make CMakeFiles/ament_cmake_python_build_mecheye_ros_interface_egg.dir/depend
[52.576s] gmake[2]: Entering directory '/home/inauenma/git/mecheye_ros2_interface/build/mecheye_ros_interface'
[52.576s] cd /home/inauenma/git/mecheye_ros2_interface/build/mecheye_ros_interface && /usr/bin/cmake -E cmake_depends "Unix Makefiles" /home/inauenma/git/mecheye_ros2_interface /home/inauenma/git/mecheye_ros2_interface /home/inauenma/git/mecheye_ros2_interface/build/mecheye_ros_interface /home/inauenma/git/mecheye_ros2_interface/build/mecheye_ros_interface /home/inauenma/git/mecheye_ros2_interface/build/mecheye_ros_interface/CMakeFiles/ament_cmake_python_build_mecheye_ros_interface_egg.dir/DependInfo.cmake "--color="
[52.588s] [  1%] Built target mecheye_ros_interface__cpp
[52.602s] gmake[2]: Leaving directory '/home/inauenma/git/mecheye_ros2_interface/build/mecheye_ros_interface'
[52.602s] /usr/bin/gmake  -f CMakeFiles/ament_cmake_python_build_mecheye_ros_interface_egg.dir/build.make CMakeFiles/ament_cmake_python_build_mecheye_ros_interface_egg.dir/build
[52.604s] gmake[2]: Leaving directory '/home/inauenma/git/mecheye_ros2_interface/build/mecheye_ros_interface'
[52.604s] /usr/bin/gmake  -f CMakeFiles/mecheye_ros_interface__rosidl_generator_c.dir/build.make CMakeFiles/mecheye_ros_interface__rosidl_generator_c.dir/build
[52.605s] gmake[2]: Entering directory '/home/inauenma/git/mecheye_ros2_interface/build/mecheye_ros_interface'
[52.605s] cd /home/inauenma/git/mecheye_ros2_interface/build/mecheye_ros_interface/ament_cmake_python/mecheye_ros_interface && /usr/bin/python3 setup.py egg_info
[52.619s] gmake[2]: Entering directory '/home/inauenma/git/mecheye_ros2_interface/build/mecheye_ros_interface'
[52.619s] gmake[2]: Nothing to be done for 'CMakeFiles/mecheye_ros_interface__rosidl_generator_c.dir/build'.
[52.619s] gmake[2]: Leaving directory '/home/inauenma/git/mecheye_ros2_interface/build/mecheye_ros_interface'
[52.642s] [ 29%] Built target mecheye_ros_interface__rosidl_generator_c
[52.643s] /usr/bin/gmake  -f CMakeFiles/mecheye_ros_interface__rosidl_typesupport_cpp.dir/build.make CMakeFiles/mecheye_ros_interface__rosidl_typesupport_cpp.dir/depend
[52.644s] /usr/bin/gmake  -f CMakeFiles/mecheye_ros_interface__rosidl_typesupport_fastrtps_c.dir/build.make CMakeFiles/mecheye_ros_interface__rosidl_typesupport_fastrtps_c.dir/depend
[52.644s] /usr/bin/gmake  -f CMakeFiles/mecheye_ros_interface__rosidl_typesupport_fastrtps_cpp.dir/build.make CMakeFiles/mecheye_ros_interface__rosidl_typesupport_fastrtps_cpp.dir/depend
[52.645s] /usr/bin/gmake  -f CMakeFiles/mecheye_ros_interface__rosidl_typesupport_introspection_c.dir/build.make CMakeFiles/mecheye_ros_interface__rosidl_typesupport_introspection_c.dir/depend
[52.645s] /usr/bin/gmake  -f CMakeFiles/mecheye_ros_interface__rosidl_typesupport_c.dir/build.make CMakeFiles/mecheye_ros_interface__rosidl_typesupport_c.dir/depend
[52.646s] /usr/bin/gmake  -f CMakeFiles/mecheye_ros_interface__rosidl_typesupport_introspection_cpp.dir/build.make CMakeFiles/mecheye_ros_interface__rosidl_typesupport_introspection_cpp.dir/depend
[52.649s] gmake[2]: Entering directory '/home/inauenma/git/mecheye_ros2_interface/build/mecheye_ros_interface'
[52.649s] cd /home/inauenma/git/mecheye_ros2_interface/build/mecheye_ros_interface && /usr/bin/cmake -E cmake_depends "Unix Makefiles" /home/inauenma/git/mecheye_ros2_interface /home/inauenma/git/mecheye_ros2_interface /home/inauenma/git/mecheye_ros2_interface/build/mecheye_ros_interface /home/inauenma/git/mecheye_ros2_interface/build/mecheye_ros_interface /home/inauenma/git/mecheye_ros2_interface/build/mecheye_ros_interface/CMakeFiles/mecheye_ros_interface__rosidl_typesupport_cpp.dir/DependInfo.cmake "--color="
[52.650s] gmake[2]: Entering directory '/home/inauenma/git/mecheye_ros2_interface/build/mecheye_ros_interface'
[52.650s] cd /home/inauenma/git/mecheye_ros2_interface/build/mecheye_ros_interface && /usr/bin/cmake -E cmake_depends "Unix Makefiles" /home/inauenma/git/mecheye_ros2_interface /home/inauenma/git/mecheye_ros2_interface /home/inauenma/git/mecheye_ros2_interface/build/mecheye_ros_interface /home/inauenma/git/mecheye_ros2_interface/build/mecheye_ros_interface /home/inauenma/git/mecheye_ros2_interface/build/mecheye_ros_interface/CMakeFiles/mecheye_ros_interface__rosidl_typesupport_fastrtps_c.dir/DependInfo.cmake "--color="
[52.651s] gmake[2]: Entering directory '/home/inauenma/git/mecheye_ros2_interface/build/mecheye_ros_interface'
[52.651s] cd /home/inauenma/git/mecheye_ros2_interface/build/mecheye_ros_interface && /usr/bin/cmake -E cmake_depends "Unix Makefiles" /home/inauenma/git/mecheye_ros2_interface /home/inauenma/git/mecheye_ros2_interface /home/inauenma/git/mecheye_ros2_interface/build/mecheye_ros_interface /home/inauenma/git/mecheye_ros2_interface/build/mecheye_ros_interface /home/inauenma/git/mecheye_ros2_interface/build/mecheye_ros_interface/CMakeFiles/mecheye_ros_interface__rosidl_typesupport_fastrtps_cpp.dir/DependInfo.cmake "--color="
[52.651s] gmake[2]: Entering directory '/home/inauenma/git/mecheye_ros2_interface/build/mecheye_ros_interface'
[52.652s] cd /home/inauenma/git/mecheye_ros2_interface/build/mecheye_ros_interface && /usr/bin/cmake -E cmake_depends "Unix Makefiles" /home/inauenma/git/mecheye_ros2_interface /home/inauenma/git/mecheye_ros2_interface /home/inauenma/git/mecheye_ros2_interface/build/mecheye_ros_interface /home/inauenma/git/mecheye_ros2_interface/build/mecheye_ros_interface /home/inauenma/git/mecheye_ros2_interface/build/mecheye_ros_interface/CMakeFiles/mecheye_ros_interface__rosidl_typesupport_introspection_c.dir/DependInfo.cmake "--color="
[52.652s] gmake[2]: Entering directory '/home/inauenma/git/mecheye_ros2_interface/build/mecheye_ros_interface'
[52.652s] cd /home/inauenma/git/mecheye_ros2_interface/build/mecheye_ros_interface && /usr/bin/cmake -E cmake_depends "Unix Makefiles" /home/inauenma/git/mecheye_ros2_interface /home/inauenma/git/mecheye_ros2_interface /home/inauenma/git/mecheye_ros2_interface/build/mecheye_ros_interface /home/inauenma/git/mecheye_ros2_interface/build/mecheye_ros_interface /home/inauenma/git/mecheye_ros2_interface/build/mecheye_ros_interface/CMakeFiles/mecheye_ros_interface__rosidl_typesupport_c.dir/DependInfo.cmake "--color="
[52.652s] gmake[2]: Entering directory '/home/inauenma/git/mecheye_ros2_interface/build/mecheye_ros_interface'
[52.652s] cd /home/inauenma/git/mecheye_ros2_interface/build/mecheye_ros_interface && /usr/bin/cmake -E cmake_depends "Unix Makefiles" /home/inauenma/git/mecheye_ros2_interface /home/inauenma/git/mecheye_ros2_interface /home/inauenma/git/mecheye_ros2_interface/build/mecheye_ros_interface /home/inauenma/git/mecheye_ros2_interface/build/mecheye_ros_interface /home/inauenma/git/mecheye_ros2_interface/build/mecheye_ros_interface/CMakeFiles/mecheye_ros_interface__rosidl_typesupport_introspection_cpp.dir/DependInfo.cmake "--color="
[52.701s] gmake[2]: Leaving directory '/home/inauenma/git/mecheye_ros2_interface/build/mecheye_ros_interface'
[52.701s] /usr/bin/gmake  -f CMakeFiles/mecheye_ros_interface__rosidl_typesupport_introspection_c.dir/build.make CMakeFiles/mecheye_ros_interface__rosidl_typesupport_introspection_c.dir/build
[52.703s] gmake[2]: Leaving directory '/home/inauenma/git/mecheye_ros2_interface/build/mecheye_ros_interface'
[52.703s] /usr/bin/gmake  -f CMakeFiles/mecheye_ros_interface__rosidl_typesupport_c.dir/build.make CMakeFiles/mecheye_ros_interface__rosidl_typesupport_c.dir/build
[52.715s] gmake[2]: Entering directory '/home/inauenma/git/mecheye_ros2_interface/build/mecheye_ros_interface'
[52.715s] gmake[2]: Nothing to be done for 'CMakeFiles/mecheye_ros_interface__rosidl_typesupport_c.dir/build'.
[52.715s] gmake[2]: Leaving directory '/home/inauenma/git/mecheye_ros2_interface/build/mecheye_ros_interface'
[52.722s] gmake[2]: Entering directory '/home/inauenma/git/mecheye_ros2_interface/build/mecheye_ros_interface'
[52.722s] gmake[2]: Nothing to be done for 'CMakeFiles/mecheye_ros_interface__rosidl_typesupport_introspection_c.dir/build'.
[52.722s] gmake[2]: Leaving directory '/home/inauenma/git/mecheye_ros2_interface/build/mecheye_ros_interface'
[52.731s] gmake[2]: Leaving directory '/home/inauenma/git/mecheye_ros2_interface/build/mecheye_ros_interface'
[52.731s] /usr/bin/gmake  -f CMakeFiles/mecheye_ros_interface__rosidl_typesupport_cpp.dir/build.make CMakeFiles/mecheye_ros_interface__rosidl_typesupport_cpp.dir/build
[52.746s] gmake[2]: Leaving directory '/home/inauenma/git/mecheye_ros2_interface/build/mecheye_ros_interface'
[52.747s] /usr/bin/gmake  -f CMakeFiles/mecheye_ros_interface__rosidl_typesupport_introspection_cpp.dir/build.make CMakeFiles/mecheye_ros_interface__rosidl_typesupport_introspection_cpp.dir/build
[52.747s] gmake[2]: Leaving directory '/home/inauenma/git/mecheye_ros2_interface/build/mecheye_ros_interface'
[52.747s] /usr/bin/gmake  -f CMakeFiles/mecheye_ros_interface__rosidl_typesupport_fastrtps_c.dir/build.make CMakeFiles/mecheye_ros_interface__rosidl_typesupport_fastrtps_c.dir/build
[52.756s] gmake[2]: Entering directory '/home/inauenma/git/mecheye_ros2_interface/build/mecheye_ros_interface'
[52.756s] gmake[2]: Nothing to be done for 'CMakeFiles/mecheye_ros_interface__rosidl_typesupport_cpp.dir/build'.
[52.756s] gmake[2]: Leaving directory '/home/inauenma/git/mecheye_ros2_interface/build/mecheye_ros_interface'
[52.759s] gmake[2]: Leaving directory '/home/inauenma/git/mecheye_ros2_interface/build/mecheye_ros_interface'
[52.761s] /usr/bin/gmake  -f CMakeFiles/mecheye_ros_interface__rosidl_typesupport_fastrtps_cpp.dir/build.make CMakeFiles/mecheye_ros_interface__rosidl_typesupport_fastrtps_cpp.dir/build
[52.763s] [ 39%] Built target mecheye_ros_interface__rosidl_typesupport_c
[52.767s] gmake[2]: Entering directory '/home/inauenma/git/mecheye_ros2_interface/build/mecheye_ros_interface'
[52.767s] gmake[2]: Nothing to be done for 'CMakeFiles/mecheye_ros_interface__rosidl_typesupport_introspection_cpp.dir/build'.
[52.768s] gmake[2]: Leaving directory '/home/inauenma/git/mecheye_ros2_interface/build/mecheye_ros_interface'
[52.769s] gmake[2]: Entering directory '/home/inauenma/git/mecheye_ros2_interface/build/mecheye_ros_interface'
[52.769s] gmake[2]: Nothing to be done for 'CMakeFiles/mecheye_ros_interface__rosidl_typesupport_fastrtps_c.dir/build'.
[52.769s] gmake[2]: Leaving directory '/home/inauenma/git/mecheye_ros2_interface/build/mecheye_ros_interface'
[52.770s] [ 49%] Built target mecheye_ros_interface__rosidl_typesupport_introspection_c
[52.786s] gmake[2]: Entering directory '/home/inauenma/git/mecheye_ros2_interface/build/mecheye_ros_interface'
[52.786s] gmake[2]: Nothing to be done for 'CMakeFiles/mecheye_ros_interface__rosidl_typesupport_fastrtps_cpp.dir/build'.
[52.786s] gmake[2]: Leaving directory '/home/inauenma/git/mecheye_ros2_interface/build/mecheye_ros_interface'
[52.800s] [ 67%] Built target mecheye_ros_interface__rosidl_typesupport_introspection_cpp
[52.800s] [ 67%] Built target mecheye_ros_interface__rosidl_typesupport_cpp
[52.804s] /usr/bin/gmake  -f CMakeFiles/start.dir/build.make CMakeFiles/start.dir/depend
[52.804s] [ 77%] Built target mecheye_ros_interface__rosidl_typesupport_fastrtps_c
[52.808s] gmake[2]: Entering directory '/home/inauenma/git/mecheye_ros2_interface/build/mecheye_ros_interface'
[52.809s] cd /home/inauenma/git/mecheye_ros2_interface/build/mecheye_ros_interface && /usr/bin/cmake -E cmake_depends "Unix Makefiles" /home/inauenma/git/mecheye_ros2_interface /home/inauenma/git/mecheye_ros2_interface /home/inauenma/git/mecheye_ros2_interface/build/mecheye_ros_interface /home/inauenma/git/mecheye_ros2_interface/build/mecheye_ros_interface /home/inauenma/git/mecheye_ros2_interface/build/mecheye_ros_interface/CMakeFiles/start.dir/DependInfo.cmake "--color="
[52.815s] [ 87%] Built target mecheye_ros_interface__rosidl_typesupport_fastrtps_cpp
[52.816s] /usr/bin/gmake  -f CMakeFiles/mecheye_ros_interface.dir/build.make CMakeFiles/mecheye_ros_interface.dir/depend
[52.819s] gmake[2]: Entering directory '/home/inauenma/git/mecheye_ros2_interface/build/mecheye_ros_interface'
[52.820s] cd /home/inauenma/git/mecheye_ros2_interface/build/mecheye_ros_interface && /usr/bin/cmake -E cmake_depends "Unix Makefiles" /home/inauenma/git/mecheye_ros2_interface /home/inauenma/git/mecheye_ros2_interface /home/inauenma/git/mecheye_ros2_interface/build/mecheye_ros_interface /home/inauenma/git/mecheye_ros2_interface/build/mecheye_ros_interface /home/inauenma/git/mecheye_ros2_interface/build/mecheye_ros_interface/CMakeFiles/mecheye_ros_interface.dir/DependInfo.cmake "--color="
[52.845s] gmake[2]: Leaving directory '/home/inauenma/git/mecheye_ros2_interface/build/mecheye_ros_interface'
[52.846s] /usr/bin/gmake  -f CMakeFiles/mecheye_ros_interface.dir/build.make CMakeFiles/mecheye_ros_interface.dir/build
[52.850s] gmake[2]: Entering directory '/home/inauenma/git/mecheye_ros2_interface/build/mecheye_ros_interface'
[52.850s] gmake[2]: Nothing to be done for 'CMakeFiles/mecheye_ros_interface.dir/build'.
[52.850s] gmake[2]: Leaving directory '/home/inauenma/git/mecheye_ros2_interface/build/mecheye_ros_interface'
[52.867s] gmake[2]: Leaving directory '/home/inauenma/git/mecheye_ros2_interface/build/mecheye_ros_interface'
[52.867s] /usr/bin/gmake  -f CMakeFiles/start.dir/build.make CMakeFiles/start.dir/build
[52.875s] [ 87%] Built target mecheye_ros_interface
[52.877s] /usr/bin/gmake  -f mecheye_ros_interface__py/CMakeFiles/mecheye_ros_interface__py.dir/build.make mecheye_ros_interface__py/CMakeFiles/mecheye_ros_interface__py.dir/depend
[52.881s] gmake[2]: Entering directory '/home/inauenma/git/mecheye_ros2_interface/build/mecheye_ros_interface'
[52.882s] cd /home/inauenma/git/mecheye_ros2_interface/build/mecheye_ros_interface && /usr/bin/cmake -E cmake_depends "Unix Makefiles" /home/inauenma/git/mecheye_ros2_interface /home/inauenma/git/mecheye_ros2_interface/build/mecheye_ros_interface/mecheye_ros_interface__py /home/inauenma/git/mecheye_ros2_interface/build/mecheye_ros_interface /home/inauenma/git/mecheye_ros2_interface/build/mecheye_ros_interface/mecheye_ros_interface__py /home/inauenma/git/mecheye_ros2_interface/build/mecheye_ros_interface/mecheye_ros_interface__py/CMakeFiles/mecheye_ros_interface__py.dir/DependInfo.cmake "--color="
[52.886s] gmake[2]: Entering directory '/home/inauenma/git/mecheye_ros2_interface/build/mecheye_ros_interface'
[52.887s] gmake[2]: Nothing to be done for 'CMakeFiles/start.dir/build'.
[52.887s] gmake[2]: Leaving directory '/home/inauenma/git/mecheye_ros2_interface/build/mecheye_ros_interface'
[52.905s] gmake[2]: Leaving directory '/home/inauenma/git/mecheye_ros2_interface/build/mecheye_ros_interface'
[52.906s] /usr/bin/gmake  -f mecheye_ros_interface__py/CMakeFiles/mecheye_ros_interface__py.dir/build.make mecheye_ros_interface__py/CMakeFiles/mecheye_ros_interface__py.dir/build
[52.910s] [ 89%] Built target start
[52.910s] gmake[2]: Entering directory '/home/inauenma/git/mecheye_ros2_interface/build/mecheye_ros_interface'
[52.911s] gmake[2]: Nothing to be done for 'mecheye_ros_interface__py/CMakeFiles/mecheye_ros_interface__py.dir/build'.
[52.911s] gmake[2]: Leaving directory '/home/inauenma/git/mecheye_ros2_interface/build/mecheye_ros_interface'
[52.938s] [ 89%] Built target mecheye_ros_interface__py
[52.940s] /usr/bin/gmake  -f CMakeFiles/mecheye_ros_interface__rosidl_generator_py.dir/build.make CMakeFiles/mecheye_ros_interface__rosidl_generator_py.dir/depend
[52.943s] running egg_info
[52.945s] gmake[2]: Entering directory '/home/inauenma/git/mecheye_ros2_interface/build/mecheye_ros_interface'
[52.945s] cd /home/inauenma/git/mecheye_ros2_interface/build/mecheye_ros_interface && /usr/bin/cmake -E cmake_depends "Unix Makefiles" /home/inauenma/git/mecheye_ros2_interface /home/inauenma/git/mecheye_ros2_interface /home/inauenma/git/mecheye_ros2_interface/build/mecheye_ros_interface /home/inauenma/git/mecheye_ros2_interface/build/mecheye_ros_interface /home/inauenma/git/mecheye_ros2_interface/build/mecheye_ros_interface/CMakeFiles/mecheye_ros_interface__rosidl_generator_py.dir/DependInfo.cmake "--color="
[52.971s] writing mecheye_ros_interface.egg-info/PKG-INFO
[52.971s] writing dependency_links to mecheye_ros_interface.egg-info/dependency_links.txt
[52.972s] writing top-level names to mecheye_ros_interface.egg-info/top_level.txt
[53.017s] gmake[2]: Leaving directory '/home/inauenma/git/mecheye_ros2_interface/build/mecheye_ros_interface'
[53.018s] /usr/bin/gmake  -f CMakeFiles/mecheye_ros_interface__rosidl_generator_py.dir/build.make CMakeFiles/mecheye_ros_interface__rosidl_generator_py.dir/build
[53.028s] gmake[2]: Entering directory '/home/inauenma/git/mecheye_ros2_interface/build/mecheye_ros_interface'
[53.028s] gmake[2]: Nothing to be done for 'CMakeFiles/mecheye_ros_interface__rosidl_generator_py.dir/build'.
[53.028s] gmake[2]: Leaving directory '/home/inauenma/git/mecheye_ros2_interface/build/mecheye_ros_interface'
[53.040s] reading manifest file 'mecheye_ros_interface.egg-info/SOURCES.txt'
[53.040s] writing manifest file 'mecheye_ros_interface.egg-info/SOURCES.txt'
[53.051s] [ 98%] Built target mecheye_ros_interface__rosidl_generator_py
[53.053s] /usr/bin/gmake  -f CMakeFiles/mecheye_ros_interface_s__rosidl_typesupport_fastrtps_c.dir/build.make CMakeFiles/mecheye_ros_interface_s__rosidl_typesupport_fastrtps_c.dir/depend
[53.053s] /usr/bin/gmake  -f CMakeFiles/mecheye_ros_interface_s__rosidl_typesupport_introspection_c.dir/build.make CMakeFiles/mecheye_ros_interface_s__rosidl_typesupport_introspection_c.dir/depend
[53.054s] /usr/bin/gmake  -f CMakeFiles/mecheye_ros_interface_s__rosidl_typesupport_c.dir/build.make CMakeFiles/mecheye_ros_interface_s__rosidl_typesupport_c.dir/depend
[53.057s] gmake[2]: Entering directory '/home/inauenma/git/mecheye_ros2_interface/build/mecheye_ros_interface'
[53.057s] cd /home/inauenma/git/mecheye_ros2_interface/build/mecheye_ros_interface && /usr/bin/cmake -E cmake_depends "Unix Makefiles" /home/inauenma/git/mecheye_ros2_interface /home/inauenma/git/mecheye_ros2_interface /home/inauenma/git/mecheye_ros2_interface/build/mecheye_ros_interface /home/inauenma/git/mecheye_ros2_interface/build/mecheye_ros_interface /home/inauenma/git/mecheye_ros2_interface/build/mecheye_ros_interface/CMakeFiles/mecheye_ros_interface_s__rosidl_typesupport_fastrtps_c.dir/DependInfo.cmake "--color="
[53.057s] gmake[2]: Entering directory '/home/inauenma/git/mecheye_ros2_interface/build/mecheye_ros_interface'
[53.058s] cd /home/inauenma/git/mecheye_ros2_interface/build/mecheye_ros_interface && /usr/bin/cmake -E cmake_depends "Unix Makefiles" /home/inauenma/git/mecheye_ros2_interface /home/inauenma/git/mecheye_ros2_interface /home/inauenma/git/mecheye_ros2_interface/build/mecheye_ros_interface /home/inauenma/git/mecheye_ros2_interface/build/mecheye_ros_interface /home/inauenma/git/mecheye_ros2_interface/build/mecheye_ros_interface/CMakeFiles/mecheye_ros_interface_s__rosidl_typesupport_introspection_c.dir/DependInfo.cmake "--color="
[53.058s] gmake[2]: Entering directory '/home/inauenma/git/mecheye_ros2_interface/build/mecheye_ros_interface'
[53.058s] cd /home/inauenma/git/mecheye_ros2_interface/build/mecheye_ros_interface && /usr/bin/cmake -E cmake_depends "Unix Makefiles" /home/inauenma/git/mecheye_ros2_interface /home/inauenma/git/mecheye_ros2_interface /home/inauenma/git/mecheye_ros2_interface/build/mecheye_ros_interface /home/inauenma/git/mecheye_ros2_interface/build/mecheye_ros_interface /home/inauenma/git/mecheye_ros2_interface/build/mecheye_ros_interface/CMakeFiles/mecheye_ros_interface_s__rosidl_typesupport_c.dir/DependInfo.cmake "--color="
[53.089s] gmake[2]: Leaving directory '/home/inauenma/git/mecheye_ros2_interface/build/mecheye_ros_interface'
[53.089s] gmake[2]: Leaving directory '/home/inauenma/git/mecheye_ros2_interface/build/mecheye_ros_interface'
[53.089s] gmake[2]: Leaving directory '/home/inauenma/git/mecheye_ros2_interface/build/mecheye_ros_interface'
[53.090s] /usr/bin/gmake  -f CMakeFiles/mecheye_ros_interface_s__rosidl_typesupport_fastrtps_c.dir/build.make CMakeFiles/mecheye_ros_interface_s__rosidl_typesupport_fastrtps_c.dir/build
[53.090s] /usr/bin/gmake  -f CMakeFiles/mecheye_ros_interface_s__rosidl_typesupport_introspection_c.dir/build.make CMakeFiles/mecheye_ros_interface_s__rosidl_typesupport_introspection_c.dir/build
[53.090s] /usr/bin/gmake  -f CMakeFiles/mecheye_ros_interface_s__rosidl_typesupport_c.dir/build.make CMakeFiles/mecheye_ros_interface_s__rosidl_typesupport_c.dir/build
[53.091s] gmake[2]: Leaving directory '/home/inauenma/git/mecheye_ros2_interface/build/mecheye_ros_interface'
[53.095s] gmake[2]: Entering directory '/home/inauenma/git/mecheye_ros2_interface/build/mecheye_ros_interface'
[53.096s] gmake[2]: Entering directory '/home/inauenma/git/mecheye_ros2_interface/build/mecheye_ros_interface'
[53.096s] gmake[2]: Nothing to be done for 'CMakeFiles/mecheye_ros_interface_s__rosidl_typesupport_introspection_c.dir/build'.
[53.096s] gmake[2]: Nothing to be done for 'CMakeFiles/mecheye_ros_interface_s__rosidl_typesupport_c.dir/build'.
[53.096s] gmake[2]: Leaving directory '/home/inauenma/git/mecheye_ros2_interface/build/mecheye_ros_interface'
[53.096s] gmake[2]: Leaving directory '/home/inauenma/git/mecheye_ros2_interface/build/mecheye_ros_interface'
[53.096s] gmake[2]: Entering directory '/home/inauenma/git/mecheye_ros2_interface/build/mecheye_ros_interface'
[53.097s] gmake[2]: Nothing to be done for 'CMakeFiles/mecheye_ros_interface_s__rosidl_typesupport_fastrtps_c.dir/build'.
[53.097s] gmake[2]: Leaving directory '/home/inauenma/git/mecheye_ros2_interface/build/mecheye_ros_interface'
[53.122s] [ 99%] Built target ament_cmake_python_build_mecheye_ros_interface_egg
[53.122s] [ 99%] Built target mecheye_ros_interface_s__rosidl_typesupport_fastrtps_c
[53.122s] [100%] Built target mecheye_ros_interface_s__rosidl_typesupport_c
[53.123s] [100%] Built target mecheye_ros_interface_s__rosidl_typesupport_introspection_c
[53.127s] gmake[1]: Leaving directory '/home/inauenma/git/mecheye_ros2_interface/build/mecheye_ros_interface'
[53.127s] /usr/bin/cmake -E cmake_progress_start /home/inauenma/git/mecheye_ros2_interface/build/mecheye_ros_interface/CMakeFiles 0
[53.159s] Invoked command in '/home/inauenma/git/mecheye_ros2_interface/build/mecheye_ros_interface' returned '0': CMAKE_PREFIX_PATH=${CMAKE_PREFIX_PATH}:/home/inauenma/ros2_ws/install/mesh_control_ros:/home/inauenma/moveit_ws/install/moveit_configs_utils:/opt/ros/jazzy DEBUGINFOD_URLS=https://debuginfod.ubuntu.com /usr/bin/cmake --build /home/inauenma/git/mecheye_ros2_interface/build/mecheye_ros_interface -- -j16 -l16
[53.190s] Invoking command in '/home/inauenma/git/mecheye_ros2_interface/build/mecheye_ros_interface': CMAKE_PREFIX_PATH=${CMAKE_PREFIX_PATH}:/home/inauenma/ros2_ws/install/mesh_control_ros:/home/inauenma/moveit_ws/install/moveit_configs_utils:/opt/ros/jazzy DEBUGINFOD_URLS=https://debuginfod.ubuntu.com /usr/bin/cmake --install /home/inauenma/git/mecheye_ros2_interface/build/mecheye_ros_interface
[53.215s] -- Install configuration: ""
[53.216s] -- Up-to-date: /home/inauenma/git/mecheye_ros2_interface/install/mecheye_ros_interface/share/ament_index/resource_index/rosidl_interfaces/mecheye_ros_interface
[53.216s] -- Up-to-date: /home/inauenma/git/mecheye_ros2_interface/install/mecheye_ros_interface/share/mecheye_ros_interface/srv/SetCurrentUserSet.json
[53.217s] -- Up-to-date: /home/inauenma/git/mecheye_ros2_interface/install/mecheye_ros_interface/share/mecheye_ros_interface/srv/SaveAllSettingsToUserSets.json
[53.217s] -- Up-to-date: /home/inauenma/git/mecheye_ros2_interface/install/mecheye_ros_interface/share/mecheye_ros_interface/srv/AddUserSet.json
[53.218s] -- Up-to-date: /home/inauenma/git/mecheye_ros2_interface/install/mecheye_ros_interface/share/mecheye_ros_interface/srv/CaptureColorImage.json
[53.218s] -- Up-to-date: /home/inauenma/git/mecheye_ros2_interface/install/mecheye_ros_interface/share/mecheye_ros_interface/srv/CaptureStereoColorImages.json
[53.218s] -- Up-to-date: /home/inauenma/git/mecheye_ros2_interface/install/mecheye_ros_interface/share/mecheye_ros_interface/srv/CaptureTexturedPointCloud.json
[53.219s] -- Up-to-date: /home/inauenma/git/mecheye_ros2_interface/install/mecheye_ros_interface/share/mecheye_ros_interface/srv/CaptureDepthMap.json
[53.219s] -- Up-to-date: /home/inauenma/git/mecheye_ros2_interface/install/mecheye_ros_interface/share/mecheye_ros_interface/srv/CapturePointCloud.json
[53.219s] -- Up-to-date: /home/inauenma/git/mecheye_ros2_interface/install/mecheye_ros_interface/share/mecheye_ros_interface/srv/DeleteUserSet.json
[53.220s] -- Up-to-date: /home/inauenma/git/mecheye_ros2_interface/install/mecheye_ros_interface/share/mecheye_ros_interface/srv/DeviceInfo.json
[53.220s] -- Up-to-date: /home/inauenma/git/mecheye_ros2_interface/install/mecheye_ros_interface/share/mecheye_ros_interface/srv/GetAllUserSets.json
[53.221s] -- Up-to-date: /home/inauenma/git/mecheye_ros2_interface/install/mecheye_ros_interface/share/mecheye_ros_interface/srv/GetCurrentUserSet.json
[53.221s] -- Up-to-date: /home/inauenma/git/mecheye_ros2_interface/install/mecheye_ros_interface/share/mecheye_ros_interface/srv/SetIntParameter.json
[53.221s] -- Up-to-date: /home/inauenma/git/mecheye_ros2_interface/install/mecheye_ros_interface/share/mecheye_ros_interface/srv/GetIntParameter.json
[53.221s] -- Up-to-date: /home/inauenma/git/mecheye_ros2_interface/install/mecheye_ros_interface/share/mecheye_ros_interface/srv/SetRangeParameter.json
[53.222s] -- Up-to-date: /home/inauenma/git/mecheye_ros2_interface/install/mecheye_ros_interface/share/mecheye_ros_interface/srv/GetRangeParameter.json
[53.222s] -- Up-to-date: /home/inauenma/git/mecheye_ros2_interface/install/mecheye_ros_interface/share/mecheye_ros_interface/srv/SetBoolParameter.json
[53.222s] -- Up-to-date: /home/inauenma/git/mecheye_ros2_interface/install/mecheye_ros_interface/share/mecheye_ros_interface/srv/GetBoolParameter.json
[53.223s] -- Up-to-date: /home/inauenma/git/mecheye_ros2_interface/install/mecheye_ros_interface/share/mecheye_ros_interface/srv/SetEnumParameter.json
[53.223s] -- Up-to-date: /home/inauenma/git/mecheye_ros2_interface/install/mecheye_ros_interface/share/mecheye_ros_interface/srv/GetEnumParameter.json
[53.224s] -- Up-to-date: /home/inauenma/git/mecheye_ros2_interface/install/mecheye_ros_interface/share/mecheye_ros_interface/srv/SetFloatParameter.json
[53.224s] -- Up-to-date: /home/inauenma/git/mecheye_ros2_interface/install/mecheye_ros_interface/share/mecheye_ros_interface/srv/GetFloatParameter.json
[53.225s] -- Up-to-date: /home/inauenma/git/mecheye_ros2_interface/install/mecheye_ros_interface/share/mecheye_ros_interface/srv/SetFloatArrayParameter.json
[53.226s] -- Up-to-date: /home/inauenma/git/mecheye_ros2_interface/install/mecheye_ros_interface/share/mecheye_ros_interface/srv/GetFloatArrayParameter.json
[53.226s] -- Up-to-date: /home/inauenma/git/mecheye_ros2_interface/install/mecheye_ros_interface/share/mecheye_ros_interface/srv/SetROIParameter.json
[53.226s] -- Up-to-date: /home/inauenma/git/mecheye_ros2_interface/install/mecheye_ros_interface/share/mecheye_ros_interface/srv/GetROIParameter.json
[53.227s] -- Up-to-date: /home/inauenma/git/mecheye_ros2_interface/install/mecheye_ros_interface/include/mecheye_ros_interface/mecheye_ros_interface
[53.227s] -- Up-to-date: /home/inauenma/git/mecheye_ros2_interface/install/mecheye_ros_interface/include/mecheye_ros_interface/mecheye_ros_interface/srv
[53.227s] -- Up-to-date: /home/inauenma/git/mecheye_ros2_interface/install/mecheye_ros_interface/include/mecheye_ros_interface/mecheye_ros_interface/srv/capture_point_cloud.h
[53.228s] -- Up-to-date: /home/inauenma/git/mecheye_ros2_interface/install/mecheye_ros_interface/include/mecheye_ros_interface/mecheye_ros_interface/srv/set_current_user_set.h
[53.228s] -- Up-to-date: /home/inauenma/git/mecheye_ros2_interface/install/mecheye_ros_interface/include/mecheye_ros_interface/mecheye_ros_interface/srv/capture_depth_map.h
[53.229s] -- Up-to-date: /home/inauenma/git/mecheye_ros2_interface/install/mecheye_ros_interface/include/mecheye_ros_interface/mecheye_ros_interface/srv/set_float_array_parameter.h
[53.229s] -- Up-to-date: /home/inauenma/git/mecheye_ros2_interface/install/mecheye_ros_interface/include/mecheye_ros_interface/mecheye_ros_interface/srv/save_all_settings_to_user_sets.h
[53.229s] -- Up-to-date: /home/inauenma/git/mecheye_ros2_interface/install/mecheye_ros_interface/include/mecheye_ros_interface/mecheye_ros_interface/srv/get_enum_parameter.h
[53.230s] -- Up-to-date: /home/inauenma/git/mecheye_ros2_interface/install/mecheye_ros_interface/include/mecheye_ros_interface/mecheye_ros_interface/srv/set_range_parameter.h
[53.230s] -- Up-to-date: /home/inauenma/git/mecheye_ros2_interface/install/mecheye_ros_interface/include/mecheye_ros_interface/mecheye_ros_interface/srv/capture_textured_point_cloud.h
[53.231s] -- Up-to-date: /home/inauenma/git/mecheye_ros2_interface/install/mecheye_ros_interface/include/mecheye_ros_interface/mecheye_ros_interface/srv/set_int_parameter.h
[53.232s] -- Up-to-date: /home/inauenma/git/mecheye_ros2_interface/install/mecheye_ros_interface/include/mecheye_ros_interface/mecheye_ros_interface/srv/set_roi_parameter.h
[53.232s] -- Up-to-date: /home/inauenma/git/mecheye_ros2_interface/install/mecheye_ros_interface/include/mecheye_ros_interface/mecheye_ros_interface/srv/get_float_array_parameter.h
[53.233s] -- Up-to-date: /home/inauenma/git/mecheye_ros2_interface/install/mecheye_ros_interface/include/mecheye_ros_interface/mecheye_ros_interface/srv/get_current_user_set.h
[53.233s] -- Up-to-date: /home/inauenma/git/mecheye_ros2_interface/install/mecheye_ros_interface/include/mecheye_ros_interface/mecheye_ros_interface/srv/set_float_parameter.h
[53.235s] -- Up-to-date: /home/inauenma/git/mecheye_ros2_interface/install/mecheye_ros_interface/include/mecheye_ros_interface/mecheye_ros_interface/srv/device_info.h
[53.235s] -- Up-to-date: /home/inauenma/git/mecheye_ros2_interface/install/mecheye_ros_interface/include/mecheye_ros_interface/mecheye_ros_interface/srv/capture_color_image.h
[53.235s] -- Up-to-date: /home/inauenma/git/mecheye_ros2_interface/install/mecheye_ros_interface/include/mecheye_ros_interface/mecheye_ros_interface/srv/get_int_parameter.h
[53.236s] -- Up-to-date: /home/inauenma/git/mecheye_ros2_interface/install/mecheye_ros_interface/include/mecheye_ros_interface/mecheye_ros_interface/srv/get_float_parameter.h
[53.236s] -- Up-to-date: /home/inauenma/git/mecheye_ros2_interface/install/mecheye_ros_interface/include/mecheye_ros_interface/mecheye_ros_interface/srv/get_range_parameter.h
[53.237s] -- Up-to-date: /home/inauenma/git/mecheye_ros2_interface/install/mecheye_ros_interface/include/mecheye_ros_interface/mecheye_ros_interface/srv/set_bool_parameter.h
[53.237s] -- Up-to-date: /home/inauenma/git/mecheye_ros2_interface/install/mecheye_ros_interface/include/mecheye_ros_interface/mecheye_ros_interface/srv/get_bool_parameter.h
[53.238s] -- Up-to-date: /home/inauenma/git/mecheye_ros2_interface/install/mecheye_ros_interface/include/mecheye_ros_interface/mecheye_ros_interface/srv/get_roi_parameter.h
[53.238s] -- Up-to-date: /home/inauenma/git/mecheye_ros2_interface/install/mecheye_ros_interface/include/mecheye_ros_interface/mecheye_ros_interface/srv/delete_user_set.h
[53.238s] -- Up-to-date: /home/inauenma/git/mecheye_ros2_interface/install/mecheye_ros_interface/include/mecheye_ros_interface/mecheye_ros_interface/srv/get_all_user_sets.h
[53.239s] -- Up-to-date: /home/inauenma/git/mecheye_ros2_interface/install/mecheye_ros_interface/include/mecheye_ros_interface/mecheye_ros_interface/srv/detail
[53.239s] -- Up-to-date: /home/inauenma/git/mecheye_ros2_interface/install/mecheye_ros_interface/include/mecheye_ros_interface/mecheye_ros_interface/srv/detail/get_current_user_set__functions.c
[53.240s] -- Up-to-date: /home/inauenma/git/mecheye_ros2_interface/install/mecheye_ros_interface/include/mecheye_ros_interface/mecheye_ros_interface/srv/detail/get_current_user_set__struct.h
[53.240s] -- Up-to-date: /home/inauenma/git/mecheye_ros2_interface/install/mecheye_ros_interface/include/mecheye_ros_interface/mecheye_ros_interface/srv/detail/get_roi_parameter__functions.c
[53.240s] -- Up-to-date: /home/inauenma/git/mecheye_ros2_interface/install/mecheye_ros_interface/include/mecheye_ros_interface/mecheye_ros_interface/srv/detail/get_int_parameter__type_support.h
[53.240s] -- Installing: /home/inauenma/git/mecheye_ros2_interface/install/mecheye_ros_interface/include/mecheye_ros_interface/mecheye_ros_interface/srv/detail/capture_depth_map__type_support.c
[53.240s] -- Up-to-date: /home/inauenma/git/mecheye_ros2_interface/install/mecheye_ros_interface/include/mecheye_ros_interface/mecheye_ros_interface/srv/detail/capture_textured_point_cloud__type_support.h
[53.240s] -- Up-to-date: /home/inauenma/git/mecheye_ros2_interface/install/mecheye_ros_interface/include/mecheye_ros_interface/mecheye_ros_interface/srv/detail/set_current_user_set__description.c
[53.241s] -- Up-to-date: /home/inauenma/git/mecheye_ros2_interface/install/mecheye_ros_interface/include/mecheye_ros_interface/mecheye_ros_interface/srv/detail/get_float_array_parameter__struct.h
[53.241s] -- Up-to-date: /home/inauenma/git/mecheye_ros2_interface/install/mecheye_ros_interface/include/mecheye_ros_interface/mecheye_ros_interface/srv/detail/capture_color_image__functions.c
[53.242s] -- Up-to-date: /home/inauenma/git/mecheye_ros2_interface/install/mecheye_ros_interface/include/mecheye_ros_interface/mecheye_ros_interface/srv/detail/save_all_settings_to_user_sets__struct.h
[53.242s] -- Installing: /home/inauenma/git/mecheye_ros2_interface/install/mecheye_ros_interface/include/mecheye_ros_interface/mecheye_ros_interface/srv/detail/set_range_parameter__type_support.c
[53.242s] -- Up-to-date: /home/inauenma/git/mecheye_ros2_interface/install/mecheye_ros_interface/include/mecheye_ros_interface/mecheye_ros_interface/srv/detail/set_enum_parameter__functions.h
[53.243s] -- Up-to-date: /home/inauenma/git/mecheye_ros2_interface/install/mecheye_ros_interface/include/mecheye_ros_interface/mecheye_ros_interface/srv/detail/get_roi_parameter__description.c
[53.243s] -- Up-to-date: /home/inauenma/git/mecheye_ros2_interface/install/mecheye_ros_interface/include/mecheye_ros_interface/mecheye_ros_interface/srv/detail/set_range_parameter__description.c
[53.244s] -- Installing: /home/inauenma/git/mecheye_ros2_interface/install/mecheye_ros_interface/include/mecheye_ros_interface/mecheye_ros_interface/srv/detail/get_int_parameter__type_support.c
[53.245s] -- Installing: /home/inauenma/git/mecheye_ros2_interface/install/mecheye_ros_interface/include/mecheye_ros_interface/mecheye_ros_interface/srv/detail/set_enum_parameter__type_support.c
[53.245s] -- Up-to-date: /home/inauenma/git/mecheye_ros2_interface/install/mecheye_ros_interface/include/mecheye_ros_interface/mecheye_ros_interface/srv/detail/capture_color_image__type_support.h
[53.246s] -- Up-to-date: /home/inauenma/git/mecheye_ros2_interface/install/mecheye_ros_interface/include/mecheye_ros_interface/mecheye_ros_interface/srv/detail/capture_stereo_color_images__struct.h
[53.246s] -- Installing: /home/inauenma/git/mecheye_ros2_interface/install/mecheye_ros_interface/include/mecheye_ros_interface/mecheye_ros_interface/srv/detail/get_enum_parameter__type_support.c
[53.246s] -- Installing: /home/inauenma/git/mecheye_ros2_interface/install/mecheye_ros_interface/include/mecheye_ros_interface/mecheye_ros_interface/srv/detail/get_current_user_set__type_support.c
[53.246s] -- Installing: /home/inauenma/git/mecheye_ros2_interface/install/mecheye_ros_interface/include/mecheye_ros_interface/mecheye_ros_interface/srv/detail/capture_textured_point_cloud__type_support.c
[53.247s] -- Up-to-date: /home/inauenma/git/mecheye_ros2_interface/install/mecheye_ros_interface/include/mecheye_ros_interface/mecheye_ros_interface/srv/detail/set_float_parameter__struct.h
[53.248s] -- Installing: /home/inauenma/git/mecheye_ros2_interface/install/mecheye_ros_interface/include/mecheye_ros_interface/mecheye_ros_interface/srv/detail/device_info__type_support.c
[53.249s] -- Up-to-date: /home/inauenma/git/mecheye_ros2_interface/install/mecheye_ros_interface/include/mecheye_ros_interface/mecheye_ros_interface/srv/detail/set_float_array_parameter__functions.c
[53.249s] -- Up-to-date: /home/inauenma/git/mecheye_ros2_interface/install/mecheye_ros_interface/include/mecheye_ros_interface/mecheye_ros_interface/srv/detail/get_float_parameter__struct.h
[53.251s] -- Up-to-date: /home/inauenma/git/mecheye_ros2_interface/install/mecheye_ros_interface/include/mecheye_ros_interface/mecheye_ros_interface/srv/detail/get_bool_parameter__type_support.h
[53.251s] -- Up-to-date: /home/inauenma/git/mecheye_ros2_interface/install/mecheye_ros_interface/include/mecheye_ros_interface/mecheye_ros_interface/srv/detail/capture_stereo_color_images__functions.h
[53.252s] -- Up-to-date: /home/inauenma/git/mecheye_ros2_interface/install/mecheye_ros_interface/include/mecheye_ros_interface/mecheye_ros_interface/srv/detail/delete_user_set__description.c
[53.253s] -- Up-to-date: /home/inauenma/git/mecheye_ros2_interface/install/mecheye_ros_interface/include/mecheye_ros_interface/mecheye_ros_interface/srv/detail/set_roi_parameter__type_support.h
[53.254s] -- Up-to-date: /home/inauenma/git/mecheye_ros2_interface/install/mecheye_ros_interface/include/mecheye_ros_interface/mecheye_ros_interface/srv/detail/get_int_parameter__functions.h
[53.254s] -- Up-to-date: /home/inauenma/git/mecheye_ros2_interface/install/mecheye_ros_interface/include/mecheye_ros_interface/mecheye_ros_interface/srv/detail/get_float_array_parameter__functions.h
[53.255s] -- Up-to-date: /home/inauenma/git/mecheye_ros2_interface/install/mecheye_ros_interface/include/mecheye_ros_interface/mecheye_ros_interface/srv/detail/get_enum_parameter__functions.h
[53.256s] -- Up-to-date: /home/inauenma/git/mecheye_ros2_interface/install/mecheye_ros_interface/include/mecheye_ros_interface/mecheye_ros_interface/srv/detail/get_bool_parameter__functions.h
[53.256s] -- Up-to-date: /home/inauenma/git/mecheye_ros2_interface/install/mecheye_ros_interface/include/mecheye_ros_interface/mecheye_ros_interface/srv/detail/get_float_parameter__description.c
[53.257s] -- Up-to-date: /home/inauenma/git/mecheye_ros2_interface/install/mecheye_ros_interface/include/mecheye_ros_interface/mecheye_ros_interface/srv/detail/set_bool_parameter__functions.h
[53.257s] -- Up-to-date: /home/inauenma/git/mecheye_ros2_interface/install/mecheye_ros_interface/include/mecheye_ros_interface/mecheye_ros_interface/srv/detail/get_roi_parameter__functions.h
[53.257s] -- Up-to-date: /home/inauenma/git/mecheye_ros2_interface/install/mecheye_ros_interface/include/mecheye_ros_interface/mecheye_ros_interface/srv/detail/get_enum_parameter__functions.c
[53.257s] -- Up-to-date: /home/inauenma/git/mecheye_ros2_interface/install/mecheye_ros_interface/include/mecheye_ros_interface/mecheye_ros_interface/srv/detail/set_enum_parameter__description.c
[53.257s] -- Up-to-date: /home/inauenma/git/mecheye_ros2_interface/install/mecheye_ros_interface/include/mecheye_ros_interface/mecheye_ros_interface/srv/detail/save_all_settings_to_user_sets__functions.h
[53.258s] -- Up-to-date: /home/inauenma/git/mecheye_ros2_interface/install/mecheye_ros_interface/include/mecheye_ros_interface/mecheye_ros_interface/srv/detail/device_info__type_support.h
[53.258s] -- Installing: /home/inauenma/git/mecheye_ros2_interface/install/mecheye_ros_interface/include/mecheye_ros_interface/mecheye_ros_interface/srv/detail/get_all_user_sets__type_support.c
[53.258s] -- Up-to-date: /home/inauenma/git/mecheye_ros2_interface/install/mecheye_ros_interface/include/mecheye_ros_interface/mecheye_ros_interface/srv/detail/set_range_parameter__type_support.h
[53.259s] -- Up-to-date: /home/inauenma/git/mecheye_ros2_interface/install/mecheye_ros_interface/include/mecheye_ros_interface/mecheye_ros_interface/srv/detail/set_bool_parameter__type_support.h
[53.259s] -- Up-to-date: /home/inauenma/git/mecheye_ros2_interface/install/mecheye_ros_interface/include/mecheye_ros_interface/mecheye_ros_interface/srv/detail/set_current_user_set__functions.h
[53.260s] -- Up-to-date: /home/inauenma/git/mecheye_ros2_interface/install/mecheye_ros_interface/include/mecheye_ros_interface/mecheye_ros_interface/srv/detail/set_int_parameter__functions.c
[53.260s] -- Up-to-date: /home/inauenma/git/mecheye_ros2_interface/install/mecheye_ros_interface/include/mecheye_ros_interface/mecheye_ros_interface/srv/detail/get_float_array_parameter__description.c
[53.260s] -- Up-to-date: /home/inauenma/git/mecheye_ros2_interface/install/mecheye_ros_interface/include/mecheye_ros_interface/mecheye_ros_interface/srv/detail/set_current_user_set__struct.h
[53.260s] -- Up-to-date: /home/inauenma/git/mecheye_ros2_interface/install/mecheye_ros_interface/include/mecheye_ros_interface/mecheye_ros_interface/srv/detail/set_range_parameter__functions.h
[53.261s] -- Up-to-date: /home/inauenma/git/mecheye_ros2_interface/install/mecheye_ros_interface/include/mecheye_ros_interface/mecheye_ros_interface/srv/detail/capture_color_image__functions.h
[53.261s] -- Installing: /home/inauenma/git/mecheye_ros2_interface/install/mecheye_ros_interface/include/mecheye_ros_interface/mecheye_ros_interface/srv/detail/add_user_set__type_support.c
[53.261s] -- Up-to-date: /home/inauenma/git/mecheye_ros2_interface/install/mecheye_ros_interface/include/mecheye_ros_interface/mecheye_ros_interface/srv/detail/set_int_parameter__struct.h
[53.262s] -- Up-to-date: /home/inauenma/git/mecheye_ros2_interface/install/mecheye_ros_interface/include/mecheye_ros_interface/mecheye_ros_interface/srv/detail/capture_point_cloud__functions.h
[53.262s] -- Up-to-date: /home/inauenma/git/mecheye_ros2_interface/install/mecheye_ros_interface/include/mecheye_ros_interface/mecheye_ros_interface/srv/detail/set_roi_parameter__description.c
[53.262s] -- Up-to-date: /home/inauenma/git/mecheye_ros2_interface/install/mecheye_ros_interface/include/mecheye_ros_interface/mecheye_ros_interface/srv/detail/capture_stereo_color_images__type_support.h
[53.263s] -- Up-to-date: /home/inauenma/git/mecheye_ros2_interface/install/mecheye_ros_interface/include/mecheye_ros_interface/mecheye_ros_interface/srv/detail/set_float_array_parameter__struct.h
[53.263s] -- Installing: /home/inauenma/git/mecheye_ros2_interface/install/mecheye_ros_interface/include/mecheye_ros_interface/mecheye_ros_interface/srv/detail/capture_color_image__type_support.c
[53.264s] -- Up-to-date: /home/inauenma/git/mecheye_ros2_interface/install/mecheye_ros_interface/include/mecheye_ros_interface/mecheye_ros_interface/srv/detail/get_enum_parameter__struct.h
[53.264s] -- Up-to-date: /home/inauenma/git/mecheye_ros2_interface/install/mecheye_ros_interface/include/mecheye_ros_interface/mecheye_ros_interface/srv/detail/set_roi_parameter__functions.h
[53.264s] -- Up-to-date: /home/inauenma/git/mecheye_ros2_interface/install/mecheye_ros_interface/include/mecheye_ros_interface/mecheye_ros_interface/srv/detail/get_bool_parameter__description.c
[53.265s] -- Up-to-date: /home/inauenma/git/mecheye_ros2_interface/install/mecheye_ros_interface/include/mecheye_ros_interface/mecheye_ros_interface/srv/detail/get_int_parameter__struct.h
[53.266s] -- Up-to-date: /home/inauenma/git/mecheye_ros2_interface/install/mecheye_ros_interface/include/mecheye_ros_interface/mecheye_ros_interface/srv/detail/set_float_array_parameter__functions.h
[53.266s] -- Up-to-date: /home/inauenma/git/mecheye_ros2_interface/install/mecheye_ros_interface/include/mecheye_ros_interface/mecheye_ros_interface/srv/detail/device_info__description.c
[53.266s] -- Up-to-date: /home/inauenma/git/mecheye_ros2_interface/install/mecheye_ros_interface/include/mecheye_ros_interface/mecheye_ros_interface/srv/detail/delete_user_set__functions.c
[53.267s] -- Installing: /home/inauenma/git/mecheye_ros2_interface/install/mecheye_ros_interface/include/mecheye_ros_interface/mecheye_ros_interface/srv/detail/set_int_parameter__type_support.c
[53.267s] -- Up-to-date: /home/inauenma/git/mecheye_ros2_interface/install/mecheye_ros_interface/include/mecheye_ros_interface/mecheye_ros_interface/srv/detail/device_info__functions.c
[53.267s] -- Installing: /home/inauenma/git/mecheye_ros2_interface/install/mecheye_ros_interface/include/mecheye_ros_interface/mecheye_ros_interface/srv/detail/get_bool_parameter__type_support.c
[53.268s] -- Up-to-date: /home/inauenma/git/mecheye_ros2_interface/install/mecheye_ros_interface/include/mecheye_ros_interface/mecheye_ros_interface/srv/detail/set_enum_parameter__struct.h
[53.268s] -- Up-to-date: /home/inauenma/git/mecheye_ros2_interface/install/mecheye_ros_interface/include/mecheye_ros_interface/mecheye_ros_interface/srv/detail/set_int_parameter__type_support.h
[53.269s] -- Up-to-date: /home/inauenma/git/mecheye_ros2_interface/install/mecheye_ros_interface/include/mecheye_ros_interface/mecheye_ros_interface/srv/detail/save_all_settings_to_user_sets__functions.c
[53.269s] -- Up-to-date: /home/inauenma/git/mecheye_ros2_interface/install/mecheye_ros_interface/include/mecheye_ros_interface/mecheye_ros_interface/srv/detail/get_current_user_set__type_support.h
[53.270s] -- Up-to-date: /home/inauenma/git/mecheye_ros2_interface/install/mecheye_ros_interface/include/mecheye_ros_interface/mecheye_ros_interface/srv/detail/get_bool_parameter__struct.h
[53.270s] -- Up-to-date: /home/inauenma/git/mecheye_ros2_interface/install/mecheye_ros_interface/include/mecheye_ros_interface/mecheye_ros_interface/srv/detail/set_float_parameter__type_support.h
[53.271s] -- Up-to-date: /home/inauenma/git/mecheye_ros2_interface/install/mecheye_ros_interface/include/mecheye_ros_interface/mecheye_ros_interface/srv/detail/set_float_parameter__functions.c
[53.271s] -- Installing: /home/inauenma/git/mecheye_ros2_interface/install/mecheye_ros_interface/include/mecheye_ros_interface/mecheye_ros_interface/srv/detail/get_float_array_parameter__type_support.c
[53.272s] -- Up-to-date: /home/inauenma/git/mecheye_ros2_interface/install/mecheye_ros_interface/include/mecheye_ros_interface/mecheye_ros_interface/srv/detail/capture_textured_point_cloud__functions.h
[53.272s] -- Up-to-date: /home/inauenma/git/mecheye_ros2_interface/install/mecheye_ros_interface/include/mecheye_ros_interface/mecheye_ros_interface/srv/detail/save_all_settings_to_user_sets__description.c
[53.272s] -- Up-to-date: /home/inauenma/git/mecheye_ros2_interface/install/mecheye_ros_interface/include/mecheye_ros_interface/mecheye_ros_interface/srv/detail/set_range_parameter__functions.c
[53.273s] -- Up-to-date: /home/inauenma/git/mecheye_ros2_interface/install/mecheye_ros_interface/include/mecheye_ros_interface/mecheye_ros_interface/srv/detail/get_current_user_set__description.c
[53.273s] -- Up-to-date: /home/inauenma/git/mecheye_ros2_interface/install/mecheye_ros_interface/include/mecheye_ros_interface/mecheye_ros_interface/srv/detail/capture_color_image__struct.h
[53.274s] -- Up-to-date: /home/inauenma/git/mecheye_ros2_interface/install/mecheye_ros_interface/include/mecheye_ros_interface/mecheye_ros_interface/srv/detail/add_user_set__functions.c
[53.274s] -- Up-to-date: /home/inauenma/git/mecheye_ros2_interface/install/mecheye_ros_interface/include/mecheye_ros_interface/mecheye_ros_interface/srv/detail/set_bool_parameter__functions.c
[53.274s] -- Up-to-date: /home/inauenma/git/mecheye_ros2_interface/install/mecheye_ros_interface/include/mecheye_ros_interface/mecheye_ros_interface/srv/detail/set_enum_parameter__type_support.h
[53.274s] -- Up-to-date: /home/inauenma/git/mecheye_ros2_interface/install/mecheye_ros_interface/include/mecheye_ros_interface/mecheye_ros_interface/srv/detail/device_info__functions.h
[53.275s] -- Up-to-date: /home/inauenma/git/mecheye_ros2_interface/install/mecheye_ros_interface/include/mecheye_ros_interface/mecheye_ros_interface/srv/detail/get_enum_parameter__description.c
[53.275s] -- Up-to-date: /home/inauenma/git/mecheye_ros2_interface/install/mecheye_ros_interface/include/mecheye_ros_interface/mecheye_ros_interface/srv/detail/set_bool_parameter__description.c
[53.275s] -- Up-to-date: /home/inauenma/git/mecheye_ros2_interface/install/mecheye_ros_interface/include/mecheye_ros_interface/mecheye_ros_interface/srv/detail/get_bool_parameter__functions.c
[53.276s] -- Installing: /home/inauenma/git/mecheye_ros2_interface/install/mecheye_ros_interface/include/mecheye_ros_interface/mecheye_ros_interface/srv/detail/get_roi_parameter__type_support.c
[53.276s] -- Up-to-date: /home/inauenma/git/mecheye_ros2_interface/install/mecheye_ros_interface/include/mecheye_ros_interface/mecheye_ros_interface/srv/detail/capture_point_cloud__functions.c
[53.276s] -- Up-to-date: /home/inauenma/git/mecheye_ros2_interface/install/mecheye_ros_interface/include/mecheye_ros_interface/mecheye_ros_interface/srv/detail/capture_textured_point_cloud__description.c
[53.276s] -- Up-to-date: /home/inauenma/git/mecheye_ros2_interface/install/mecheye_ros_interface/include/mecheye_ros_interface/mecheye_ros_interface/srv/detail/get_all_user_sets__type_support.h
[53.277s] -- Installing: /home/inauenma/git/mecheye_ros2_interface/install/mecheye_ros_interface/include/mecheye_ros_interface/mecheye_ros_interface/srv/detail/set_bool_parameter__type_support.c
[53.277s] -- Installing: /home/inauenma/git/mecheye_ros2_interface/install/mecheye_ros_interface/include/mecheye_ros_interface/mecheye_ros_interface/srv/detail/save_all_settings_to_user_sets__type_support.c
[53.278s] -- Up-to-date: /home/inauenma/git/mecheye_ros2_interface/install/mecheye_ros_interface/include/mecheye_ros_interface/mecheye_ros_interface/srv/detail/capture_depth_map__description.c
[53.280s] -- Up-to-date: /home/inauenma/git/mecheye_ros2_interface/install/mecheye_ros_interface/include/mecheye_ros_interface/mecheye_ros_interface/srv/detail/capture_color_image__description.c
[53.280s] -- Up-to-date: /home/inauenma/git/mecheye_ros2_interface/install/mecheye_ros_interface/include/mecheye_ros_interface/mecheye_ros_interface/srv/detail/get_range_parameter__description.c
[53.280s] -- Up-to-date: /home/inauenma/git/mecheye_ros2_interface/install/mecheye_ros_interface/include/mecheye_ros_interface/mecheye_ros_interface/srv/detail/set_float_parameter__description.c
[53.281s] -- Up-to-date: /home/inauenma/git/mecheye_ros2_interface/install/mecheye_ros_interface/include/mecheye_ros_interface/mecheye_ros_interface/srv/detail/capture_stereo_color_images__functions.c
[53.281s] -- Up-to-date: /home/inauenma/git/mecheye_ros2_interface/install/mecheye_ros_interface/include/mecheye_ros_interface/mecheye_ros_interface/srv/detail/save_all_settings_to_user_sets__type_support.h
[53.281s] -- Up-to-date: /home/inauenma/git/mecheye_ros2_interface/install/mecheye_ros_interface/include/mecheye_ros_interface/mecheye_ros_interface/srv/detail/get_roi_parameter__type_support.h
[53.281s] -- Up-to-date: /home/inauenma/git/mecheye_ros2_interface/install/mecheye_ros_interface/include/mecheye_ros_interface/mecheye_ros_interface/srv/detail/set_int_parameter__functions.h
[53.282s] -- Up-to-date: /home/inauenma/git/mecheye_ros2_interface/install/mecheye_ros_interface/include/mecheye_ros_interface/mecheye_ros_interface/srv/detail/capture_textured_point_cloud__functions.c
[53.282s] -- Installing: /home/inauenma/git/mecheye_ros2_interface/install/mecheye_ros_interface/include/mecheye_ros_interface/mecheye_ros_interface/srv/detail/capture_point_cloud__type_support.c
[53.283s] -- Up-to-date: /home/inauenma/git/mecheye_ros2_interface/install/mecheye_ros_interface/include/mecheye_ros_interface/mecheye_ros_interface/srv/detail/get_float_parameter__type_support.h
[53.283s] -- Up-to-date: /home/inauenma/git/mecheye_ros2_interface/install/mecheye_ros_interface/include/mecheye_ros_interface/mecheye_ros_interface/srv/detail/get_float_array_parameter__type_support.h
[53.284s] -- Up-to-date: /home/inauenma/git/mecheye_ros2_interface/install/mecheye_ros_interface/include/mecheye_ros_interface/mecheye_ros_interface/srv/detail/device_info__struct.h
[53.284s] -- Up-to-date: /home/inauenma/git/mecheye_ros2_interface/install/mecheye_ros_interface/include/mecheye_ros_interface/mecheye_ros_interface/srv/detail/add_user_set__description.c
[53.285s] -- Up-to-date: /home/inauenma/git/mecheye_ros2_interface/install/mecheye_ros_interface/include/mecheye_ros_interface/mecheye_ros_interface/srv/detail/get_all_user_sets__description.c
[53.285s] -- Up-to-date: /home/inauenma/git/mecheye_ros2_interface/install/mecheye_ros_interface/include/mecheye_ros_interface/mecheye_ros_interface/srv/detail/get_float_parameter__functions.c
[53.286s] -- Up-to-date: /home/inauenma/git/mecheye_ros2_interface/install/mecheye_ros_interface/include/mecheye_ros_interface/mecheye_ros_interface/srv/detail/get_range_parameter__type_support.h
[53.286s] -- Up-to-date: /home/inauenma/git/mecheye_ros2_interface/install/mecheye_ros_interface/include/mecheye_ros_interface/mecheye_ros_interface/srv/detail/set_float_parameter__functions.h
[53.287s] -- Installing: /home/inauenma/git/mecheye_ros2_interface/install/mecheye_ros_interface/include/mecheye_ros_interface/mecheye_ros_interface/srv/detail/set_roi_parameter__type_support.c
[53.287s] -- Up-to-date: /home/inauenma/git/mecheye_ros2_interface/install/mecheye_ros_interface/include/mecheye_ros_interface/mecheye_ros_interface/srv/detail/get_all_user_sets__functions.h
[53.288s] -- Up-to-date: /home/inauenma/git/mecheye_ros2_interface/install/mecheye_ros_interface/include/mecheye_ros_interface/mecheye_ros_interface/srv/detail/get_all_user_sets__functions.c
[53.291s] -- Up-to-date: /home/inauenma/git/mecheye_ros2_interface/install/mecheye_ros_interface/include/mecheye_ros_interface/mecheye_ros_interface/srv/detail/capture_depth_map__type_support.h
[53.291s] -- Up-to-date: /home/inauenma/git/mecheye_ros2_interface/install/mecheye_ros_interface/include/mecheye_ros_interface/mecheye_ros_interface/srv/detail/get_range_parameter__functions.h
[53.291s] -- Up-to-date: /home/inauenma/git/mecheye_ros2_interface/install/mecheye_ros_interface/include/mecheye_ros_interface/mecheye_ros_interface/srv/detail/capture_point_cloud__description.c
[53.291s] -- Installing: /home/inauenma/git/mecheye_ros2_interface/install/mecheye_ros_interface/include/mecheye_ros_interface/mecheye_ros_interface/srv/detail/set_current_user_set__type_support.c
[53.291s] -- Up-to-date: /home/inauenma/git/mecheye_ros2_interface/install/mecheye_ros_interface/include/mecheye_ros_interface/mecheye_ros_interface/srv/detail/get_int_parameter__description.c
[53.292s] -- Up-to-date: /home/inauenma/git/mecheye_ros2_interface/install/mecheye_ros_interface/include/mecheye_ros_interface/mecheye_ros_interface/srv/detail/capture_depth_map__functions.h
[53.292s] -- Up-to-date: /home/inauenma/git/mecheye_ros2_interface/install/mecheye_ros_interface/include/mecheye_ros_interface/mecheye_ros_interface/srv/detail/capture_point_cloud__struct.h
[53.292s] -- Up-to-date: /home/inauenma/git/mecheye_ros2_interface/install/mecheye_ros_interface/include/mecheye_ros_interface/mecheye_ros_interface/srv/detail/get_enum_parameter__type_support.h
[53.292s] -- Up-to-date: /home/inauenma/git/mecheye_ros2_interface/install/mecheye_ros_interface/include/mecheye_ros_interface/mecheye_ros_interface/srv/detail/get_float_parameter__functions.h
[53.292s] -- Installing: /home/inauenma/git/mecheye_ros2_interface/install/mecheye_ros_interface/include/mecheye_ros_interface/mecheye_ros_interface/srv/detail/get_range_parameter__type_support.c
[53.292s] -- Up-to-date: /home/inauenma/git/mecheye_ros2_interface/install/mecheye_ros_interface/include/mecheye_ros_interface/mecheye_ros_interface/srv/detail/delete_user_set__struct.h
[53.292s] -- Up-to-date: /home/inauenma/git/mecheye_ros2_interface/install/mecheye_ros_interface/include/mecheye_ros_interface/mecheye_ros_interface/srv/detail/capture_depth_map__functions.c
[53.293s] -- Up-to-date: /home/inauenma/git/mecheye_ros2_interface/install/mecheye_ros_interface/include/mecheye_ros_interface/mecheye_ros_interface/srv/detail/capture_textured_point_cloud__struct.h
[53.293s] -- Up-to-date: /home/inauenma/git/mecheye_ros2_interface/install/mecheye_ros_interface/include/mecheye_ros_interface/mecheye_ros_interface/srv/detail/get_range_parameter__struct.h
[53.293s] -- Up-to-date: /home/inauenma/git/mecheye_ros2_interface/install/mecheye_ros_interface/include/mecheye_ros_interface/mecheye_ros_interface/srv/detail/get_roi_parameter__struct.h
[53.293s] -- Up-to-date: /home/inauenma/git/mecheye_ros2_interface/install/mecheye_ros_interface/include/mecheye_ros_interface/mecheye_ros_interface/srv/detail/capture_stereo_color_images__description.c
[53.293s] -- Up-to-date: /home/inauenma/git/mecheye_ros2_interface/install/mecheye_ros_interface/include/mecheye_ros_interface/mecheye_ros_interface/srv/detail/add_user_set__functions.h
[53.294s] -- Up-to-date: /home/inauenma/git/mecheye_ros2_interface/install/mecheye_ros_interface/include/mecheye_ros_interface/mecheye_ros_interface/srv/detail/delete_user_set__type_support.h
[53.294s] -- Up-to-date: /home/inauenma/git/mecheye_ros2_interface/install/mecheye_ros_interface/include/mecheye_ros_interface/mecheye_ros_interface/srv/detail/get_int_parameter__functions.c
[53.294s] -- Up-to-date: /home/inauenma/git/mecheye_ros2_interface/install/mecheye_ros_interface/include/mecheye_ros_interface/mecheye_ros_interface/srv/detail/set_roi_parameter__functions.c
[53.294s] -- Up-to-date: /home/inauenma/git/mecheye_ros2_interface/install/mecheye_ros_interface/include/mecheye_ros_interface/mecheye_ros_interface/srv/detail/get_all_user_sets__struct.h
[53.295s] -- Installing: /home/inauenma/git/mecheye_ros2_interface/install/mecheye_ros_interface/include/mecheye_ros_interface/mecheye_ros_interface/srv/detail/get_float_parameter__type_support.c
[53.295s] -- Up-to-date: /home/inauenma/git/mecheye_ros2_interface/install/mecheye_ros_interface/include/mecheye_ros_interface/mecheye_ros_interface/srv/detail/set_float_array_parameter__description.c
[53.295s] -- Up-to-date: /home/inauenma/git/mecheye_ros2_interface/install/mecheye_ros_interface/include/mecheye_ros_interface/mecheye_ros_interface/srv/detail/set_int_parameter__description.c
[53.296s] -- Installing: /home/inauenma/git/mecheye_ros2_interface/install/mecheye_ros_interface/include/mecheye_ros_interface/mecheye_ros_interface/srv/detail/capture_stereo_color_images__type_support.c
[53.296s] -- Installing: /home/inauenma/git/mecheye_ros2_interface/install/mecheye_ros_interface/include/mecheye_ros_interface/mecheye_ros_interface/srv/detail/set_float_array_parameter__type_support.c
[53.297s] -- Up-to-date: /home/inauenma/git/mecheye_ros2_interface/install/mecheye_ros_interface/include/mecheye_ros_interface/mecheye_ros_interface/srv/detail/set_roi_parameter__struct.h
[53.298s] -- Up-to-date: /home/inauenma/git/mecheye_ros2_interface/install/mecheye_ros_interface/include/mecheye_ros_interface/mecheye_ros_interface/srv/detail/get_float_array_parameter__functions.c
[53.298s] -- Up-to-date: /home/inauenma/git/mecheye_ros2_interface/install/mecheye_ros_interface/include/mecheye_ros_interface/mecheye_ros_interface/srv/detail/add_user_set__type_support.h
[53.298s] -- Up-to-date: /home/inauenma/git/mecheye_ros2_interface/install/mecheye_ros_interface/include/mecheye_ros_interface/mecheye_ros_interface/srv/detail/set_current_user_set__type_support.h
[53.298s] -- Up-to-date: /home/inauenma/git/mecheye_ros2_interface/install/mecheye_ros_interface/include/mecheye_ros_interface/mecheye_ros_interface/srv/detail/add_user_set__struct.h
[53.298s] -- Installing: /home/inauenma/git/mecheye_ros2_interface/install/mecheye_ros_interface/include/mecheye_ros_interface/mecheye_ros_interface/srv/detail/delete_user_set__type_support.c
[53.298s] -- Up-to-date: /home/inauenma/git/mecheye_ros2_interface/install/mecheye_ros_interface/include/mecheye_ros_interface/mecheye_ros_interface/srv/detail/delete_user_set__functions.h
[53.298s] -- Up-to-date: /home/inauenma/git/mecheye_ros2_interface/install/mecheye_ros_interface/include/mecheye_ros_interface/mecheye_ros_interface/srv/detail/set_range_parameter__struct.h
[53.299s] -- Up-to-date: /home/inauenma/git/mecheye_ros2_interface/install/mecheye_ros_interface/include/mecheye_ros_interface/mecheye_ros_interface/srv/detail/set_current_user_set__functions.c
[53.299s] -- Up-to-date: /home/inauenma/git/mecheye_ros2_interface/install/mecheye_ros_interface/include/mecheye_ros_interface/mecheye_ros_interface/srv/detail/get_range_parameter__functions.c
[53.299s] -- Up-to-date: /home/inauenma/git/mecheye_ros2_interface/install/mecheye_ros_interface/include/mecheye_ros_interface/mecheye_ros_interface/srv/detail/set_enum_parameter__functions.c
[53.299s] -- Up-to-date: /home/inauenma/git/mecheye_ros2_interface/install/mecheye_ros_interface/include/mecheye_ros_interface/mecheye_ros_interface/srv/detail/set_bool_parameter__struct.h
[53.299s] -- Up-to-date: /home/inauenma/git/mecheye_ros2_interface/install/mecheye_ros_interface/include/mecheye_ros_interface/mecheye_ros_interface/srv/detail/capture_depth_map__struct.h
[53.299s] -- Up-to-date: /home/inauenma/git/mecheye_ros2_interface/install/mecheye_ros_interface/include/mecheye_ros_interface/mecheye_ros_interface/srv/detail/set_float_array_parameter__type_support.h
[53.299s] -- Up-to-date: /home/inauenma/git/mecheye_ros2_interface/install/mecheye_ros_interface/include/mecheye_ros_interface/mecheye_ros_interface/srv/detail/get_current_user_set__functions.h
[53.300s] -- Up-to-date: /home/inauenma/git/mecheye_ros2_interface/install/mecheye_ros_interface/include/mecheye_ros_interface/mecheye_ros_interface/srv/detail/capture_point_cloud__type_support.h
[53.300s] -- Installing: /home/inauenma/git/mecheye_ros2_interface/install/mecheye_ros_interface/include/mecheye_ros_interface/mecheye_ros_interface/srv/detail/set_float_parameter__type_support.c
[53.300s] -- Up-to-date: /home/inauenma/git/mecheye_ros2_interface/install/mecheye_ros_interface/include/mecheye_ros_interface/mecheye_ros_interface/srv/capture_stereo_color_images.h
[53.300s] -- Up-to-date: /home/inauenma/git/mecheye_ros2_interface/install/mecheye_ros_interface/include/mecheye_ros_interface/mecheye_ros_interface/srv/add_user_set.h
[53.300s] -- Up-to-date: /home/inauenma/git/mecheye_ros2_interface/install/mecheye_ros_interface/include/mecheye_ros_interface/mecheye_ros_interface/srv/set_enum_parameter.h
[53.300s] -- Up-to-date: /home/inauenma/git/mecheye_ros2_interface/install/mecheye_ros_interface/include/mecheye_ros_interface/mecheye_ros_interface/msg
[53.301s] -- Up-to-date: /home/inauenma/git/mecheye_ros2_interface/install/mecheye_ros_interface/include/mecheye_ros_interface/mecheye_ros_interface/msg/rosidl_generator_c__visibility_control.h
[53.301s] -- Up-to-date: /home/inauenma/git/mecheye_ros2_interface/install/mecheye_ros_interface/share/mecheye_ros_interface/environment/library_path.sh
[53.301s] -- Up-to-date: /home/inauenma/git/mecheye_ros2_interface/install/mecheye_ros_interface/share/mecheye_ros_interface/environment/library_path.dsv
[53.301s] -- Up-to-date: /home/inauenma/git/mecheye_ros2_interface/install/mecheye_ros_interface/lib/libmecheye_ros_interface__rosidl_generator_c.so
[53.301s] -- Up-to-date: /home/inauenma/git/mecheye_ros2_interface/install/mecheye_ros_interface/include/mecheye_ros_interface/mecheye_ros_interface
[53.301s] -- Up-to-date: /home/inauenma/git/mecheye_ros2_interface/install/mecheye_ros_interface/include/mecheye_ros_interface/mecheye_ros_interface/srv
[53.301s] -- Up-to-date: /home/inauenma/git/mecheye_ros2_interface/install/mecheye_ros_interface/include/mecheye_ros_interface/mecheye_ros_interface/srv/detail
[53.301s] -- Up-to-date: /home/inauenma/git/mecheye_ros2_interface/install/mecheye_ros_interface/include/mecheye_ros_interface/mecheye_ros_interface/srv/detail/device_info__rosidl_typesupport_fastrtps_c.h
[53.302s] -- Up-to-date: /home/inauenma/git/mecheye_ros2_interface/install/mecheye_ros_interface/include/mecheye_ros_interface/mecheye_ros_interface/srv/detail/get_roi_parameter__rosidl_typesupport_fastrtps_c.h
[53.302s] -- Up-to-date: /home/inauenma/git/mecheye_ros2_interface/install/mecheye_ros_interface/include/mecheye_ros_interface/mecheye_ros_interface/srv/detail/capture_point_cloud__rosidl_typesupport_fastrtps_c.h
[53.302s] -- Up-to-date: /home/inauenma/git/mecheye_ros2_interface/install/mecheye_ros_interface/include/mecheye_ros_interface/mecheye_ros_interface/srv/detail/get_enum_parameter__rosidl_typesupport_fastrtps_c.h
[53.302s] -- Up-to-date: /home/inauenma/git/mecheye_ros2_interface/install/mecheye_ros_interface/include/mecheye_ros_interface/mecheye_ros_interface/srv/detail/save_all_settings_to_user_sets__rosidl_typesupport_fastrtps_c.h
[53.302s] -- Up-to-date: /home/inauenma/git/mecheye_ros2_interface/install/mecheye_ros_interface/include/mecheye_ros_interface/mecheye_ros_interface/srv/detail/get_all_user_sets__rosidl_typesupport_fastrtps_c.h
[53.302s] -- Up-to-date: /home/inauenma/git/mecheye_ros2_interface/install/mecheye_ros_interface/include/mecheye_ros_interface/mecheye_ros_interface/srv/detail/capture_depth_map__rosidl_typesupport_fastrtps_c.h
[53.302s] -- Up-to-date: /home/inauenma/git/mecheye_ros2_interface/install/mecheye_ros_interface/include/mecheye_ros_interface/mecheye_ros_interface/srv/detail/set_float_array_parameter__rosidl_typesupport_fastrtps_c.h
[53.302s] -- Up-to-date: /home/inauenma/git/mecheye_ros2_interface/install/mecheye_ros_interface/include/mecheye_ros_interface/mecheye_ros_interface/srv/detail/capture_textured_point_cloud__rosidl_typesupport_fastrtps_c.h
[53.302s] -- Up-to-date: /home/inauenma/git/mecheye_ros2_interface/install/mecheye_ros_interface/include/mecheye_ros_interface/mecheye_ros_interface/srv/detail/get_bool_parameter__rosidl_typesupport_fastrtps_c.h
[53.303s] -- Up-to-date: /home/inauenma/git/mecheye_ros2_interface/install/mecheye_ros_interface/include/mecheye_ros_interface/mecheye_ros_interface/srv/detail/get_range_parameter__rosidl_typesupport_fastrtps_c.h
[53.303s] -- Up-to-date: /home/inauenma/git/mecheye_ros2_interface/install/mecheye_ros_interface/include/mecheye_ros_interface/mecheye_ros_interface/srv/detail/get_current_user_set__rosidl_typesupport_fastrtps_c.h
[53.303s] -- Up-to-date: /home/inauenma/git/mecheye_ros2_interface/install/mecheye_ros_interface/include/mecheye_ros_interface/mecheye_ros_interface/srv/detail/get_float_array_parameter__rosidl_typesupport_fastrtps_c.h
[53.303s] -- Up-to-date: /home/inauenma/git/mecheye_ros2_interface/install/mecheye_ros_interface/include/mecheye_ros_interface/mecheye_ros_interface/srv/detail/capture_stereo_color_images__rosidl_typesupport_fastrtps_c.h
[53.303s] -- Up-to-date: /home/inauenma/git/mecheye_ros2_interface/install/mecheye_ros_interface/include/mecheye_ros_interface/mecheye_ros_interface/srv/detail/set_bool_parameter__rosidl_typesupport_fastrtps_c.h
[53.303s] -- Up-to-date: /home/inauenma/git/mecheye_ros2_interface/install/mecheye_ros_interface/include/mecheye_ros_interface/mecheye_ros_interface/srv/detail/add_user_set__rosidl_typesupport_fastrtps_c.h
[53.303s] -- Up-to-date: /home/inauenma/git/mecheye_ros2_interface/install/mecheye_ros_interface/include/mecheye_ros_interface/mecheye_ros_interface/srv/detail/set_float_parameter__rosidl_typesupport_fastrtps_c.h
[53.303s] -- Up-to-date: /home/inauenma/git/mecheye_ros2_interface/install/mecheye_ros_interface/include/mecheye_ros_interface/mecheye_ros_interface/srv/detail/set_current_user_set__rosidl_typesupport_fastrtps_c.h
[53.304s] -- Up-to-date: /home/inauenma/git/mecheye_ros2_interface/install/mecheye_ros_interface/include/mecheye_ros_interface/mecheye_ros_interface/srv/detail/set_int_parameter__rosidl_typesupport_fastrtps_c.h
[53.304s] -- Up-to-date: /home/inauenma/git/mecheye_ros2_interface/install/mecheye_ros_interface/include/mecheye_ros_interface/mecheye_ros_interface/srv/detail/capture_color_image__rosidl_typesupport_fastrtps_c.h
[53.304s] -- Up-to-date: /home/inauenma/git/mecheye_ros2_interface/install/mecheye_ros_interface/include/mecheye_ros_interface/mecheye_ros_interface/srv/detail/get_int_parameter__rosidl_typesupport_fastrtps_c.h
[53.304s] -- Up-to-date: /home/inauenma/git/mecheye_ros2_interface/install/mecheye_ros_interface/include/mecheye_ros_interface/mecheye_ros_interface/srv/detail/set_roi_parameter__rosidl_typesupport_fastrtps_c.h
[53.304s] -- Up-to-date: /home/inauenma/git/mecheye_ros2_interface/install/mecheye_ros_interface/include/mecheye_ros_interface/mecheye_ros_interface/srv/detail/get_float_parameter__rosidl_typesupport_fastrtps_c.h
[53.304s] -- Up-to-date: /home/inauenma/git/mecheye_ros2_interface/install/mecheye_ros_interface/include/mecheye_ros_interface/mecheye_ros_interface/srv/detail/set_range_parameter__rosidl_typesupport_fastrtps_c.h
[53.304s] -- Up-to-date: /home/inauenma/git/mecheye_ros2_interface/install/mecheye_ros_interface/include/mecheye_ros_interface/mecheye_ros_interface/srv/detail/set_enum_parameter__rosidl_typesupport_fastrtps_c.h
[53.304s] -- Up-to-date: /home/inauenma/git/mecheye_ros2_interface/install/mecheye_ros_interface/include/mecheye_ros_interface/mecheye_ros_interface/srv/detail/delete_user_set__rosidl_typesupport_fastrtps_c.h
[53.304s] -- Up-to-date: /home/inauenma/git/mecheye_ros2_interface/install/mecheye_ros_interface/include/mecheye_ros_interface/mecheye_ros_interface/msg
[53.305s] -- Up-to-date: /home/inauenma/git/mecheye_ros2_interface/install/mecheye_ros_interface/include/mecheye_ros_interface/mecheye_ros_interface/msg/rosidl_typesupport_fastrtps_c__visibility_control.h
[53.306s] -- Up-to-date: /home/inauenma/git/mecheye_ros2_interface/install/mecheye_ros_interface/lib/libmecheye_ros_interface__rosidl_typesupport_fastrtps_c.so
[53.306s] -- Up-to-date: /home/inauenma/git/mecheye_ros2_interface/install/mecheye_ros_interface/include/mecheye_ros_interface/mecheye_ros_interface
[53.306s] -- Up-to-date: /home/inauenma/git/mecheye_ros2_interface/install/mecheye_ros_interface/include/mecheye_ros_interface/mecheye_ros_interface/srv
[53.306s] -- Up-to-date: /home/inauenma/git/mecheye_ros2_interface/install/mecheye_ros_interface/include/mecheye_ros_interface/mecheye_ros_interface/srv/capture_depth_map.hpp
[53.306s] -- Up-to-date: /home/inauenma/git/mecheye_ros2_interface/install/mecheye_ros_interface/include/mecheye_ros_interface/mecheye_ros_interface/srv/get_current_user_set.hpp
[53.307s] -- Up-to-date: /home/inauenma/git/mecheye_ros2_interface/install/mecheye_ros_interface/include/mecheye_ros_interface/mecheye_ros_interface/srv/get_float_array_parameter.hpp
[53.307s] -- Up-to-date: /home/inauenma/git/mecheye_ros2_interface/install/mecheye_ros_interface/include/mecheye_ros_interface/mecheye_ros_interface/srv/get_roi_parameter.hpp
[53.307s] -- Up-to-date: /home/inauenma/git/mecheye_ros2_interface/install/mecheye_ros_interface/include/mecheye_ros_interface/mecheye_ros_interface/srv/set_roi_parameter.hpp
[53.307s] -- Up-to-date: /home/inauenma/git/mecheye_ros2_interface/install/mecheye_ros_interface/include/mecheye_ros_interface/mecheye_ros_interface/srv/add_user_set.hpp
[53.307s] -- Up-to-date: /home/inauenma/git/mecheye_ros2_interface/install/mecheye_ros_interface/include/mecheye_ros_interface/mecheye_ros_interface/srv/get_float_parameter.hpp
[53.307s] -- Up-to-date: /home/inauenma/git/mecheye_ros2_interface/install/mecheye_ros_interface/include/mecheye_ros_interface/mecheye_ros_interface/srv/set_bool_parameter.hpp
[53.308s] -- Up-to-date: /home/inauenma/git/mecheye_ros2_interface/install/mecheye_ros_interface/include/mecheye_ros_interface/mecheye_ros_interface/srv/capture_color_image.hpp
[53.308s] -- Up-to-date: /home/inauenma/git/mecheye_ros2_interface/install/mecheye_ros_interface/include/mecheye_ros_interface/mecheye_ros_interface/srv/set_float_array_parameter.hpp
[53.308s] -- Up-to-date: /home/inauenma/git/mecheye_ros2_interface/install/mecheye_ros_interface/include/mecheye_ros_interface/mecheye_ros_interface/srv/set_range_parameter.hpp
[53.308s] -- Up-to-date: /home/inauenma/git/mecheye_ros2_interface/install/mecheye_ros_interface/include/mecheye_ros_interface/mecheye_ros_interface/srv/device_info.hpp
[53.308s] -- Up-to-date: /home/inauenma/git/mecheye_ros2_interface/install/mecheye_ros_interface/include/mecheye_ros_interface/mecheye_ros_interface/srv/save_all_settings_to_user_sets.hpp
[53.308s] -- Up-to-date: /home/inauenma/git/mecheye_ros2_interface/install/mecheye_ros_interface/include/mecheye_ros_interface/mecheye_ros_interface/srv/get_enum_parameter.hpp
[53.308s] -- Up-to-date: /home/inauenma/git/mecheye_ros2_interface/install/mecheye_ros_interface/include/mecheye_ros_interface/mecheye_ros_interface/srv/capture_point_cloud.hpp
[53.308s] -- Up-to-date: /home/inauenma/git/mecheye_ros2_interface/install/mecheye_ros_interface/include/mecheye_ros_interface/mecheye_ros_interface/srv/get_int_parameter.hpp
[53.309s] -- Up-to-date: /home/inauenma/git/mecheye_ros2_interface/install/mecheye_ros_interface/include/mecheye_ros_interface/mecheye_ros_interface/srv/get_all_user_sets.hpp
[53.309s] -- Up-to-date: /home/inauenma/git/mecheye_ros2_interface/install/mecheye_ros_interface/include/mecheye_ros_interface/mecheye_ros_interface/srv/capture_textured_point_cloud.hpp
[53.309s] -- Up-to-date: /home/inauenma/git/mecheye_ros2_interface/install/mecheye_ros_interface/include/mecheye_ros_interface/mecheye_ros_interface/srv/delete_user_set.hpp
[53.309s] -- Up-to-date: /home/inauenma/git/mecheye_ros2_interface/install/mecheye_ros_interface/include/mecheye_ros_interface/mecheye_ros_interface/srv/set_current_user_set.hpp
[53.309s] -- Up-to-date: /home/inauenma/git/mecheye_ros2_interface/install/mecheye_ros_interface/include/mecheye_ros_interface/mecheye_ros_interface/srv/set_float_parameter.hpp
[53.309s] -- Up-to-date: /home/inauenma/git/mecheye_ros2_interface/install/mecheye_ros_interface/include/mecheye_ros_interface/mecheye_ros_interface/srv/set_int_parameter.hpp
[53.309s] -- Up-to-date: /home/inauenma/git/mecheye_ros2_interface/install/mecheye_ros_interface/include/mecheye_ros_interface/mecheye_ros_interface/srv/set_enum_parameter.hpp
[53.309s] -- Up-to-date: /home/inauenma/git/mecheye_ros2_interface/install/mecheye_ros_interface/include/mecheye_ros_interface/mecheye_ros_interface/srv/detail
[53.310s] -- Up-to-date: /home/inauenma/git/mecheye_ros2_interface/install/mecheye_ros_interface/include/mecheye_ros_interface/mecheye_ros_interface/srv/detail/capture_color_image__type_support.hpp
[53.310s] -- Up-to-date: /home/inauenma/git/mecheye_ros2_interface/install/mecheye_ros_interface/include/mecheye_ros_interface/mecheye_ros_interface/srv/detail/set_float_array_parameter__builder.hpp
[53.310s] -- Up-to-date: /home/inauenma/git/mecheye_ros2_interface/install/mecheye_ros_interface/include/mecheye_ros_interface/mecheye_ros_interface/srv/detail/get_roi_parameter__type_support.hpp
[53.310s] -- Up-to-date: /home/inauenma/git/mecheye_ros2_interface/install/mecheye_ros_interface/include/mecheye_ros_interface/mecheye_ros_interface/srv/detail/set_roi_parameter__builder.hpp
[53.310s] -- Up-to-date: /home/inauenma/git/mecheye_ros2_interface/install/mecheye_ros_interface/include/mecheye_ros_interface/mecheye_ros_interface/srv/detail/get_all_user_sets__struct.hpp
[53.310s] -- Up-to-date: /home/inauenma/git/mecheye_ros2_interface/install/mecheye_ros_interface/include/mecheye_ros_interface/mecheye_ros_interface/srv/detail/save_all_settings_to_user_sets__type_support.hpp
[53.310s] -- Up-to-date: /home/inauenma/git/mecheye_ros2_interface/install/mecheye_ros_interface/include/mecheye_ros_interface/mecheye_ros_interface/srv/detail/delete_user_set__type_support.hpp
[53.310s] -- Up-to-date: /home/inauenma/git/mecheye_ros2_interface/install/mecheye_ros_interface/include/mecheye_ros_interface/mecheye_ros_interface/srv/detail/set_int_parameter__traits.hpp
[53.310s] -- Up-to-date: /home/inauenma/git/mecheye_ros2_interface/install/mecheye_ros_interface/include/mecheye_ros_interface/mecheye_ros_interface/srv/detail/get_float_parameter__traits.hpp
[53.311s] -- Up-to-date: /home/inauenma/git/mecheye_ros2_interface/install/mecheye_ros_interface/include/mecheye_ros_interface/mecheye_ros_interface/srv/detail/capture_depth_map__builder.hpp
[53.311s] -- Up-to-date: /home/inauenma/git/mecheye_ros2_interface/install/mecheye_ros_interface/include/mecheye_ros_interface/mecheye_ros_interface/srv/detail/capture_stereo_color_images__struct.hpp
[53.311s] -- Up-to-date: /home/inauenma/git/mecheye_ros2_interface/install/mecheye_ros_interface/include/mecheye_ros_interface/mecheye_ros_interface/srv/detail/set_range_parameter__traits.hpp
[53.311s] -- Up-to-date: /home/inauenma/git/mecheye_ros2_interface/install/mecheye_ros_interface/include/mecheye_ros_interface/mecheye_ros_interface/srv/detail/set_float_array_parameter__type_support.hpp
[53.311s] -- Up-to-date: /home/inauenma/git/mecheye_ros2_interface/install/mecheye_ros_interface/include/mecheye_ros_interface/mecheye_ros_interface/srv/detail/get_float_parameter__builder.hpp
[53.312s] -- Up-to-date: /home/inauenma/git/mecheye_ros2_interface/install/mecheye_ros_interface/include/mecheye_ros_interface/mecheye_ros_interface/srv/detail/capture_color_image__traits.hpp
[53.312s] -- Up-to-date: /home/inauenma/git/mecheye_ros2_interface/install/mecheye_ros_interface/include/mecheye_ros_interface/mecheye_ros_interface/srv/detail/set_roi_parameter__struct.hpp
[53.312s] -- Up-to-date: /home/inauenma/git/mecheye_ros2_interface/install/mecheye_ros_interface/include/mecheye_ros_interface/mecheye_ros_interface/srv/detail/get_bool_parameter__builder.hpp
[53.312s] -- Up-to-date: /home/inauenma/git/mecheye_ros2_interface/install/mecheye_ros_interface/include/mecheye_ros_interface/mecheye_ros_interface/srv/detail/set_enum_parameter__struct.hpp
[53.312s] -- Up-to-date: /home/inauenma/git/mecheye_ros2_interface/install/mecheye_ros_interface/include/mecheye_ros_interface/mecheye_ros_interface/srv/detail/set_bool_parameter__type_support.hpp
[53.313s] -- Up-to-date: /home/inauenma/git/mecheye_ros2_interface/install/mecheye_ros_interface/include/mecheye_ros_interface/mecheye_ros_interface/srv/detail/capture_point_cloud__struct.hpp
[53.313s] -- Up-to-date: /home/inauenma/git/mecheye_ros2_interface/install/mecheye_ros_interface/include/mecheye_ros_interface/mecheye_ros_interface/srv/detail/get_enum_parameter__type_support.hpp
[53.313s] -- Up-to-date: /home/inauenma/git/mecheye_ros2_interface/install/mecheye_ros_interface/include/mecheye_ros_interface/mecheye_ros_interface/srv/detail/add_user_set__struct.hpp
[53.313s] -- Up-to-date: /home/inauenma/git/mecheye_ros2_interface/install/mecheye_ros_interface/include/mecheye_ros_interface/mecheye_ros_interface/srv/detail/get_current_user_set__struct.hpp
[53.313s] -- Up-to-date: /home/inauenma/git/mecheye_ros2_interface/install/mecheye_ros_interface/include/mecheye_ros_interface/mecheye_ros_interface/srv/detail/get_float_array_parameter__type_support.hpp
[53.313s] -- Up-to-date: /home/inauenma/git/mecheye_ros2_interface/install/mecheye_ros_interface/include/mecheye_ros_interface/mecheye_ros_interface/srv/detail/add_user_set__builder.hpp
[53.314s] -- Up-to-date: /home/inauenma/git/mecheye_ros2_interface/install/mecheye_ros_interface/include/mecheye_ros_interface/mecheye_ros_interface/srv/detail/set_float_parameter__type_support.hpp
[53.314s] -- Up-to-date: /home/inauenma/git/mecheye_ros2_interface/install/mecheye_ros_interface/include/mecheye_ros_interface/mecheye_ros_interface/srv/detail/capture_point_cloud__type_support.hpp
[53.314s] -- Up-to-date: /home/inauenma/git/mecheye_ros2_interface/install/mecheye_ros_interface/include/mecheye_ros_interface/mecheye_ros_interface/srv/detail/set_float_array_parameter__struct.hpp
[53.316s] -- Up-to-date: /home/inauenma/git/mecheye_ros2_interface/install/mecheye_ros_interface/include/mecheye_ros_interface/mecheye_ros_interface/srv/detail/device_info__builder.hpp
[53.317s] -- Up-to-date: /home/inauenma/git/mecheye_ros2_interface/install/mecheye_ros_interface/include/mecheye_ros_interface/mecheye_ros_interface/srv/detail/capture_stereo_color_images__traits.hpp
[53.317s] -- Up-to-date: /home/inauenma/git/mecheye_ros2_interface/install/mecheye_ros_interface/include/mecheye_ros_interface/mecheye_ros_interface/srv/detail/capture_textured_point_cloud__builder.hpp
[53.317s] -- Up-to-date: /home/inauenma/git/mecheye_ros2_interface/install/mecheye_ros_interface/include/mecheye_ros_interface/mecheye_ros_interface/srv/detail/set_bool_parameter__traits.hpp
[53.317s] -- Up-to-date: /home/inauenma/git/mecheye_ros2_interface/install/mecheye_ros_interface/include/mecheye_ros_interface/mecheye_ros_interface/srv/detail/get_int_parameter__type_support.hpp
[53.317s] -- Up-to-date: /home/inauenma/git/mecheye_ros2_interface/install/mecheye_ros_interface/include/mecheye_ros_interface/mecheye_ros_interface/srv/detail/capture_depth_map__traits.hpp
[53.317s] -- Up-to-date: /home/inauenma/git/mecheye_ros2_interface/install/mecheye_ros_interface/include/mecheye_ros_interface/mecheye_ros_interface/srv/detail/set_enum_parameter__builder.hpp
[53.318s] -- Up-to-date: /home/inauenma/git/mecheye_ros2_interface/install/mecheye_ros_interface/include/mecheye_ros_interface/mecheye_ros_interface/srv/detail/capture_stereo_color_images__builder.hpp
[53.318s] -- Up-to-date: /home/inauenma/git/mecheye_ros2_interface/install/mecheye_ros_interface/include/mecheye_ros_interface/mecheye_ros_interface/srv/detail/set_current_user_set__struct.hpp
[53.318s] -- Up-to-date: /home/inauenma/git/mecheye_ros2_interface/install/mecheye_ros_interface/include/mecheye_ros_interface/mecheye_ros_interface/srv/detail/device_info__type_support.hpp
[53.318s] -- Up-to-date: /home/inauenma/git/mecheye_ros2_interface/install/mecheye_ros_interface/include/mecheye_ros_interface/mecheye_ros_interface/srv/detail/capture_point_cloud__traits.hpp
[53.318s] -- Up-to-date: /home/inauenma/git/mecheye_ros2_interface/install/mecheye_ros_interface/include/mecheye_ros_interface/mecheye_ros_interface/srv/detail/get_all_user_sets__traits.hpp
[53.318s] -- Up-to-date: /home/inauenma/git/mecheye_ros2_interface/install/mecheye_ros_interface/include/mecheye_ros_interface/mecheye_ros_interface/srv/detail/get_enum_parameter__builder.hpp
[53.318s] -- Up-to-date: /home/inauenma/git/mecheye_ros2_interface/install/mecheye_ros_interface/include/mecheye_ros_interface/mecheye_ros_interface/srv/detail/set_bool_parameter__builder.hpp
[53.318s] -- Up-to-date: /home/inauenma/git/mecheye_ros2_interface/install/mecheye_ros_interface/include/mecheye_ros_interface/mecheye_ros_interface/srv/detail/set_range_parameter__struct.hpp
[53.318s] -- Up-to-date: /home/inauenma/git/mecheye_ros2_interface/install/mecheye_ros_interface/include/mecheye_ros_interface/mecheye_ros_interface/srv/detail/get_enum_parameter__struct.hpp
[53.318s] -- Up-to-date: /home/inauenma/git/mecheye_ros2_interface/install/mecheye_ros_interface/include/mecheye_ros_interface/mecheye_ros_interface/srv/detail/get_all_user_sets__builder.hpp
[53.318s] -- Up-to-date: /home/inauenma/git/mecheye_ros2_interface/install/mecheye_ros_interface/include/mecheye_ros_interface/mecheye_ros_interface/srv/detail/set_current_user_set__traits.hpp
[53.319s] -- Up-to-date: /home/inauenma/git/mecheye_ros2_interface/install/mecheye_ros_interface/include/mecheye_ros_interface/mecheye_ros_interface/srv/detail/get_bool_parameter__type_support.hpp
[53.320s] -- Up-to-date: /home/inauenma/git/mecheye_ros2_interface/install/mecheye_ros_interface/include/mecheye_ros_interface/mecheye_ros_interface/srv/detail/set_current_user_set__builder.hpp
[53.320s] -- Up-to-date: /home/inauenma/git/mecheye_ros2_interface/install/mecheye_ros_interface/include/mecheye_ros_interface/mecheye_ros_interface/srv/detail/get_range_parameter__traits.hpp
[53.320s] -- Up-to-date: /home/inauenma/git/mecheye_ros2_interface/install/mecheye_ros_interface/include/mecheye_ros_interface/mecheye_ros_interface/srv/detail/set_float_parameter__builder.hpp
[53.320s] -- Up-to-date: /home/inauenma/git/mecheye_ros2_interface/install/mecheye_ros_interface/include/mecheye_ros_interface/mecheye_ros_interface/srv/detail/get_float_parameter__struct.hpp
[53.320s] -- Up-to-date: /home/inauenma/git/mecheye_ros2_interface/install/mecheye_ros_interface/include/mecheye_ros_interface/mecheye_ros_interface/srv/detail/capture_color_image__builder.hpp
[53.321s] -- Up-to-date: /home/inauenma/git/mecheye_ros2_interface/install/mecheye_ros_interface/include/mecheye_ros_interface/mecheye_ros_interface/srv/detail/get_bool_parameter__struct.hpp
[53.321s] -- Up-to-date: /home/inauenma/git/mecheye_ros2_interface/install/mecheye_ros_interface/include/mecheye_ros_interface/mecheye_ros_interface/srv/detail/set_float_parameter__struct.hpp
[53.321s] -- Up-to-date: /home/inauenma/git/mecheye_ros2_interface/install/mecheye_ros_interface/include/mecheye_ros_interface/mecheye_ros_interface/srv/detail/get_float_array_parameter__traits.hpp
[53.321s] -- Up-to-date: /home/inauenma/git/mecheye_ros2_interface/install/mecheye_ros_interface/include/mecheye_ros_interface/mecheye_ros_interface/srv/detail/delete_user_set__struct.hpp
[53.321s] -- Up-to-date: /home/inauenma/git/mecheye_ros2_interface/install/mecheye_ros_interface/include/mecheye_ros_interface/mecheye_ros_interface/srv/detail/set_enum_parameter__traits.hpp
[53.322s] -- Up-to-date: /home/inauenma/git/mecheye_ros2_interface/install/mecheye_ros_interface/include/mecheye_ros_interface/mecheye_ros_interface/srv/detail/get_roi_parameter__struct.hpp
[53.322s] -- Up-to-date: /home/inauenma/git/mecheye_ros2_interface/install/mecheye_ros_interface/include/mecheye_ros_interface/mecheye_ros_interface/srv/detail/get_all_user_sets__type_support.hpp
[53.322s] -- Up-to-date: /home/inauenma/git/mecheye_ros2_interface/install/mecheye_ros_interface/include/mecheye_ros_interface/mecheye_ros_interface/srv/detail/add_user_set__type_support.hpp
[53.322s] -- Up-to-date: /home/inauenma/git/mecheye_ros2_interface/install/mecheye_ros_interface/include/mecheye_ros_interface/mecheye_ros_interface/srv/detail/get_roi_parameter__traits.hpp
[53.322s] -- Up-to-date: /home/inauenma/git/mecheye_ros2_interface/install/mecheye_ros_interface/include/mecheye_ros_interface/mecheye_ros_interface/srv/detail/get_roi_parameter__builder.hpp
[53.323s] -- Up-to-date: /home/inauenma/git/mecheye_ros2_interface/install/mecheye_ros_interface/include/mecheye_ros_interface/mecheye_ros_interface/srv/detail/capture_color_image__struct.hpp
[53.323s] -- Up-to-date: /home/inauenma/git/mecheye_ros2_interface/install/mecheye_ros_interface/include/mecheye_ros_interface/mecheye_ros_interface/srv/detail/capture_textured_point_cloud__type_support.hpp
[53.323s] -- Up-to-date: /home/inauenma/git/mecheye_ros2_interface/install/mecheye_ros_interface/include/mecheye_ros_interface/mecheye_ros_interface/srv/detail/capture_textured_point_cloud__struct.hpp
[53.323s] -- Up-to-date: /home/inauenma/git/mecheye_ros2_interface/install/mecheye_ros_interface/include/mecheye_ros_interface/mecheye_ros_interface/srv/detail/device_info__traits.hpp
[53.323s] -- Up-to-date: /home/inauenma/git/mecheye_ros2_interface/install/mecheye_ros_interface/include/mecheye_ros_interface/mecheye_ros_interface/srv/detail/get_range_parameter__type_support.hpp
[53.324s] -- Up-to-date: /home/inauenma/git/mecheye_ros2_interface/install/mecheye_ros_interface/include/mecheye_ros_interface/mecheye_ros_interface/srv/detail/get_int_parameter__builder.hpp
[53.324s] -- Up-to-date: /home/inauenma/git/mecheye_ros2_interface/install/mecheye_ros_interface/include/mecheye_ros_interface/mecheye_ros_interface/srv/detail/get_enum_parameter__traits.hpp
[53.324s] -- Up-to-date: /home/inauenma/git/mecheye_ros2_interface/install/mecheye_ros_interface/include/mecheye_ros_interface/mecheye_ros_interface/srv/detail/get_current_user_set__builder.hpp
[53.324s] -- Up-to-date: /home/inauenma/git/mecheye_ros2_interface/install/mecheye_ros_interface/include/mecheye_ros_interface/mecheye_ros_interface/srv/detail/capture_depth_map__struct.hpp
[53.324s] -- Up-to-date: /home/inauenma/git/mecheye_ros2_interface/install/mecheye_ros_interface/include/mecheye_ros_interface/mecheye_ros_interface/srv/detail/add_user_set__traits.hpp
[53.324s] -- Up-to-date: /home/inauenma/git/mecheye_ros2_interface/install/mecheye_ros_interface/include/mecheye_ros_interface/mecheye_ros_interface/srv/detail/save_all_settings_to_user_sets__struct.hpp
[53.324s] -- Up-to-date: /home/inauenma/git/mecheye_ros2_interface/install/mecheye_ros_interface/include/mecheye_ros_interface/mecheye_ros_interface/srv/detail/set_int_parameter__struct.hpp
[53.325s] -- Up-to-date: /home/inauenma/git/mecheye_ros2_interface/install/mecheye_ros_interface/include/mecheye_ros_interface/mecheye_ros_interface/srv/detail/get_float_parameter__type_support.hpp
[53.325s] -- Up-to-date: /home/inauenma/git/mecheye_ros2_interface/install/mecheye_ros_interface/include/mecheye_ros_interface/mecheye_ros_interface/srv/detail/save_all_settings_to_user_sets__traits.hpp
[53.326s] -- Up-to-date: /home/inauenma/git/mecheye_ros2_interface/install/mecheye_ros_interface/include/mecheye_ros_interface/mecheye_ros_interface/srv/detail/get_range_parameter__builder.hpp
[53.327s] -- Up-to-date: /home/inauenma/git/mecheye_ros2_interface/install/mecheye_ros_interface/include/mecheye_ros_interface/mecheye_ros_interface/srv/detail/delete_user_set__traits.hpp
[53.327s] -- Up-to-date: /home/inauenma/git/mecheye_ros2_interface/install/mecheye_ros_interface/include/mecheye_ros_interface/mecheye_ros_interface/srv/detail/get_int_parameter__struct.hpp
[53.328s] -- Up-to-date: /home/inauenma/git/mecheye_ros2_interface/install/mecheye_ros_interface/include/mecheye_ros_interface/mecheye_ros_interface/srv/detail/set_float_array_parameter__traits.hpp
[53.334s] -- Up-to-date: /home/inauenma/git/mecheye_ros2_interface/install/mecheye_ros_interface/include/mecheye_ros_interface/mecheye_ros_interface/srv/detail/set_bool_parameter__struct.hpp
[53.336s] -- Up-to-date: /home/inauenma/git/mecheye_ros2_interface/install/mecheye_ros_interface/include/mecheye_ros_interface/mecheye_ros_interface/srv/detail/device_info__struct.hpp
[53.336s] -- Up-to-date: /home/inauenma/git/mecheye_ros2_interface/install/mecheye_ros_interface/include/mecheye_ros_interface/mecheye_ros_interface/srv/detail/set_range_parameter__builder.hpp
[53.336s] -- Up-to-date: /home/inauenma/git/mecheye_ros2_interface/install/mecheye_ros_interface/include/mecheye_ros_interface/mecheye_ros_interface/srv/detail/get_range_parameter__struct.hpp
[53.344s] -- Up-to-date: /home/inauenma/git/mecheye_ros2_interface/install/mecheye_ros_interface/include/mecheye_ros_interface/mecheye_ros_interface/srv/detail/set_range_parameter__type_support.hpp
[53.344s] -- Up-to-date: /home/inauenma/git/mecheye_ros2_interface/install/mecheye_ros_interface/include/mecheye_ros_interface/mecheye_ros_interface/srv/detail/get_current_user_set__type_support.hpp
[53.345s] -- Up-to-date: /home/inauenma/git/mecheye_ros2_interface/install/mecheye_ros_interface/include/mecheye_ros_interface/mecheye_ros_interface/srv/detail/get_bool_parameter__traits.hpp
[53.345s] -- Up-to-date: /home/inauenma/git/mecheye_ros2_interface/install/mecheye_ros_interface/include/mecheye_ros_interface/mecheye_ros_interface/srv/detail/set_enum_parameter__type_support.hpp
[53.345s] -- Up-to-date: /home/inauenma/git/mecheye_ros2_interface/install/mecheye_ros_interface/include/mecheye_ros_interface/mecheye_ros_interface/srv/detail/set_int_parameter__builder.hpp
[53.346s] -- Up-to-date: /home/inauenma/git/mecheye_ros2_interface/install/mecheye_ros_interface/include/mecheye_ros_interface/mecheye_ros_interface/srv/detail/get_int_parameter__traits.hpp
[53.346s] -- Up-to-date: /home/inauenma/git/mecheye_ros2_interface/install/mecheye_ros_interface/include/mecheye_ros_interface/mecheye_ros_interface/srv/detail/capture_depth_map__type_support.hpp
[53.346s] -- Up-to-date: /home/inauenma/git/mecheye_ros2_interface/install/mecheye_ros_interface/include/mecheye_ros_interface/mecheye_ros_interface/srv/detail/set_roi_parameter__traits.hpp
[53.346s] -- Up-to-date: /home/inauenma/git/mecheye_ros2_interface/install/mecheye_ros_interface/include/mecheye_ros_interface/mecheye_ros_interface/srv/detail/set_current_user_set__type_support.hpp
[53.346s] -- Up-to-date: /home/inauenma/git/mecheye_ros2_interface/install/mecheye_ros_interface/include/mecheye_ros_interface/mecheye_ros_interface/srv/detail/get_float_array_parameter__struct.hpp
[53.346s] -- Up-to-date: /home/inauenma/git/mecheye_ros2_interface/install/mecheye_ros_interface/include/mecheye_ros_interface/mecheye_ros_interface/srv/detail/set_float_parameter__traits.hpp
[53.347s] -- Up-to-date: /home/inauenma/git/mecheye_ros2_interface/install/mecheye_ros_interface/include/mecheye_ros_interface/mecheye_ros_interface/srv/detail/set_roi_parameter__type_support.hpp
[53.347s] -- Up-to-date: /home/inauenma/git/mecheye_ros2_interface/install/mecheye_ros_interface/include/mecheye_ros_interface/mecheye_ros_interface/srv/detail/capture_textured_point_cloud__traits.hpp
[53.348s] -- Up-to-date: /home/inauenma/git/mecheye_ros2_interface/install/mecheye_ros_interface/include/mecheye_ros_interface/mecheye_ros_interface/srv/detail/set_int_parameter__type_support.hpp
[53.348s] -- Up-to-date: /home/inauenma/git/mecheye_ros2_interface/install/mecheye_ros_interface/include/mecheye_ros_interface/mecheye_ros_interface/srv/detail/get_current_user_set__traits.hpp
[53.348s] -- Up-to-date: /home/inauenma/git/mecheye_ros2_interface/install/mecheye_ros_interface/include/mecheye_ros_interface/mecheye_ros_interface/srv/detail/capture_stereo_color_images__type_support.hpp
[53.348s] -- Up-to-date: /home/inauenma/git/mecheye_ros2_interface/install/mecheye_ros_interface/include/mecheye_ros_interface/mecheye_ros_interface/srv/detail/save_all_settings_to_user_sets__builder.hpp
[53.348s] -- Up-to-date: /home/inauenma/git/mecheye_ros2_interface/install/mecheye_ros_interface/include/mecheye_ros_interface/mecheye_ros_interface/srv/detail/capture_point_cloud__builder.hpp
[53.348s] -- Up-to-date: /home/inauenma/git/mecheye_ros2_interface/install/mecheye_ros_interface/include/mecheye_ros_interface/mecheye_ros_interface/srv/detail/get_float_array_parameter__builder.hpp
[53.349s] -- Up-to-date: /home/inauenma/git/mecheye_ros2_interface/install/mecheye_ros_interface/include/mecheye_ros_interface/mecheye_ros_interface/srv/detail/delete_user_set__builder.hpp
[53.349s] -- Up-to-date: /home/inauenma/git/mecheye_ros2_interface/install/mecheye_ros_interface/include/mecheye_ros_interface/mecheye_ros_interface/srv/get_bool_parameter.hpp
[53.350s] -- Up-to-date: /home/inauenma/git/mecheye_ros2_interface/install/mecheye_ros_interface/include/mecheye_ros_interface/mecheye_ros_interface/srv/get_range_parameter.hpp
[53.350s] -- Up-to-date: /home/inauenma/git/mecheye_ros2_interface/install/mecheye_ros_interface/include/mecheye_ros_interface/mecheye_ros_interface/srv/capture_stereo_color_images.hpp
[53.350s] -- Up-to-date: /home/inauenma/git/mecheye_ros2_interface/install/mecheye_ros_interface/include/mecheye_ros_interface/mecheye_ros_interface/msg
[53.351s] -- Up-to-date: /home/inauenma/git/mecheye_ros2_interface/install/mecheye_ros_interface/include/mecheye_ros_interface/mecheye_ros_interface/msg/rosidl_generator_cpp__visibility_control.hpp
[53.351s] -- Up-to-date: /home/inauenma/git/mecheye_ros2_interface/install/mecheye_ros_interface/include/mecheye_ros_interface/mecheye_ros_interface
[53.351s] -- Up-to-date: /home/inauenma/git/mecheye_ros2_interface/install/mecheye_ros_interface/include/mecheye_ros_interface/mecheye_ros_interface/srv
[53.351s] -- Up-to-date: /home/inauenma/git/mecheye_ros2_interface/install/mecheye_ros_interface/include/mecheye_ros_interface/mecheye_ros_interface/srv/detail
[53.351s] -- Up-to-date: /home/inauenma/git/mecheye_ros2_interface/install/mecheye_ros_interface/include/mecheye_ros_interface/mecheye_ros_interface/srv/detail/set_float_array_parameter__rosidl_typesupport_fastrtps_cpp.hpp
[53.352s] -- Up-to-date: /home/inauenma/git/mecheye_ros2_interface/install/mecheye_ros_interface/include/mecheye_ros_interface/mecheye_ros_interface/srv/detail/set_range_parameter__rosidl_typesupport_fastrtps_cpp.hpp
[53.352s] -- Up-to-date: /home/inauenma/git/mecheye_ros2_interface/install/mecheye_ros_interface/include/mecheye_ros_interface/mecheye_ros_interface/srv/detail/set_enum_parameter__rosidl_typesupport_fastrtps_cpp.hpp
[53.352s] -- Up-to-date: /home/inauenma/git/mecheye_ros2_interface/install/mecheye_ros_interface/include/mecheye_ros_interface/mecheye_ros_interface/srv/detail/capture_point_cloud__rosidl_typesupport_fastrtps_cpp.hpp
[53.352s] -- Up-to-date: /home/inauenma/git/mecheye_ros2_interface/install/mecheye_ros_interface/include/mecheye_ros_interface/mecheye_ros_interface/srv/detail/capture_color_image__rosidl_typesupport_fastrtps_cpp.hpp
[53.352s] -- Up-to-date: /home/inauenma/git/mecheye_ros2_interface/install/mecheye_ros_interface/include/mecheye_ros_interface/mecheye_ros_interface/srv/detail/set_roi_parameter__rosidl_typesupport_fastrtps_cpp.hpp
[53.352s] -- Up-to-date: /home/inauenma/git/mecheye_ros2_interface/install/mecheye_ros_interface/include/mecheye_ros_interface/mecheye_ros_interface/srv/detail/delete_user_set__rosidl_typesupport_fastrtps_cpp.hpp
[53.352s] -- Up-to-date: /home/inauenma/git/mecheye_ros2_interface/install/mecheye_ros_interface/include/mecheye_ros_interface/mecheye_ros_interface/srv/detail/capture_textured_point_cloud__rosidl_typesupport_fastrtps_cpp.hpp
[53.353s] -- Up-to-date: /home/inauenma/git/mecheye_ros2_interface/install/mecheye_ros_interface/include/mecheye_ros_interface/mecheye_ros_interface/srv/detail/get_roi_parameter__rosidl_typesupport_fastrtps_cpp.hpp
[53.353s] -- Up-to-date: /home/inauenma/git/mecheye_ros2_interface/install/mecheye_ros_interface/include/mecheye_ros_interface/mecheye_ros_interface/srv/detail/get_current_user_set__rosidl_typesupport_fastrtps_cpp.hpp
[53.353s] -- Up-to-date: /home/inauenma/git/mecheye_ros2_interface/install/mecheye_ros_interface/include/mecheye_ros_interface/mecheye_ros_interface/srv/detail/get_bool_parameter__rosidl_typesupport_fastrtps_cpp.hpp
[53.353s] -- Up-to-date: /home/inauenma/git/mecheye_ros2_interface/install/mecheye_ros_interface/include/mecheye_ros_interface/mecheye_ros_interface/srv/detail/get_all_user_sets__rosidl_typesupport_fastrtps_cpp.hpp
[53.353s] -- Up-to-date: /home/inauenma/git/mecheye_ros2_interface/install/mecheye_ros_interface/include/mecheye_ros_interface/mecheye_ros_interface/srv/detail/get_float_parameter__rosidl_typesupport_fastrtps_cpp.hpp
[53.353s] -- Up-to-date: /home/inauenma/git/mecheye_ros2_interface/install/mecheye_ros_interface/include/mecheye_ros_interface/mecheye_ros_interface/srv/detail/get_enum_parameter__rosidl_typesupport_fastrtps_cpp.hpp
[53.354s] -- Up-to-date: /home/inauenma/git/mecheye_ros2_interface/install/mecheye_ros_interface/include/mecheye_ros_interface/mecheye_ros_interface/srv/detail/capture_depth_map__rosidl_typesupport_fastrtps_cpp.hpp
[53.354s] -- Up-to-date: /home/inauenma/git/mecheye_ros2_interface/install/mecheye_ros_interface/include/mecheye_ros_interface/mecheye_ros_interface/srv/detail/set_float_parameter__rosidl_typesupport_fastrtps_cpp.hpp
[53.354s] -- Up-to-date: /home/inauenma/git/mecheye_ros2_interface/install/mecheye_ros_interface/include/mecheye_ros_interface/mecheye_ros_interface/srv/detail/save_all_settings_to_user_sets__rosidl_typesupport_fastrtps_cpp.hpp
[53.354s] -- Up-to-date: /home/inauenma/git/mecheye_ros2_interface/install/mecheye_ros_interface/include/mecheye_ros_interface/mecheye_ros_interface/srv/detail/get_float_array_parameter__rosidl_typesupport_fastrtps_cpp.hpp
[53.354s] -- Up-to-date: /home/inauenma/git/mecheye_ros2_interface/install/mecheye_ros_interface/include/mecheye_ros_interface/mecheye_ros_interface/srv/detail/device_info__rosidl_typesupport_fastrtps_cpp.hpp
[53.354s] -- Up-to-date: /home/inauenma/git/mecheye_ros2_interface/install/mecheye_ros_interface/include/mecheye_ros_interface/mecheye_ros_interface/srv/detail/add_user_set__rosidl_typesupport_fastrtps_cpp.hpp
[53.354s] -- Up-to-date: /home/inauenma/git/mecheye_ros2_interface/install/mecheye_ros_interface/include/mecheye_ros_interface/mecheye_ros_interface/srv/detail/get_range_parameter__rosidl_typesupport_fastrtps_cpp.hpp
[53.354s] -- Up-to-date: /home/inauenma/git/mecheye_ros2_interface/install/mecheye_ros_interface/include/mecheye_ros_interface/mecheye_ros_interface/srv/detail/get_int_parameter__rosidl_typesupport_fastrtps_cpp.hpp
[53.354s] -- Up-to-date: /home/inauenma/git/mecheye_ros2_interface/install/mecheye_ros_interface/include/mecheye_ros_interface/mecheye_ros_interface/srv/detail/capture_stereo_color_images__rosidl_typesupport_fastrtps_cpp.hpp
[53.355s] -- Up-to-date: /home/inauenma/git/mecheye_ros2_interface/install/mecheye_ros_interface/include/mecheye_ros_interface/mecheye_ros_interface/srv/detail/set_current_user_set__rosidl_typesupport_fastrtps_cpp.hpp
[53.355s] -- Up-to-date: /home/inauenma/git/mecheye_ros2_interface/install/mecheye_ros_interface/include/mecheye_ros_interface/mecheye_ros_interface/srv/detail/set_bool_parameter__rosidl_typesupport_fastrtps_cpp.hpp
[53.355s] -- Up-to-date: /home/inauenma/git/mecheye_ros2_interface/install/mecheye_ros_interface/include/mecheye_ros_interface/mecheye_ros_interface/srv/detail/set_int_parameter__rosidl_typesupport_fastrtps_cpp.hpp
[53.355s] -- Up-to-date: /home/inauenma/git/mecheye_ros2_interface/install/mecheye_ros_interface/include/mecheye_ros_interface/mecheye_ros_interface/srv/detail/dds_fastrtps
[53.355s] -- Up-to-date: /home/inauenma/git/mecheye_ros2_interface/install/mecheye_ros_interface/include/mecheye_ros_interface/mecheye_ros_interface/msg
[53.355s] -- Up-to-date: /home/inauenma/git/mecheye_ros2_interface/install/mecheye_ros_interface/include/mecheye_ros_interface/mecheye_ros_interface/msg/rosidl_typesupport_fastrtps_cpp__visibility_control.h
[53.356s] -- Up-to-date: /home/inauenma/git/mecheye_ros2_interface/install/mecheye_ros_interface/lib/libmecheye_ros_interface__rosidl_typesupport_fastrtps_cpp.so
[53.356s] -- Up-to-date: /home/inauenma/git/mecheye_ros2_interface/install/mecheye_ros_interface/include/mecheye_ros_interface/mecheye_ros_interface
[53.356s] -- Up-to-date: /home/inauenma/git/mecheye_ros2_interface/install/mecheye_ros_interface/include/mecheye_ros_interface/mecheye_ros_interface/srv
[53.356s] -- Up-to-date: /home/inauenma/git/mecheye_ros2_interface/install/mecheye_ros_interface/include/mecheye_ros_interface/mecheye_ros_interface/srv/detail
[53.356s] -- Up-to-date: /home/inauenma/git/mecheye_ros2_interface/install/mecheye_ros_interface/include/mecheye_ros_interface/mecheye_ros_interface/srv/detail/set_float_parameter__rosidl_typesupport_introspection_c.h
[53.356s] -- Installing: /home/inauenma/git/mecheye_ros2_interface/install/mecheye_ros_interface/include/mecheye_ros_interface/mecheye_ros_interface/srv/detail/capture_depth_map__type_support.c
[53.356s] -- Up-to-date: /home/inauenma/git/mecheye_ros2_interface/install/mecheye_ros_interface/include/mecheye_ros_interface/mecheye_ros_interface/srv/detail/capture_stereo_color_images__rosidl_typesupport_introspection_c.h
[53.356s] -- Installing: /home/inauenma/git/mecheye_ros2_interface/install/mecheye_ros_interface/include/mecheye_ros_interface/mecheye_ros_interface/srv/detail/set_range_parameter__type_support.c
[53.357s] -- Up-to-date: /home/inauenma/git/mecheye_ros2_interface/install/mecheye_ros_interface/include/mecheye_ros_interface/mecheye_ros_interface/srv/detail/device_info__rosidl_typesupport_introspection_c.h
[53.357s] -- Installing: /home/inauenma/git/mecheye_ros2_interface/install/mecheye_ros_interface/include/mecheye_ros_interface/mecheye_ros_interface/srv/detail/get_int_parameter__type_support.c
[53.357s] -- Installing: /home/inauenma/git/mecheye_ros2_interface/install/mecheye_ros_interface/include/mecheye_ros_interface/mecheye_ros_interface/srv/detail/set_enum_parameter__type_support.c
[53.357s] -- Installing: /home/inauenma/git/mecheye_ros2_interface/install/mecheye_ros_interface/include/mecheye_ros_interface/mecheye_ros_interface/srv/detail/get_enum_parameter__type_support.c
[53.357s] -- Installing: /home/inauenma/git/mecheye_ros2_interface/install/mecheye_ros_interface/include/mecheye_ros_interface/mecheye_ros_interface/srv/detail/get_current_user_set__type_support.c
[53.358s] -- Up-to-date: /home/inauenma/git/mecheye_ros2_interface/install/mecheye_ros_interface/include/mecheye_ros_interface/mecheye_ros_interface/srv/detail/delete_user_set__rosidl_typesupport_introspection_c.h
[53.358s] -- Installing: /home/inauenma/git/mecheye_ros2_interface/install/mecheye_ros_interface/include/mecheye_ros_interface/mecheye_ros_interface/srv/detail/capture_textured_point_cloud__type_support.c
[53.358s] -- Installing: /home/inauenma/git/mecheye_ros2_interface/install/mecheye_ros_interface/include/mecheye_ros_interface/mecheye_ros_interface/srv/detail/device_info__type_support.c
[53.358s] -- Up-to-date: /home/inauenma/git/mecheye_ros2_interface/install/mecheye_ros_interface/include/mecheye_ros_interface/mecheye_ros_interface/srv/detail/get_float_parameter__rosidl_typesupport_introspection_c.h
[53.358s] -- Up-to-date: /home/inauenma/git/mecheye_ros2_interface/install/mecheye_ros_interface/include/mecheye_ros_interface/mecheye_ros_interface/srv/detail/get_int_parameter__rosidl_typesupport_introspection_c.h
[53.359s] -- Up-to-date: /home/inauenma/git/mecheye_ros2_interface/install/mecheye_ros_interface/include/mecheye_ros_interface/mecheye_ros_interface/srv/detail/get_range_parameter__rosidl_typesupport_introspection_c.h
[53.359s] -- Installing: /home/inauenma/git/mecheye_ros2_interface/install/mecheye_ros_interface/include/mecheye_ros_interface/mecheye_ros_interface/srv/detail/get_all_user_sets__type_support.c
[53.359s] -- Installing: /home/inauenma/git/mecheye_ros2_interface/install/mecheye_ros_interface/include/mecheye_ros_interface/mecheye_ros_interface/srv/detail/add_user_set__type_support.c
[53.359s] -- Up-to-date: /home/inauenma/git/mecheye_ros2_interface/install/mecheye_ros_interface/include/mecheye_ros_interface/mecheye_ros_interface/srv/detail/capture_depth_map__rosidl_typesupport_introspection_c.h
[53.359s] -- Up-to-date: /home/inauenma/git/mecheye_ros2_interface/install/mecheye_ros_interface/include/mecheye_ros_interface/mecheye_ros_interface/srv/detail/set_enum_parameter__rosidl_typesupport_introspection_c.h
[53.359s] -- Installing: /home/inauenma/git/mecheye_ros2_interface/install/mecheye_ros_interface/include/mecheye_ros_interface/mecheye_ros_interface/srv/detail/capture_color_image__type_support.c
[53.360s] -- Up-to-date: /home/inauenma/git/mecheye_ros2_interface/install/mecheye_ros_interface/include/mecheye_ros_interface/mecheye_ros_interface/srv/detail/set_bool_parameter__rosidl_typesupport_introspection_c.h
[53.360s] -- Up-to-date: /home/inauenma/git/mecheye_ros2_interface/install/mecheye_ros_interface/include/mecheye_ros_interface/mecheye_ros_interface/srv/detail/set_float_array_parameter__rosidl_typesupport_introspection_c.h
[53.360s] -- Installing: /home/inauenma/git/mecheye_ros2_interface/install/mecheye_ros_interface/include/mecheye_ros_interface/mecheye_ros_interface/srv/detail/set_int_parameter__type_support.c
[53.360s] -- Up-to-date: /home/inauenma/git/mecheye_ros2_interface/install/mecheye_ros_interface/include/mecheye_ros_interface/mecheye_ros_interface/srv/detail/get_all_user_sets__rosidl_typesupport_introspection_c.h
[53.360s] -- Installing: /home/inauenma/git/mecheye_ros2_interface/install/mecheye_ros_interface/include/mecheye_ros_interface/mecheye_ros_interface/srv/detail/get_bool_parameter__type_support.c
[53.361s] -- Up-to-date: /home/inauenma/git/mecheye_ros2_interface/install/mecheye_ros_interface/include/mecheye_ros_interface/mecheye_ros_interface/srv/detail/capture_textured_point_cloud__rosidl_typesupport_introspection_c.h
[53.361s] -- Installing: /home/inauenma/git/mecheye_ros2_interface/install/mecheye_ros_interface/include/mecheye_ros_interface/mecheye_ros_interface/srv/detail/get_float_array_parameter__type_support.c
[53.363s] -- Up-to-date: /home/inauenma/git/mecheye_ros2_interface/install/mecheye_ros_interface/include/mecheye_ros_interface/mecheye_ros_interface/srv/detail/get_bool_parameter__rosidl_typesupport_introspection_c.h
[53.365s] -- Up-to-date: /home/inauenma/git/mecheye_ros2_interface/install/mecheye_ros_interface/include/mecheye_ros_interface/mecheye_ros_interface/srv/detail/get_float_array_parameter__rosidl_typesupport_introspection_c.h
[53.368s] -- Installing: /home/inauenma/git/mecheye_ros2_interface/install/mecheye_ros_interface/include/mecheye_ros_interface/mecheye_ros_interface/srv/detail/get_roi_parameter__type_support.c
[53.369s] -- Up-to-date: /home/inauenma/git/mecheye_ros2_interface/install/mecheye_ros_interface/include/mecheye_ros_interface/mecheye_ros_interface/srv/detail/capture_color_image__rosidl_typesupport_introspection_c.h
[53.369s] -- Installing: /home/inauenma/git/mecheye_ros2_interface/install/mecheye_ros_interface/include/mecheye_ros_interface/mecheye_ros_interface/srv/detail/set_bool_parameter__type_support.c
[53.369s] -- Installing: /home/inauenma/git/mecheye_ros2_interface/install/mecheye_ros_interface/include/mecheye_ros_interface/mecheye_ros_interface/srv/detail/save_all_settings_to_user_sets__type_support.c
[53.369s] -- Up-to-date: /home/inauenma/git/mecheye_ros2_interface/install/mecheye_ros_interface/include/mecheye_ros_interface/mecheye_ros_interface/srv/detail/set_range_parameter__rosidl_typesupport_introspection_c.h
[53.369s] -- Up-to-date: /home/inauenma/git/mecheye_ros2_interface/install/mecheye_ros_interface/include/mecheye_ros_interface/mecheye_ros_interface/srv/detail/get_enum_parameter__rosidl_typesupport_introspection_c.h
[53.370s] -- Up-to-date: /home/inauenma/git/mecheye_ros2_interface/install/mecheye_ros_interface/include/mecheye_ros_interface/mecheye_ros_interface/srv/detail/set_int_parameter__rosidl_typesupport_introspection_c.h
[53.370s] -- Installing: /home/inauenma/git/mecheye_ros2_interface/install/mecheye_ros_interface/include/mecheye_ros_interface/mecheye_ros_interface/srv/detail/capture_point_cloud__type_support.c
[53.370s] -- Up-to-date: /home/inauenma/git/mecheye_ros2_interface/install/mecheye_ros_interface/include/mecheye_ros_interface/mecheye_ros_interface/srv/detail/save_all_settings_to_user_sets__rosidl_typesupport_introspection_c.h
[53.370s] -- Up-to-date: /home/inauenma/git/mecheye_ros2_interface/install/mecheye_ros_interface/include/mecheye_ros_interface/mecheye_ros_interface/srv/detail/capture_point_cloud__rosidl_typesupport_introspection_c.h
[53.370s] -- Installing: /home/inauenma/git/mecheye_ros2_interface/install/mecheye_ros_interface/include/mecheye_ros_interface/mecheye_ros_interface/srv/detail/set_roi_parameter__type_support.c
[53.370s] -- Up-to-date: /home/inauenma/git/mecheye_ros2_interface/install/mecheye_ros_interface/include/mecheye_ros_interface/mecheye_ros_interface/srv/detail/get_roi_parameter__rosidl_typesupport_introspection_c.h
[53.370s] -- Up-to-date: /home/inauenma/git/mecheye_ros2_interface/install/mecheye_ros_interface/include/mecheye_ros_interface/mecheye_ros_interface/srv/detail/set_roi_parameter__rosidl_typesupport_introspection_c.h
[53.370s] -- Installing: /home/inauenma/git/mecheye_ros2_interface/install/mecheye_ros_interface/include/mecheye_ros_interface/mecheye_ros_interface/srv/detail/set_current_user_set__type_support.c
[53.370s] -- Up-to-date: /home/inauenma/git/mecheye_ros2_interface/install/mecheye_ros_interface/include/mecheye_ros_interface/mecheye_ros_interface/srv/detail/set_current_user_set__rosidl_typesupport_introspection_c.h
[53.371s] -- Up-to-date: /home/inauenma/git/mecheye_ros2_interface/install/mecheye_ros_interface/include/mecheye_ros_interface/mecheye_ros_interface/srv/detail/get_current_user_set__rosidl_typesupport_introspection_c.h
[53.371s] -- Installing: /home/inauenma/git/mecheye_ros2_interface/install/mecheye_ros_interface/include/mecheye_ros_interface/mecheye_ros_interface/srv/detail/get_range_parameter__type_support.c
[53.371s] -- Installing: /home/inauenma/git/mecheye_ros2_interface/install/mecheye_ros_interface/include/mecheye_ros_interface/mecheye_ros_interface/srv/detail/get_float_parameter__type_support.c
[53.371s] -- Installing: /home/inauenma/git/mecheye_ros2_interface/install/mecheye_ros_interface/include/mecheye_ros_interface/mecheye_ros_interface/srv/detail/capture_stereo_color_images__type_support.c
[53.371s] -- Installing: /home/inauenma/git/mecheye_ros2_interface/install/mecheye_ros_interface/include/mecheye_ros_interface/mecheye_ros_interface/srv/detail/set_float_array_parameter__type_support.c
[53.371s] -- Installing: /home/inauenma/git/mecheye_ros2_interface/install/mecheye_ros_interface/include/mecheye_ros_interface/mecheye_ros_interface/srv/detail/delete_user_set__type_support.c
[53.371s] -- Up-to-date: /home/inauenma/git/mecheye_ros2_interface/install/mecheye_ros_interface/include/mecheye_ros_interface/mecheye_ros_interface/srv/detail/add_user_set__rosidl_typesupport_introspection_c.h
[53.372s] -- Installing: /home/inauenma/git/mecheye_ros2_interface/install/mecheye_ros_interface/include/mecheye_ros_interface/mecheye_ros_interface/srv/detail/set_float_parameter__type_support.c
[53.372s] -- Up-to-date: /home/inauenma/git/mecheye_ros2_interface/install/mecheye_ros_interface/include/mecheye_ros_interface/mecheye_ros_interface/msg
[53.372s] -- Up-to-date: /home/inauenma/git/mecheye_ros2_interface/install/mecheye_ros_interface/include/mecheye_ros_interface/mecheye_ros_interface/msg/rosidl_typesupport_introspection_c__visibility_control.h
[53.372s] -- Up-to-date: /home/inauenma/git/mecheye_ros2_interface/install/mecheye_ros_interface/lib/libmecheye_ros_interface__rosidl_typesupport_introspection_c.so
[53.372s] -- Up-to-date: /home/inauenma/git/mecheye_ros2_interface/install/mecheye_ros_interface/lib/libmecheye_ros_interface__rosidl_typesupport_c.so
[53.372s] -- Up-to-date: /home/inauenma/git/mecheye_ros2_interface/install/mecheye_ros_interface/include/mecheye_ros_interface/mecheye_ros_interface
[53.372s] -- Up-to-date: /home/inauenma/git/mecheye_ros2_interface/install/mecheye_ros_interface/include/mecheye_ros_interface/mecheye_ros_interface/srv
[53.373s] -- Up-to-date: /home/inauenma/git/mecheye_ros2_interface/install/mecheye_ros_interface/include/mecheye_ros_interface/mecheye_ros_interface/srv/detail
[53.373s] -- Up-to-date: /home/inauenma/git/mecheye_ros2_interface/install/mecheye_ros_interface/include/mecheye_ros_interface/mecheye_ros_interface/srv/detail/get_all_user_sets__type_support.cpp
[53.373s] -- Up-to-date: /home/inauenma/git/mecheye_ros2_interface/install/mecheye_ros_interface/include/mecheye_ros_interface/mecheye_ros_interface/srv/detail/delete_user_set__type_support.cpp
[53.373s] -- Up-to-date: /home/inauenma/git/mecheye_ros2_interface/install/mecheye_ros_interface/include/mecheye_ros_interface/mecheye_ros_interface/srv/detail/capture_depth_map__type_support.cpp
[53.373s] -- Up-to-date: /home/inauenma/git/mecheye_ros2_interface/install/mecheye_ros_interface/include/mecheye_ros_interface/mecheye_ros_interface/srv/detail/device_info__rosidl_typesupport_introspection_cpp.hpp
[53.373s] -- Up-to-date: /home/inauenma/git/mecheye_ros2_interface/install/mecheye_ros_interface/include/mecheye_ros_interface/mecheye_ros_interface/srv/detail/get_bool_parameter__type_support.cpp
[53.373s] -- Up-to-date: /home/inauenma/git/mecheye_ros2_interface/install/mecheye_ros_interface/include/mecheye_ros_interface/mecheye_ros_interface/srv/detail/set_range_parameter__rosidl_typesupport_introspection_cpp.hpp
[53.374s] -- Up-to-date: /home/inauenma/git/mecheye_ros2_interface/install/mecheye_ros_interface/include/mecheye_ros_interface/mecheye_ros_interface/srv/detail/get_float_parameter__rosidl_typesupport_introspection_cpp.hpp
[53.374s] -- Up-to-date: /home/inauenma/git/mecheye_ros2_interface/install/mecheye_ros_interface/include/mecheye_ros_interface/mecheye_ros_interface/srv/detail/get_current_user_set__type_support.cpp
[53.374s] -- Up-to-date: /home/inauenma/git/mecheye_ros2_interface/install/mecheye_ros_interface/include/mecheye_ros_interface/mecheye_ros_interface/srv/detail/get_roi_parameter__type_support.cpp
[53.374s] -- Up-to-date: /home/inauenma/git/mecheye_ros2_interface/install/mecheye_ros_interface/include/mecheye_ros_interface/mecheye_ros_interface/srv/detail/capture_point_cloud__rosidl_typesupport_introspection_cpp.hpp
[53.374s] -- Up-to-date: /home/inauenma/git/mecheye_ros2_interface/install/mecheye_ros_interface/include/mecheye_ros_interface/mecheye_ros_interface/srv/detail/get_range_parameter__rosidl_typesupport_introspection_cpp.hpp
[53.374s] -- Up-to-date: /home/inauenma/git/mecheye_ros2_interface/install/mecheye_ros_interface/include/mecheye_ros_interface/mecheye_ros_interface/srv/detail/set_float_array_parameter__type_support.cpp
[53.375s] -- Up-to-date: /home/inauenma/git/mecheye_ros2_interface/install/mecheye_ros_interface/include/mecheye_ros_interface/mecheye_ros_interface/srv/detail/save_all_settings_to_user_sets__type_support.cpp
[53.375s] -- Up-to-date: /home/inauenma/git/mecheye_ros2_interface/install/mecheye_ros_interface/include/mecheye_ros_interface/mecheye_ros_interface/srv/detail/add_user_set__rosidl_typesupport_introspection_cpp.hpp
[53.375s] -- Up-to-date: /home/inauenma/git/mecheye_ros2_interface/install/mecheye_ros_interface/include/mecheye_ros_interface/mecheye_ros_interface/srv/detail/get_int_parameter__type_support.cpp
[53.375s] -- Up-to-date: /home/inauenma/git/mecheye_ros2_interface/install/mecheye_ros_interface/include/mecheye_ros_interface/mecheye_ros_interface/srv/detail/set_current_user_set__type_support.cpp
[53.375s] -- Up-to-date: /home/inauenma/git/mecheye_ros2_interface/install/mecheye_ros_interface/include/mecheye_ros_interface/mecheye_ros_interface/srv/detail/set_float_parameter__rosidl_typesupport_introspection_cpp.hpp
[53.375s] -- Up-to-date: /home/inauenma/git/mecheye_ros2_interface/install/mecheye_ros_interface/include/mecheye_ros_interface/mecheye_ros_interface/srv/detail/set_int_parameter__rosidl_typesupport_introspection_cpp.hpp
[53.375s] -- Up-to-date: /home/inauenma/git/mecheye_ros2_interface/install/mecheye_ros_interface/include/mecheye_ros_interface/mecheye_ros_interface/srv/detail/get_float_parameter__type_support.cpp
[53.375s] -- Up-to-date: /home/inauenma/git/mecheye_ros2_interface/install/mecheye_ros_interface/include/mecheye_ros_interface/mecheye_ros_interface/srv/detail/capture_textured_point_cloud__type_support.cpp
[53.376s] -- Up-to-date: /home/inauenma/git/mecheye_ros2_interface/install/mecheye_ros_interface/include/mecheye_ros_interface/mecheye_ros_interface/srv/detail/add_user_set__type_support.cpp
[53.376s] -- Up-to-date: /home/inauenma/git/mecheye_ros2_interface/install/mecheye_ros_interface/include/mecheye_ros_interface/mecheye_ros_interface/srv/detail/set_roi_parameter__type_support.cpp
[53.376s] -- Up-to-date: /home/inauenma/git/mecheye_ros2_interface/install/mecheye_ros_interface/include/mecheye_ros_interface/mecheye_ros_interface/srv/detail/set_roi_parameter__rosidl_typesupport_introspection_cpp.hpp
[53.376s] -- Up-to-date: /home/inauenma/git/mecheye_ros2_interface/install/mecheye_ros_interface/include/mecheye_ros_interface/mecheye_ros_interface/srv/detail/get_current_user_set__rosidl_typesupport_introspection_cpp.hpp
[53.376s] -- Up-to-date: /home/inauenma/git/mecheye_ros2_interface/install/mecheye_ros_interface/include/mecheye_ros_interface/mecheye_ros_interface/srv/detail/capture_color_image__type_support.cpp
[53.377s] -- Up-to-date: /home/inauenma/git/mecheye_ros2_interface/install/mecheye_ros_interface/include/mecheye_ros_interface/mecheye_ros_interface/srv/detail/get_int_parameter__rosidl_typesupport_introspection_cpp.hpp
[53.377s] -- Up-to-date: /home/inauenma/git/mecheye_ros2_interface/install/mecheye_ros_interface/include/mecheye_ros_interface/mecheye_ros_interface/srv/detail/save_all_settings_to_user_sets__rosidl_typesupport_introspection_cpp.hpp
[53.377s] -- Up-to-date: /home/inauenma/git/mecheye_ros2_interface/install/mecheye_ros_interface/include/mecheye_ros_interface/mecheye_ros_interface/srv/detail/get_float_array_parameter__type_support.cpp
[53.381s] -- Up-to-date: /home/inauenma/git/mecheye_ros2_interface/install/mecheye_ros_interface/include/mecheye_ros_interface/mecheye_ros_interface/srv/detail/capture_stereo_color_images__type_support.cpp
[53.382s] -- Up-to-date: /home/inauenma/git/mecheye_ros2_interface/install/mecheye_ros_interface/include/mecheye_ros_interface/mecheye_ros_interface/srv/detail/capture_depth_map__rosidl_typesupport_introspection_cpp.hpp
[53.382s] -- Up-to-date: /home/inauenma/git/mecheye_ros2_interface/install/mecheye_ros_interface/include/mecheye_ros_interface/mecheye_ros_interface/srv/detail/set_float_parameter__type_support.cpp
[53.382s] -- Up-to-date: /home/inauenma/git/mecheye_ros2_interface/install/mecheye_ros_interface/include/mecheye_ros_interface/mecheye_ros_interface/srv/detail/capture_color_image__rosidl_typesupport_introspection_cpp.hpp
[53.382s] -- Up-to-date: /home/inauenma/git/mecheye_ros2_interface/install/mecheye_ros_interface/include/mecheye_ros_interface/mecheye_ros_interface/srv/detail/set_float_array_parameter__rosidl_typesupport_introspection_cpp.hpp
[53.382s] -- Up-to-date: /home/inauenma/git/mecheye_ros2_interface/install/mecheye_ros_interface/include/mecheye_ros_interface/mecheye_ros_interface/srv/detail/get_all_user_sets__rosidl_typesupport_introspection_cpp.hpp
[53.382s] -- Up-to-date: /home/inauenma/git/mecheye_ros2_interface/install/mecheye_ros_interface/include/mecheye_ros_interface/mecheye_ros_interface/srv/detail/get_float_array_parameter__rosidl_typesupport_introspection_cpp.hpp
[53.383s] -- Up-to-date: /home/inauenma/git/mecheye_ros2_interface/install/mecheye_ros_interface/include/mecheye_ros_interface/mecheye_ros_interface/srv/detail/capture_textured_point_cloud__rosidl_typesupport_introspection_cpp.hpp
[53.383s] -- Up-to-date: /home/inauenma/git/mecheye_ros2_interface/install/mecheye_ros_interface/include/mecheye_ros_interface/mecheye_ros_interface/srv/detail/set_range_parameter__type_support.cpp
[53.383s] -- Up-to-date: /home/inauenma/git/mecheye_ros2_interface/install/mecheye_ros_interface/include/mecheye_ros_interface/mecheye_ros_interface/srv/detail/set_int_parameter__type_support.cpp
[53.383s] -- Up-to-date: /home/inauenma/git/mecheye_ros2_interface/install/mecheye_ros_interface/include/mecheye_ros_interface/mecheye_ros_interface/srv/detail/set_bool_parameter__type_support.cpp
[53.383s] -- Up-to-date: /home/inauenma/git/mecheye_ros2_interface/install/mecheye_ros_interface/include/mecheye_ros_interface/mecheye_ros_interface/srv/detail/get_bool_parameter__rosidl_typesupport_introspection_cpp.hpp
[53.383s] -- Up-to-date: /home/inauenma/git/mecheye_ros2_interface/install/mecheye_ros_interface/include/mecheye_ros_interface/mecheye_ros_interface/srv/detail/set_current_user_set__rosidl_typesupport_introspection_cpp.hpp
[53.383s] -- Up-to-date: /home/inauenma/git/mecheye_ros2_interface/install/mecheye_ros_interface/include/mecheye_ros_interface/mecheye_ros_interface/srv/detail/set_enum_parameter__rosidl_typesupport_introspection_cpp.hpp
[53.384s] -- Up-to-date: /home/inauenma/git/mecheye_ros2_interface/install/mecheye_ros_interface/include/mecheye_ros_interface/mecheye_ros_interface/srv/detail/capture_stereo_color_images__rosidl_typesupport_introspection_cpp.hpp
[53.384s] -- Up-to-date: /home/inauenma/git/mecheye_ros2_interface/install/mecheye_ros_interface/include/mecheye_ros_interface/mecheye_ros_interface/srv/detail/set_enum_parameter__type_support.cpp
[53.384s] -- Up-to-date: /home/inauenma/git/mecheye_ros2_interface/install/mecheye_ros_interface/include/mecheye_ros_interface/mecheye_ros_interface/srv/detail/delete_user_set__rosidl_typesupport_introspection_cpp.hpp
[53.384s] -- Up-to-date: /home/inauenma/git/mecheye_ros2_interface/install/mecheye_ros_interface/include/mecheye_ros_interface/mecheye_ros_interface/srv/detail/set_bool_parameter__rosidl_typesupport_introspection_cpp.hpp
[53.384s] -- Up-to-date: /home/inauenma/git/mecheye_ros2_interface/install/mecheye_ros_interface/include/mecheye_ros_interface/mecheye_ros_interface/srv/detail/get_enum_parameter__rosidl_typesupport_introspection_cpp.hpp
[53.384s] -- Up-to-date: /home/inauenma/git/mecheye_ros2_interface/install/mecheye_ros_interface/include/mecheye_ros_interface/mecheye_ros_interface/srv/detail/capture_point_cloud__type_support.cpp
[53.384s] -- Up-to-date: /home/inauenma/git/mecheye_ros2_interface/install/mecheye_ros_interface/include/mecheye_ros_interface/mecheye_ros_interface/srv/detail/get_range_parameter__type_support.cpp
[53.384s] -- Up-to-date: /home/inauenma/git/mecheye_ros2_interface/install/mecheye_ros_interface/include/mecheye_ros_interface/mecheye_ros_interface/srv/detail/device_info__type_support.cpp
[53.385s] -- Up-to-date: /home/inauenma/git/mecheye_ros2_interface/install/mecheye_ros_interface/include/mecheye_ros_interface/mecheye_ros_interface/srv/detail/get_roi_parameter__rosidl_typesupport_introspection_cpp.hpp
[53.385s] -- Up-to-date: /home/inauenma/git/mecheye_ros2_interface/install/mecheye_ros_interface/include/mecheye_ros_interface/mecheye_ros_interface/srv/detail/get_enum_parameter__type_support.cpp
[53.385s] -- Up-to-date: /home/inauenma/git/mecheye_ros2_interface/install/mecheye_ros_interface/lib/libmecheye_ros_interface__rosidl_typesupport_introspection_cpp.so
[53.385s] -- Up-to-date: /home/inauenma/git/mecheye_ros2_interface/install/mecheye_ros_interface/lib/libmecheye_ros_interface__rosidl_typesupport_cpp.so
[53.386s] -- Up-to-date: /home/inauenma/git/mecheye_ros2_interface/install/mecheye_ros_interface/share/mecheye_ros_interface/environment/pythonpath.sh
[53.386s] -- Up-to-date: /home/inauenma/git/mecheye_ros2_interface/install/mecheye_ros_interface/share/mecheye_ros_interface/environment/pythonpath.dsv
[53.386s] -- Up-to-date: /home/inauenma/git/mecheye_ros2_interface/install/mecheye_ros_interface/lib/python3.12/site-packages/mecheye_ros_interface-0.0.2-py3.12.egg-info
[53.387s] -- Installing: /home/inauenma/git/mecheye_ros2_interface/install/mecheye_ros_interface/lib/python3.12/site-packages/mecheye_ros_interface-0.0.2-py3.12.egg-info/SOURCES.txt
[53.387s] -- Installing: /home/inauenma/git/mecheye_ros2_interface/install/mecheye_ros_interface/lib/python3.12/site-packages/mecheye_ros_interface-0.0.2-py3.12.egg-info/PKG-INFO
[53.387s] -- Installing: /home/inauenma/git/mecheye_ros2_interface/install/mecheye_ros_interface/lib/python3.12/site-packages/mecheye_ros_interface-0.0.2-py3.12.egg-info/top_level.txt
[53.388s] -- Installing: /home/inauenma/git/mecheye_ros2_interface/install/mecheye_ros_interface/lib/python3.12/site-packages/mecheye_ros_interface-0.0.2-py3.12.egg-info/dependency_links.txt
[53.388s] -- Up-to-date: /home/inauenma/git/mecheye_ros2_interface/install/mecheye_ros_interface/lib/python3.12/site-packages/mecheye_ros_interface
[53.388s] -- Up-to-date: /home/inauenma/git/mecheye_ros2_interface/install/mecheye_ros_interface/lib/python3.12/site-packages/mecheye_ros_interface/_mecheye_ros_interface_s.ep.rosidl_typesupport_fastrtps_c.c
[53.388s] -- Up-to-date: /home/inauenma/git/mecheye_ros2_interface/install/mecheye_ros_interface/lib/python3.12/site-packages/mecheye_ros_interface/mecheye_ros_interface_s__rosidl_typesupport_c.so
[53.389s] -- Up-to-date: /home/inauenma/git/mecheye_ros2_interface/install/mecheye_ros_interface/lib/python3.12/site-packages/mecheye_ros_interface/mecheye_ros_interface_s__rosidl_typesupport_introspection_c.so
[53.389s] -- Up-to-date: /home/inauenma/git/mecheye_ros2_interface/install/mecheye_ros_interface/lib/python3.12/site-packages/mecheye_ros_interface/mecheye_ros_interface_s__rosidl_typesupport_fastrtps_c.so
[53.389s] -- Up-to-date: /home/inauenma/git/mecheye_ros2_interface/install/mecheye_ros_interface/lib/python3.12/site-packages/mecheye_ros_interface/srv
[53.389s] -- Up-to-date: /home/inauenma/git/mecheye_ros2_interface/install/mecheye_ros_interface/lib/python3.12/site-packages/mecheye_ros_interface/srv/_capture_textured_point_cloud_s.c
[53.389s] -- Up-to-date: /home/inauenma/git/mecheye_ros2_interface/install/mecheye_ros_interface/lib/python3.12/site-packages/mecheye_ros_interface/srv/_set_range_parameter_s.c
[53.390s] -- Up-to-date: /home/inauenma/git/mecheye_ros2_interface/install/mecheye_ros_interface/lib/python3.12/site-packages/mecheye_ros_interface/srv/_get_float_parameter_s.c
[53.390s] -- Up-to-date: /home/inauenma/git/mecheye_ros2_interface/install/mecheye_ros_interface/lib/python3.12/site-packages/mecheye_ros_interface/srv/_capture_depth_map_s.c
[53.390s] -- Up-to-date: /home/inauenma/git/mecheye_ros2_interface/install/mecheye_ros_interface/lib/python3.12/site-packages/mecheye_ros_interface/srv/_get_all_user_sets_s.c
[53.390s] -- Up-to-date: /home/inauenma/git/mecheye_ros2_interface/install/mecheye_ros_interface/lib/python3.12/site-packages/mecheye_ros_interface/srv/_get_float_array_parameter.py
[53.391s] -- Up-to-date: /home/inauenma/git/mecheye_ros2_interface/install/mecheye_ros_interface/lib/python3.12/site-packages/mecheye_ros_interface/srv/_get_current_user_set.py
[53.391s] -- Up-to-date: /home/inauenma/git/mecheye_ros2_interface/install/mecheye_ros_interface/lib/python3.12/site-packages/mecheye_ros_interface/srv/_set_bool_parameter_s.c
[53.391s] -- Up-to-date: /home/inauenma/git/mecheye_ros2_interface/install/mecheye_ros_interface/lib/python3.12/site-packages/mecheye_ros_interface/srv/_device_info_s.c
[53.391s] -- Up-to-date: /home/inauenma/git/mecheye_ros2_interface/install/mecheye_ros_interface/lib/python3.12/site-packages/mecheye_ros_interface/srv/_capture_depth_map.py
[53.391s] -- Up-to-date: /home/inauenma/git/mecheye_ros2_interface/install/mecheye_ros_interface/lib/python3.12/site-packages/mecheye_ros_interface/srv/_add_user_set.py
[53.391s] -- Up-to-date: /home/inauenma/git/mecheye_ros2_interface/install/mecheye_ros_interface/lib/python3.12/site-packages/mecheye_ros_interface/srv/_set_roi_parameter_s.c
[53.391s] -- Up-to-date: /home/inauenma/git/mecheye_ros2_interface/install/mecheye_ros_interface/lib/python3.12/site-packages/mecheye_ros_interface/srv/_set_current_user_set_s.c
[53.392s] -- Up-to-date: /home/inauenma/git/mecheye_ros2_interface/install/mecheye_ros_interface/lib/python3.12/site-packages/mecheye_ros_interface/srv/_capture_stereo_color_images_s.c
[53.392s] -- Up-to-date: /home/inauenma/git/mecheye_ros2_interface/install/mecheye_ros_interface/lib/python3.12/site-packages/mecheye_ros_interface/srv/_save_all_settings_to_user_sets_s.c
[53.392s] -- Up-to-date: /home/inauenma/git/mecheye_ros2_interface/install/mecheye_ros_interface/lib/python3.12/site-packages/mecheye_ros_interface/srv/_set_range_parameter.py
[53.392s] -- Up-to-date: /home/inauenma/git/mecheye_ros2_interface/install/mecheye_ros_interface/lib/python3.12/site-packages/mecheye_ros_interface/srv/_capture_textured_point_cloud.py
[53.393s] -- Up-to-date: /home/inauenma/git/mecheye_ros2_interface/install/mecheye_ros_interface/lib/python3.12/site-packages/mecheye_ros_interface/srv/_get_range_parameter_s.c
[53.393s] -- Up-to-date: /home/inauenma/git/mecheye_ros2_interface/install/mecheye_ros_interface/lib/python3.12/site-packages/mecheye_ros_interface/srv/_set_roi_parameter.py
[53.393s] -- Up-to-date: /home/inauenma/git/mecheye_ros2_interface/install/mecheye_ros_interface/lib/python3.12/site-packages/mecheye_ros_interface/srv/_get_enum_parameter.py
[53.393s] -- Up-to-date: /home/inauenma/git/mecheye_ros2_interface/install/mecheye_ros_interface/lib/python3.12/site-packages/mecheye_ros_interface/srv/_capture_color_image_s.c
[53.393s] -- Up-to-date: /home/inauenma/git/mecheye_ros2_interface/install/mecheye_ros_interface/lib/python3.12/site-packages/mecheye_ros_interface/srv/_get_current_user_set_s.c
[53.393s] -- Up-to-date: /home/inauenma/git/mecheye_ros2_interface/install/mecheye_ros_interface/lib/python3.12/site-packages/mecheye_ros_interface/srv/__init__.py
[53.394s] -- Up-to-date: /home/inauenma/git/mecheye_ros2_interface/install/mecheye_ros_interface/lib/python3.12/site-packages/mecheye_ros_interface/srv/_capture_point_cloud_s.c
[53.394s] -- Up-to-date: /home/inauenma/git/mecheye_ros2_interface/install/mecheye_ros_interface/lib/python3.12/site-packages/mecheye_ros_interface/srv/_set_float_array_parameter_s.c
[53.394s] -- Up-to-date: /home/inauenma/git/mecheye_ros2_interface/install/mecheye_ros_interface/lib/python3.12/site-packages/mecheye_ros_interface/srv/_get_roi_parameter_s.c
[53.394s] -- Up-to-date: /home/inauenma/git/mecheye_ros2_interface/install/mecheye_ros_interface/lib/python3.12/site-packages/mecheye_ros_interface/srv/_device_info.py
[53.394s] -- Up-to-date: /home/inauenma/git/mecheye_ros2_interface/install/mecheye_ros_interface/lib/python3.12/site-packages/mecheye_ros_interface/srv/_delete_user_set_s.c
[53.395s] -- Up-to-date: /home/inauenma/git/mecheye_ros2_interface/install/mecheye_ros_interface/lib/python3.12/site-packages/mecheye_ros_interface/srv/_set_current_user_set.py
[53.395s] -- Up-to-date: /home/inauenma/git/mecheye_ros2_interface/install/mecheye_ros_interface/lib/python3.12/site-packages/mecheye_ros_interface/srv/_capture_color_image.py
[53.395s] -- Up-to-date: /home/inauenma/git/mecheye_ros2_interface/install/mecheye_ros_interface/lib/python3.12/site-packages/mecheye_ros_interface/srv/_set_int_parameter_s.c
[53.395s] -- Up-to-date: /home/inauenma/git/mecheye_ros2_interface/install/mecheye_ros_interface/lib/python3.12/site-packages/mecheye_ros_interface/srv/_capture_stereo_color_images.py
[53.395s] -- Up-to-date: /home/inauenma/git/mecheye_ros2_interface/install/mecheye_ros_interface/lib/python3.12/site-packages/mecheye_ros_interface/srv/_get_bool_parameter_s.c
[53.396s] -- Up-to-date: /home/inauenma/git/mecheye_ros2_interface/install/mecheye_ros_interface/lib/python3.12/site-packages/mecheye_ros_interface/srv/_set_float_parameter.py
[53.396s] -- Up-to-date: /home/inauenma/git/mecheye_ros2_interface/install/mecheye_ros_interface/lib/python3.12/site-packages/mecheye_ros_interface/srv/_add_user_set_s.c
[53.396s] -- Up-to-date: /home/inauenma/git/mecheye_ros2_interface/install/mecheye_ros_interface/lib/python3.12/site-packages/mecheye_ros_interface/srv/_delete_user_set.py
[53.396s] -- Up-to-date: /home/inauenma/git/mecheye_ros2_interface/install/mecheye_ros_interface/lib/python3.12/site-packages/mecheye_ros_interface/srv/_get_int_parameter_s.c
[53.396s] -- Up-to-date: /home/inauenma/git/mecheye_ros2_interface/install/mecheye_ros_interface/lib/python3.12/site-packages/mecheye_ros_interface/srv/_set_bool_parameter.py
[53.397s] -- Up-to-date: /home/inauenma/git/mecheye_ros2_interface/install/mecheye_ros_interface/lib/python3.12/site-packages/mecheye_ros_interface/srv/_set_enum_parameter.py
[53.397s] -- Up-to-date: /home/inauenma/git/mecheye_ros2_interface/install/mecheye_ros_interface/lib/python3.12/site-packages/mecheye_ros_interface/srv/_get_all_user_sets.py
[53.397s] -- Up-to-date: /home/inauenma/git/mecheye_ros2_interface/install/mecheye_ros_interface/lib/python3.12/site-packages/mecheye_ros_interface/srv/_get_int_parameter.py
[53.397s] -- Up-to-date: /home/inauenma/git/mecheye_ros2_interface/install/mecheye_ros_interface/lib/python3.12/site-packages/mecheye_ros_interface/srv/_set_float_parameter_s.c
[53.397s] -- Up-to-date: /home/inauenma/git/mecheye_ros2_interface/install/mecheye_ros_interface/lib/python3.12/site-packages/mecheye_ros_interface/srv/_set_enum_parameter_s.c
[53.398s] -- Up-to-date: /home/inauenma/git/mecheye_ros2_interface/install/mecheye_ros_interface/lib/python3.12/site-packages/mecheye_ros_interface/srv/_get_range_parameter.py
[53.398s] -- Up-to-date: /home/inauenma/git/mecheye_ros2_interface/install/mecheye_ros_interface/lib/python3.12/site-packages/mecheye_ros_interface/srv/_get_enum_parameter_s.c
[53.398s] -- Up-to-date: /home/inauenma/git/mecheye_ros2_interface/install/mecheye_ros_interface/lib/python3.12/site-packages/mecheye_ros_interface/srv/_get_roi_parameter.py
[53.398s] -- Up-to-date: /home/inauenma/git/mecheye_ros2_interface/install/mecheye_ros_interface/lib/python3.12/site-packages/mecheye_ros_interface/srv/_get_float_array_parameter_s.c
[53.398s] -- Up-to-date: /home/inauenma/git/mecheye_ros2_interface/install/mecheye_ros_interface/lib/python3.12/site-packages/mecheye_ros_interface/srv/_set_int_parameter.py
[53.399s] -- Up-to-date: /home/inauenma/git/mecheye_ros2_interface/install/mecheye_ros_interface/lib/python3.12/site-packages/mecheye_ros_interface/srv/_get_bool_parameter.py
[53.399s] -- Up-to-date: /home/inauenma/git/mecheye_ros2_interface/install/mecheye_ros_interface/lib/python3.12/site-packages/mecheye_ros_interface/srv/_save_all_settings_to_user_sets.py
[53.399s] -- Up-to-date: /home/inauenma/git/mecheye_ros2_interface/install/mecheye_ros_interface/lib/python3.12/site-packages/mecheye_ros_interface/srv/_capture_point_cloud.py
[53.399s] -- Up-to-date: /home/inauenma/git/mecheye_ros2_interface/install/mecheye_ros_interface/lib/python3.12/site-packages/mecheye_ros_interface/srv/_get_float_parameter.py
[53.400s] -- Up-to-date: /home/inauenma/git/mecheye_ros2_interface/install/mecheye_ros_interface/lib/python3.12/site-packages/mecheye_ros_interface/srv/_set_float_array_parameter.py
[53.400s] -- Installing: /home/inauenma/git/mecheye_ros2_interface/install/mecheye_ros_interface/lib/python3.12/site-packages/mecheye_ros_interface/__init__.py
[53.400s] -- Up-to-date: /home/inauenma/git/mecheye_ros2_interface/install/mecheye_ros_interface/lib/python3.12/site-packages/mecheye_ros_interface/_mecheye_ros_interface_s.ep.rosidl_typesupport_introspection_c.c
[53.401s] -- Up-to-date: /home/inauenma/git/mecheye_ros2_interface/install/mecheye_ros_interface/lib/python3.12/site-packages/mecheye_ros_interface/_mecheye_ros_interface_s.ep.rosidl_typesupport_c.c
[53.414s] Listing '/home/inauenma/git/mecheye_ros2_interface/install/mecheye_ros_interface/lib/python3.12/site-packages/mecheye_ros_interface'...
[53.414s] Compiling '/home/inauenma/git/mecheye_ros2_interface/install/mecheye_ros_interface/lib/python3.12/site-packages/mecheye_ros_interface/__init__.py'...
[53.414s] Listing '/home/inauenma/git/mecheye_ros2_interface/install/mecheye_ros_interface/lib/python3.12/site-packages/mecheye_ros_interface/srv'...
[53.425s] -- Up-to-date: /home/inauenma/git/mecheye_ros2_interface/install/mecheye_ros_interface/lib/python3.12/site-packages/mecheye_ros_interface/mecheye_ros_interface_s__rosidl_typesupport_fastrtps_c.so
[53.425s] -- Up-to-date: /home/inauenma/git/mecheye_ros2_interface/install/mecheye_ros_interface/lib/python3.12/site-packages/mecheye_ros_interface/mecheye_ros_interface_s__rosidl_typesupport_introspection_c.so
[53.426s] -- Up-to-date: /home/inauenma/git/mecheye_ros2_interface/install/mecheye_ros_interface/lib/python3.12/site-packages/mecheye_ros_interface/mecheye_ros_interface_s__rosidl_typesupport_c.so
[53.426s] -- Up-to-date: /home/inauenma/git/mecheye_ros2_interface/install/mecheye_ros_interface/lib/libmecheye_ros_interface__rosidl_generator_py.so
[53.427s] -- Up-to-date: /home/inauenma/git/mecheye_ros2_interface/install/mecheye_ros_interface/share/mecheye_ros_interface/srv/SetCurrentUserSet.idl
[53.427s] -- Up-to-date: /home/inauenma/git/mecheye_ros2_interface/install/mecheye_ros_interface/share/mecheye_ros_interface/srv/SaveAllSettingsToUserSets.idl
[53.428s] -- Up-to-date: /home/inauenma/git/mecheye_ros2_interface/install/mecheye_ros_interface/share/mecheye_ros_interface/srv/AddUserSet.idl
[53.428s] -- Up-to-date: /home/inauenma/git/mecheye_ros2_interface/install/mecheye_ros_interface/share/mecheye_ros_interface/srv/CaptureColorImage.idl
[53.428s] -- Up-to-date: /home/inauenma/git/mecheye_ros2_interface/install/mecheye_ros_interface/share/mecheye_ros_interface/srv/CaptureStereoColorImages.idl
[53.429s] -- Up-to-date: /home/inauenma/git/mecheye_ros2_interface/install/mecheye_ros_interface/share/mecheye_ros_interface/srv/CaptureTexturedPointCloud.idl
[53.430s] -- Up-to-date: /home/inauenma/git/mecheye_ros2_interface/install/mecheye_ros_interface/share/mecheye_ros_interface/srv/CaptureDepthMap.idl
[53.430s] -- Up-to-date: /home/inauenma/git/mecheye_ros2_interface/install/mecheye_ros_interface/share/mecheye_ros_interface/srv/CapturePointCloud.idl
[53.430s] -- Up-to-date: /home/inauenma/git/mecheye_ros2_interface/install/mecheye_ros_interface/share/mecheye_ros_interface/srv/DeleteUserSet.idl
[53.431s] -- Up-to-date: /home/inauenma/git/mecheye_ros2_interface/install/mecheye_ros_interface/share/mecheye_ros_interface/srv/DeviceInfo.idl
[53.431s] -- Up-to-date: /home/inauenma/git/mecheye_ros2_interface/install/mecheye_ros_interface/share/mecheye_ros_interface/srv/GetAllUserSets.idl
[53.432s] -- Up-to-date: /home/inauenma/git/mecheye_ros2_interface/install/mecheye_ros_interface/share/mecheye_ros_interface/srv/GetCurrentUserSet.idl
[53.432s] -- Up-to-date: /home/inauenma/git/mecheye_ros2_interface/install/mecheye_ros_interface/share/mecheye_ros_interface/srv/SetIntParameter.idl
[53.432s] -- Up-to-date: /home/inauenma/git/mecheye_ros2_interface/install/mecheye_ros_interface/share/mecheye_ros_interface/srv/GetIntParameter.idl
[53.433s] -- Up-to-date: /home/inauenma/git/mecheye_ros2_interface/install/mecheye_ros_interface/share/mecheye_ros_interface/srv/SetRangeParameter.idl
[53.433s] -- Up-to-date: /home/inauenma/git/mecheye_ros2_interface/install/mecheye_ros_interface/share/mecheye_ros_interface/srv/GetRangeParameter.idl
[53.434s] -- Up-to-date: /home/inauenma/git/mecheye_ros2_interface/install/mecheye_ros_interface/share/mecheye_ros_interface/srv/SetBoolParameter.idl
[53.434s] -- Up-to-date: /home/inauenma/git/mecheye_ros2_interface/install/mecheye_ros_interface/share/mecheye_ros_interface/srv/GetBoolParameter.idl
[53.434s] -- Up-to-date: /home/inauenma/git/mecheye_ros2_interface/install/mecheye_ros_interface/share/mecheye_ros_interface/srv/SetEnumParameter.idl
[53.435s] -- Up-to-date: /home/inauenma/git/mecheye_ros2_interface/install/mecheye_ros_interface/share/mecheye_ros_interface/srv/GetEnumParameter.idl
[53.435s] -- Up-to-date: /home/inauenma/git/mecheye_ros2_interface/install/mecheye_ros_interface/share/mecheye_ros_interface/srv/SetFloatParameter.idl
[53.435s] -- Up-to-date: /home/inauenma/git/mecheye_ros2_interface/install/mecheye_ros_interface/share/mecheye_ros_interface/srv/GetFloatParameter.idl
[53.436s] -- Up-to-date: /home/inauenma/git/mecheye_ros2_interface/install/mecheye_ros_interface/share/mecheye_ros_interface/srv/SetFloatArrayParameter.idl
[53.436s] -- Up-to-date: /home/inauenma/git/mecheye_ros2_interface/install/mecheye_ros_interface/share/mecheye_ros_interface/srv/GetFloatArrayParameter.idl
[53.437s] -- Up-to-date: /home/inauenma/git/mecheye_ros2_interface/install/mecheye_ros_interface/share/mecheye_ros_interface/srv/SetROIParameter.idl
[53.437s] -- Up-to-date: /home/inauenma/git/mecheye_ros2_interface/install/mecheye_ros_interface/share/mecheye_ros_interface/srv/GetROIParameter.idl
[53.437s] -- Up-to-date: /home/inauenma/git/mecheye_ros2_interface/install/mecheye_ros_interface/share/mecheye_ros_interface/srv/SetCurrentUserSet.srv
[53.437s] -- Up-to-date: /home/inauenma/git/mecheye_ros2_interface/install/mecheye_ros_interface/share/mecheye_ros_interface/srv/SaveAllSettingsToUserSets.srv
[53.438s] -- Up-to-date: /home/inauenma/git/mecheye_ros2_interface/install/mecheye_ros_interface/share/mecheye_ros_interface/srv/AddUserSet.srv
[53.438s] -- Up-to-date: /home/inauenma/git/mecheye_ros2_interface/install/mecheye_ros_interface/share/mecheye_ros_interface/srv/CaptureColorImage.srv
[53.439s] -- Up-to-date: /home/inauenma/git/mecheye_ros2_interface/install/mecheye_ros_interface/share/mecheye_ros_interface/srv/CaptureStereoColorImages.srv
[53.439s] -- Up-to-date: /home/inauenma/git/mecheye_ros2_interface/install/mecheye_ros_interface/share/mecheye_ros_interface/srv/CaptureTexturedPointCloud.srv
[53.440s] -- Up-to-date: /home/inauenma/git/mecheye_ros2_interface/install/mecheye_ros_interface/share/mecheye_ros_interface/srv/CaptureDepthMap.srv
[53.440s] -- Up-to-date: /home/inauenma/git/mecheye_ros2_interface/install/mecheye_ros_interface/share/mecheye_ros_interface/srv/CapturePointCloud.srv
[53.440s] -- Up-to-date: /home/inauenma/git/mecheye_ros2_interface/install/mecheye_ros_interface/share/mecheye_ros_interface/srv/DeleteUserSet.srv
[53.441s] -- Up-to-date: /home/inauenma/git/mecheye_ros2_interface/install/mecheye_ros_interface/share/mecheye_ros_interface/srv/DeviceInfo.srv
[53.441s] -- Up-to-date: /home/inauenma/git/mecheye_ros2_interface/install/mecheye_ros_interface/share/mecheye_ros_interface/srv/GetAllUserSets.srv
[53.442s] -- Up-to-date: /home/inauenma/git/mecheye_ros2_interface/install/mecheye_ros_interface/share/mecheye_ros_interface/srv/GetCurrentUserSet.srv
[53.442s] -- Up-to-date: /home/inauenma/git/mecheye_ros2_interface/install/mecheye_ros_interface/share/mecheye_ros_interface/srv/SetIntParameter.srv
[53.442s] -- Up-to-date: /home/inauenma/git/mecheye_ros2_interface/install/mecheye_ros_interface/share/mecheye_ros_interface/srv/GetIntParameter.srv
[53.443s] -- Up-to-date: /home/inauenma/git/mecheye_ros2_interface/install/mecheye_ros_interface/share/mecheye_ros_interface/srv/SetRangeParameter.srv
[53.443s] -- Up-to-date: /home/inauenma/git/mecheye_ros2_interface/install/mecheye_ros_interface/share/mecheye_ros_interface/srv/GetRangeParameter.srv
[53.443s] -- Up-to-date: /home/inauenma/git/mecheye_ros2_interface/install/mecheye_ros_interface/share/mecheye_ros_interface/srv/SetBoolParameter.srv
[53.444s] -- Up-to-date: /home/inauenma/git/mecheye_ros2_interface/install/mecheye_ros_interface/share/mecheye_ros_interface/srv/GetBoolParameter.srv
[53.445s] -- Up-to-date: /home/inauenma/git/mecheye_ros2_interface/install/mecheye_ros_interface/share/mecheye_ros_interface/srv/SetEnumParameter.srv
[53.445s] -- Up-to-date: /home/inauenma/git/mecheye_ros2_interface/install/mecheye_ros_interface/share/mecheye_ros_interface/srv/GetEnumParameter.srv
[53.446s] -- Up-to-date: /home/inauenma/git/mecheye_ros2_interface/install/mecheye_ros_interface/share/mecheye_ros_interface/srv/SetFloatParameter.srv
[53.446s] -- Up-to-date: /home/inauenma/git/mecheye_ros2_interface/install/mecheye_ros_interface/share/mecheye_ros_interface/srv/GetFloatParameter.srv
[53.446s] -- Up-to-date: /home/inauenma/git/mecheye_ros2_interface/install/mecheye_ros_interface/share/mecheye_ros_interface/srv/SetFloatArrayParameter.srv
[53.447s] -- Up-to-date: /home/inauenma/git/mecheye_ros2_interface/install/mecheye_ros_interface/share/mecheye_ros_interface/srv/GetFloatArrayParameter.srv
[53.447s] -- Up-to-date: /home/inauenma/git/mecheye_ros2_interface/install/mecheye_ros_interface/share/mecheye_ros_interface/srv/SetROIParameter.srv
[53.448s] -- Up-to-date: /home/inauenma/git/mecheye_ros2_interface/install/mecheye_ros_interface/share/mecheye_ros_interface/srv/GetROIParameter.srv
[53.448s] -- Up-to-date: /home/inauenma/git/mecheye_ros2_interface/install/mecheye_ros_interface/lib/mecheye_ros_interface/start
[53.448s] -- Up-to-date: /home/inauenma/git/mecheye_ros2_interface/install/mecheye_ros_interface/include/mecheye_ros_interface
[53.448s] -- Up-to-date: /home/inauenma/git/mecheye_ros2_interface/install/mecheye_ros_interface/include/mecheye_ros_interface/MechMindCamera.h
[53.449s] -- Up-to-date: /home/inauenma/git/mecheye_ros2_interface/install/mecheye_ros_interface/share/mecheye_ros_interface/launch/start_camera.py
[53.450s] -- Up-to-date: /home/inauenma/git/mecheye_ros2_interface/install/mecheye_ros_interface/share/ament_index/resource_index/package_run_dependencies/mecheye_ros_interface
[53.450s] -- Up-to-date: /home/inauenma/git/mecheye_ros2_interface/install/mecheye_ros_interface/share/ament_index/resource_index/parent_prefix_path/mecheye_ros_interface
[53.450s] -- Up-to-date: /home/inauenma/git/mecheye_ros2_interface/install/mecheye_ros_interface/share/mecheye_ros_interface/environment/ament_prefix_path.sh
[53.450s] -- Up-to-date: /home/inauenma/git/mecheye_ros2_interface/install/mecheye_ros_interface/share/mecheye_ros_interface/environment/ament_prefix_path.dsv
[53.451s] -- Up-to-date: /home/inauenma/git/mecheye_ros2_interface/install/mecheye_ros_interface/share/mecheye_ros_interface/environment/path.sh
[53.451s] -- Up-to-date: /home/inauenma/git/mecheye_ros2_interface/install/mecheye_ros_interface/share/mecheye_ros_interface/environment/path.dsv
[53.451s] -- Up-to-date: /home/inauenma/git/mecheye_ros2_interface/install/mecheye_ros_interface/share/mecheye_ros_interface/local_setup.bash
[53.452s] -- Up-to-date: /home/inauenma/git/mecheye_ros2_interface/install/mecheye_ros_interface/share/mecheye_ros_interface/local_setup.sh
[53.452s] -- Up-to-date: /home/inauenma/git/mecheye_ros2_interface/install/mecheye_ros_interface/share/mecheye_ros_interface/local_setup.zsh
[53.452s] -- Up-to-date: /home/inauenma/git/mecheye_ros2_interface/install/mecheye_ros_interface/share/mecheye_ros_interface/local_setup.dsv
[53.453s] -- Installing: /home/inauenma/git/mecheye_ros2_interface/install/mecheye_ros_interface/share/mecheye_ros_interface/package.dsv
[53.453s] -- Up-to-date: /home/inauenma/git/mecheye_ros2_interface/install/mecheye_ros_interface/share/ament_index/resource_index/packages/mecheye_ros_interface
[53.454s] -- Up-to-date: /home/inauenma/git/mecheye_ros2_interface/install/mecheye_ros_interface/share/mecheye_ros_interface/cmake/export_mecheye_ros_interface__rosidl_generator_cExport.cmake
[53.454s] -- Up-to-date: /home/inauenma/git/mecheye_ros2_interface/install/mecheye_ros_interface/share/mecheye_ros_interface/cmake/export_mecheye_ros_interface__rosidl_generator_cExport-noconfig.cmake
[53.454s] -- Up-to-date: /home/inauenma/git/mecheye_ros2_interface/install/mecheye_ros_interface/share/mecheye_ros_interface/cmake/export_mecheye_ros_interface__rosidl_typesupport_fastrtps_cExport.cmake
[53.455s] -- Up-to-date: /home/inauenma/git/mecheye_ros2_interface/install/mecheye_ros_interface/share/mecheye_ros_interface/cmake/export_mecheye_ros_interface__rosidl_typesupport_fastrtps_cExport-noconfig.cmake
[53.455s] -- Up-to-date: /home/inauenma/git/mecheye_ros2_interface/install/mecheye_ros_interface/share/mecheye_ros_interface/cmake/export_mecheye_ros_interface__rosidl_generator_cppExport.cmake
[53.456s] -- Up-to-date: /home/inauenma/git/mecheye_ros2_interface/install/mecheye_ros_interface/share/mecheye_ros_interface/cmake/export_mecheye_ros_interface__rosidl_typesupport_fastrtps_cppExport.cmake
[53.456s] -- Up-to-date: /home/inauenma/git/mecheye_ros2_interface/install/mecheye_ros_interface/share/mecheye_ros_interface/cmake/export_mecheye_ros_interface__rosidl_typesupport_fastrtps_cppExport-noconfig.cmake
[53.456s] -- Up-to-date: /home/inauenma/git/mecheye_ros2_interface/install/mecheye_ros_interface/share/mecheye_ros_interface/cmake/mecheye_ros_interface__rosidl_typesupport_introspection_cExport.cmake
[53.457s] -- Up-to-date: /home/inauenma/git/mecheye_ros2_interface/install/mecheye_ros_interface/share/mecheye_ros_interface/cmake/mecheye_ros_interface__rosidl_typesupport_introspection_cExport-noconfig.cmake
[53.457s] -- Up-to-date: /home/inauenma/git/mecheye_ros2_interface/install/mecheye_ros_interface/share/mecheye_ros_interface/cmake/mecheye_ros_interface__rosidl_typesupport_cExport.cmake
[53.457s] -- Up-to-date: /home/inauenma/git/mecheye_ros2_interface/install/mecheye_ros_interface/share/mecheye_ros_interface/cmake/mecheye_ros_interface__rosidl_typesupport_cExport-noconfig.cmake
[53.457s] -- Up-to-date: /home/inauenma/git/mecheye_ros2_interface/install/mecheye_ros_interface/share/mecheye_ros_interface/cmake/mecheye_ros_interface__rosidl_typesupport_introspection_cppExport.cmake
[53.457s] -- Up-to-date: /home/inauenma/git/mecheye_ros2_interface/install/mecheye_ros_interface/share/mecheye_ros_interface/cmake/mecheye_ros_interface__rosidl_typesupport_introspection_cppExport-noconfig.cmake
[53.458s] -- Up-to-date: /home/inauenma/git/mecheye_ros2_interface/install/mecheye_ros_interface/share/mecheye_ros_interface/cmake/mecheye_ros_interface__rosidl_typesupport_cppExport.cmake
[53.458s] -- Up-to-date: /home/inauenma/git/mecheye_ros2_interface/install/mecheye_ros_interface/share/mecheye_ros_interface/cmake/mecheye_ros_interface__rosidl_typesupport_cppExport-noconfig.cmake
[53.458s] -- Up-to-date: /home/inauenma/git/mecheye_ros2_interface/install/mecheye_ros_interface/share/mecheye_ros_interface/cmake/export_mecheye_ros_interface__rosidl_generator_pyExport.cmake
[53.458s] -- Up-to-date: /home/inauenma/git/mecheye_ros2_interface/install/mecheye_ros_interface/share/mecheye_ros_interface/cmake/export_mecheye_ros_interface__rosidl_generator_pyExport-noconfig.cmake
[53.458s] -- Up-to-date: /home/inauenma/git/mecheye_ros2_interface/install/mecheye_ros_interface/share/mecheye_ros_interface/cmake/rosidl_cmake-extras.cmake
[53.458s] -- Up-to-date: /home/inauenma/git/mecheye_ros2_interface/install/mecheye_ros_interface/share/mecheye_ros_interface/cmake/ament_cmake_export_dependencies-extras.cmake
[53.458s] -- Up-to-date: /home/inauenma/git/mecheye_ros2_interface/install/mecheye_ros_interface/share/mecheye_ros_interface/cmake/ament_cmake_export_include_directories-extras.cmake
[53.458s] -- Up-to-date: /home/inauenma/git/mecheye_ros2_interface/install/mecheye_ros_interface/share/mecheye_ros_interface/cmake/ament_cmake_export_libraries-extras.cmake
[53.459s] -- Up-to-date: /home/inauenma/git/mecheye_ros2_interface/install/mecheye_ros_interface/share/mecheye_ros_interface/cmake/ament_cmake_export_targets-extras.cmake
[53.459s] -- Up-to-date: /home/inauenma/git/mecheye_ros2_interface/install/mecheye_ros_interface/share/mecheye_ros_interface/cmake/rosidl_cmake_export_typesupport_targets-extras.cmake
[53.459s] -- Up-to-date: /home/inauenma/git/mecheye_ros2_interface/install/mecheye_ros_interface/share/mecheye_ros_interface/cmake/rosidl_cmake_export_typesupport_libraries-extras.cmake
[53.459s] -- Up-to-date: /home/inauenma/git/mecheye_ros2_interface/install/mecheye_ros_interface/share/mecheye_ros_interface/cmake/mecheye_ros_interfaceConfig.cmake
[53.459s] -- Up-to-date: /home/inauenma/git/mecheye_ros2_interface/install/mecheye_ros_interface/share/mecheye_ros_interface/cmake/mecheye_ros_interfaceConfig-version.cmake
[53.460s] -- Up-to-date: /home/inauenma/git/mecheye_ros2_interface/install/mecheye_ros_interface/share/mecheye_ros_interface/package.xml
[53.464s] Invoked command in '/home/inauenma/git/mecheye_ros2_interface/build/mecheye_ros_interface' returned '0': CMAKE_PREFIX_PATH=${CMAKE_PREFIX_PATH}:/home/inauenma/ros2_ws/install/mesh_control_ros:/home/inauenma/moveit_ws/install/moveit_configs_utils:/opt/ros/jazzy DEBUGINFOD_URLS=https://debuginfod.ubuntu.com /usr/bin/cmake --install /home/inauenma/git/mecheye_ros2_interface/build/mecheye_ros_interface
