-- Found ament_cmake: 2.5.5 (/opt/ros/jazzy/share/ament_cmake/cmake)
-- Found Python3: /usr/bin/python3 (found version "3.12.3") found components: Interpreter 
-- Found Boost: /usr/lib/x86_64-linux-gnu/cmake/Boost-1.83.0/BoostConfig.cmake (found version "1.83.0")  
-- Found cv_bridge: 4.1.0 (/opt/ros/jazzy/share/cv_bridge/cmake)
-- Found rosidl_generator_c: 4.6.7 (/opt/ros/jazzy/share/rosidl_generator_c/cmake)
-- Found rosidl_generator_cpp: 4.6.7 (/opt/ros/jazzy/share/rosidl_generator_cpp/cmake)
-- Using all available rosidl_typesupport_c: rosidl_typesupport_fastrtps_c;rosidl_typesupport_introspection_c
-- Using all available rosidl_typesupport_cpp: rosidl_typesupport_fastrtps_cpp;rosidl_typesupport_introspection_cpp
-- Found rmw_implementation_cmake: 7.3.3 (/opt/ros/jazzy/share/rmw_implementation_cmake/cmake)
-- Found rmw_fastrtps_cpp: 8.4.3 (/opt/ros/jazzy/share/rmw_fastrtps_cpp/cmake)
-- Using RMW implementation 'rmw_fastrtps_cpp' as default
-- Found image_transport: 5.1.7 (/opt/ros/jazzy/share/image_transport/cmake)
-- Found Boost: /usr/lib/x86_64-linux-gnu/cmake/Boost-1.83.0/BoostConfig.cmake (found suitable version "1.83.0", minimum required is "1.65.0") found components: system filesystem iostreams serialization 
CMake Warning (dev) at /usr/lib/x86_64-linux-gnu/cmake/pcl/Modules/FindFLANN.cmake:45 (find_package):
  Policy CMP0144 is not set: find_package uses upper-case <PACKAGENAME>_ROOT
  variables.  Run "cmake --help-policy CMP0144" for policy details.  Use the
  cmake_policy command to set the policy and suppress this warning.

  CMake variable FLANN_ROOT is set to:

    /usr

  For compatibility, find_package is ignoring the variable, but code in a
  .cmake module might still use it.
Call Stack (most recent call first):
  /usr/lib/x86_64-linux-gnu/cmake/pcl/PCLConfig.cmake:261 (find_package)
  /usr/lib/x86_64-linux-gnu/cmake/pcl/PCLConfig.cmake:306 (find_flann)
  /usr/lib/x86_64-linux-gnu/cmake/pcl/PCLConfig.cmake:570 (find_external_library)
  CMakeLists.txt:19 (find_package)
This warning is for project developers.  Use -Wno-dev to suppress it.

-- Found flann version 1.9.2
-- OpenNI found (version: 1.5.4.0, include: /usr/include/ni, lib: /usr/lib/libOpenNI.so;libusb::libusb)
-- OpenNI2 found (version: 2.2.0.33, include: /usr/include/openni2, lib: /usr/lib/x86_64-linux-gnu/libOpenNI2.so;libusb::libusb)
-- Could NOT find Pcap (missing: PCAP_LIBRARIES PCAP_INCLUDE_DIRS) 
** WARNING ** io features related to pcap will be disabled
-- OpenNI found (version: 1.5.4.0, include: /usr/include/ni, lib: /usr/lib/libOpenNI.so;libusb::libusb)
-- OpenNI2 found (version: 2.2.0.33, include: /usr/include/openni2, lib: /usr/lib/x86_64-linux-gnu/libOpenNI2.so;libusb::libusb)
-- Found Qhull version 8.0.2
-- OpenNI found (version: 1.5.4.0, include: /usr/include/ni, lib: /usr/lib/libOpenNI.so;libusb::libusb)
-- looking for PCL_COMMON
-- looking for PCL_KDTREE
-- looking for PCL_OCTREE
-- looking for PCL_SEARCH
-- looking for PCL_SAMPLE_CONSENSUS
-- looking for PCL_FILTERS
-- looking for PCL_2D
-- looking for PCL_GEOMETRY
-- looking for PCL_IO
-- looking for PCL_FEATURES
-- looking for PCL_ML
-- looking for PCL_SEGMENTATION
-- looking for PCL_VISUALIZATION
-- looking for PCL_SURFACE
-- looking for PCL_REGISTRATION
-- looking for PCL_KEYPOINTS
-- looking for PCL_TRACKING
-- looking for PCL_RECOGNITION
-- looking for PCL_STEREO
-- looking for PCL_APPS
-- looking for PCL_IN_HAND_SCANNER
-- looking for PCL_MODELER
-- looking for PCL_POINT_CLOUD_EDITOR
-- looking for PCL_OUTOFCORE
-- looking for PCL_PEOPLE
-- Found pcl_conversions: 2.6.2 (/opt/ros/jazzy/share/pcl_conversions/cmake)
-- Found rosidl_default_generators: 1.6.0 (/opt/ros/jazzy/share/rosidl_default_generators/cmake)
-- Found rosidl_adapter: 4.6.7 (/opt/ros/jazzy/share/rosidl_adapter/cmake)
-- Found tf2: 0.36.19 (/opt/ros/jazzy/share/tf2/cmake)
-- Found ament_cmake_ros: 0.12.0 (/opt/ros/jazzy/share/ament_cmake_ros/cmake)
-- Using all available rosidl_typesupport_c: rosidl_typesupport_fastrtps_c;rosidl_typesupport_introspection_c
-- Using all available rosidl_typesupport_cpp: rosidl_typesupport_fastrtps_cpp;rosidl_typesupport_introspection_cpp
-- Found python_cmake_module: 0.11.1 (/opt/ros/jazzy/share/python_cmake_module/cmake)
-- Found Python3: /usr/bin/python3 (found version "3.12.3") found components: Interpreter Development NumPy Development.Module Development.Embed 
-- Configuring done (42.0s)
-- Generating done (0.1s)
-- Build files have been written to: /home/inauenma/git/mecheye_ros2_interface/build/mecheye_ros_interface
/usr/bin/cmake -S/home/inauenma/git/mecheye_ros2_interface -B/home/inauenma/git/mecheye_ros2_interface/build/mecheye_ros_interface --check-build-system CMakeFiles/Makefile.cmake 0
/usr/bin/cmake -E cmake_progress_start /home/inauenma/git/mecheye_ros2_interface/build/mecheye_ros_interface/CMakeFiles /home/inauenma/git/mecheye_ros2_interface/build/mecheye_ros_interface//CMakeFiles/progress.marks
/usr/bin/gmake  -f CMakeFiles/Makefile2 all
gmake[1]: Entering directory '/home/inauenma/git/mecheye_ros2_interface/build/mecheye_ros_interface'
/usr/bin/gmake  -f CMakeFiles/mecheye_ros_interface__rosidl_generator_type_description.dir/build.make CMakeFiles/mecheye_ros_interface__rosidl_generator_type_description.dir/depend
/usr/bin/gmake  -f CMakeFiles/ament_cmake_python_copy_mecheye_ros_interface.dir/build.make CMakeFiles/ament_cmake_python_copy_mecheye_ros_interface.dir/depend
gmake[2]: Entering directory '/home/inauenma/git/mecheye_ros2_interface/build/mecheye_ros_interface'
cd /home/inauenma/git/mecheye_ros2_interface/build/mecheye_ros_interface && /usr/bin/cmake -E cmake_depends "Unix Makefiles" /home/inauenma/git/mecheye_ros2_interface /home/inauenma/git/mecheye_ros2_interface /home/inauenma/git/mecheye_ros2_interface/build/mecheye_ros_interface /home/inauenma/git/mecheye_ros2_interface/build/mecheye_ros_interface /home/inauenma/git/mecheye_ros2_interface/build/mecheye_ros_interface/CMakeFiles/ament_cmake_python_copy_mecheye_ros_interface.dir/DependInfo.cmake "--color="
gmake[2]: Entering directory '/home/inauenma/git/mecheye_ros2_interface/build/mecheye_ros_interface'
cd /home/inauenma/git/mecheye_ros2_interface/build/mecheye_ros_interface && /usr/bin/cmake -E cmake_depends "Unix Makefiles" /home/inauenma/git/mecheye_ros2_interface /home/inauenma/git/mecheye_ros2_interface /home/inauenma/git/mecheye_ros2_interface/build/mecheye_ros_interface /home/inauenma/git/mecheye_ros2_interface/build/mecheye_ros_interface /home/inauenma/git/mecheye_ros2_interface/build/mecheye_ros_interface/CMakeFiles/mecheye_ros_interface__rosidl_generator_type_description.dir/DependInfo.cmake "--color="
gmake[2]: Leaving directory '/home/inauenma/git/mecheye_ros2_interface/build/mecheye_ros_interface'
gmake[2]: Leaving directory '/home/inauenma/git/mecheye_ros2_interface/build/mecheye_ros_interface'
/usr/bin/gmake  -f CMakeFiles/ament_cmake_python_copy_mecheye_ros_interface.dir/build.make CMakeFiles/ament_cmake_python_copy_mecheye_ros_interface.dir/build
/usr/bin/gmake  -f CMakeFiles/mecheye_ros_interface__rosidl_generator_type_description.dir/build.make CMakeFiles/mecheye_ros_interface__rosidl_generator_type_description.dir/build
gmake[2]: Entering directory '/home/inauenma/git/mecheye_ros2_interface/build/mecheye_ros_interface'
/usr/bin/cmake -E copy_directory /home/inauenma/git/mecheye_ros2_interface/build/mecheye_ros_interface/rosidl_generator_py/mecheye_ros_interface /home/inauenma/git/mecheye_ros2_interface/build/mecheye_ros_interface/ament_cmake_python/mecheye_ros_interface/mecheye_ros_interface
gmake[2]: Entering directory '/home/inauenma/git/mecheye_ros2_interface/build/mecheye_ros_interface'
[  1%] Generating type hashes for ROS interfaces
/usr/bin/python3 /opt/ros/jazzy/lib/rosidl_generator_type_description/rosidl_generator_type_description --generator-arguments-file /home/inauenma/git/mecheye_ros2_interface/build/mecheye_ros_interface/rosidl_generator_type_description__arguments.json
gmake[2]: Leaving directory '/home/inauenma/git/mecheye_ros2_interface/build/mecheye_ros_interface'
[  1%] Built target ament_cmake_python_copy_mecheye_ros_interface
/usr/bin/gmake  -f CMakeFiles/ament_cmake_python_build_mecheye_ros_interface_egg.dir/build.make CMakeFiles/ament_cmake_python_build_mecheye_ros_interface_egg.dir/depend
gmake[2]: Entering directory '/home/inauenma/git/mecheye_ros2_interface/build/mecheye_ros_interface'
cd /home/inauenma/git/mecheye_ros2_interface/build/mecheye_ros_interface && /usr/bin/cmake -E cmake_depends "Unix Makefiles" /home/inauenma/git/mecheye_ros2_interface /home/inauenma/git/mecheye_ros2_interface /home/inauenma/git/mecheye_ros2_interface/build/mecheye_ros_interface /home/inauenma/git/mecheye_ros2_interface/build/mecheye_ros_interface /home/inauenma/git/mecheye_ros2_interface/build/mecheye_ros_interface/CMakeFiles/ament_cmake_python_build_mecheye_ros_interface_egg.dir/DependInfo.cmake "--color="
gmake[2]: Leaving directory '/home/inauenma/git/mecheye_ros2_interface/build/mecheye_ros_interface'
/usr/bin/gmake  -f CMakeFiles/ament_cmake_python_build_mecheye_ros_interface_egg.dir/build.make CMakeFiles/ament_cmake_python_build_mecheye_ros_interface_egg.dir/build
gmake[2]: Entering directory '/home/inauenma/git/mecheye_ros2_interface/build/mecheye_ros_interface'
cd /home/inauenma/git/mecheye_ros2_interface/build/mecheye_ros_interface/ament_cmake_python/mecheye_ros_interface && /usr/bin/python3 setup.py egg_info
running egg_info
creating mecheye_ros_interface.egg-info
writing mecheye_ros_interface.egg-info/PKG-INFO
writing dependency_links to mecheye_ros_interface.egg-info/dependency_links.txt
writing top-level names to mecheye_ros_interface.egg-info/top_level.txt
writing manifest file 'mecheye_ros_interface.egg-info/SOURCES.txt'
reading manifest file 'mecheye_ros_interface.egg-info/SOURCES.txt'
writing manifest file 'mecheye_ros_interface.egg-info/SOURCES.txt'
gmake[2]: Leaving directory '/home/inauenma/git/mecheye_ros2_interface/build/mecheye_ros_interface'
[  1%] Built target ament_cmake_python_build_mecheye_ros_interface_egg
gmake[2]: Leaving directory '/home/inauenma/git/mecheye_ros2_interface/build/mecheye_ros_interface'
[  1%] Built target mecheye_ros_interface__rosidl_generator_type_description
/usr/bin/gmake  -f CMakeFiles/mecheye_ros_interface__cpp.dir/build.make CMakeFiles/mecheye_ros_interface__cpp.dir/depend
/usr/bin/gmake  -f CMakeFiles/mecheye_ros_interface__rosidl_generator_c.dir/build.make CMakeFiles/mecheye_ros_interface__rosidl_generator_c.dir/depend
gmake[2]: Entering directory '/home/inauenma/git/mecheye_ros2_interface/build/mecheye_ros_interface'
cd /home/inauenma/git/mecheye_ros2_interface/build/mecheye_ros_interface && /usr/bin/cmake -E cmake_depends "Unix Makefiles" /home/inauenma/git/mecheye_ros2_interface /home/inauenma/git/mecheye_ros2_interface /home/inauenma/git/mecheye_ros2_interface/build/mecheye_ros_interface /home/inauenma/git/mecheye_ros2_interface/build/mecheye_ros_interface /home/inauenma/git/mecheye_ros2_interface/build/mecheye_ros_interface/CMakeFiles/mecheye_ros_interface__cpp.dir/DependInfo.cmake "--color="
gmake[2]: Entering directory '/home/inauenma/git/mecheye_ros2_interface/build/mecheye_ros_interface'
[  2%] Generating C code for ROS interfaces
/usr/bin/python3 /opt/ros/jazzy/share/rosidl_generator_c/cmake/../../../lib/rosidl_generator_c/rosidl_generator_c --generator-arguments-file /home/inauenma/git/mecheye_ros2_interface/build/mecheye_ros_interface/rosidl_generator_c__arguments.json
gmake[2]: Leaving directory '/home/inauenma/git/mecheye_ros2_interface/build/mecheye_ros_interface'
/usr/bin/gmake  -f CMakeFiles/mecheye_ros_interface__cpp.dir/build.make CMakeFiles/mecheye_ros_interface__cpp.dir/build
gmake[2]: Entering directory '/home/inauenma/git/mecheye_ros2_interface/build/mecheye_ros_interface'
[  2%] Generating C++ code for ROS interfaces
/usr/bin/python3 /opt/ros/jazzy/share/rosidl_generator_cpp/cmake/../../../lib/rosidl_generator_cpp/rosidl_generator_cpp --generator-arguments-file /home/inauenma/git/mecheye_ros2_interface/build/mecheye_ros_interface/rosidl_generator_cpp__arguments.json
gmake[2]: Leaving directory '/home/inauenma/git/mecheye_ros2_interface/build/mecheye_ros_interface'
[  2%] Built target mecheye_ros_interface__cpp
cd /home/inauenma/git/mecheye_ros2_interface/build/mecheye_ros_interface && /usr/bin/cmake -E cmake_depends "Unix Makefiles" /home/inauenma/git/mecheye_ros2_interface /home/inauenma/git/mecheye_ros2_interface /home/inauenma/git/mecheye_ros2_interface/build/mecheye_ros_interface /home/inauenma/git/mecheye_ros2_interface/build/mecheye_ros_interface /home/inauenma/git/mecheye_ros2_interface/build/mecheye_ros_interface/CMakeFiles/mecheye_ros_interface__rosidl_generator_c.dir/DependInfo.cmake "--color="
gmake[2]: Leaving directory '/home/inauenma/git/mecheye_ros2_interface/build/mecheye_ros_interface'
/usr/bin/gmake  -f CMakeFiles/mecheye_ros_interface__rosidl_generator_c.dir/build.make CMakeFiles/mecheye_ros_interface__rosidl_generator_c.dir/build
gmake[2]: Entering directory '/home/inauenma/git/mecheye_ros2_interface/build/mecheye_ros_interface'
[  3%] Building C object CMakeFiles/mecheye_ros_interface__rosidl_generator_c.dir/rosidl_generator_c/mecheye_ros_interface/srv/detail/add_user_set__description.c.o
[  3%] Building C object CMakeFiles/mecheye_ros_interface__rosidl_generator_c.dir/rosidl_generator_c/mecheye_ros_interface/srv/detail/set_current_user_set__description.c.o
[  3%] Building C object CMakeFiles/mecheye_ros_interface__rosidl_generator_c.dir/rosidl_generator_c/mecheye_ros_interface/srv/detail/save_all_settings_to_user_sets__description.c.o
[  3%] Building C object CMakeFiles/mecheye_ros_interface__rosidl_generator_c.dir/rosidl_generator_c/mecheye_ros_interface/srv/detail/set_current_user_set__functions.c.o
[  3%] Building C object CMakeFiles/mecheye_ros_interface__rosidl_generator_c.dir/rosidl_generator_c/mecheye_ros_interface/srv/detail/set_current_user_set__type_support.c.o
[  3%] Building C object CMakeFiles/mecheye_ros_interface__rosidl_generator_c.dir/rosidl_generator_c/mecheye_ros_interface/srv/detail/save_all_settings_to_user_sets__functions.c.o
[  5%] Building C object CMakeFiles/mecheye_ros_interface__rosidl_generator_c.dir/rosidl_generator_c/mecheye_ros_interface/srv/detail/add_user_set__type_support.c.o
[  5%] Building C object CMakeFiles/mecheye_ros_interface__rosidl_generator_c.dir/rosidl_generator_c/mecheye_ros_interface/srv/detail/save_all_settings_to_user_sets__type_support.c.o
/usr/bin/cc -DROSIDL_GENERATOR_C_BUILDING_DLL_mecheye_ros_interface -DROS_PACKAGE_NAME=\"mecheye_ros_interface\" -I/usr/include/eigen3 -I/home/inauenma/git/mecheye_ros2_interface/build/mecheye_ros_interface/rosidl_generator_c -isystem /opt/ros/jazzy/include/std_msgs -isystem /opt/ros/jazzy/include/builtin_interfaces -isystem /opt/ros/jazzy/include/rosidl_runtime_c -isystem /opt/ros/jazzy/include/rcutils -isystem /opt/ros/jazzy/include/rosidl_typesupport_interface -isystem /opt/ros/jazzy/include/sensor_msgs -isystem /opt/ros/jazzy/include/geometry_msgs -isystem /opt/ros/jazzy/include/service_msgs -std=gnu11 -fPIC -Wall -MD -MT CMakeFiles/mecheye_ros_interface__rosidl_generator_c.dir/rosidl_generator_c/mecheye_ros_interface/srv/detail/set_current_user_set__description.c.o -MF CMakeFiles/mecheye_ros_interface__rosidl_generator_c.dir/rosidl_generator_c/mecheye_ros_interface/srv/detail/set_current_user_set__description.c.o.d -o CMakeFiles/mecheye_ros_interface__rosidl_generator_c.dir/rosidl_generator_c/mecheye_ros_interface/srv/detail/set_current_user_set__description.c.o -c /home/inauenma/git/mecheye_ros2_interface/build/mecheye_ros_interface/rosidl_generator_c/mecheye_ros_interface/srv/detail/set_current_user_set__description.c
[  5%] Building C object CMakeFiles/mecheye_ros_interface__rosidl_generator_c.dir/rosidl_generator_c/mecheye_ros_interface/srv/detail/add_user_set__functions.c.o
[  5%] Building C object CMakeFiles/mecheye_ros_interface__rosidl_generator_c.dir/rosidl_generator_c/mecheye_ros_interface/srv/detail/capture_color_image__description.c.o
/usr/bin/cc -DROSIDL_GENERATOR_C_BUILDING_DLL_mecheye_ros_interface -DROS_PACKAGE_NAME=\"mecheye_ros_interface\" -I/usr/include/eigen3 -I/home/inauenma/git/mecheye_ros2_interface/build/mecheye_ros_interface/rosidl_generator_c -isystem /opt/ros/jazzy/include/std_msgs -isystem /opt/ros/jazzy/include/builtin_interfaces -isystem /opt/ros/jazzy/include/rosidl_runtime_c -isystem /opt/ros/jazzy/include/rcutils -isystem /opt/ros/jazzy/include/rosidl_typesupport_interface -isystem /opt/ros/jazzy/include/sensor_msgs -isystem /opt/ros/jazzy/include/geometry_msgs -isystem /opt/ros/jazzy/include/service_msgs -std=gnu11 -fPIC -Wall -MD -MT CMakeFiles/mecheye_ros_interface__rosidl_generator_c.dir/rosidl_generator_c/mecheye_ros_interface/srv/detail/set_current_user_set__functions.c.o -MF CMakeFiles/mecheye_ros_interface__rosidl_generator_c.dir/rosidl_generator_c/mecheye_ros_interface/srv/detail/set_current_user_set__functions.c.o.d -o CMakeFiles/mecheye_ros_interface__rosidl_generator_c.dir/rosidl_generator_c/mecheye_ros_interface/srv/detail/set_current_user_set__functions.c.o -c /home/inauenma/git/mecheye_ros2_interface/build/mecheye_ros_interface/rosidl_generator_c/mecheye_ros_interface/srv/detail/set_current_user_set__functions.c
[  6%] Building C object CMakeFiles/mecheye_ros_interface__rosidl_generator_c.dir/rosidl_generator_c/mecheye_ros_interface/srv/detail/capture_color_image__type_support.c.o
/usr/bin/cc -DROSIDL_GENERATOR_C_BUILDING_DLL_mecheye_ros_interface -DROS_PACKAGE_NAME=\"mecheye_ros_interface\" -I/usr/include/eigen3 -I/home/inauenma/git/mecheye_ros2_interface/build/mecheye_ros_interface/rosidl_generator_c -isystem /opt/ros/jazzy/include/std_msgs -isystem /opt/ros/jazzy/include/builtin_interfaces -isystem /opt/ros/jazzy/include/rosidl_runtime_c -isystem /opt/ros/jazzy/include/rcutils -isystem /opt/ros/jazzy/include/rosidl_typesupport_interface -isystem /opt/ros/jazzy/include/sensor_msgs -isystem /opt/ros/jazzy/include/geometry_msgs -isystem /opt/ros/jazzy/include/service_msgs -std=gnu11 -fPIC -Wall -MD -MT CMakeFiles/mecheye_ros_interface__rosidl_generator_c.dir/rosidl_generator_c/mecheye_ros_interface/srv/detail/set_current_user_set__type_support.c.o -MF CMakeFiles/mecheye_ros_interface__rosidl_generator_c.dir/rosidl_generator_c/mecheye_ros_interface/srv/detail/set_current_user_set__type_support.c.o.d -o CMakeFiles/mecheye_ros_interface__rosidl_generator_c.dir/rosidl_generator_c/mecheye_ros_interface/srv/detail/set_current_user_set__type_support.c.o -c /home/inauenma/git/mecheye_ros2_interface/build/mecheye_ros_interface/rosidl_generator_c/mecheye_ros_interface/srv/detail/set_current_user_set__type_support.c
/usr/bin/cc -DROSIDL_GENERATOR_C_BUILDING_DLL_mecheye_ros_interface -DROS_PACKAGE_NAME=\"mecheye_ros_interface\" -I/usr/include/eigen3 -I/home/inauenma/git/mecheye_ros2_interface/build/mecheye_ros_interface/rosidl_generator_c -isystem /opt/ros/jazzy/include/std_msgs -isystem /opt/ros/jazzy/include/builtin_interfaces -isystem /opt/ros/jazzy/include/rosidl_runtime_c -isystem /opt/ros/jazzy/include/rcutils -isystem /opt/ros/jazzy/include/rosidl_typesupport_interface -isystem /opt/ros/jazzy/include/sensor_msgs -isystem /opt/ros/jazzy/include/geometry_msgs -isystem /opt/ros/jazzy/include/service_msgs -std=gnu11 -fPIC -Wall -MD -MT CMakeFiles/mecheye_ros_interface__rosidl_generator_c.dir/rosidl_generator_c/mecheye_ros_interface/srv/detail/save_all_settings_to_user_sets__description.c.o -MF CMakeFiles/mecheye_ros_interface__rosidl_generator_c.dir/rosidl_generator_c/mecheye_ros_interface/srv/detail/save_all_settings_to_user_sets__description.c.o.d -o CMakeFiles/mecheye_ros_interface__rosidl_generator_c.dir/rosidl_generator_c/mecheye_ros_interface/srv/detail/save_all_settings_to_user_sets__description.c.o -c /home/inauenma/git/mecheye_ros2_interface/build/mecheye_ros_interface/rosidl_generator_c/mecheye_ros_interface/srv/detail/save_all_settings_to_user_sets__description.c
/usr/bin/cc -DROSIDL_GENERATOR_C_BUILDING_DLL_mecheye_ros_interface -DROS_PACKAGE_NAME=\"mecheye_ros_interface\" -I/usr/include/eigen3 -I/home/inauenma/git/mecheye_ros2_interface/build/mecheye_ros_interface/rosidl_generator_c -isystem /opt/ros/jazzy/include/std_msgs -isystem /opt/ros/jazzy/include/builtin_interfaces -isystem /opt/ros/jazzy/include/rosidl_runtime_c -isystem /opt/ros/jazzy/include/rcutils -isystem /opt/ros/jazzy/include/rosidl_typesupport_interface -isystem /opt/ros/jazzy/include/sensor_msgs -isystem /opt/ros/jazzy/include/geometry_msgs -isystem /opt/ros/jazzy/include/service_msgs -std=gnu11 -fPIC -Wall -MD -MT CMakeFiles/mecheye_ros_interface__rosidl_generator_c.dir/rosidl_generator_c/mecheye_ros_interface/srv/detail/save_all_settings_to_user_sets__functions.c.o -MF CMakeFiles/mecheye_ros_interface__rosidl_generator_c.dir/rosidl_generator_c/mecheye_ros_interface/srv/detail/save_all_settings_to_user_sets__functions.c.o.d -o CMakeFiles/mecheye_ros_interface__rosidl_generator_c.dir/rosidl_generator_c/mecheye_ros_interface/srv/detail/save_all_settings_to_user_sets__functions.c.o -c /home/inauenma/git/mecheye_ros2_interface/build/mecheye_ros_interface/rosidl_generator_c/mecheye_ros_interface/srv/detail/save_all_settings_to_user_sets__functions.c
/usr/bin/cc -DROSIDL_GENERATOR_C_BUILDING_DLL_mecheye_ros_interface -DROS_PACKAGE_NAME=\"mecheye_ros_interface\" -I/usr/include/eigen3 -I/home/inauenma/git/mecheye_ros2_interface/build/mecheye_ros_interface/rosidl_generator_c -isystem /opt/ros/jazzy/include/std_msgs -isystem /opt/ros/jazzy/include/builtin_interfaces -isystem /opt/ros/jazzy/include/rosidl_runtime_c -isystem /opt/ros/jazzy/include/rcutils -isystem /opt/ros/jazzy/include/rosidl_typesupport_interface -isystem /opt/ros/jazzy/include/sensor_msgs -isystem /opt/ros/jazzy/include/geometry_msgs -isystem /opt/ros/jazzy/include/service_msgs -std=gnu11 -fPIC -Wall -MD -MT CMakeFiles/mecheye_ros_interface__rosidl_generator_c.dir/rosidl_generator_c/mecheye_ros_interface/srv/detail/save_all_settings_to_user_sets__type_support.c.o -MF CMakeFiles/mecheye_ros_interface__rosidl_generator_c.dir/rosidl_generator_c/mecheye_ros_interface/srv/detail/save_all_settings_to_user_sets__type_support.c.o.d -o CMakeFiles/mecheye_ros_interface__rosidl_generator_c.dir/rosidl_generator_c/mecheye_ros_interface/srv/detail/save_all_settings_to_user_sets__type_support.c.o -c /home/inauenma/git/mecheye_ros2_interface/build/mecheye_ros_interface/rosidl_generator_c/mecheye_ros_interface/srv/detail/save_all_settings_to_user_sets__type_support.c
/usr/bin/cc -DROSIDL_GENERATOR_C_BUILDING_DLL_mecheye_ros_interface -DROS_PACKAGE_NAME=\"mecheye_ros_interface\" -I/usr/include/eigen3 -I/home/inauenma/git/mecheye_ros2_interface/build/mecheye_ros_interface/rosidl_generator_c -isystem /opt/ros/jazzy/include/std_msgs -isystem /opt/ros/jazzy/include/builtin_interfaces -isystem /opt/ros/jazzy/include/rosidl_runtime_c -isystem /opt/ros/jazzy/include/rcutils -isystem /opt/ros/jazzy/include/rosidl_typesupport_interface -isystem /opt/ros/jazzy/include/sensor_msgs -isystem /opt/ros/jazzy/include/geometry_msgs -isystem /opt/ros/jazzy/include/service_msgs -std=gnu11 -fPIC -Wall -MD -MT CMakeFiles/mecheye_ros_interface__rosidl_generator_c.dir/rosidl_generator_c/mecheye_ros_interface/srv/detail/add_user_set__description.c.o -MF CMakeFiles/mecheye_ros_interface__rosidl_generator_c.dir/rosidl_generator_c/mecheye_ros_interface/srv/detail/add_user_set__description.c.o.d -o CMakeFiles/mecheye_ros_interface__rosidl_generator_c.dir/rosidl_generator_c/mecheye_ros_interface/srv/detail/add_user_set__description.c.o -c /home/inauenma/git/mecheye_ros2_interface/build/mecheye_ros_interface/rosidl_generator_c/mecheye_ros_interface/srv/detail/add_user_set__description.c
/usr/bin/cc -DROSIDL_GENERATOR_C_BUILDING_DLL_mecheye_ros_interface -DROS_PACKAGE_NAME=\"mecheye_ros_interface\" -I/usr/include/eigen3 -I/home/inauenma/git/mecheye_ros2_interface/build/mecheye_ros_interface/rosidl_generator_c -isystem /opt/ros/jazzy/include/std_msgs -isystem /opt/ros/jazzy/include/builtin_interfaces -isystem /opt/ros/jazzy/include/rosidl_runtime_c -isystem /opt/ros/jazzy/include/rcutils -isystem /opt/ros/jazzy/include/rosidl_typesupport_interface -isystem /opt/ros/jazzy/include/sensor_msgs -isystem /opt/ros/jazzy/include/geometry_msgs -isystem /opt/ros/jazzy/include/service_msgs -std=gnu11 -fPIC -Wall -MD -MT CMakeFiles/mecheye_ros_interface__rosidl_generator_c.dir/rosidl_generator_c/mecheye_ros_interface/srv/detail/add_user_set__functions.c.o -MF CMakeFiles/mecheye_ros_interface__rosidl_generator_c.dir/rosidl_generator_c/mecheye_ros_interface/srv/detail/add_user_set__functions.c.o.d -o CMakeFiles/mecheye_ros_interface__rosidl_generator_c.dir/rosidl_generator_c/mecheye_ros_interface/srv/detail/add_user_set__functions.c.o -c /home/inauenma/git/mecheye_ros2_interface/build/mecheye_ros_interface/rosidl_generator_c/mecheye_ros_interface/srv/detail/add_user_set__functions.c
[  6%] Building C object CMakeFiles/mecheye_ros_interface__rosidl_generator_c.dir/rosidl_generator_c/mecheye_ros_interface/srv/detail/capture_stereo_color_images__functions.c.o
[  6%] Building C object CMakeFiles/mecheye_ros_interface__rosidl_generator_c.dir/rosidl_generator_c/mecheye_ros_interface/srv/detail/capture_color_image__functions.c.o
[  7%] Building C object CMakeFiles/mecheye_ros_interface__rosidl_generator_c.dir/rosidl_generator_c/mecheye_ros_interface/srv/detail/capture_stereo_color_images__type_support.c.o
/usr/bin/cc -DROSIDL_GENERATOR_C_BUILDING_DLL_mecheye_ros_interface -DROS_PACKAGE_NAME=\"mecheye_ros_interface\" -I/usr/include/eigen3 -I/home/inauenma/git/mecheye_ros2_interface/build/mecheye_ros_interface/rosidl_generator_c -isystem /opt/ros/jazzy/include/std_msgs -isystem /opt/ros/jazzy/include/builtin_interfaces -isystem /opt/ros/jazzy/include/rosidl_runtime_c -isystem /opt/ros/jazzy/include/rcutils -isystem /opt/ros/jazzy/include/rosidl_typesupport_interface -isystem /opt/ros/jazzy/include/sensor_msgs -isystem /opt/ros/jazzy/include/geometry_msgs -isystem /opt/ros/jazzy/include/service_msgs -std=gnu11 -fPIC -Wall -MD -MT CMakeFiles/mecheye_ros_interface__rosidl_generator_c.dir/rosidl_generator_c/mecheye_ros_interface/srv/detail/add_user_set__type_support.c.o -MF CMakeFiles/mecheye_ros_interface__rosidl_generator_c.dir/rosidl_generator_c/mecheye_ros_interface/srv/detail/add_user_set__type_support.c.o.d -o CMakeFiles/mecheye_ros_interface__rosidl_generator_c.dir/rosidl_generator_c/mecheye_ros_interface/srv/detail/add_user_set__type_support.c.o -c /home/inauenma/git/mecheye_ros2_interface/build/mecheye_ros_interface/rosidl_generator_c/mecheye_ros_interface/srv/detail/add_user_set__type_support.c
[  7%] Building C object CMakeFiles/mecheye_ros_interface__rosidl_generator_c.dir/rosidl_generator_c/mecheye_ros_interface/srv/detail/capture_textured_point_cloud__description.c.o
/usr/bin/cc -DROSIDL_GENERATOR_C_BUILDING_DLL_mecheye_ros_interface -DROS_PACKAGE_NAME=\"mecheye_ros_interface\" -I/usr/include/eigen3 -I/home/inauenma/git/mecheye_ros2_interface/build/mecheye_ros_interface/rosidl_generator_c -isystem /opt/ros/jazzy/include/std_msgs -isystem /opt/ros/jazzy/include/builtin_interfaces -isystem /opt/ros/jazzy/include/rosidl_runtime_c -isystem /opt/ros/jazzy/include/rcutils -isystem /opt/ros/jazzy/include/rosidl_typesupport_interface -isystem /opt/ros/jazzy/include/sensor_msgs -isystem /opt/ros/jazzy/include/geometry_msgs -isystem /opt/ros/jazzy/include/service_msgs -std=gnu11 -fPIC -Wall -MD -MT CMakeFiles/mecheye_ros_interface__rosidl_generator_c.dir/rosidl_generator_c/mecheye_ros_interface/srv/detail/capture_color_image__description.c.o -MF CMakeFiles/mecheye_ros_interface__rosidl_generator_c.dir/rosidl_generator_c/mecheye_ros_interface/srv/detail/capture_color_image__description.c.o.d -o CMakeFiles/mecheye_ros_interface__rosidl_generator_c.dir/rosidl_generator_c/mecheye_ros_interface/srv/detail/capture_color_image__description.c.o -c /home/inauenma/git/mecheye_ros2_interface/build/mecheye_ros_interface/rosidl_generator_c/mecheye_ros_interface/srv/detail/capture_color_image__description.c
/usr/bin/cc -DROSIDL_GENERATOR_C_BUILDING_DLL_mecheye_ros_interface -DROS_PACKAGE_NAME=\"mecheye_ros_interface\" -I/usr/include/eigen3 -I/home/inauenma/git/mecheye_ros2_interface/build/mecheye_ros_interface/rosidl_generator_c -isystem /opt/ros/jazzy/include/std_msgs -isystem /opt/ros/jazzy/include/builtin_interfaces -isystem /opt/ros/jazzy/include/rosidl_runtime_c -isystem /opt/ros/jazzy/include/rcutils -isystem /opt/ros/jazzy/include/rosidl_typesupport_interface -isystem /opt/ros/jazzy/include/sensor_msgs -isystem /opt/ros/jazzy/include/geometry_msgs -isystem /opt/ros/jazzy/include/service_msgs -std=gnu11 -fPIC -Wall -MD -MT CMakeFiles/mecheye_ros_interface__rosidl_generator_c.dir/rosidl_generator_c/mecheye_ros_interface/srv/detail/capture_color_image__functions.c.o -MF CMakeFiles/mecheye_ros_interface__rosidl_generator_c.dir/rosidl_generator_c/mecheye_ros_interface/srv/detail/capture_color_image__functions.c.o.d -o CMakeFiles/mecheye_ros_interface__rosidl_generator_c.dir/rosidl_generator_c/mecheye_ros_interface/srv/detail/capture_color_image__functions.c.o -c /home/inauenma/git/mecheye_ros2_interface/build/mecheye_ros_interface/rosidl_generator_c/mecheye_ros_interface/srv/detail/capture_color_image__functions.c
/usr/bin/cc -DROSIDL_GENERATOR_C_BUILDING_DLL_mecheye_ros_interface -DROS_PACKAGE_NAME=\"mecheye_ros_interface\" -I/usr/include/eigen3 -I/home/inauenma/git/mecheye_ros2_interface/build/mecheye_ros_interface/rosidl_generator_c -isystem /opt/ros/jazzy/include/std_msgs -isystem /opt/ros/jazzy/include/builtin_interfaces -isystem /opt/ros/jazzy/include/rosidl_runtime_c -isystem /opt/ros/jazzy/include/rcutils -isystem /opt/ros/jazzy/include/rosidl_typesupport_interface -isystem /opt/ros/jazzy/include/sensor_msgs -isystem /opt/ros/jazzy/include/geometry_msgs -isystem /opt/ros/jazzy/include/service_msgs -std=gnu11 -fPIC -Wall -MD -MT CMakeFiles/mecheye_ros_interface__rosidl_generator_c.dir/rosidl_generator_c/mecheye_ros_interface/srv/detail/capture_color_image__type_support.c.o -MF CMakeFiles/mecheye_ros_interface__rosidl_generator_c.dir/rosidl_generator_c/mecheye_ros_interface/srv/detail/capture_color_image__type_support.c.o.d -o CMakeFiles/mecheye_ros_interface__rosidl_generator_c.dir/rosidl_generator_c/mecheye_ros_interface/srv/detail/capture_color_image__type_support.c.o -c /home/inauenma/git/mecheye_ros2_interface/build/mecheye_ros_interface/rosidl_generator_c/mecheye_ros_interface/srv/detail/capture_color_image__type_support.c
/usr/bin/cc -DROSIDL_GENERATOR_C_BUILDING_DLL_mecheye_ros_interface -DROS_PACKAGE_NAME=\"mecheye_ros_interface\" -I/usr/include/eigen3 -I/home/inauenma/git/mecheye_ros2_interface/build/mecheye_ros_interface/rosidl_generator_c -isystem /opt/ros/jazzy/include/std_msgs -isystem /opt/ros/jazzy/include/builtin_interfaces -isystem /opt/ros/jazzy/include/rosidl_runtime_c -isystem /opt/ros/jazzy/include/rcutils -isystem /opt/ros/jazzy/include/rosidl_typesupport_interface -isystem /opt/ros/jazzy/include/sensor_msgs -isystem /opt/ros/jazzy/include/geometry_msgs -isystem /opt/ros/jazzy/include/service_msgs -std=gnu11 -fPIC -Wall -MD -MT CMakeFiles/mecheye_ros_interface__rosidl_generator_c.dir/rosidl_generator_c/mecheye_ros_interface/srv/detail/capture_stereo_color_images__functions.c.o -MF CMakeFiles/mecheye_ros_interface__rosidl_generator_c.dir/rosidl_generator_c/mecheye_ros_interface/srv/detail/capture_stereo_color_images__functions.c.o.d -o CMakeFiles/mecheye_ros_interface__rosidl_generator_c.dir/rosidl_generator_c/mecheye_ros_interface/srv/detail/capture_stereo_color_images__functions.c.o -c /home/inauenma/git/mecheye_ros2_interface/build/mecheye_ros_interface/rosidl_generator_c/mecheye_ros_interface/srv/detail/capture_stereo_color_images__functions.c
/usr/bin/cc -DROSIDL_GENERATOR_C_BUILDING_DLL_mecheye_ros_interface -DROS_PACKAGE_NAME=\"mecheye_ros_interface\" -I/usr/include/eigen3 -I/home/inauenma/git/mecheye_ros2_interface/build/mecheye_ros_interface/rosidl_generator_c -isystem /opt/ros/jazzy/include/std_msgs -isystem /opt/ros/jazzy/include/builtin_interfaces -isystem /opt/ros/jazzy/include/rosidl_runtime_c -isystem /opt/ros/jazzy/include/rcutils -isystem /opt/ros/jazzy/include/rosidl_typesupport_interface -isystem /opt/ros/jazzy/include/sensor_msgs -isystem /opt/ros/jazzy/include/geometry_msgs -isystem /opt/ros/jazzy/include/service_msgs -std=gnu11 -fPIC -Wall -MD -MT CMakeFiles/mecheye_ros_interface__rosidl_generator_c.dir/rosidl_generator_c/mecheye_ros_interface/srv/detail/capture_textured_point_cloud__description.c.o -MF CMakeFiles/mecheye_ros_interface__rosidl_generator_c.dir/rosidl_generator_c/mecheye_ros_interface/srv/detail/capture_textured_point_cloud__description.c.o.d -o CMakeFiles/mecheye_ros_interface__rosidl_generator_c.dir/rosidl_generator_c/mecheye_ros_interface/srv/detail/capture_textured_point_cloud__description.c.o -c /home/inauenma/git/mecheye_ros2_interface/build/mecheye_ros_interface/rosidl_generator_c/mecheye_ros_interface/srv/detail/capture_textured_point_cloud__description.c
/usr/bin/cc -DROSIDL_GENERATOR_C_BUILDING_DLL_mecheye_ros_interface -DROS_PACKAGE_NAME=\"mecheye_ros_interface\" -I/usr/include/eigen3 -I/home/inauenma/git/mecheye_ros2_interface/build/mecheye_ros_interface/rosidl_generator_c -isystem /opt/ros/jazzy/include/std_msgs -isystem /opt/ros/jazzy/include/builtin_interfaces -isystem /opt/ros/jazzy/include/rosidl_runtime_c -isystem /opt/ros/jazzy/include/rcutils -isystem /opt/ros/jazzy/include/rosidl_typesupport_interface -isystem /opt/ros/jazzy/include/sensor_msgs -isystem /opt/ros/jazzy/include/geometry_msgs -isystem /opt/ros/jazzy/include/service_msgs -std=gnu11 -fPIC -Wall -MD -MT CMakeFiles/mecheye_ros_interface__rosidl_generator_c.dir/rosidl_generator_c/mecheye_ros_interface/srv/detail/capture_stereo_color_images__type_support.c.o -MF CMakeFiles/mecheye_ros_interface__rosidl_generator_c.dir/rosidl_generator_c/mecheye_ros_interface/srv/detail/capture_stereo_color_images__type_support.c.o.d -o CMakeFiles/mecheye_ros_interface__rosidl_generator_c.dir/rosidl_generator_c/mecheye_ros_interface/srv/detail/capture_stereo_color_images__type_support.c.o -c /home/inauenma/git/mecheye_ros2_interface/build/mecheye_ros_interface/rosidl_generator_c/mecheye_ros_interface/srv/detail/capture_stereo_color_images__type_support.c
[  7%] Building C object CMakeFiles/mecheye_ros_interface__rosidl_generator_c.dir/rosidl_generator_c/mecheye_ros_interface/srv/detail/capture_stereo_color_images__description.c.o
/usr/bin/cc -DROSIDL_GENERATOR_C_BUILDING_DLL_mecheye_ros_interface -DROS_PACKAGE_NAME=\"mecheye_ros_interface\" -I/usr/include/eigen3 -I/home/inauenma/git/mecheye_ros2_interface/build/mecheye_ros_interface/rosidl_generator_c -isystem /opt/ros/jazzy/include/std_msgs -isystem /opt/ros/jazzy/include/builtin_interfaces -isystem /opt/ros/jazzy/include/rosidl_runtime_c -isystem /opt/ros/jazzy/include/rcutils -isystem /opt/ros/jazzy/include/rosidl_typesupport_interface -isystem /opt/ros/jazzy/include/sensor_msgs -isystem /opt/ros/jazzy/include/geometry_msgs -isystem /opt/ros/jazzy/include/service_msgs -std=gnu11 -fPIC -Wall -MD -MT CMakeFiles/mecheye_ros_interface__rosidl_generator_c.dir/rosidl_generator_c/mecheye_ros_interface/srv/detail/capture_stereo_color_images__description.c.o -MF CMakeFiles/mecheye_ros_interface__rosidl_generator_c.dir/rosidl_generator_c/mecheye_ros_interface/srv/detail/capture_stereo_color_images__description.c.o.d -o CMakeFiles/mecheye_ros_interface__rosidl_generator_c.dir/rosidl_generator_c/mecheye_ros_interface/srv/detail/capture_stereo_color_images__description.c.o -c /home/inauenma/git/mecheye_ros2_interface/build/mecheye_ros_interface/rosidl_generator_c/mecheye_ros_interface/srv/detail/capture_stereo_color_images__description.c
[  7%] Building C object CMakeFiles/mecheye_ros_interface__rosidl_generator_c.dir/rosidl_generator_c/mecheye_ros_interface/srv/detail/capture_textured_point_cloud__functions.c.o
/usr/bin/cc -DROSIDL_GENERATOR_C_BUILDING_DLL_mecheye_ros_interface -DROS_PACKAGE_NAME=\"mecheye_ros_interface\" -I/usr/include/eigen3 -I/home/inauenma/git/mecheye_ros2_interface/build/mecheye_ros_interface/rosidl_generator_c -isystem /opt/ros/jazzy/include/std_msgs -isystem /opt/ros/jazzy/include/builtin_interfaces -isystem /opt/ros/jazzy/include/rosidl_runtime_c -isystem /opt/ros/jazzy/include/rcutils -isystem /opt/ros/jazzy/include/rosidl_typesupport_interface -isystem /opt/ros/jazzy/include/sensor_msgs -isystem /opt/ros/jazzy/include/geometry_msgs -isystem /opt/ros/jazzy/include/service_msgs -std=gnu11 -fPIC -Wall -MD -MT CMakeFiles/mecheye_ros_interface__rosidl_generator_c.dir/rosidl_generator_c/mecheye_ros_interface/srv/detail/capture_textured_point_cloud__functions.c.o -MF CMakeFiles/mecheye_ros_interface__rosidl_generator_c.dir/rosidl_generator_c/mecheye_ros_interface/srv/detail/capture_textured_point_cloud__functions.c.o.d -o CMakeFiles/mecheye_ros_interface__rosidl_generator_c.dir/rosidl_generator_c/mecheye_ros_interface/srv/detail/capture_textured_point_cloud__functions.c.o -c /home/inauenma/git/mecheye_ros2_interface/build/mecheye_ros_interface/rosidl_generator_c/mecheye_ros_interface/srv/detail/capture_textured_point_cloud__functions.c
[  8%] Building C object CMakeFiles/mecheye_ros_interface__rosidl_generator_c.dir/rosidl_generator_c/mecheye_ros_interface/srv/detail/capture_textured_point_cloud__type_support.c.o
[  8%] Building C object CMakeFiles/mecheye_ros_interface__rosidl_generator_c.dir/rosidl_generator_c/mecheye_ros_interface/srv/detail/capture_depth_map__description.c.o
/usr/bin/cc -DROSIDL_GENERATOR_C_BUILDING_DLL_mecheye_ros_interface -DROS_PACKAGE_NAME=\"mecheye_ros_interface\" -I/usr/include/eigen3 -I/home/inauenma/git/mecheye_ros2_interface/build/mecheye_ros_interface/rosidl_generator_c -isystem /opt/ros/jazzy/include/std_msgs -isystem /opt/ros/jazzy/include/builtin_interfaces -isystem /opt/ros/jazzy/include/rosidl_runtime_c -isystem /opt/ros/jazzy/include/rcutils -isystem /opt/ros/jazzy/include/rosidl_typesupport_interface -isystem /opt/ros/jazzy/include/sensor_msgs -isystem /opt/ros/jazzy/include/geometry_msgs -isystem /opt/ros/jazzy/include/service_msgs -std=gnu11 -fPIC -Wall -MD -MT CMakeFiles/mecheye_ros_interface__rosidl_generator_c.dir/rosidl_generator_c/mecheye_ros_interface/srv/detail/capture_textured_point_cloud__type_support.c.o -MF CMakeFiles/mecheye_ros_interface__rosidl_generator_c.dir/rosidl_generator_c/mecheye_ros_interface/srv/detail/capture_textured_point_cloud__type_support.c.o.d -o CMakeFiles/mecheye_ros_interface__rosidl_generator_c.dir/rosidl_generator_c/mecheye_ros_interface/srv/detail/capture_textured_point_cloud__type_support.c.o -c /home/inauenma/git/mecheye_ros2_interface/build/mecheye_ros_interface/rosidl_generator_c/mecheye_ros_interface/srv/detail/capture_textured_point_cloud__type_support.c
/usr/bin/cc -DROSIDL_GENERATOR_C_BUILDING_DLL_mecheye_ros_interface -DROS_PACKAGE_NAME=\"mecheye_ros_interface\" -I/usr/include/eigen3 -I/home/inauenma/git/mecheye_ros2_interface/build/mecheye_ros_interface/rosidl_generator_c -isystem /opt/ros/jazzy/include/std_msgs -isystem /opt/ros/jazzy/include/builtin_interfaces -isystem /opt/ros/jazzy/include/rosidl_runtime_c -isystem /opt/ros/jazzy/include/rcutils -isystem /opt/ros/jazzy/include/rosidl_typesupport_interface -isystem /opt/ros/jazzy/include/sensor_msgs -isystem /opt/ros/jazzy/include/geometry_msgs -isystem /opt/ros/jazzy/include/service_msgs -std=gnu11 -fPIC -Wall -MD -MT CMakeFiles/mecheye_ros_interface__rosidl_generator_c.dir/rosidl_generator_c/mecheye_ros_interface/srv/detail/capture_depth_map__description.c.o -MF CMakeFiles/mecheye_ros_interface__rosidl_generator_c.dir/rosidl_generator_c/mecheye_ros_interface/srv/detail/capture_depth_map__description.c.o.d -o CMakeFiles/mecheye_ros_interface__rosidl_generator_c.dir/rosidl_generator_c/mecheye_ros_interface/srv/detail/capture_depth_map__description.c.o -c /home/inauenma/git/mecheye_ros2_interface/build/mecheye_ros_interface/rosidl_generator_c/mecheye_ros_interface/srv/detail/capture_depth_map__description.c
[  9%] Building C object CMakeFiles/mecheye_ros_interface__rosidl_generator_c.dir/rosidl_generator_c/mecheye_ros_interface/srv/detail/capture_depth_map__functions.c.o
[  9%] Building C object CMakeFiles/mecheye_ros_interface__rosidl_generator_c.dir/rosidl_generator_c/mecheye_ros_interface/srv/detail/capture_point_cloud__description.c.o
[  9%] Building C object CMakeFiles/mecheye_ros_interface__rosidl_generator_c.dir/rosidl_generator_c/mecheye_ros_interface/srv/detail/capture_depth_map__type_support.c.o
/usr/bin/cc -DROSIDL_GENERATOR_C_BUILDING_DLL_mecheye_ros_interface -DROS_PACKAGE_NAME=\"mecheye_ros_interface\" -I/usr/include/eigen3 -I/home/inauenma/git/mecheye_ros2_interface/build/mecheye_ros_interface/rosidl_generator_c -isystem /opt/ros/jazzy/include/std_msgs -isystem /opt/ros/jazzy/include/builtin_interfaces -isystem /opt/ros/jazzy/include/rosidl_runtime_c -isystem /opt/ros/jazzy/include/rcutils -isystem /opt/ros/jazzy/include/rosidl_typesupport_interface -isystem /opt/ros/jazzy/include/sensor_msgs -isystem /opt/ros/jazzy/include/geometry_msgs -isystem /opt/ros/jazzy/include/service_msgs -std=gnu11 -fPIC -Wall -MD -MT CMakeFiles/mecheye_ros_interface__rosidl_generator_c.dir/rosidl_generator_c/mecheye_ros_interface/srv/detail/capture_depth_map__functions.c.o -MF CMakeFiles/mecheye_ros_interface__rosidl_generator_c.dir/rosidl_generator_c/mecheye_ros_interface/srv/detail/capture_depth_map__functions.c.o.d -o CMakeFiles/mecheye_ros_interface__rosidl_generator_c.dir/rosidl_generator_c/mecheye_ros_interface/srv/detail/capture_depth_map__functions.c.o -c /home/inauenma/git/mecheye_ros2_interface/build/mecheye_ros_interface/rosidl_generator_c/mecheye_ros_interface/srv/detail/capture_depth_map__functions.c
/usr/bin/cc -DROSIDL_GENERATOR_C_BUILDING_DLL_mecheye_ros_interface -DROS_PACKAGE_NAME=\"mecheye_ros_interface\" -I/usr/include/eigen3 -I/home/inauenma/git/mecheye_ros2_interface/build/mecheye_ros_interface/rosidl_generator_c -isystem /opt/ros/jazzy/include/std_msgs -isystem /opt/ros/jazzy/include/builtin_interfaces -isystem /opt/ros/jazzy/include/rosidl_runtime_c -isystem /opt/ros/jazzy/include/rcutils -isystem /opt/ros/jazzy/include/rosidl_typesupport_interface -isystem /opt/ros/jazzy/include/sensor_msgs -isystem /opt/ros/jazzy/include/geometry_msgs -isystem /opt/ros/jazzy/include/service_msgs -std=gnu11 -fPIC -Wall -MD -MT CMakeFiles/mecheye_ros_interface__rosidl_generator_c.dir/rosidl_generator_c/mecheye_ros_interface/srv/detail/capture_depth_map__type_support.c.o -MF CMakeFiles/mecheye_ros_interface__rosidl_generator_c.dir/rosidl_generator_c/mecheye_ros_interface/srv/detail/capture_depth_map__type_support.c.o.d -o CMakeFiles/mecheye_ros_interface__rosidl_generator_c.dir/rosidl_generator_c/mecheye_ros_interface/srv/detail/capture_depth_map__type_support.c.o -c /home/inauenma/git/mecheye_ros2_interface/build/mecheye_ros_interface/rosidl_generator_c/mecheye_ros_interface/srv/detail/capture_depth_map__type_support.c
/usr/bin/cc -DROSIDL_GENERATOR_C_BUILDING_DLL_mecheye_ros_interface -DROS_PACKAGE_NAME=\"mecheye_ros_interface\" -I/usr/include/eigen3 -I/home/inauenma/git/mecheye_ros2_interface/build/mecheye_ros_interface/rosidl_generator_c -isystem /opt/ros/jazzy/include/std_msgs -isystem /opt/ros/jazzy/include/builtin_interfaces -isystem /opt/ros/jazzy/include/rosidl_runtime_c -isystem /opt/ros/jazzy/include/rcutils -isystem /opt/ros/jazzy/include/rosidl_typesupport_interface -isystem /opt/ros/jazzy/include/sensor_msgs -isystem /opt/ros/jazzy/include/geometry_msgs -isystem /opt/ros/jazzy/include/service_msgs -std=gnu11 -fPIC -Wall -MD -MT CMakeFiles/mecheye_ros_interface__rosidl_generator_c.dir/rosidl_generator_c/mecheye_ros_interface/srv/detail/capture_point_cloud__description.c.o -MF CMakeFiles/mecheye_ros_interface__rosidl_generator_c.dir/rosidl_generator_c/mecheye_ros_interface/srv/detail/capture_point_cloud__description.c.o.d -o CMakeFiles/mecheye_ros_interface__rosidl_generator_c.dir/rosidl_generator_c/mecheye_ros_interface/srv/detail/capture_point_cloud__description.c.o -c /home/inauenma/git/mecheye_ros2_interface/build/mecheye_ros_interface/rosidl_generator_c/mecheye_ros_interface/srv/detail/capture_point_cloud__description.c
[ 10%] Building C object CMakeFiles/mecheye_ros_interface__rosidl_generator_c.dir/rosidl_generator_c/mecheye_ros_interface/srv/detail/capture_point_cloud__functions.c.o
/usr/bin/cc -DROSIDL_GENERATOR_C_BUILDING_DLL_mecheye_ros_interface -DROS_PACKAGE_NAME=\"mecheye_ros_interface\" -I/usr/include/eigen3 -I/home/inauenma/git/mecheye_ros2_interface/build/mecheye_ros_interface/rosidl_generator_c -isystem /opt/ros/jazzy/include/std_msgs -isystem /opt/ros/jazzy/include/builtin_interfaces -isystem /opt/ros/jazzy/include/rosidl_runtime_c -isystem /opt/ros/jazzy/include/rcutils -isystem /opt/ros/jazzy/include/rosidl_typesupport_interface -isystem /opt/ros/jazzy/include/sensor_msgs -isystem /opt/ros/jazzy/include/geometry_msgs -isystem /opt/ros/jazzy/include/service_msgs -std=gnu11 -fPIC -Wall -MD -MT CMakeFiles/mecheye_ros_interface__rosidl_generator_c.dir/rosidl_generator_c/mecheye_ros_interface/srv/detail/capture_point_cloud__functions.c.o -MF CMakeFiles/mecheye_ros_interface__rosidl_generator_c.dir/rosidl_generator_c/mecheye_ros_interface/srv/detail/capture_point_cloud__functions.c.o.d -o CMakeFiles/mecheye_ros_interface__rosidl_generator_c.dir/rosidl_generator_c/mecheye_ros_interface/srv/detail/capture_point_cloud__functions.c.o -c /home/inauenma/git/mecheye_ros2_interface/build/mecheye_ros_interface/rosidl_generator_c/mecheye_ros_interface/srv/detail/capture_point_cloud__functions.c
[ 10%] Building C object CMakeFiles/mecheye_ros_interface__rosidl_generator_c.dir/rosidl_generator_c/mecheye_ros_interface/srv/detail/capture_point_cloud__type_support.c.o
[ 11%] Building C object CMakeFiles/mecheye_ros_interface__rosidl_generator_c.dir/rosidl_generator_c/mecheye_ros_interface/srv/detail/delete_user_set__functions.c.o
/usr/bin/cc -DROSIDL_GENERATOR_C_BUILDING_DLL_mecheye_ros_interface -DROS_PACKAGE_NAME=\"mecheye_ros_interface\" -I/usr/include/eigen3 -I/home/inauenma/git/mecheye_ros2_interface/build/mecheye_ros_interface/rosidl_generator_c -isystem /opt/ros/jazzy/include/std_msgs -isystem /opt/ros/jazzy/include/builtin_interfaces -isystem /opt/ros/jazzy/include/rosidl_runtime_c -isystem /opt/ros/jazzy/include/rcutils -isystem /opt/ros/jazzy/include/rosidl_typesupport_interface -isystem /opt/ros/jazzy/include/sensor_msgs -isystem /opt/ros/jazzy/include/geometry_msgs -isystem /opt/ros/jazzy/include/service_msgs -std=gnu11 -fPIC -Wall -MD -MT CMakeFiles/mecheye_ros_interface__rosidl_generator_c.dir/rosidl_generator_c/mecheye_ros_interface/srv/detail/capture_point_cloud__type_support.c.o -MF CMakeFiles/mecheye_ros_interface__rosidl_generator_c.dir/rosidl_generator_c/mecheye_ros_interface/srv/detail/capture_point_cloud__type_support.c.o.d -o CMakeFiles/mecheye_ros_interface__rosidl_generator_c.dir/rosidl_generator_c/mecheye_ros_interface/srv/detail/capture_point_cloud__type_support.c.o -c /home/inauenma/git/mecheye_ros2_interface/build/mecheye_ros_interface/rosidl_generator_c/mecheye_ros_interface/srv/detail/capture_point_cloud__type_support.c
/usr/bin/cc -DROSIDL_GENERATOR_C_BUILDING_DLL_mecheye_ros_interface -DROS_PACKAGE_NAME=\"mecheye_ros_interface\" -I/usr/include/eigen3 -I/home/inauenma/git/mecheye_ros2_interface/build/mecheye_ros_interface/rosidl_generator_c -isystem /opt/ros/jazzy/include/std_msgs -isystem /opt/ros/jazzy/include/builtin_interfaces -isystem /opt/ros/jazzy/include/rosidl_runtime_c -isystem /opt/ros/jazzy/include/rcutils -isystem /opt/ros/jazzy/include/rosidl_typesupport_interface -isystem /opt/ros/jazzy/include/sensor_msgs -isystem /opt/ros/jazzy/include/geometry_msgs -isystem /opt/ros/jazzy/include/service_msgs -std=gnu11 -fPIC -Wall -MD -MT CMakeFiles/mecheye_ros_interface__rosidl_generator_c.dir/rosidl_generator_c/mecheye_ros_interface/srv/detail/delete_user_set__functions.c.o -MF CMakeFiles/mecheye_ros_interface__rosidl_generator_c.dir/rosidl_generator_c/mecheye_ros_interface/srv/detail/delete_user_set__functions.c.o.d -o CMakeFiles/mecheye_ros_interface__rosidl_generator_c.dir/rosidl_generator_c/mecheye_ros_interface/srv/detail/delete_user_set__functions.c.o -c /home/inauenma/git/mecheye_ros2_interface/build/mecheye_ros_interface/rosidl_generator_c/mecheye_ros_interface/srv/detail/delete_user_set__functions.c
[ 11%] Building C object CMakeFiles/mecheye_ros_interface__rosidl_generator_c.dir/rosidl_generator_c/mecheye_ros_interface/srv/detail/delete_user_set__description.c.o
/usr/bin/cc -DROSIDL_GENERATOR_C_BUILDING_DLL_mecheye_ros_interface -DROS_PACKAGE_NAME=\"mecheye_ros_interface\" -I/usr/include/eigen3 -I/home/inauenma/git/mecheye_ros2_interface/build/mecheye_ros_interface/rosidl_generator_c -isystem /opt/ros/jazzy/include/std_msgs -isystem /opt/ros/jazzy/include/builtin_interfaces -isystem /opt/ros/jazzy/include/rosidl_runtime_c -isystem /opt/ros/jazzy/include/rcutils -isystem /opt/ros/jazzy/include/rosidl_typesupport_interface -isystem /opt/ros/jazzy/include/sensor_msgs -isystem /opt/ros/jazzy/include/geometry_msgs -isystem /opt/ros/jazzy/include/service_msgs -std=gnu11 -fPIC -Wall -MD -MT CMakeFiles/mecheye_ros_interface__rosidl_generator_c.dir/rosidl_generator_c/mecheye_ros_interface/srv/detail/delete_user_set__description.c.o -MF CMakeFiles/mecheye_ros_interface__rosidl_generator_c.dir/rosidl_generator_c/mecheye_ros_interface/srv/detail/delete_user_set__description.c.o.d -o CMakeFiles/mecheye_ros_interface__rosidl_generator_c.dir/rosidl_generator_c/mecheye_ros_interface/srv/detail/delete_user_set__description.c.o -c /home/inauenma/git/mecheye_ros2_interface/build/mecheye_ros_interface/rosidl_generator_c/mecheye_ros_interface/srv/detail/delete_user_set__description.c
[ 12%] Building C object CMakeFiles/mecheye_ros_interface__rosidl_generator_c.dir/rosidl_generator_c/mecheye_ros_interface/srv/detail/device_info__functions.c.o
[ 12%] Building C object CMakeFiles/mecheye_ros_interface__rosidl_generator_c.dir/rosidl_generator_c/mecheye_ros_interface/srv/detail/device_info__description.c.o
[ 12%] Building C object CMakeFiles/mecheye_ros_interface__rosidl_generator_c.dir/rosidl_generator_c/mecheye_ros_interface/srv/detail/delete_user_set__type_support.c.o
/usr/bin/cc -DROSIDL_GENERATOR_C_BUILDING_DLL_mecheye_ros_interface -DROS_PACKAGE_NAME=\"mecheye_ros_interface\" -I/usr/include/eigen3 -I/home/inauenma/git/mecheye_ros2_interface/build/mecheye_ros_interface/rosidl_generator_c -isystem /opt/ros/jazzy/include/std_msgs -isystem /opt/ros/jazzy/include/builtin_interfaces -isystem /opt/ros/jazzy/include/rosidl_runtime_c -isystem /opt/ros/jazzy/include/rcutils -isystem /opt/ros/jazzy/include/rosidl_typesupport_interface -isystem /opt/ros/jazzy/include/sensor_msgs -isystem /opt/ros/jazzy/include/geometry_msgs -isystem /opt/ros/jazzy/include/service_msgs -std=gnu11 -fPIC -Wall -MD -MT CMakeFiles/mecheye_ros_interface__rosidl_generator_c.dir/rosidl_generator_c/mecheye_ros_interface/srv/detail/delete_user_set__type_support.c.o -MF CMakeFiles/mecheye_ros_interface__rosidl_generator_c.dir/rosidl_generator_c/mecheye_ros_interface/srv/detail/delete_user_set__type_support.c.o.d -o CMakeFiles/mecheye_ros_interface__rosidl_generator_c.dir/rosidl_generator_c/mecheye_ros_interface/srv/detail/delete_user_set__type_support.c.o -c /home/inauenma/git/mecheye_ros2_interface/build/mecheye_ros_interface/rosidl_generator_c/mecheye_ros_interface/srv/detail/delete_user_set__type_support.c
[ 12%] Building C object CMakeFiles/mecheye_ros_interface__rosidl_generator_c.dir/rosidl_generator_c/mecheye_ros_interface/srv/detail/device_info__type_support.c.o
/usr/bin/cc -DROSIDL_GENERATOR_C_BUILDING_DLL_mecheye_ros_interface -DROS_PACKAGE_NAME=\"mecheye_ros_interface\" -I/usr/include/eigen3 -I/home/inauenma/git/mecheye_ros2_interface/build/mecheye_ros_interface/rosidl_generator_c -isystem /opt/ros/jazzy/include/std_msgs -isystem /opt/ros/jazzy/include/builtin_interfaces -isystem /opt/ros/jazzy/include/rosidl_runtime_c -isystem /opt/ros/jazzy/include/rcutils -isystem /opt/ros/jazzy/include/rosidl_typesupport_interface -isystem /opt/ros/jazzy/include/sensor_msgs -isystem /opt/ros/jazzy/include/geometry_msgs -isystem /opt/ros/jazzy/include/service_msgs -std=gnu11 -fPIC -Wall -MD -MT CMakeFiles/mecheye_ros_interface__rosidl_generator_c.dir/rosidl_generator_c/mecheye_ros_interface/srv/detail/device_info__description.c.o -MF CMakeFiles/mecheye_ros_interface__rosidl_generator_c.dir/rosidl_generator_c/mecheye_ros_interface/srv/detail/device_info__description.c.o.d -o CMakeFiles/mecheye_ros_interface__rosidl_generator_c.dir/rosidl_generator_c/mecheye_ros_interface/srv/detail/device_info__description.c.o -c /home/inauenma/git/mecheye_ros2_interface/build/mecheye_ros_interface/rosidl_generator_c/mecheye_ros_interface/srv/detail/device_info__description.c
/usr/bin/cc -DROSIDL_GENERATOR_C_BUILDING_DLL_mecheye_ros_interface -DROS_PACKAGE_NAME=\"mecheye_ros_interface\" -I/usr/include/eigen3 -I/home/inauenma/git/mecheye_ros2_interface/build/mecheye_ros_interface/rosidl_generator_c -isystem /opt/ros/jazzy/include/std_msgs -isystem /opt/ros/jazzy/include/builtin_interfaces -isystem /opt/ros/jazzy/include/rosidl_runtime_c -isystem /opt/ros/jazzy/include/rcutils -isystem /opt/ros/jazzy/include/rosidl_typesupport_interface -isystem /opt/ros/jazzy/include/sensor_msgs -isystem /opt/ros/jazzy/include/geometry_msgs -isystem /opt/ros/jazzy/include/service_msgs -std=gnu11 -fPIC -Wall -MD -MT CMakeFiles/mecheye_ros_interface__rosidl_generator_c.dir/rosidl_generator_c/mecheye_ros_interface/srv/detail/device_info__functions.c.o -MF CMakeFiles/mecheye_ros_interface__rosidl_generator_c.dir/rosidl_generator_c/mecheye_ros_interface/srv/detail/device_info__functions.c.o.d -o CMakeFiles/mecheye_ros_interface__rosidl_generator_c.dir/rosidl_generator_c/mecheye_ros_interface/srv/detail/device_info__functions.c.o -c /home/inauenma/git/mecheye_ros2_interface/build/mecheye_ros_interface/rosidl_generator_c/mecheye_ros_interface/srv/detail/device_info__functions.c
/usr/bin/cc -DROSIDL_GENERATOR_C_BUILDING_DLL_mecheye_ros_interface -DROS_PACKAGE_NAME=\"mecheye_ros_interface\" -I/usr/include/eigen3 -I/home/inauenma/git/mecheye_ros2_interface/build/mecheye_ros_interface/rosidl_generator_c -isystem /opt/ros/jazzy/include/std_msgs -isystem /opt/ros/jazzy/include/builtin_interfaces -isystem /opt/ros/jazzy/include/rosidl_runtime_c -isystem /opt/ros/jazzy/include/rcutils -isystem /opt/ros/jazzy/include/rosidl_typesupport_interface -isystem /opt/ros/jazzy/include/sensor_msgs -isystem /opt/ros/jazzy/include/geometry_msgs -isystem /opt/ros/jazzy/include/service_msgs -std=gnu11 -fPIC -Wall -MD -MT CMakeFiles/mecheye_ros_interface__rosidl_generator_c.dir/rosidl_generator_c/mecheye_ros_interface/srv/detail/device_info__type_support.c.o -MF CMakeFiles/mecheye_ros_interface__rosidl_generator_c.dir/rosidl_generator_c/mecheye_ros_interface/srv/detail/device_info__type_support.c.o.d -o CMakeFiles/mecheye_ros_interface__rosidl_generator_c.dir/rosidl_generator_c/mecheye_ros_interface/srv/detail/device_info__type_support.c.o -c /home/inauenma/git/mecheye_ros2_interface/build/mecheye_ros_interface/rosidl_generator_c/mecheye_ros_interface/srv/detail/device_info__type_support.c
[ 12%] Building C object CMakeFiles/mecheye_ros_interface__rosidl_generator_c.dir/rosidl_generator_c/mecheye_ros_interface/srv/detail/get_all_user_sets__description.c.o
[ 13%] Building C object CMakeFiles/mecheye_ros_interface__rosidl_generator_c.dir/rosidl_generator_c/mecheye_ros_interface/srv/detail/get_all_user_sets__functions.c.o
/usr/bin/cc -DROSIDL_GENERATOR_C_BUILDING_DLL_mecheye_ros_interface -DROS_PACKAGE_NAME=\"mecheye_ros_interface\" -I/usr/include/eigen3 -I/home/inauenma/git/mecheye_ros2_interface/build/mecheye_ros_interface/rosidl_generator_c -isystem /opt/ros/jazzy/include/std_msgs -isystem /opt/ros/jazzy/include/builtin_interfaces -isystem /opt/ros/jazzy/include/rosidl_runtime_c -isystem /opt/ros/jazzy/include/rcutils -isystem /opt/ros/jazzy/include/rosidl_typesupport_interface -isystem /opt/ros/jazzy/include/sensor_msgs -isystem /opt/ros/jazzy/include/geometry_msgs -isystem /opt/ros/jazzy/include/service_msgs -std=gnu11 -fPIC -Wall -MD -MT CMakeFiles/mecheye_ros_interface__rosidl_generator_c.dir/rosidl_generator_c/mecheye_ros_interface/srv/detail/get_all_user_sets__description.c.o -MF CMakeFiles/mecheye_ros_interface__rosidl_generator_c.dir/rosidl_generator_c/mecheye_ros_interface/srv/detail/get_all_user_sets__description.c.o.d -o CMakeFiles/mecheye_ros_interface__rosidl_generator_c.dir/rosidl_generator_c/mecheye_ros_interface/srv/detail/get_all_user_sets__description.c.o -c /home/inauenma/git/mecheye_ros2_interface/build/mecheye_ros_interface/rosidl_generator_c/mecheye_ros_interface/srv/detail/get_all_user_sets__description.c
/usr/bin/cc -DROSIDL_GENERATOR_C_BUILDING_DLL_mecheye_ros_interface -DROS_PACKAGE_NAME=\"mecheye_ros_interface\" -I/usr/include/eigen3 -I/home/inauenma/git/mecheye_ros2_interface/build/mecheye_ros_interface/rosidl_generator_c -isystem /opt/ros/jazzy/include/std_msgs -isystem /opt/ros/jazzy/include/builtin_interfaces -isystem /opt/ros/jazzy/include/rosidl_runtime_c -isystem /opt/ros/jazzy/include/rcutils -isystem /opt/ros/jazzy/include/rosidl_typesupport_interface -isystem /opt/ros/jazzy/include/sensor_msgs -isystem /opt/ros/jazzy/include/geometry_msgs -isystem /opt/ros/jazzy/include/service_msgs -std=gnu11 -fPIC -Wall -MD -MT CMakeFiles/mecheye_ros_interface__rosidl_generator_c.dir/rosidl_generator_c/mecheye_ros_interface/srv/detail/get_all_user_sets__functions.c.o -MF CMakeFiles/mecheye_ros_interface__rosidl_generator_c.dir/rosidl_generator_c/mecheye_ros_interface/srv/detail/get_all_user_sets__functions.c.o.d -o CMakeFiles/mecheye_ros_interface__rosidl_generator_c.dir/rosidl_generator_c/mecheye_ros_interface/srv/detail/get_all_user_sets__functions.c.o -c /home/inauenma/git/mecheye_ros2_interface/build/mecheye_ros_interface/rosidl_generator_c/mecheye_ros_interface/srv/detail/get_all_user_sets__functions.c
[ 13%] Building C object CMakeFiles/mecheye_ros_interface__rosidl_generator_c.dir/rosidl_generator_c/mecheye_ros_interface/srv/detail/get_all_user_sets__type_support.c.o
/usr/bin/cc -DROSIDL_GENERATOR_C_BUILDING_DLL_mecheye_ros_interface -DROS_PACKAGE_NAME=\"mecheye_ros_interface\" -I/usr/include/eigen3 -I/home/inauenma/git/mecheye_ros2_interface/build/mecheye_ros_interface/rosidl_generator_c -isystem /opt/ros/jazzy/include/std_msgs -isystem /opt/ros/jazzy/include/builtin_interfaces -isystem /opt/ros/jazzy/include/rosidl_runtime_c -isystem /opt/ros/jazzy/include/rcutils -isystem /opt/ros/jazzy/include/rosidl_typesupport_interface -isystem /opt/ros/jazzy/include/sensor_msgs -isystem /opt/ros/jazzy/include/geometry_msgs -isystem /opt/ros/jazzy/include/service_msgs -std=gnu11 -fPIC -Wall -MD -MT CMakeFiles/mecheye_ros_interface__rosidl_generator_c.dir/rosidl_generator_c/mecheye_ros_interface/srv/detail/get_all_user_sets__type_support.c.o -MF CMakeFiles/mecheye_ros_interface__rosidl_generator_c.dir/rosidl_generator_c/mecheye_ros_interface/srv/detail/get_all_user_sets__type_support.c.o.d -o CMakeFiles/mecheye_ros_interface__rosidl_generator_c.dir/rosidl_generator_c/mecheye_ros_interface/srv/detail/get_all_user_sets__type_support.c.o -c /home/inauenma/git/mecheye_ros2_interface/build/mecheye_ros_interface/rosidl_generator_c/mecheye_ros_interface/srv/detail/get_all_user_sets__type_support.c
[ 13%] Building C object CMakeFiles/mecheye_ros_interface__rosidl_generator_c.dir/rosidl_generator_c/mecheye_ros_interface/srv/detail/get_current_user_set__description.c.o
[ 14%] Building C object CMakeFiles/mecheye_ros_interface__rosidl_generator_c.dir/rosidl_generator_c/mecheye_ros_interface/srv/detail/get_current_user_set__functions.c.o
/usr/bin/cc -DROSIDL_GENERATOR_C_BUILDING_DLL_mecheye_ros_interface -DROS_PACKAGE_NAME=\"mecheye_ros_interface\" -I/usr/include/eigen3 -I/home/inauenma/git/mecheye_ros2_interface/build/mecheye_ros_interface/rosidl_generator_c -isystem /opt/ros/jazzy/include/std_msgs -isystem /opt/ros/jazzy/include/builtin_interfaces -isystem /opt/ros/jazzy/include/rosidl_runtime_c -isystem /opt/ros/jazzy/include/rcutils -isystem /opt/ros/jazzy/include/rosidl_typesupport_interface -isystem /opt/ros/jazzy/include/sensor_msgs -isystem /opt/ros/jazzy/include/geometry_msgs -isystem /opt/ros/jazzy/include/service_msgs -std=gnu11 -fPIC -Wall -MD -MT CMakeFiles/mecheye_ros_interface__rosidl_generator_c.dir/rosidl_generator_c/mecheye_ros_interface/srv/detail/get_current_user_set__description.c.o -MF CMakeFiles/mecheye_ros_interface__rosidl_generator_c.dir/rosidl_generator_c/mecheye_ros_interface/srv/detail/get_current_user_set__description.c.o.d -o CMakeFiles/mecheye_ros_interface__rosidl_generator_c.dir/rosidl_generator_c/mecheye_ros_interface/srv/detail/get_current_user_set__description.c.o -c /home/inauenma/git/mecheye_ros2_interface/build/mecheye_ros_interface/rosidl_generator_c/mecheye_ros_interface/srv/detail/get_current_user_set__description.c
/usr/bin/cc -DROSIDL_GENERATOR_C_BUILDING_DLL_mecheye_ros_interface -DROS_PACKAGE_NAME=\"mecheye_ros_interface\" -I/usr/include/eigen3 -I/home/inauenma/git/mecheye_ros2_interface/build/mecheye_ros_interface/rosidl_generator_c -isystem /opt/ros/jazzy/include/std_msgs -isystem /opt/ros/jazzy/include/builtin_interfaces -isystem /opt/ros/jazzy/include/rosidl_runtime_c -isystem /opt/ros/jazzy/include/rcutils -isystem /opt/ros/jazzy/include/rosidl_typesupport_interface -isystem /opt/ros/jazzy/include/sensor_msgs -isystem /opt/ros/jazzy/include/geometry_msgs -isystem /opt/ros/jazzy/include/service_msgs -std=gnu11 -fPIC -Wall -MD -MT CMakeFiles/mecheye_ros_interface__rosidl_generator_c.dir/rosidl_generator_c/mecheye_ros_interface/srv/detail/get_current_user_set__functions.c.o -MF CMakeFiles/mecheye_ros_interface__rosidl_generator_c.dir/rosidl_generator_c/mecheye_ros_interface/srv/detail/get_current_user_set__functions.c.o.d -o CMakeFiles/mecheye_ros_interface__rosidl_generator_c.dir/rosidl_generator_c/mecheye_ros_interface/srv/detail/get_current_user_set__functions.c.o -c /home/inauenma/git/mecheye_ros2_interface/build/mecheye_ros_interface/rosidl_generator_c/mecheye_ros_interface/srv/detail/get_current_user_set__functions.c
[ 14%] Building C object CMakeFiles/mecheye_ros_interface__rosidl_generator_c.dir/rosidl_generator_c/mecheye_ros_interface/srv/detail/get_current_user_set__type_support.c.o
/usr/bin/cc -DROSIDL_GENERATOR_C_BUILDING_DLL_mecheye_ros_interface -DROS_PACKAGE_NAME=\"mecheye_ros_interface\" -I/usr/include/eigen3 -I/home/inauenma/git/mecheye_ros2_interface/build/mecheye_ros_interface/rosidl_generator_c -isystem /opt/ros/jazzy/include/std_msgs -isystem /opt/ros/jazzy/include/builtin_interfaces -isystem /opt/ros/jazzy/include/rosidl_runtime_c -isystem /opt/ros/jazzy/include/rcutils -isystem /opt/ros/jazzy/include/rosidl_typesupport_interface -isystem /opt/ros/jazzy/include/sensor_msgs -isystem /opt/ros/jazzy/include/geometry_msgs -isystem /opt/ros/jazzy/include/service_msgs -std=gnu11 -fPIC -Wall -MD -MT CMakeFiles/mecheye_ros_interface__rosidl_generator_c.dir/rosidl_generator_c/mecheye_ros_interface/srv/detail/get_current_user_set__type_support.c.o -MF CMakeFiles/mecheye_ros_interface__rosidl_generator_c.dir/rosidl_generator_c/mecheye_ros_interface/srv/detail/get_current_user_set__type_support.c.o.d -o CMakeFiles/mecheye_ros_interface__rosidl_generator_c.dir/rosidl_generator_c/mecheye_ros_interface/srv/detail/get_current_user_set__type_support.c.o -c /home/inauenma/git/mecheye_ros2_interface/build/mecheye_ros_interface/rosidl_generator_c/mecheye_ros_interface/srv/detail/get_current_user_set__type_support.c
[ 14%] Building C object CMakeFiles/mecheye_ros_interface__rosidl_generator_c.dir/rosidl_generator_c/mecheye_ros_interface/srv/detail/set_int_parameter__type_support.c.o
[ 15%] Building C object CMakeFiles/mecheye_ros_interface__rosidl_generator_c.dir/rosidl_generator_c/mecheye_ros_interface/srv/detail/set_int_parameter__functions.c.o
/usr/bin/cc -DROSIDL_GENERATOR_C_BUILDING_DLL_mecheye_ros_interface -DROS_PACKAGE_NAME=\"mecheye_ros_interface\" -I/usr/include/eigen3 -I/home/inauenma/git/mecheye_ros2_interface/build/mecheye_ros_interface/rosidl_generator_c -isystem /opt/ros/jazzy/include/std_msgs -isystem /opt/ros/jazzy/include/builtin_interfaces -isystem /opt/ros/jazzy/include/rosidl_runtime_c -isystem /opt/ros/jazzy/include/rcutils -isystem /opt/ros/jazzy/include/rosidl_typesupport_interface -isystem /opt/ros/jazzy/include/sensor_msgs -isystem /opt/ros/jazzy/include/geometry_msgs -isystem /opt/ros/jazzy/include/service_msgs -std=gnu11 -fPIC -Wall -MD -MT CMakeFiles/mecheye_ros_interface__rosidl_generator_c.dir/rosidl_generator_c/mecheye_ros_interface/srv/detail/set_int_parameter__type_support.c.o -MF CMakeFiles/mecheye_ros_interface__rosidl_generator_c.dir/rosidl_generator_c/mecheye_ros_interface/srv/detail/set_int_parameter__type_support.c.o.d -o CMakeFiles/mecheye_ros_interface__rosidl_generator_c.dir/rosidl_generator_c/mecheye_ros_interface/srv/detail/set_int_parameter__type_support.c.o -c /home/inauenma/git/mecheye_ros2_interface/build/mecheye_ros_interface/rosidl_generator_c/mecheye_ros_interface/srv/detail/set_int_parameter__type_support.c
[ 15%] Building C object CMakeFiles/mecheye_ros_interface__rosidl_generator_c.dir/rosidl_generator_c/mecheye_ros_interface/srv/detail/set_int_parameter__description.c.o
/usr/bin/cc -DROSIDL_GENERATOR_C_BUILDING_DLL_mecheye_ros_interface -DROS_PACKAGE_NAME=\"mecheye_ros_interface\" -I/usr/include/eigen3 -I/home/inauenma/git/mecheye_ros2_interface/build/mecheye_ros_interface/rosidl_generator_c -isystem /opt/ros/jazzy/include/std_msgs -isystem /opt/ros/jazzy/include/builtin_interfaces -isystem /opt/ros/jazzy/include/rosidl_runtime_c -isystem /opt/ros/jazzy/include/rcutils -isystem /opt/ros/jazzy/include/rosidl_typesupport_interface -isystem /opt/ros/jazzy/include/sensor_msgs -isystem /opt/ros/jazzy/include/geometry_msgs -isystem /opt/ros/jazzy/include/service_msgs -std=gnu11 -fPIC -Wall -MD -MT CMakeFiles/mecheye_ros_interface__rosidl_generator_c.dir/rosidl_generator_c/mecheye_ros_interface/srv/detail/set_int_parameter__functions.c.o -MF CMakeFiles/mecheye_ros_interface__rosidl_generator_c.dir/rosidl_generator_c/mecheye_ros_interface/srv/detail/set_int_parameter__functions.c.o.d -o CMakeFiles/mecheye_ros_interface__rosidl_generator_c.dir/rosidl_generator_c/mecheye_ros_interface/srv/detail/set_int_parameter__functions.c.o -c /home/inauenma/git/mecheye_ros2_interface/build/mecheye_ros_interface/rosidl_generator_c/mecheye_ros_interface/srv/detail/set_int_parameter__functions.c
/usr/bin/cc -DROSIDL_GENERATOR_C_BUILDING_DLL_mecheye_ros_interface -DROS_PACKAGE_NAME=\"mecheye_ros_interface\" -I/usr/include/eigen3 -I/home/inauenma/git/mecheye_ros2_interface/build/mecheye_ros_interface/rosidl_generator_c -isystem /opt/ros/jazzy/include/std_msgs -isystem /opt/ros/jazzy/include/builtin_interfaces -isystem /opt/ros/jazzy/include/rosidl_runtime_c -isystem /opt/ros/jazzy/include/rcutils -isystem /opt/ros/jazzy/include/rosidl_typesupport_interface -isystem /opt/ros/jazzy/include/sensor_msgs -isystem /opt/ros/jazzy/include/geometry_msgs -isystem /opt/ros/jazzy/include/service_msgs -std=gnu11 -fPIC -Wall -MD -MT CMakeFiles/mecheye_ros_interface__rosidl_generator_c.dir/rosidl_generator_c/mecheye_ros_interface/srv/detail/set_int_parameter__description.c.o -MF CMakeFiles/mecheye_ros_interface__rosidl_generator_c.dir/rosidl_generator_c/mecheye_ros_interface/srv/detail/set_int_parameter__description.c.o.d -o CMakeFiles/mecheye_ros_interface__rosidl_generator_c.dir/rosidl_generator_c/mecheye_ros_interface/srv/detail/set_int_parameter__description.c.o -c /home/inauenma/git/mecheye_ros2_interface/build/mecheye_ros_interface/rosidl_generator_c/mecheye_ros_interface/srv/detail/set_int_parameter__description.c
[ 15%] Building C object CMakeFiles/mecheye_ros_interface__rosidl_generator_c.dir/rosidl_generator_c/mecheye_ros_interface/srv/detail/get_int_parameter__type_support.c.o
[ 15%] Building C object CMakeFiles/mecheye_ros_interface__rosidl_generator_c.dir/rosidl_generator_c/mecheye_ros_interface/srv/detail/get_int_parameter__description.c.o
/usr/bin/cc -DROSIDL_GENERATOR_C_BUILDING_DLL_mecheye_ros_interface -DROS_PACKAGE_NAME=\"mecheye_ros_interface\" -I/usr/include/eigen3 -I/home/inauenma/git/mecheye_ros2_interface/build/mecheye_ros_interface/rosidl_generator_c -isystem /opt/ros/jazzy/include/std_msgs -isystem /opt/ros/jazzy/include/builtin_interfaces -isystem /opt/ros/jazzy/include/rosidl_runtime_c -isystem /opt/ros/jazzy/include/rcutils -isystem /opt/ros/jazzy/include/rosidl_typesupport_interface -isystem /opt/ros/jazzy/include/sensor_msgs -isystem /opt/ros/jazzy/include/geometry_msgs -isystem /opt/ros/jazzy/include/service_msgs -std=gnu11 -fPIC -Wall -MD -MT CMakeFiles/mecheye_ros_interface__rosidl_generator_c.dir/rosidl_generator_c/mecheye_ros_interface/srv/detail/get_int_parameter__type_support.c.o -MF CMakeFiles/mecheye_ros_interface__rosidl_generator_c.dir/rosidl_generator_c/mecheye_ros_interface/srv/detail/get_int_parameter__type_support.c.o.d -o CMakeFiles/mecheye_ros_interface__rosidl_generator_c.dir/rosidl_generator_c/mecheye_ros_interface/srv/detail/get_int_parameter__type_support.c.o -c /home/inauenma/git/mecheye_ros2_interface/build/mecheye_ros_interface/rosidl_generator_c/mecheye_ros_interface/srv/detail/get_int_parameter__type_support.c
[ 16%] Building C object CMakeFiles/mecheye_ros_interface__rosidl_generator_c.dir/rosidl_generator_c/mecheye_ros_interface/srv/detail/get_int_parameter__functions.c.o
/usr/bin/cc -DROSIDL_GENERATOR_C_BUILDING_DLL_mecheye_ros_interface -DROS_PACKAGE_NAME=\"mecheye_ros_interface\" -I/usr/include/eigen3 -I/home/inauenma/git/mecheye_ros2_interface/build/mecheye_ros_interface/rosidl_generator_c -isystem /opt/ros/jazzy/include/std_msgs -isystem /opt/ros/jazzy/include/builtin_interfaces -isystem /opt/ros/jazzy/include/rosidl_runtime_c -isystem /opt/ros/jazzy/include/rcutils -isystem /opt/ros/jazzy/include/rosidl_typesupport_interface -isystem /opt/ros/jazzy/include/sensor_msgs -isystem /opt/ros/jazzy/include/geometry_msgs -isystem /opt/ros/jazzy/include/service_msgs -std=gnu11 -fPIC -Wall -MD -MT CMakeFiles/mecheye_ros_interface__rosidl_generator_c.dir/rosidl_generator_c/mecheye_ros_interface/srv/detail/get_int_parameter__description.c.o -MF CMakeFiles/mecheye_ros_interface__rosidl_generator_c.dir/rosidl_generator_c/mecheye_ros_interface/srv/detail/get_int_parameter__description.c.o.d -o CMakeFiles/mecheye_ros_interface__rosidl_generator_c.dir/rosidl_generator_c/mecheye_ros_interface/srv/detail/get_int_parameter__description.c.o -c /home/inauenma/git/mecheye_ros2_interface/build/mecheye_ros_interface/rosidl_generator_c/mecheye_ros_interface/srv/detail/get_int_parameter__description.c
[ 17%] Building C object CMakeFiles/mecheye_ros_interface__rosidl_generator_c.dir/rosidl_generator_c/mecheye_ros_interface/srv/detail/set_range_parameter__description.c.o
/usr/bin/cc -DROSIDL_GENERATOR_C_BUILDING_DLL_mecheye_ros_interface -DROS_PACKAGE_NAME=\"mecheye_ros_interface\" -I/usr/include/eigen3 -I/home/inauenma/git/mecheye_ros2_interface/build/mecheye_ros_interface/rosidl_generator_c -isystem /opt/ros/jazzy/include/std_msgs -isystem /opt/ros/jazzy/include/builtin_interfaces -isystem /opt/ros/jazzy/include/rosidl_runtime_c -isystem /opt/ros/jazzy/include/rcutils -isystem /opt/ros/jazzy/include/rosidl_typesupport_interface -isystem /opt/ros/jazzy/include/sensor_msgs -isystem /opt/ros/jazzy/include/geometry_msgs -isystem /opt/ros/jazzy/include/service_msgs -std=gnu11 -fPIC -Wall -MD -MT CMakeFiles/mecheye_ros_interface__rosidl_generator_c.dir/rosidl_generator_c/mecheye_ros_interface/srv/detail/get_int_parameter__functions.c.o -MF CMakeFiles/mecheye_ros_interface__rosidl_generator_c.dir/rosidl_generator_c/mecheye_ros_interface/srv/detail/get_int_parameter__functions.c.o.d -o CMakeFiles/mecheye_ros_interface__rosidl_generator_c.dir/rosidl_generator_c/mecheye_ros_interface/srv/detail/get_int_parameter__functions.c.o -c /home/inauenma/git/mecheye_ros2_interface/build/mecheye_ros_interface/rosidl_generator_c/mecheye_ros_interface/srv/detail/get_int_parameter__functions.c
/usr/bin/cc -DROSIDL_GENERATOR_C_BUILDING_DLL_mecheye_ros_interface -DROS_PACKAGE_NAME=\"mecheye_ros_interface\" -I/usr/include/eigen3 -I/home/inauenma/git/mecheye_ros2_interface/build/mecheye_ros_interface/rosidl_generator_c -isystem /opt/ros/jazzy/include/std_msgs -isystem /opt/ros/jazzy/include/builtin_interfaces -isystem /opt/ros/jazzy/include/rosidl_runtime_c -isystem /opt/ros/jazzy/include/rcutils -isystem /opt/ros/jazzy/include/rosidl_typesupport_interface -isystem /opt/ros/jazzy/include/sensor_msgs -isystem /opt/ros/jazzy/include/geometry_msgs -isystem /opt/ros/jazzy/include/service_msgs -std=gnu11 -fPIC -Wall -MD -MT CMakeFiles/mecheye_ros_interface__rosidl_generator_c.dir/rosidl_generator_c/mecheye_ros_interface/srv/detail/set_range_parameter__description.c.o -MF CMakeFiles/mecheye_ros_interface__rosidl_generator_c.dir/rosidl_generator_c/mecheye_ros_interface/srv/detail/set_range_parameter__description.c.o.d -o CMakeFiles/mecheye_ros_interface__rosidl_generator_c.dir/rosidl_generator_c/mecheye_ros_interface/srv/detail/set_range_parameter__description.c.o -c /home/inauenma/git/mecheye_ros2_interface/build/mecheye_ros_interface/rosidl_generator_c/mecheye_ros_interface/srv/detail/set_range_parameter__description.c
[ 18%] Building C object CMakeFiles/mecheye_ros_interface__rosidl_generator_c.dir/rosidl_generator_c/mecheye_ros_interface/srv/detail/get_range_parameter__description.c.o
/usr/bin/cc -DROSIDL_GENERATOR_C_BUILDING_DLL_mecheye_ros_interface -DROS_PACKAGE_NAME=\"mecheye_ros_interface\" -I/usr/include/eigen3 -I/home/inauenma/git/mecheye_ros2_interface/build/mecheye_ros_interface/rosidl_generator_c -isystem /opt/ros/jazzy/include/std_msgs -isystem /opt/ros/jazzy/include/builtin_interfaces -isystem /opt/ros/jazzy/include/rosidl_runtime_c -isystem /opt/ros/jazzy/include/rcutils -isystem /opt/ros/jazzy/include/rosidl_typesupport_interface -isystem /opt/ros/jazzy/include/sensor_msgs -isystem /opt/ros/jazzy/include/geometry_msgs -isystem /opt/ros/jazzy/include/service_msgs -std=gnu11 -fPIC -Wall -MD -MT CMakeFiles/mecheye_ros_interface__rosidl_generator_c.dir/rosidl_generator_c/mecheye_ros_interface/srv/detail/get_range_parameter__description.c.o -MF CMakeFiles/mecheye_ros_interface__rosidl_generator_c.dir/rosidl_generator_c/mecheye_ros_interface/srv/detail/get_range_parameter__description.c.o.d -o CMakeFiles/mecheye_ros_interface__rosidl_generator_c.dir/rosidl_generator_c/mecheye_ros_interface/srv/detail/get_range_parameter__description.c.o -c /home/inauenma/git/mecheye_ros2_interface/build/mecheye_ros_interface/rosidl_generator_c/mecheye_ros_interface/srv/detail/get_range_parameter__description.c
[ 18%] Building C object CMakeFiles/mecheye_ros_interface__rosidl_generator_c.dir/rosidl_generator_c/mecheye_ros_interface/srv/detail/set_range_parameter__functions.c.o
/usr/bin/cc -DROSIDL_GENERATOR_C_BUILDING_DLL_mecheye_ros_interface -DROS_PACKAGE_NAME=\"mecheye_ros_interface\" -I/usr/include/eigen3 -I/home/inauenma/git/mecheye_ros2_interface/build/mecheye_ros_interface/rosidl_generator_c -isystem /opt/ros/jazzy/include/std_msgs -isystem /opt/ros/jazzy/include/builtin_interfaces -isystem /opt/ros/jazzy/include/rosidl_runtime_c -isystem /opt/ros/jazzy/include/rcutils -isystem /opt/ros/jazzy/include/rosidl_typesupport_interface -isystem /opt/ros/jazzy/include/sensor_msgs -isystem /opt/ros/jazzy/include/geometry_msgs -isystem /opt/ros/jazzy/include/service_msgs -std=gnu11 -fPIC -Wall -MD -MT CMakeFiles/mecheye_ros_interface__rosidl_generator_c.dir/rosidl_generator_c/mecheye_ros_interface/srv/detail/set_range_parameter__functions.c.o -MF CMakeFiles/mecheye_ros_interface__rosidl_generator_c.dir/rosidl_generator_c/mecheye_ros_interface/srv/detail/set_range_parameter__functions.c.o.d -o CMakeFiles/mecheye_ros_interface__rosidl_generator_c.dir/rosidl_generator_c/mecheye_ros_interface/srv/detail/set_range_parameter__functions.c.o -c /home/inauenma/git/mecheye_ros2_interface/build/mecheye_ros_interface/rosidl_generator_c/mecheye_ros_interface/srv/detail/set_range_parameter__functions.c
[ 18%] Building C object CMakeFiles/mecheye_ros_interface__rosidl_generator_c.dir/rosidl_generator_c/mecheye_ros_interface/srv/detail/set_range_parameter__type_support.c.o
/usr/bin/cc -DROSIDL_GENERATOR_C_BUILDING_DLL_mecheye_ros_interface -DROS_PACKAGE_NAME=\"mecheye_ros_interface\" -I/usr/include/eigen3 -I/home/inauenma/git/mecheye_ros2_interface/build/mecheye_ros_interface/rosidl_generator_c -isystem /opt/ros/jazzy/include/std_msgs -isystem /opt/ros/jazzy/include/builtin_interfaces -isystem /opt/ros/jazzy/include/rosidl_runtime_c -isystem /opt/ros/jazzy/include/rcutils -isystem /opt/ros/jazzy/include/rosidl_typesupport_interface -isystem /opt/ros/jazzy/include/sensor_msgs -isystem /opt/ros/jazzy/include/geometry_msgs -isystem /opt/ros/jazzy/include/service_msgs -std=gnu11 -fPIC -Wall -MD -MT CMakeFiles/mecheye_ros_interface__rosidl_generator_c.dir/rosidl_generator_c/mecheye_ros_interface/srv/detail/set_range_parameter__type_support.c.o -MF CMakeFiles/mecheye_ros_interface__rosidl_generator_c.dir/rosidl_generator_c/mecheye_ros_interface/srv/detail/set_range_parameter__type_support.c.o.d -o CMakeFiles/mecheye_ros_interface__rosidl_generator_c.dir/rosidl_generator_c/mecheye_ros_interface/srv/detail/set_range_parameter__type_support.c.o -c /home/inauenma/git/mecheye_ros2_interface/build/mecheye_ros_interface/rosidl_generator_c/mecheye_ros_interface/srv/detail/set_range_parameter__type_support.c
[ 18%] Building C object CMakeFiles/mecheye_ros_interface__rosidl_generator_c.dir/rosidl_generator_c/mecheye_ros_interface/srv/detail/get_range_parameter__functions.c.o
/usr/bin/cc -DROSIDL_GENERATOR_C_BUILDING_DLL_mecheye_ros_interface -DROS_PACKAGE_NAME=\"mecheye_ros_interface\" -I/usr/include/eigen3 -I/home/inauenma/git/mecheye_ros2_interface/build/mecheye_ros_interface/rosidl_generator_c -isystem /opt/ros/jazzy/include/std_msgs -isystem /opt/ros/jazzy/include/builtin_interfaces -isystem /opt/ros/jazzy/include/rosidl_runtime_c -isystem /opt/ros/jazzy/include/rcutils -isystem /opt/ros/jazzy/include/rosidl_typesupport_interface -isystem /opt/ros/jazzy/include/sensor_msgs -isystem /opt/ros/jazzy/include/geometry_msgs -isystem /opt/ros/jazzy/include/service_msgs -std=gnu11 -fPIC -Wall -MD -MT CMakeFiles/mecheye_ros_interface__rosidl_generator_c.dir/rosidl_generator_c/mecheye_ros_interface/srv/detail/get_range_parameter__functions.c.o -MF CMakeFiles/mecheye_ros_interface__rosidl_generator_c.dir/rosidl_generator_c/mecheye_ros_interface/srv/detail/get_range_parameter__functions.c.o.d -o CMakeFiles/mecheye_ros_interface__rosidl_generator_c.dir/rosidl_generator_c/mecheye_ros_interface/srv/detail/get_range_parameter__functions.c.o -c /home/inauenma/git/mecheye_ros2_interface/build/mecheye_ros_interface/rosidl_generator_c/mecheye_ros_interface/srv/detail/get_range_parameter__functions.c
[ 18%] Building C object CMakeFiles/mecheye_ros_interface__rosidl_generator_c.dir/rosidl_generator_c/mecheye_ros_interface/srv/detail/get_range_parameter__type_support.c.o
/usr/bin/cc -DROSIDL_GENERATOR_C_BUILDING_DLL_mecheye_ros_interface -DROS_PACKAGE_NAME=\"mecheye_ros_interface\" -I/usr/include/eigen3 -I/home/inauenma/git/mecheye_ros2_interface/build/mecheye_ros_interface/rosidl_generator_c -isystem /opt/ros/jazzy/include/std_msgs -isystem /opt/ros/jazzy/include/builtin_interfaces -isystem /opt/ros/jazzy/include/rosidl_runtime_c -isystem /opt/ros/jazzy/include/rcutils -isystem /opt/ros/jazzy/include/rosidl_typesupport_interface -isystem /opt/ros/jazzy/include/sensor_msgs -isystem /opt/ros/jazzy/include/geometry_msgs -isystem /opt/ros/jazzy/include/service_msgs -std=gnu11 -fPIC -Wall -MD -MT CMakeFiles/mecheye_ros_interface__rosidl_generator_c.dir/rosidl_generator_c/mecheye_ros_interface/srv/detail/get_range_parameter__type_support.c.o -MF CMakeFiles/mecheye_ros_interface__rosidl_generator_c.dir/rosidl_generator_c/mecheye_ros_interface/srv/detail/get_range_parameter__type_support.c.o.d -o CMakeFiles/mecheye_ros_interface__rosidl_generator_c.dir/rosidl_generator_c/mecheye_ros_interface/srv/detail/get_range_parameter__type_support.c.o -c /home/inauenma/git/mecheye_ros2_interface/build/mecheye_ros_interface/rosidl_generator_c/mecheye_ros_interface/srv/detail/get_range_parameter__type_support.c
[ 18%] Building C object CMakeFiles/mecheye_ros_interface__rosidl_generator_c.dir/rosidl_generator_c/mecheye_ros_interface/srv/detail/set_bool_parameter__functions.c.o
[ 18%] Building C object CMakeFiles/mecheye_ros_interface__rosidl_generator_c.dir/rosidl_generator_c/mecheye_ros_interface/srv/detail/set_bool_parameter__type_support.c.o
/usr/bin/cc -DROSIDL_GENERATOR_C_BUILDING_DLL_mecheye_ros_interface -DROS_PACKAGE_NAME=\"mecheye_ros_interface\" -I/usr/include/eigen3 -I/home/inauenma/git/mecheye_ros2_interface/build/mecheye_ros_interface/rosidl_generator_c -isystem /opt/ros/jazzy/include/std_msgs -isystem /opt/ros/jazzy/include/builtin_interfaces -isystem /opt/ros/jazzy/include/rosidl_runtime_c -isystem /opt/ros/jazzy/include/rcutils -isystem /opt/ros/jazzy/include/rosidl_typesupport_interface -isystem /opt/ros/jazzy/include/sensor_msgs -isystem /opt/ros/jazzy/include/geometry_msgs -isystem /opt/ros/jazzy/include/service_msgs -std=gnu11 -fPIC -Wall -MD -MT CMakeFiles/mecheye_ros_interface__rosidl_generator_c.dir/rosidl_generator_c/mecheye_ros_interface/srv/detail/set_bool_parameter__functions.c.o -MF CMakeFiles/mecheye_ros_interface__rosidl_generator_c.dir/rosidl_generator_c/mecheye_ros_interface/srv/detail/set_bool_parameter__functions.c.o.d -o CMakeFiles/mecheye_ros_interface__rosidl_generator_c.dir/rosidl_generator_c/mecheye_ros_interface/srv/detail/set_bool_parameter__functions.c.o -c /home/inauenma/git/mecheye_ros2_interface/build/mecheye_ros_interface/rosidl_generator_c/mecheye_ros_interface/srv/detail/set_bool_parameter__functions.c
/usr/bin/cc -DROSIDL_GENERATOR_C_BUILDING_DLL_mecheye_ros_interface -DROS_PACKAGE_NAME=\"mecheye_ros_interface\" -I/usr/include/eigen3 -I/home/inauenma/git/mecheye_ros2_interface/build/mecheye_ros_interface/rosidl_generator_c -isystem /opt/ros/jazzy/include/std_msgs -isystem /opt/ros/jazzy/include/builtin_interfaces -isystem /opt/ros/jazzy/include/rosidl_runtime_c -isystem /opt/ros/jazzy/include/rcutils -isystem /opt/ros/jazzy/include/rosidl_typesupport_interface -isystem /opt/ros/jazzy/include/sensor_msgs -isystem /opt/ros/jazzy/include/geometry_msgs -isystem /opt/ros/jazzy/include/service_msgs -std=gnu11 -fPIC -Wall -MD -MT CMakeFiles/mecheye_ros_interface__rosidl_generator_c.dir/rosidl_generator_c/mecheye_ros_interface/srv/detail/set_bool_parameter__type_support.c.o -MF CMakeFiles/mecheye_ros_interface__rosidl_generator_c.dir/rosidl_generator_c/mecheye_ros_interface/srv/detail/set_bool_parameter__type_support.c.o.d -o CMakeFiles/mecheye_ros_interface__rosidl_generator_c.dir/rosidl_generator_c/mecheye_ros_interface/srv/detail/set_bool_parameter__type_support.c.o -c /home/inauenma/git/mecheye_ros2_interface/build/mecheye_ros_interface/rosidl_generator_c/mecheye_ros_interface/srv/detail/set_bool_parameter__type_support.c
[ 19%] Building C object CMakeFiles/mecheye_ros_interface__rosidl_generator_c.dir/rosidl_generator_c/mecheye_ros_interface/srv/detail/set_bool_parameter__description.c.o
/usr/bin/cc -DROSIDL_GENERATOR_C_BUILDING_DLL_mecheye_ros_interface -DROS_PACKAGE_NAME=\"mecheye_ros_interface\" -I/usr/include/eigen3 -I/home/inauenma/git/mecheye_ros2_interface/build/mecheye_ros_interface/rosidl_generator_c -isystem /opt/ros/jazzy/include/std_msgs -isystem /opt/ros/jazzy/include/builtin_interfaces -isystem /opt/ros/jazzy/include/rosidl_runtime_c -isystem /opt/ros/jazzy/include/rcutils -isystem /opt/ros/jazzy/include/rosidl_typesupport_interface -isystem /opt/ros/jazzy/include/sensor_msgs -isystem /opt/ros/jazzy/include/geometry_msgs -isystem /opt/ros/jazzy/include/service_msgs -std=gnu11 -fPIC -Wall -MD -MT CMakeFiles/mecheye_ros_interface__rosidl_generator_c.dir/rosidl_generator_c/mecheye_ros_interface/srv/detail/set_bool_parameter__description.c.o -MF CMakeFiles/mecheye_ros_interface__rosidl_generator_c.dir/rosidl_generator_c/mecheye_ros_interface/srv/detail/set_bool_parameter__description.c.o.d -o CMakeFiles/mecheye_ros_interface__rosidl_generator_c.dir/rosidl_generator_c/mecheye_ros_interface/srv/detail/set_bool_parameter__description.c.o -c /home/inauenma/git/mecheye_ros2_interface/build/mecheye_ros_interface/rosidl_generator_c/mecheye_ros_interface/srv/detail/set_bool_parameter__description.c
[ 20%] Building C object CMakeFiles/mecheye_ros_interface__rosidl_generator_c.dir/rosidl_generator_c/mecheye_ros_interface/srv/detail/get_bool_parameter__description.c.o
/usr/bin/cc -DROSIDL_GENERATOR_C_BUILDING_DLL_mecheye_ros_interface -DROS_PACKAGE_NAME=\"mecheye_ros_interface\" -I/usr/include/eigen3 -I/home/inauenma/git/mecheye_ros2_interface/build/mecheye_ros_interface/rosidl_generator_c -isystem /opt/ros/jazzy/include/std_msgs -isystem /opt/ros/jazzy/include/builtin_interfaces -isystem /opt/ros/jazzy/include/rosidl_runtime_c -isystem /opt/ros/jazzy/include/rcutils -isystem /opt/ros/jazzy/include/rosidl_typesupport_interface -isystem /opt/ros/jazzy/include/sensor_msgs -isystem /opt/ros/jazzy/include/geometry_msgs -isystem /opt/ros/jazzy/include/service_msgs -std=gnu11 -fPIC -Wall -MD -MT CMakeFiles/mecheye_ros_interface__rosidl_generator_c.dir/rosidl_generator_c/mecheye_ros_interface/srv/detail/get_bool_parameter__description.c.o -MF CMakeFiles/mecheye_ros_interface__rosidl_generator_c.dir/rosidl_generator_c/mecheye_ros_interface/srv/detail/get_bool_parameter__description.c.o.d -o CMakeFiles/mecheye_ros_interface__rosidl_generator_c.dir/rosidl_generator_c/mecheye_ros_interface/srv/detail/get_bool_parameter__description.c.o -c /home/inauenma/git/mecheye_ros2_interface/build/mecheye_ros_interface/rosidl_generator_c/mecheye_ros_interface/srv/detail/get_bool_parameter__description.c
[ 20%] Building C object CMakeFiles/mecheye_ros_interface__rosidl_generator_c.dir/rosidl_generator_c/mecheye_ros_interface/srv/detail/get_bool_parameter__type_support.c.o
[ 20%] Building C object CMakeFiles/mecheye_ros_interface__rosidl_generator_c.dir/rosidl_generator_c/mecheye_ros_interface/srv/detail/get_bool_parameter__functions.c.o
/usr/bin/cc -DROSIDL_GENERATOR_C_BUILDING_DLL_mecheye_ros_interface -DROS_PACKAGE_NAME=\"mecheye_ros_interface\" -I/usr/include/eigen3 -I/home/inauenma/git/mecheye_ros2_interface/build/mecheye_ros_interface/rosidl_generator_c -isystem /opt/ros/jazzy/include/std_msgs -isystem /opt/ros/jazzy/include/builtin_interfaces -isystem /opt/ros/jazzy/include/rosidl_runtime_c -isystem /opt/ros/jazzy/include/rcutils -isystem /opt/ros/jazzy/include/rosidl_typesupport_interface -isystem /opt/ros/jazzy/include/sensor_msgs -isystem /opt/ros/jazzy/include/geometry_msgs -isystem /opt/ros/jazzy/include/service_msgs -std=gnu11 -fPIC -Wall -MD -MT CMakeFiles/mecheye_ros_interface__rosidl_generator_c.dir/rosidl_generator_c/mecheye_ros_interface/srv/detail/get_bool_parameter__type_support.c.o -MF CMakeFiles/mecheye_ros_interface__rosidl_generator_c.dir/rosidl_generator_c/mecheye_ros_interface/srv/detail/get_bool_parameter__type_support.c.o.d -o CMakeFiles/mecheye_ros_interface__rosidl_generator_c.dir/rosidl_generator_c/mecheye_ros_interface/srv/detail/get_bool_parameter__type_support.c.o -c /home/inauenma/git/mecheye_ros2_interface/build/mecheye_ros_interface/rosidl_generator_c/mecheye_ros_interface/srv/detail/get_bool_parameter__type_support.c
/usr/bin/cc -DROSIDL_GENERATOR_C_BUILDING_DLL_mecheye_ros_interface -DROS_PACKAGE_NAME=\"mecheye_ros_interface\" -I/usr/include/eigen3 -I/home/inauenma/git/mecheye_ros2_interface/build/mecheye_ros_interface/rosidl_generator_c -isystem /opt/ros/jazzy/include/std_msgs -isystem /opt/ros/jazzy/include/builtin_interfaces -isystem /opt/ros/jazzy/include/rosidl_runtime_c -isystem /opt/ros/jazzy/include/rcutils -isystem /opt/ros/jazzy/include/rosidl_typesupport_interface -isystem /opt/ros/jazzy/include/sensor_msgs -isystem /opt/ros/jazzy/include/geometry_msgs -isystem /opt/ros/jazzy/include/service_msgs -std=gnu11 -fPIC -Wall -MD -MT CMakeFiles/mecheye_ros_interface__rosidl_generator_c.dir/rosidl_generator_c/mecheye_ros_interface/srv/detail/get_bool_parameter__functions.c.o -MF CMakeFiles/mecheye_ros_interface__rosidl_generator_c.dir/rosidl_generator_c/mecheye_ros_interface/srv/detail/get_bool_parameter__functions.c.o.d -o CMakeFiles/mecheye_ros_interface__rosidl_generator_c.dir/rosidl_generator_c/mecheye_ros_interface/srv/detail/get_bool_parameter__functions.c.o -c /home/inauenma/git/mecheye_ros2_interface/build/mecheye_ros_interface/rosidl_generator_c/mecheye_ros_interface/srv/detail/get_bool_parameter__functions.c
[ 21%] Building C object CMakeFiles/mecheye_ros_interface__rosidl_generator_c.dir/rosidl_generator_c/mecheye_ros_interface/srv/detail/set_enum_parameter__description.c.o
/usr/bin/cc -DROSIDL_GENERATOR_C_BUILDING_DLL_mecheye_ros_interface -DROS_PACKAGE_NAME=\"mecheye_ros_interface\" -I/usr/include/eigen3 -I/home/inauenma/git/mecheye_ros2_interface/build/mecheye_ros_interface/rosidl_generator_c -isystem /opt/ros/jazzy/include/std_msgs -isystem /opt/ros/jazzy/include/builtin_interfaces -isystem /opt/ros/jazzy/include/rosidl_runtime_c -isystem /opt/ros/jazzy/include/rcutils -isystem /opt/ros/jazzy/include/rosidl_typesupport_interface -isystem /opt/ros/jazzy/include/sensor_msgs -isystem /opt/ros/jazzy/include/geometry_msgs -isystem /opt/ros/jazzy/include/service_msgs -std=gnu11 -fPIC -Wall -MD -MT CMakeFiles/mecheye_ros_interface__rosidl_generator_c.dir/rosidl_generator_c/mecheye_ros_interface/srv/detail/set_enum_parameter__description.c.o -MF CMakeFiles/mecheye_ros_interface__rosidl_generator_c.dir/rosidl_generator_c/mecheye_ros_interface/srv/detail/set_enum_parameter__description.c.o.d -o CMakeFiles/mecheye_ros_interface__rosidl_generator_c.dir/rosidl_generator_c/mecheye_ros_interface/srv/detail/set_enum_parameter__description.c.o -c /home/inauenma/git/mecheye_ros2_interface/build/mecheye_ros_interface/rosidl_generator_c/mecheye_ros_interface/srv/detail/set_enum_parameter__description.c
[ 22%] Building C object CMakeFiles/mecheye_ros_interface__rosidl_generator_c.dir/rosidl_generator_c/mecheye_ros_interface/srv/detail/get_enum_parameter__description.c.o
[ 22%] Building C object CMakeFiles/mecheye_ros_interface__rosidl_generator_c.dir/rosidl_generator_c/mecheye_ros_interface/srv/detail/set_enum_parameter__functions.c.o
/usr/bin/cc -DROSIDL_GENERATOR_C_BUILDING_DLL_mecheye_ros_interface -DROS_PACKAGE_NAME=\"mecheye_ros_interface\" -I/usr/include/eigen3 -I/home/inauenma/git/mecheye_ros2_interface/build/mecheye_ros_interface/rosidl_generator_c -isystem /opt/ros/jazzy/include/std_msgs -isystem /opt/ros/jazzy/include/builtin_interfaces -isystem /opt/ros/jazzy/include/rosidl_runtime_c -isystem /opt/ros/jazzy/include/rcutils -isystem /opt/ros/jazzy/include/rosidl_typesupport_interface -isystem /opt/ros/jazzy/include/sensor_msgs -isystem /opt/ros/jazzy/include/geometry_msgs -isystem /opt/ros/jazzy/include/service_msgs -std=gnu11 -fPIC -Wall -MD -MT CMakeFiles/mecheye_ros_interface__rosidl_generator_c.dir/rosidl_generator_c/mecheye_ros_interface/srv/detail/get_enum_parameter__description.c.o -MF CMakeFiles/mecheye_ros_interface__rosidl_generator_c.dir/rosidl_generator_c/mecheye_ros_interface/srv/detail/get_enum_parameter__description.c.o.d -o CMakeFiles/mecheye_ros_interface__rosidl_generator_c.dir/rosidl_generator_c/mecheye_ros_interface/srv/detail/get_enum_parameter__description.c.o -c /home/inauenma/git/mecheye_ros2_interface/build/mecheye_ros_interface/rosidl_generator_c/mecheye_ros_interface/srv/detail/get_enum_parameter__description.c
/usr/bin/cc -DROSIDL_GENERATOR_C_BUILDING_DLL_mecheye_ros_interface -DROS_PACKAGE_NAME=\"mecheye_ros_interface\" -I/usr/include/eigen3 -I/home/inauenma/git/mecheye_ros2_interface/build/mecheye_ros_interface/rosidl_generator_c -isystem /opt/ros/jazzy/include/std_msgs -isystem /opt/ros/jazzy/include/builtin_interfaces -isystem /opt/ros/jazzy/include/rosidl_runtime_c -isystem /opt/ros/jazzy/include/rcutils -isystem /opt/ros/jazzy/include/rosidl_typesupport_interface -isystem /opt/ros/jazzy/include/sensor_msgs -isystem /opt/ros/jazzy/include/geometry_msgs -isystem /opt/ros/jazzy/include/service_msgs -std=gnu11 -fPIC -Wall -MD -MT CMakeFiles/mecheye_ros_interface__rosidl_generator_c.dir/rosidl_generator_c/mecheye_ros_interface/srv/detail/set_enum_parameter__functions.c.o -MF CMakeFiles/mecheye_ros_interface__rosidl_generator_c.dir/rosidl_generator_c/mecheye_ros_interface/srv/detail/set_enum_parameter__functions.c.o.d -o CMakeFiles/mecheye_ros_interface__rosidl_generator_c.dir/rosidl_generator_c/mecheye_ros_interface/srv/detail/set_enum_parameter__functions.c.o -c /home/inauenma/git/mecheye_ros2_interface/build/mecheye_ros_interface/rosidl_generator_c/mecheye_ros_interface/srv/detail/set_enum_parameter__functions.c
[ 22%] Building C object CMakeFiles/mecheye_ros_interface__rosidl_generator_c.dir/rosidl_generator_c/mecheye_ros_interface/srv/detail/set_enum_parameter__type_support.c.o
[ 22%] Building C object CMakeFiles/mecheye_ros_interface__rosidl_generator_c.dir/rosidl_generator_c/mecheye_ros_interface/srv/detail/get_enum_parameter__functions.c.o
/usr/bin/cc -DROSIDL_GENERATOR_C_BUILDING_DLL_mecheye_ros_interface -DROS_PACKAGE_NAME=\"mecheye_ros_interface\" -I/usr/include/eigen3 -I/home/inauenma/git/mecheye_ros2_interface/build/mecheye_ros_interface/rosidl_generator_c -isystem /opt/ros/jazzy/include/std_msgs -isystem /opt/ros/jazzy/include/builtin_interfaces -isystem /opt/ros/jazzy/include/rosidl_runtime_c -isystem /opt/ros/jazzy/include/rcutils -isystem /opt/ros/jazzy/include/rosidl_typesupport_interface -isystem /opt/ros/jazzy/include/sensor_msgs -isystem /opt/ros/jazzy/include/geometry_msgs -isystem /opt/ros/jazzy/include/service_msgs -std=gnu11 -fPIC -Wall -MD -MT CMakeFiles/mecheye_ros_interface__rosidl_generator_c.dir/rosidl_generator_c/mecheye_ros_interface/srv/detail/set_enum_parameter__type_support.c.o -MF CMakeFiles/mecheye_ros_interface__rosidl_generator_c.dir/rosidl_generator_c/mecheye_ros_interface/srv/detail/set_enum_parameter__type_support.c.o.d -o CMakeFiles/mecheye_ros_interface__rosidl_generator_c.dir/rosidl_generator_c/mecheye_ros_interface/srv/detail/set_enum_parameter__type_support.c.o -c /home/inauenma/git/mecheye_ros2_interface/build/mecheye_ros_interface/rosidl_generator_c/mecheye_ros_interface/srv/detail/set_enum_parameter__type_support.c
/usr/bin/cc -DROSIDL_GENERATOR_C_BUILDING_DLL_mecheye_ros_interface -DROS_PACKAGE_NAME=\"mecheye_ros_interface\" -I/usr/include/eigen3 -I/home/inauenma/git/mecheye_ros2_interface/build/mecheye_ros_interface/rosidl_generator_c -isystem /opt/ros/jazzy/include/std_msgs -isystem /opt/ros/jazzy/include/builtin_interfaces -isystem /opt/ros/jazzy/include/rosidl_runtime_c -isystem /opt/ros/jazzy/include/rcutils -isystem /opt/ros/jazzy/include/rosidl_typesupport_interface -isystem /opt/ros/jazzy/include/sensor_msgs -isystem /opt/ros/jazzy/include/geometry_msgs -isystem /opt/ros/jazzy/include/service_msgs -std=gnu11 -fPIC -Wall -MD -MT CMakeFiles/mecheye_ros_interface__rosidl_generator_c.dir/rosidl_generator_c/mecheye_ros_interface/srv/detail/get_enum_parameter__functions.c.o -MF CMakeFiles/mecheye_ros_interface__rosidl_generator_c.dir/rosidl_generator_c/mecheye_ros_interface/srv/detail/get_enum_parameter__functions.c.o.d -o CMakeFiles/mecheye_ros_interface__rosidl_generator_c.dir/rosidl_generator_c/mecheye_ros_interface/srv/detail/get_enum_parameter__functions.c.o -c /home/inauenma/git/mecheye_ros2_interface/build/mecheye_ros_interface/rosidl_generator_c/mecheye_ros_interface/srv/detail/get_enum_parameter__functions.c
[ 22%] Building C object CMakeFiles/mecheye_ros_interface__rosidl_generator_c.dir/rosidl_generator_c/mecheye_ros_interface/srv/detail/get_enum_parameter__type_support.c.o
/usr/bin/cc -DROSIDL_GENERATOR_C_BUILDING_DLL_mecheye_ros_interface -DROS_PACKAGE_NAME=\"mecheye_ros_interface\" -I/usr/include/eigen3 -I/home/inauenma/git/mecheye_ros2_interface/build/mecheye_ros_interface/rosidl_generator_c -isystem /opt/ros/jazzy/include/std_msgs -isystem /opt/ros/jazzy/include/builtin_interfaces -isystem /opt/ros/jazzy/include/rosidl_runtime_c -isystem /opt/ros/jazzy/include/rcutils -isystem /opt/ros/jazzy/include/rosidl_typesupport_interface -isystem /opt/ros/jazzy/include/sensor_msgs -isystem /opt/ros/jazzy/include/geometry_msgs -isystem /opt/ros/jazzy/include/service_msgs -std=gnu11 -fPIC -Wall -MD -MT CMakeFiles/mecheye_ros_interface__rosidl_generator_c.dir/rosidl_generator_c/mecheye_ros_interface/srv/detail/get_enum_parameter__type_support.c.o -MF CMakeFiles/mecheye_ros_interface__rosidl_generator_c.dir/rosidl_generator_c/mecheye_ros_interface/srv/detail/get_enum_parameter__type_support.c.o.d -o CMakeFiles/mecheye_ros_interface__rosidl_generator_c.dir/rosidl_generator_c/mecheye_ros_interface/srv/detail/get_enum_parameter__type_support.c.o -c /home/inauenma/git/mecheye_ros2_interface/build/mecheye_ros_interface/rosidl_generator_c/mecheye_ros_interface/srv/detail/get_enum_parameter__type_support.c
[ 23%] Building C object CMakeFiles/mecheye_ros_interface__rosidl_generator_c.dir/rosidl_generator_c/mecheye_ros_interface/srv/detail/set_float_parameter__description.c.o
/usr/bin/cc -DROSIDL_GENERATOR_C_BUILDING_DLL_mecheye_ros_interface -DROS_PACKAGE_NAME=\"mecheye_ros_interface\" -I/usr/include/eigen3 -I/home/inauenma/git/mecheye_ros2_interface/build/mecheye_ros_interface/rosidl_generator_c -isystem /opt/ros/jazzy/include/std_msgs -isystem /opt/ros/jazzy/include/builtin_interfaces -isystem /opt/ros/jazzy/include/rosidl_runtime_c -isystem /opt/ros/jazzy/include/rcutils -isystem /opt/ros/jazzy/include/rosidl_typesupport_interface -isystem /opt/ros/jazzy/include/sensor_msgs -isystem /opt/ros/jazzy/include/geometry_msgs -isystem /opt/ros/jazzy/include/service_msgs -std=gnu11 -fPIC -Wall -MD -MT CMakeFiles/mecheye_ros_interface__rosidl_generator_c.dir/rosidl_generator_c/mecheye_ros_interface/srv/detail/set_float_parameter__description.c.o -MF CMakeFiles/mecheye_ros_interface__rosidl_generator_c.dir/rosidl_generator_c/mecheye_ros_interface/srv/detail/set_float_parameter__description.c.o.d -o CMakeFiles/mecheye_ros_interface__rosidl_generator_c.dir/rosidl_generator_c/mecheye_ros_interface/srv/detail/set_float_parameter__description.c.o -c /home/inauenma/git/mecheye_ros2_interface/build/mecheye_ros_interface/rosidl_generator_c/mecheye_ros_interface/srv/detail/set_float_parameter__description.c
[ 23%] Building C object CMakeFiles/mecheye_ros_interface__rosidl_generator_c.dir/rosidl_generator_c/mecheye_ros_interface/srv/detail/set_float_parameter__functions.c.o
/usr/bin/cc -DROSIDL_GENERATOR_C_BUILDING_DLL_mecheye_ros_interface -DROS_PACKAGE_NAME=\"mecheye_ros_interface\" -I/usr/include/eigen3 -I/home/inauenma/git/mecheye_ros2_interface/build/mecheye_ros_interface/rosidl_generator_c -isystem /opt/ros/jazzy/include/std_msgs -isystem /opt/ros/jazzy/include/builtin_interfaces -isystem /opt/ros/jazzy/include/rosidl_runtime_c -isystem /opt/ros/jazzy/include/rcutils -isystem /opt/ros/jazzy/include/rosidl_typesupport_interface -isystem /opt/ros/jazzy/include/sensor_msgs -isystem /opt/ros/jazzy/include/geometry_msgs -isystem /opt/ros/jazzy/include/service_msgs -std=gnu11 -fPIC -Wall -MD -MT CMakeFiles/mecheye_ros_interface__rosidl_generator_c.dir/rosidl_generator_c/mecheye_ros_interface/srv/detail/set_float_parameter__functions.c.o -MF CMakeFiles/mecheye_ros_interface__rosidl_generator_c.dir/rosidl_generator_c/mecheye_ros_interface/srv/detail/set_float_parameter__functions.c.o.d -o CMakeFiles/mecheye_ros_interface__rosidl_generator_c.dir/rosidl_generator_c/mecheye_ros_interface/srv/detail/set_float_parameter__functions.c.o -c /home/inauenma/git/mecheye_ros2_interface/build/mecheye_ros_interface/rosidl_generator_c/mecheye_ros_interface/srv/detail/set_float_parameter__functions.c
[ 23%] Building C object CMakeFiles/mecheye_ros_interface__rosidl_generator_c.dir/rosidl_generator_c/mecheye_ros_interface/srv/detail/set_float_parameter__type_support.c.o
/usr/bin/cc -DROSIDL_GENERATOR_C_BUILDING_DLL_mecheye_ros_interface -DROS_PACKAGE_NAME=\"mecheye_ros_interface\" -I/usr/include/eigen3 -I/home/inauenma/git/mecheye_ros2_interface/build/mecheye_ros_interface/rosidl_generator_c -isystem /opt/ros/jazzy/include/std_msgs -isystem /opt/ros/jazzy/include/builtin_interfaces -isystem /opt/ros/jazzy/include/rosidl_runtime_c -isystem /opt/ros/jazzy/include/rcutils -isystem /opt/ros/jazzy/include/rosidl_typesupport_interface -isystem /opt/ros/jazzy/include/sensor_msgs -isystem /opt/ros/jazzy/include/geometry_msgs -isystem /opt/ros/jazzy/include/service_msgs -std=gnu11 -fPIC -Wall -MD -MT CMakeFiles/mecheye_ros_interface__rosidl_generator_c.dir/rosidl_generator_c/mecheye_ros_interface/srv/detail/set_float_parameter__type_support.c.o -MF CMakeFiles/mecheye_ros_interface__rosidl_generator_c.dir/rosidl_generator_c/mecheye_ros_interface/srv/detail/set_float_parameter__type_support.c.o.d -o CMakeFiles/mecheye_ros_interface__rosidl_generator_c.dir/rosidl_generator_c/mecheye_ros_interface/srv/detail/set_float_parameter__type_support.c.o -c /home/inauenma/git/mecheye_ros2_interface/build/mecheye_ros_interface/rosidl_generator_c/mecheye_ros_interface/srv/detail/set_float_parameter__type_support.c
[ 24%] Building C object CMakeFiles/mecheye_ros_interface__rosidl_generator_c.dir/rosidl_generator_c/mecheye_ros_interface/srv/detail/get_float_parameter__description.c.o
/usr/bin/cc -DROSIDL_GENERATOR_C_BUILDING_DLL_mecheye_ros_interface -DROS_PACKAGE_NAME=\"mecheye_ros_interface\" -I/usr/include/eigen3 -I/home/inauenma/git/mecheye_ros2_interface/build/mecheye_ros_interface/rosidl_generator_c -isystem /opt/ros/jazzy/include/std_msgs -isystem /opt/ros/jazzy/include/builtin_interfaces -isystem /opt/ros/jazzy/include/rosidl_runtime_c -isystem /opt/ros/jazzy/include/rcutils -isystem /opt/ros/jazzy/include/rosidl_typesupport_interface -isystem /opt/ros/jazzy/include/sensor_msgs -isystem /opt/ros/jazzy/include/geometry_msgs -isystem /opt/ros/jazzy/include/service_msgs -std=gnu11 -fPIC -Wall -MD -MT CMakeFiles/mecheye_ros_interface__rosidl_generator_c.dir/rosidl_generator_c/mecheye_ros_interface/srv/detail/get_float_parameter__description.c.o -MF CMakeFiles/mecheye_ros_interface__rosidl_generator_c.dir/rosidl_generator_c/mecheye_ros_interface/srv/detail/get_float_parameter__description.c.o.d -o CMakeFiles/mecheye_ros_interface__rosidl_generator_c.dir/rosidl_generator_c/mecheye_ros_interface/srv/detail/get_float_parameter__description.c.o -c /home/inauenma/git/mecheye_ros2_interface/build/mecheye_ros_interface/rosidl_generator_c/mecheye_ros_interface/srv/detail/get_float_parameter__description.c
[ 25%] Building C object CMakeFiles/mecheye_ros_interface__rosidl_generator_c.dir/rosidl_generator_c/mecheye_ros_interface/srv/detail/get_float_parameter__type_support.c.o
/usr/bin/cc -DROSIDL_GENERATOR_C_BUILDING_DLL_mecheye_ros_interface -DROS_PACKAGE_NAME=\"mecheye_ros_interface\" -I/usr/include/eigen3 -I/home/inauenma/git/mecheye_ros2_interface/build/mecheye_ros_interface/rosidl_generator_c -isystem /opt/ros/jazzy/include/std_msgs -isystem /opt/ros/jazzy/include/builtin_interfaces -isystem /opt/ros/jazzy/include/rosidl_runtime_c -isystem /opt/ros/jazzy/include/rcutils -isystem /opt/ros/jazzy/include/rosidl_typesupport_interface -isystem /opt/ros/jazzy/include/sensor_msgs -isystem /opt/ros/jazzy/include/geometry_msgs -isystem /opt/ros/jazzy/include/service_msgs -std=gnu11 -fPIC -Wall -MD -MT CMakeFiles/mecheye_ros_interface__rosidl_generator_c.dir/rosidl_generator_c/mecheye_ros_interface/srv/detail/get_float_parameter__type_support.c.o -MF CMakeFiles/mecheye_ros_interface__rosidl_generator_c.dir/rosidl_generator_c/mecheye_ros_interface/srv/detail/get_float_parameter__type_support.c.o.d -o CMakeFiles/mecheye_ros_interface__rosidl_generator_c.dir/rosidl_generator_c/mecheye_ros_interface/srv/detail/get_float_parameter__type_support.c.o -c /home/inauenma/git/mecheye_ros2_interface/build/mecheye_ros_interface/rosidl_generator_c/mecheye_ros_interface/srv/detail/get_float_parameter__type_support.c
[ 25%] Building C object CMakeFiles/mecheye_ros_interface__rosidl_generator_c.dir/rosidl_generator_c/mecheye_ros_interface/srv/detail/set_float_array_parameter__description.c.o
[ 25%] Building C object CMakeFiles/mecheye_ros_interface__rosidl_generator_c.dir/rosidl_generator_c/mecheye_ros_interface/srv/detail/get_float_parameter__functions.c.o
[ 25%] Building C object CMakeFiles/mecheye_ros_interface__rosidl_generator_c.dir/rosidl_generator_c/mecheye_ros_interface/srv/detail/set_float_array_parameter__functions.c.o
/usr/bin/cc -DROSIDL_GENERATOR_C_BUILDING_DLL_mecheye_ros_interface -DROS_PACKAGE_NAME=\"mecheye_ros_interface\" -I/usr/include/eigen3 -I/home/inauenma/git/mecheye_ros2_interface/build/mecheye_ros_interface/rosidl_generator_c -isystem /opt/ros/jazzy/include/std_msgs -isystem /opt/ros/jazzy/include/builtin_interfaces -isystem /opt/ros/jazzy/include/rosidl_runtime_c -isystem /opt/ros/jazzy/include/rcutils -isystem /opt/ros/jazzy/include/rosidl_typesupport_interface -isystem /opt/ros/jazzy/include/sensor_msgs -isystem /opt/ros/jazzy/include/geometry_msgs -isystem /opt/ros/jazzy/include/service_msgs -std=gnu11 -fPIC -Wall -MD -MT CMakeFiles/mecheye_ros_interface__rosidl_generator_c.dir/rosidl_generator_c/mecheye_ros_interface/srv/detail/get_float_parameter__functions.c.o -MF CMakeFiles/mecheye_ros_interface__rosidl_generator_c.dir/rosidl_generator_c/mecheye_ros_interface/srv/detail/get_float_parameter__functions.c.o.d -o CMakeFiles/mecheye_ros_interface__rosidl_generator_c.dir/rosidl_generator_c/mecheye_ros_interface/srv/detail/get_float_parameter__functions.c.o -c /home/inauenma/git/mecheye_ros2_interface/build/mecheye_ros_interface/rosidl_generator_c/mecheye_ros_interface/srv/detail/get_float_parameter__functions.c
/usr/bin/cc -DROSIDL_GENERATOR_C_BUILDING_DLL_mecheye_ros_interface -DROS_PACKAGE_NAME=\"mecheye_ros_interface\" -I/usr/include/eigen3 -I/home/inauenma/git/mecheye_ros2_interface/build/mecheye_ros_interface/rosidl_generator_c -isystem /opt/ros/jazzy/include/std_msgs -isystem /opt/ros/jazzy/include/builtin_interfaces -isystem /opt/ros/jazzy/include/rosidl_runtime_c -isystem /opt/ros/jazzy/include/rcutils -isystem /opt/ros/jazzy/include/rosidl_typesupport_interface -isystem /opt/ros/jazzy/include/sensor_msgs -isystem /opt/ros/jazzy/include/geometry_msgs -isystem /opt/ros/jazzy/include/service_msgs -std=gnu11 -fPIC -Wall -MD -MT CMakeFiles/mecheye_ros_interface__rosidl_generator_c.dir/rosidl_generator_c/mecheye_ros_interface/srv/detail/set_float_array_parameter__description.c.o -MF CMakeFiles/mecheye_ros_interface__rosidl_generator_c.dir/rosidl_generator_c/mecheye_ros_interface/srv/detail/set_float_array_parameter__description.c.o.d -o CMakeFiles/mecheye_ros_interface__rosidl_generator_c.dir/rosidl_generator_c/mecheye_ros_interface/srv/detail/set_float_array_parameter__description.c.o -c /home/inauenma/git/mecheye_ros2_interface/build/mecheye_ros_interface/rosidl_generator_c/mecheye_ros_interface/srv/detail/set_float_array_parameter__description.c
/usr/bin/cc -DROSIDL_GENERATOR_C_BUILDING_DLL_mecheye_ros_interface -DROS_PACKAGE_NAME=\"mecheye_ros_interface\" -I/usr/include/eigen3 -I/home/inauenma/git/mecheye_ros2_interface/build/mecheye_ros_interface/rosidl_generator_c -isystem /opt/ros/jazzy/include/std_msgs -isystem /opt/ros/jazzy/include/builtin_interfaces -isystem /opt/ros/jazzy/include/rosidl_runtime_c -isystem /opt/ros/jazzy/include/rcutils -isystem /opt/ros/jazzy/include/rosidl_typesupport_interface -isystem /opt/ros/jazzy/include/sensor_msgs -isystem /opt/ros/jazzy/include/geometry_msgs -isystem /opt/ros/jazzy/include/service_msgs -std=gnu11 -fPIC -Wall -MD -MT CMakeFiles/mecheye_ros_interface__rosidl_generator_c.dir/rosidl_generator_c/mecheye_ros_interface/srv/detail/set_float_array_parameter__functions.c.o -MF CMakeFiles/mecheye_ros_interface__rosidl_generator_c.dir/rosidl_generator_c/mecheye_ros_interface/srv/detail/set_float_array_parameter__functions.c.o.d -o CMakeFiles/mecheye_ros_interface__rosidl_generator_c.dir/rosidl_generator_c/mecheye_ros_interface/srv/detail/set_float_array_parameter__functions.c.o -c /home/inauenma/git/mecheye_ros2_interface/build/mecheye_ros_interface/rosidl_generator_c/mecheye_ros_interface/srv/detail/set_float_array_parameter__functions.c
[ 26%] Building C object CMakeFiles/mecheye_ros_interface__rosidl_generator_c.dir/rosidl_generator_c/mecheye_ros_interface/srv/detail/set_float_array_parameter__type_support.c.o
[ 26%] Building C object CMakeFiles/mecheye_ros_interface__rosidl_generator_c.dir/rosidl_generator_c/mecheye_ros_interface/srv/detail/get_float_array_parameter__functions.c.o
/usr/bin/cc -DROSIDL_GENERATOR_C_BUILDING_DLL_mecheye_ros_interface -DROS_PACKAGE_NAME=\"mecheye_ros_interface\" -I/usr/include/eigen3 -I/home/inauenma/git/mecheye_ros2_interface/build/mecheye_ros_interface/rosidl_generator_c -isystem /opt/ros/jazzy/include/std_msgs -isystem /opt/ros/jazzy/include/builtin_interfaces -isystem /opt/ros/jazzy/include/rosidl_runtime_c -isystem /opt/ros/jazzy/include/rcutils -isystem /opt/ros/jazzy/include/rosidl_typesupport_interface -isystem /opt/ros/jazzy/include/sensor_msgs -isystem /opt/ros/jazzy/include/geometry_msgs -isystem /opt/ros/jazzy/include/service_msgs -std=gnu11 -fPIC -Wall -MD -MT CMakeFiles/mecheye_ros_interface__rosidl_generator_c.dir/rosidl_generator_c/mecheye_ros_interface/srv/detail/set_float_array_parameter__type_support.c.o -MF CMakeFiles/mecheye_ros_interface__rosidl_generator_c.dir/rosidl_generator_c/mecheye_ros_interface/srv/detail/set_float_array_parameter__type_support.c.o.d -o CMakeFiles/mecheye_ros_interface__rosidl_generator_c.dir/rosidl_generator_c/mecheye_ros_interface/srv/detail/set_float_array_parameter__type_support.c.o -c /home/inauenma/git/mecheye_ros2_interface/build/mecheye_ros_interface/rosidl_generator_c/mecheye_ros_interface/srv/detail/set_float_array_parameter__type_support.c
/usr/bin/cc -DROSIDL_GENERATOR_C_BUILDING_DLL_mecheye_ros_interface -DROS_PACKAGE_NAME=\"mecheye_ros_interface\" -I/usr/include/eigen3 -I/home/inauenma/git/mecheye_ros2_interface/build/mecheye_ros_interface/rosidl_generator_c -isystem /opt/ros/jazzy/include/std_msgs -isystem /opt/ros/jazzy/include/builtin_interfaces -isystem /opt/ros/jazzy/include/rosidl_runtime_c -isystem /opt/ros/jazzy/include/rcutils -isystem /opt/ros/jazzy/include/rosidl_typesupport_interface -isystem /opt/ros/jazzy/include/sensor_msgs -isystem /opt/ros/jazzy/include/geometry_msgs -isystem /opt/ros/jazzy/include/service_msgs -std=gnu11 -fPIC -Wall -MD -MT CMakeFiles/mecheye_ros_interface__rosidl_generator_c.dir/rosidl_generator_c/mecheye_ros_interface/srv/detail/get_float_array_parameter__functions.c.o -MF CMakeFiles/mecheye_ros_interface__rosidl_generator_c.dir/rosidl_generator_c/mecheye_ros_interface/srv/detail/get_float_array_parameter__functions.c.o.d -o CMakeFiles/mecheye_ros_interface__rosidl_generator_c.dir/rosidl_generator_c/mecheye_ros_interface/srv/detail/get_float_array_parameter__functions.c.o -c /home/inauenma/git/mecheye_ros2_interface/build/mecheye_ros_interface/rosidl_generator_c/mecheye_ros_interface/srv/detail/get_float_array_parameter__functions.c
[ 26%] Building C object CMakeFiles/mecheye_ros_interface__rosidl_generator_c.dir/rosidl_generator_c/mecheye_ros_interface/srv/detail/get_float_array_parameter__description.c.o
[ 26%] Building C object CMakeFiles/mecheye_ros_interface__rosidl_generator_c.dir/rosidl_generator_c/mecheye_ros_interface/srv/detail/set_roi_parameter__description.c.o
/usr/bin/cc -DROSIDL_GENERATOR_C_BUILDING_DLL_mecheye_ros_interface -DROS_PACKAGE_NAME=\"mecheye_ros_interface\" -I/usr/include/eigen3 -I/home/inauenma/git/mecheye_ros2_interface/build/mecheye_ros_interface/rosidl_generator_c -isystem /opt/ros/jazzy/include/std_msgs -isystem /opt/ros/jazzy/include/builtin_interfaces -isystem /opt/ros/jazzy/include/rosidl_runtime_c -isystem /opt/ros/jazzy/include/rcutils -isystem /opt/ros/jazzy/include/rosidl_typesupport_interface -isystem /opt/ros/jazzy/include/sensor_msgs -isystem /opt/ros/jazzy/include/geometry_msgs -isystem /opt/ros/jazzy/include/service_msgs -std=gnu11 -fPIC -Wall -MD -MT CMakeFiles/mecheye_ros_interface__rosidl_generator_c.dir/rosidl_generator_c/mecheye_ros_interface/srv/detail/get_float_array_parameter__description.c.o -MF CMakeFiles/mecheye_ros_interface__rosidl_generator_c.dir/rosidl_generator_c/mecheye_ros_interface/srv/detail/get_float_array_parameter__description.c.o.d -o CMakeFiles/mecheye_ros_interface__rosidl_generator_c.dir/rosidl_generator_c/mecheye_ros_interface/srv/detail/get_float_array_parameter__description.c.o -c /home/inauenma/git/mecheye_ros2_interface/build/mecheye_ros_interface/rosidl_generator_c/mecheye_ros_interface/srv/detail/get_float_array_parameter__description.c
[ 27%] Building C object CMakeFiles/mecheye_ros_interface__rosidl_generator_c.dir/rosidl_generator_c/mecheye_ros_interface/srv/detail/get_float_array_parameter__type_support.c.o
/usr/bin/cc -DROSIDL_GENERATOR_C_BUILDING_DLL_mecheye_ros_interface -DROS_PACKAGE_NAME=\"mecheye_ros_interface\" -I/usr/include/eigen3 -I/home/inauenma/git/mecheye_ros2_interface/build/mecheye_ros_interface/rosidl_generator_c -isystem /opt/ros/jazzy/include/std_msgs -isystem /opt/ros/jazzy/include/builtin_interfaces -isystem /opt/ros/jazzy/include/rosidl_runtime_c -isystem /opt/ros/jazzy/include/rcutils -isystem /opt/ros/jazzy/include/rosidl_typesupport_interface -isystem /opt/ros/jazzy/include/sensor_msgs -isystem /opt/ros/jazzy/include/geometry_msgs -isystem /opt/ros/jazzy/include/service_msgs -std=gnu11 -fPIC -Wall -MD -MT CMakeFiles/mecheye_ros_interface__rosidl_generator_c.dir/rosidl_generator_c/mecheye_ros_interface/srv/detail/get_float_array_parameter__type_support.c.o -MF CMakeFiles/mecheye_ros_interface__rosidl_generator_c.dir/rosidl_generator_c/mecheye_ros_interface/srv/detail/get_float_array_parameter__type_support.c.o.d -o CMakeFiles/mecheye_ros_interface__rosidl_generator_c.dir/rosidl_generator_c/mecheye_ros_interface/srv/detail/get_float_array_parameter__type_support.c.o -c /home/inauenma/git/mecheye_ros2_interface/build/mecheye_ros_interface/rosidl_generator_c/mecheye_ros_interface/srv/detail/get_float_array_parameter__type_support.c
/usr/bin/cc -DROSIDL_GENERATOR_C_BUILDING_DLL_mecheye_ros_interface -DROS_PACKAGE_NAME=\"mecheye_ros_interface\" -I/usr/include/eigen3 -I/home/inauenma/git/mecheye_ros2_interface/build/mecheye_ros_interface/rosidl_generator_c -isystem /opt/ros/jazzy/include/std_msgs -isystem /opt/ros/jazzy/include/builtin_interfaces -isystem /opt/ros/jazzy/include/rosidl_runtime_c -isystem /opt/ros/jazzy/include/rcutils -isystem /opt/ros/jazzy/include/rosidl_typesupport_interface -isystem /opt/ros/jazzy/include/sensor_msgs -isystem /opt/ros/jazzy/include/geometry_msgs -isystem /opt/ros/jazzy/include/service_msgs -std=gnu11 -fPIC -Wall -MD -MT CMakeFiles/mecheye_ros_interface__rosidl_generator_c.dir/rosidl_generator_c/mecheye_ros_interface/srv/detail/set_roi_parameter__description.c.o -MF CMakeFiles/mecheye_ros_interface__rosidl_generator_c.dir/rosidl_generator_c/mecheye_ros_interface/srv/detail/set_roi_parameter__description.c.o.d -o CMakeFiles/mecheye_ros_interface__rosidl_generator_c.dir/rosidl_generator_c/mecheye_ros_interface/srv/detail/set_roi_parameter__description.c.o -c /home/inauenma/git/mecheye_ros2_interface/build/mecheye_ros_interface/rosidl_generator_c/mecheye_ros_interface/srv/detail/set_roi_parameter__description.c
[ 27%] Building C object CMakeFiles/mecheye_ros_interface__rosidl_generator_c.dir/rosidl_generator_c/mecheye_ros_interface/srv/detail/set_roi_parameter__functions.c.o
[ 28%] Building C object CMakeFiles/mecheye_ros_interface__rosidl_generator_c.dir/rosidl_generator_c/mecheye_ros_interface/srv/detail/set_roi_parameter__type_support.c.o
/usr/bin/cc -DROSIDL_GENERATOR_C_BUILDING_DLL_mecheye_ros_interface -DROS_PACKAGE_NAME=\"mecheye_ros_interface\" -I/usr/include/eigen3 -I/home/inauenma/git/mecheye_ros2_interface/build/mecheye_ros_interface/rosidl_generator_c -isystem /opt/ros/jazzy/include/std_msgs -isystem /opt/ros/jazzy/include/builtin_interfaces -isystem /opt/ros/jazzy/include/rosidl_runtime_c -isystem /opt/ros/jazzy/include/rcutils -isystem /opt/ros/jazzy/include/rosidl_typesupport_interface -isystem /opt/ros/jazzy/include/sensor_msgs -isystem /opt/ros/jazzy/include/geometry_msgs -isystem /opt/ros/jazzy/include/service_msgs -std=gnu11 -fPIC -Wall -MD -MT CMakeFiles/mecheye_ros_interface__rosidl_generator_c.dir/rosidl_generator_c/mecheye_ros_interface/srv/detail/set_roi_parameter__functions.c.o -MF CMakeFiles/mecheye_ros_interface__rosidl_generator_c.dir/rosidl_generator_c/mecheye_ros_interface/srv/detail/set_roi_parameter__functions.c.o.d -o CMakeFiles/mecheye_ros_interface__rosidl_generator_c.dir/rosidl_generator_c/mecheye_ros_interface/srv/detail/set_roi_parameter__functions.c.o -c /home/inauenma/git/mecheye_ros2_interface/build/mecheye_ros_interface/rosidl_generator_c/mecheye_ros_interface/srv/detail/set_roi_parameter__functions.c
/usr/bin/cc -DROSIDL_GENERATOR_C_BUILDING_DLL_mecheye_ros_interface -DROS_PACKAGE_NAME=\"mecheye_ros_interface\" -I/usr/include/eigen3 -I/home/inauenma/git/mecheye_ros2_interface/build/mecheye_ros_interface/rosidl_generator_c -isystem /opt/ros/jazzy/include/std_msgs -isystem /opt/ros/jazzy/include/builtin_interfaces -isystem /opt/ros/jazzy/include/rosidl_runtime_c -isystem /opt/ros/jazzy/include/rcutils -isystem /opt/ros/jazzy/include/rosidl_typesupport_interface -isystem /opt/ros/jazzy/include/sensor_msgs -isystem /opt/ros/jazzy/include/geometry_msgs -isystem /opt/ros/jazzy/include/service_msgs -std=gnu11 -fPIC -Wall -MD -MT CMakeFiles/mecheye_ros_interface__rosidl_generator_c.dir/rosidl_generator_c/mecheye_ros_interface/srv/detail/set_roi_parameter__type_support.c.o -MF CMakeFiles/mecheye_ros_interface__rosidl_generator_c.dir/rosidl_generator_c/mecheye_ros_interface/srv/detail/set_roi_parameter__type_support.c.o.d -o CMakeFiles/mecheye_ros_interface__rosidl_generator_c.dir/rosidl_generator_c/mecheye_ros_interface/srv/detail/set_roi_parameter__type_support.c.o -c /home/inauenma/git/mecheye_ros2_interface/build/mecheye_ros_interface/rosidl_generator_c/mecheye_ros_interface/srv/detail/set_roi_parameter__type_support.c
[ 28%] Building C object CMakeFiles/mecheye_ros_interface__rosidl_generator_c.dir/rosidl_generator_c/mecheye_ros_interface/srv/detail/get_roi_parameter__functions.c.o
/usr/bin/cc -DROSIDL_GENERATOR_C_BUILDING_DLL_mecheye_ros_interface -DROS_PACKAGE_NAME=\"mecheye_ros_interface\" -I/usr/include/eigen3 -I/home/inauenma/git/mecheye_ros2_interface/build/mecheye_ros_interface/rosidl_generator_c -isystem /opt/ros/jazzy/include/std_msgs -isystem /opt/ros/jazzy/include/builtin_interfaces -isystem /opt/ros/jazzy/include/rosidl_runtime_c -isystem /opt/ros/jazzy/include/rcutils -isystem /opt/ros/jazzy/include/rosidl_typesupport_interface -isystem /opt/ros/jazzy/include/sensor_msgs -isystem /opt/ros/jazzy/include/geometry_msgs -isystem /opt/ros/jazzy/include/service_msgs -std=gnu11 -fPIC -Wall -MD -MT CMakeFiles/mecheye_ros_interface__rosidl_generator_c.dir/rosidl_generator_c/mecheye_ros_interface/srv/detail/get_roi_parameter__functions.c.o -MF CMakeFiles/mecheye_ros_interface__rosidl_generator_c.dir/rosidl_generator_c/mecheye_ros_interface/srv/detail/get_roi_parameter__functions.c.o.d -o CMakeFiles/mecheye_ros_interface__rosidl_generator_c.dir/rosidl_generator_c/mecheye_ros_interface/srv/detail/get_roi_parameter__functions.c.o -c /home/inauenma/git/mecheye_ros2_interface/build/mecheye_ros_interface/rosidl_generator_c/mecheye_ros_interface/srv/detail/get_roi_parameter__functions.c
[ 28%] Building C object CMakeFiles/mecheye_ros_interface__rosidl_generator_c.dir/rosidl_generator_c/mecheye_ros_interface/srv/detail/get_roi_parameter__description.c.o
[ 29%] Building C object CMakeFiles/mecheye_ros_interface__rosidl_generator_c.dir/rosidl_generator_c/mecheye_ros_interface/srv/detail/get_roi_parameter__type_support.c.o
/usr/bin/cc -DROSIDL_GENERATOR_C_BUILDING_DLL_mecheye_ros_interface -DROS_PACKAGE_NAME=\"mecheye_ros_interface\" -I/usr/include/eigen3 -I/home/inauenma/git/mecheye_ros2_interface/build/mecheye_ros_interface/rosidl_generator_c -isystem /opt/ros/jazzy/include/std_msgs -isystem /opt/ros/jazzy/include/builtin_interfaces -isystem /opt/ros/jazzy/include/rosidl_runtime_c -isystem /opt/ros/jazzy/include/rcutils -isystem /opt/ros/jazzy/include/rosidl_typesupport_interface -isystem /opt/ros/jazzy/include/sensor_msgs -isystem /opt/ros/jazzy/include/geometry_msgs -isystem /opt/ros/jazzy/include/service_msgs -std=gnu11 -fPIC -Wall -MD -MT CMakeFiles/mecheye_ros_interface__rosidl_generator_c.dir/rosidl_generator_c/mecheye_ros_interface/srv/detail/get_roi_parameter__description.c.o -MF CMakeFiles/mecheye_ros_interface__rosidl_generator_c.dir/rosidl_generator_c/mecheye_ros_interface/srv/detail/get_roi_parameter__description.c.o.d -o CMakeFiles/mecheye_ros_interface__rosidl_generator_c.dir/rosidl_generator_c/mecheye_ros_interface/srv/detail/get_roi_parameter__description.c.o -c /home/inauenma/git/mecheye_ros2_interface/build/mecheye_ros_interface/rosidl_generator_c/mecheye_ros_interface/srv/detail/get_roi_parameter__description.c
/usr/bin/cc -DROSIDL_GENERATOR_C_BUILDING_DLL_mecheye_ros_interface -DROS_PACKAGE_NAME=\"mecheye_ros_interface\" -I/usr/include/eigen3 -I/home/inauenma/git/mecheye_ros2_interface/build/mecheye_ros_interface/rosidl_generator_c -isystem /opt/ros/jazzy/include/std_msgs -isystem /opt/ros/jazzy/include/builtin_interfaces -isystem /opt/ros/jazzy/include/rosidl_runtime_c -isystem /opt/ros/jazzy/include/rcutils -isystem /opt/ros/jazzy/include/rosidl_typesupport_interface -isystem /opt/ros/jazzy/include/sensor_msgs -isystem /opt/ros/jazzy/include/geometry_msgs -isystem /opt/ros/jazzy/include/service_msgs -std=gnu11 -fPIC -Wall -MD -MT CMakeFiles/mecheye_ros_interface__rosidl_generator_c.dir/rosidl_generator_c/mecheye_ros_interface/srv/detail/get_roi_parameter__type_support.c.o -MF CMakeFiles/mecheye_ros_interface__rosidl_generator_c.dir/rosidl_generator_c/mecheye_ros_interface/srv/detail/get_roi_parameter__type_support.c.o.d -o CMakeFiles/mecheye_ros_interface__rosidl_generator_c.dir/rosidl_generator_c/mecheye_ros_interface/srv/detail/get_roi_parameter__type_support.c.o -c /home/inauenma/git/mecheye_ros2_interface/build/mecheye_ros_interface/rosidl_generator_c/mecheye_ros_interface/srv/detail/get_roi_parameter__type_support.c
[ 29%] Linking C shared library libmecheye_ros_interface__rosidl_generator_c.so
/usr/bin/cmake -E cmake_link_script CMakeFiles/mecheye_ros_interface__rosidl_generator_c.dir/link.txt --verbose=1
/usr/bin/cc -fPIC -shared -Wl,-soname,libmecheye_ros_interface__rosidl_generator_c.so -o libmecheye_ros_interface__rosidl_generator_c.so CMakeFiles/mecheye_ros_interface__rosidl_generator_c.dir/rosidl_generator_c/mecheye_ros_interface/srv/detail/set_current_user_set__description.c.o CMakeFiles/mecheye_ros_interface__rosidl_generator_c.dir/rosidl_generator_c/mecheye_ros_interface/srv/detail/set_current_user_set__functions.c.o CMakeFiles/mecheye_ros_interface__rosidl_generator_c.dir/rosidl_generator_c/mecheye_ros_interface/srv/detail/set_current_user_set__type_support.c.o CMakeFiles/mecheye_ros_interface__rosidl_generator_c.dir/rosidl_generator_c/mecheye_ros_interface/srv/detail/save_all_settings_to_user_sets__description.c.o CMakeFiles/mecheye_ros_interface__rosidl_generator_c.dir/rosidl_generator_c/mecheye_ros_interface/srv/detail/save_all_settings_to_user_sets__functions.c.o CMakeFiles/mecheye_ros_interface__rosidl_generator_c.dir/rosidl_generator_c/mecheye_ros_interface/srv/detail/save_all_settings_to_user_sets__type_support.c.o CMakeFiles/mecheye_ros_interface__rosidl_generator_c.dir/rosidl_generator_c/mecheye_ros_interface/srv/detail/add_user_set__description.c.o CMakeFiles/mecheye_ros_interface__rosidl_generator_c.dir/rosidl_generator_c/mecheye_ros_interface/srv/detail/add_user_set__functions.c.o CMakeFiles/mecheye_ros_interface__rosidl_generator_c.dir/rosidl_generator_c/mecheye_ros_interface/srv/detail/add_user_set__type_support.c.o CMakeFiles/mecheye_ros_interface__rosidl_generator_c.dir/rosidl_generator_c/mecheye_ros_interface/srv/detail/capture_color_image__description.c.o CMakeFiles/mecheye_ros_interface__rosidl_generator_c.dir/rosidl_generator_c/mecheye_ros_interface/srv/detail/capture_color_image__functions.c.o CMakeFiles/mecheye_ros_interface__rosidl_generator_c.dir/rosidl_generator_c/mecheye_ros_interface/srv/detail/capture_color_image__type_support.c.o CMakeFiles/mecheye_ros_interface__rosidl_generator_c.dir/rosidl_generator_c/mecheye_ros_interface/srv/detail/capture_stereo_color_images__description.c.o CMakeFiles/mecheye_ros_interface__rosidl_generator_c.dir/rosidl_generator_c/mecheye_ros_interface/srv/detail/capture_stereo_color_images__functions.c.o CMakeFiles/mecheye_ros_interface__rosidl_generator_c.dir/rosidl_generator_c/mecheye_ros_interface/srv/detail/capture_stereo_color_images__type_support.c.o CMakeFiles/mecheye_ros_interface__rosidl_generator_c.dir/rosidl_generator_c/mecheye_ros_interface/srv/detail/capture_textured_point_cloud__description.c.o CMakeFiles/mecheye_ros_interface__rosidl_generator_c.dir/rosidl_generator_c/mecheye_ros_interface/srv/detail/capture_textured_point_cloud__functions.c.o CMakeFiles/mecheye_ros_interface__rosidl_generator_c.dir/rosidl_generator_c/mecheye_ros_interface/srv/detail/capture_textured_point_cloud__type_support.c.o CMakeFiles/mecheye_ros_interface__rosidl_generator_c.dir/rosidl_generator_c/mecheye_ros_interface/srv/detail/capture_depth_map__description.c.o CMakeFiles/mecheye_ros_interface__rosidl_generator_c.dir/rosidl_generator_c/mecheye_ros_interface/srv/detail/capture_depth_map__functions.c.o CMakeFiles/mecheye_ros_interface__rosidl_generator_c.dir/rosidl_generator_c/mecheye_ros_interface/srv/detail/capture_depth_map__type_support.c.o CMakeFiles/mecheye_ros_interface__rosidl_generator_c.dir/rosidl_generator_c/mecheye_ros_interface/srv/detail/capture_point_cloud__description.c.o CMakeFiles/mecheye_ros_interface__rosidl_generator_c.dir/rosidl_generator_c/mecheye_ros_interface/srv/detail/capture_point_cloud__functions.c.o CMakeFiles/mecheye_ros_interface__rosidl_generator_c.dir/rosidl_generator_c/mecheye_ros_interface/srv/detail/capture_point_cloud__type_support.c.o CMakeFiles/mecheye_ros_interface__rosidl_generator_c.dir/rosidl_generator_c/mecheye_ros_interface/srv/detail/delete_user_set__description.c.o CMakeFiles/mecheye_ros_interface__rosidl_generator_c.dir/rosidl_generator_c/mecheye_ros_interface/srv/detail/delete_user_set__functions.c.o CMakeFiles/mecheye_ros_interface__rosidl_generator_c.dir/rosidl_generator_c/mecheye_ros_interface/srv/detail/delete_user_set__type_support.c.o CMakeFiles/mecheye_ros_interface__rosidl_generator_c.dir/rosidl_generator_c/mecheye_ros_interface/srv/detail/device_info__description.c.o CMakeFiles/mecheye_ros_interface__rosidl_generator_c.dir/rosidl_generator_c/mecheye_ros_interface/srv/detail/device_info__functions.c.o CMakeFiles/mecheye_ros_interface__rosidl_generator_c.dir/rosidl_generator_c/mecheye_ros_interface/srv/detail/device_info__type_support.c.o CMakeFiles/mecheye_ros_interface__rosidl_generator_c.dir/rosidl_generator_c/mecheye_ros_interface/srv/detail/get_all_user_sets__description.c.o CMakeFiles/mecheye_ros_interface__rosidl_generator_c.dir/rosidl_generator_c/mecheye_ros_interface/srv/detail/get_all_user_sets__functions.c.o CMakeFiles/mecheye_ros_interface__rosidl_generator_c.dir/rosidl_generator_c/mecheye_ros_interface/srv/detail/get_all_user_sets__type_support.c.o CMakeFiles/mecheye_ros_interface__rosidl_generator_c.dir/rosidl_generator_c/mecheye_ros_interface/srv/detail/get_current_user_set__description.c.o CMakeFiles/mecheye_ros_interface__rosidl_generator_c.dir/rosidl_generator_c/mecheye_ros_interface/srv/detail/get_current_user_set__functions.c.o CMakeFiles/mecheye_ros_interface__rosidl_generator_c.dir/rosidl_generator_c/mecheye_ros_interface/srv/detail/get_current_user_set__type_support.c.o CMakeFiles/mecheye_ros_interface__rosidl_generator_c.dir/rosidl_generator_c/mecheye_ros_interface/srv/detail/set_int_parameter__description.c.o CMakeFiles/mecheye_ros_interface__rosidl_generator_c.dir/rosidl_generator_c/mecheye_ros_interface/srv/detail/set_int_parameter__functions.c.o CMakeFiles/mecheye_ros_interface__rosidl_generator_c.dir/rosidl_generator_c/mecheye_ros_interface/srv/detail/set_int_parameter__type_support.c.o CMakeFiles/mecheye_ros_interface__rosidl_generator_c.dir/rosidl_generator_c/mecheye_ros_interface/srv/detail/get_int_parameter__description.c.o CMakeFiles/mecheye_ros_interface__rosidl_generator_c.dir/rosidl_generator_c/mecheye_ros_interface/srv/detail/get_int_parameter__functions.c.o CMakeFiles/mecheye_ros_interface__rosidl_generator_c.dir/rosidl_generator_c/mecheye_ros_interface/srv/detail/get_int_parameter__type_support.c.o CMakeFiles/mecheye_ros_interface__rosidl_generator_c.dir/rosidl_generator_c/mecheye_ros_interface/srv/detail/set_range_parameter__description.c.o CMakeFiles/mecheye_ros_interface__rosidl_generator_c.dir/rosidl_generator_c/mecheye_ros_interface/srv/detail/set_range_parameter__functions.c.o CMakeFiles/mecheye_ros_interface__rosidl_generator_c.dir/rosidl_generator_c/mecheye_ros_interface/srv/detail/set_range_parameter__type_support.c.o CMakeFiles/mecheye_ros_interface__rosidl_generator_c.dir/rosidl_generator_c/mecheye_ros_interface/srv/detail/get_range_parameter__description.c.o CMakeFiles/mecheye_ros_interface__rosidl_generator_c.dir/rosidl_generator_c/mecheye_ros_interface/srv/detail/get_range_parameter__functions.c.o CMakeFiles/mecheye_ros_interface__rosidl_generator_c.dir/rosidl_generator_c/mecheye_ros_interface/srv/detail/get_range_parameter__type_support.c.o CMakeFiles/mecheye_ros_interface__rosidl_generator_c.dir/rosidl_generator_c/mecheye_ros_interface/srv/detail/set_bool_parameter__description.c.o CMakeFiles/mecheye_ros_interface__rosidl_generator_c.dir/rosidl_generator_c/mecheye_ros_interface/srv/detail/set_bool_parameter__functions.c.o CMakeFiles/mecheye_ros_interface__rosidl_generator_c.dir/rosidl_generator_c/mecheye_ros_interface/srv/detail/set_bool_parameter__type_support.c.o CMakeFiles/mecheye_ros_interface__rosidl_generator_c.dir/rosidl_generator_c/mecheye_ros_interface/srv/detail/get_bool_parameter__description.c.o CMakeFiles/mecheye_ros_interface__rosidl_generator_c.dir/rosidl_generator_c/mecheye_ros_interface/srv/detail/get_bool_parameter__functions.c.o CMakeFiles/mecheye_ros_interface__rosidl_generator_c.dir/rosidl_generator_c/mecheye_ros_interface/srv/detail/get_bool_parameter__type_support.c.o CMakeFiles/mecheye_ros_interface__rosidl_generator_c.dir/rosidl_generator_c/mecheye_ros_interface/srv/detail/set_enum_parameter__description.c.o CMakeFiles/mecheye_ros_interface__rosidl_generator_c.dir/rosidl_generator_c/mecheye_ros_interface/srv/detail/set_enum_parameter__functions.c.o CMakeFiles/mecheye_ros_interface__rosidl_generator_c.dir/rosidl_generator_c/mecheye_ros_interface/srv/detail/set_enum_parameter__type_support.c.o CMakeFiles/mecheye_ros_interface__rosidl_generator_c.dir/rosidl_generator_c/mecheye_ros_interface/srv/detail/get_enum_parameter__description.c.o CMakeFiles/mecheye_ros_interface__rosidl_generator_c.dir/rosidl_generator_c/mecheye_ros_interface/srv/detail/get_enum_parameter__functions.c.o CMakeFiles/mecheye_ros_interface__rosidl_generator_c.dir/rosidl_generator_c/mecheye_ros_interface/srv/detail/get_enum_parameter__type_support.c.o CMakeFiles/mecheye_ros_interface__rosidl_generator_c.dir/rosidl_generator_c/mecheye_ros_interface/srv/detail/set_float_parameter__description.c.o CMakeFiles/mecheye_ros_interface__rosidl_generator_c.dir/rosidl_generator_c/mecheye_ros_interface/srv/detail/set_float_parameter__functions.c.o CMakeFiles/mecheye_ros_interface__rosidl_generator_c.dir/rosidl_generator_c/mecheye_ros_interface/srv/detail/set_float_parameter__type_support.c.o CMakeFiles/mecheye_ros_interface__rosidl_generator_c.dir/rosidl_generator_c/mecheye_ros_interface/srv/detail/get_float_parameter__description.c.o CMakeFiles/mecheye_ros_interface__rosidl_generator_c.dir/rosidl_generator_c/mecheye_ros_interface/srv/detail/get_float_parameter__functions.c.o CMakeFiles/mecheye_ros_interface__rosidl_generator_c.dir/rosidl_generator_c/mecheye_ros_interface/srv/detail/get_float_parameter__type_support.c.o CMakeFiles/mecheye_ros_interface__rosidl_generator_c.dir/rosidl_generator_c/mecheye_ros_interface/srv/detail/set_float_array_parameter__description.c.o CMakeFiles/mecheye_ros_interface__rosidl_generator_c.dir/rosidl_generator_c/mecheye_ros_interface/srv/detail/set_float_array_parameter__functions.c.o CMakeFiles/mecheye_ros_interface__rosidl_generator_c.dir/rosidl_generator_c/mecheye_ros_interface/srv/detail/set_float_array_parameter__type_support.c.o CMakeFiles/mecheye_ros_interface__rosidl_generator_c.dir/rosidl_generator_c/mecheye_ros_interface/srv/detail/get_float_array_parameter__description.c.o CMakeFiles/mecheye_ros_interface__rosidl_generator_c.dir/rosidl_generator_c/mecheye_ros_interface/srv/detail/get_float_array_parameter__functions.c.o CMakeFiles/mecheye_ros_interface__rosidl_generator_c.dir/rosidl_generator_c/mecheye_ros_interface/srv/detail/get_float_array_parameter__type_support.c.o CMakeFiles/mecheye_ros_interface__rosidl_generator_c.dir/rosidl_generator_c/mecheye_ros_interface/srv/detail/set_roi_parameter__description.c.o CMakeFiles/mecheye_ros_interface__rosidl_generator_c.dir/rosidl_generator_c/mecheye_ros_interface/srv/detail/set_roi_parameter__functions.c.o CMakeFiles/mecheye_ros_interface__rosidl_generator_c.dir/rosidl_generator_c/mecheye_ros_interface/srv/detail/set_roi_parameter__type_support.c.o CMakeFiles/mecheye_ros_interface__rosidl_generator_c.dir/rosidl_generator_c/mecheye_ros_interface/srv/detail/get_roi_parameter__description.c.o CMakeFiles/mecheye_ros_interface__rosidl_generator_c.dir/rosidl_generator_c/mecheye_ros_interface/srv/detail/get_roi_parameter__functions.c.o CMakeFiles/mecheye_ros_interface__rosidl_generator_c.dir/rosidl_generator_c/mecheye_ros_interface/srv/detail/get_roi_parameter__type_support.c.o  -Wl,-rpath,/opt/ros/jazzy/lib: /opt/ros/jazzy/lib/libsensor_msgs__rosidl_generator_c.so /opt/ros/jazzy/lib/libgeometry_msgs__rosidl_generator_c.so /opt/ros/jazzy/lib/libservice_msgs__rosidl_generator_c.so /opt/ros/jazzy/lib/libstd_msgs__rosidl_generator_c.so /opt/ros/jazzy/lib/libbuiltin_interfaces__rosidl_generator_c.so /opt/ros/jazzy/lib/librosidl_runtime_c.so /opt/ros/jazzy/lib/librcutils.so -ldl -latomic 
gmake[2]: Leaving directory '/home/inauenma/git/mecheye_ros2_interface/build/mecheye_ros_interface'
[ 29%] Built target mecheye_ros_interface__rosidl_generator_c
/usr/bin/gmake  -f CMakeFiles/mecheye_ros_interface__rosidl_typesupport_cpp.dir/build.make CMakeFiles/mecheye_ros_interface__rosidl_typesupport_cpp.dir/depend
/usr/bin/gmake  -f CMakeFiles/mecheye_ros_interface__rosidl_typesupport_fastrtps_c.dir/build.make CMakeFiles/mecheye_ros_interface__rosidl_typesupport_fastrtps_c.dir/depend
/usr/bin/gmake  -f CMakeFiles/mecheye_ros_interface__rosidl_typesupport_fastrtps_cpp.dir/build.make CMakeFiles/mecheye_ros_interface__rosidl_typesupport_fastrtps_cpp.dir/depend
/usr/bin/gmake  -f CMakeFiles/mecheye_ros_interface__rosidl_typesupport_introspection_c.dir/build.make CMakeFiles/mecheye_ros_interface__rosidl_typesupport_introspection_c.dir/depend
/usr/bin/gmake  -f CMakeFiles/mecheye_ros_interface__rosidl_typesupport_c.dir/build.make CMakeFiles/mecheye_ros_interface__rosidl_typesupport_c.dir/depend
/usr/bin/gmake  -f CMakeFiles/mecheye_ros_interface__rosidl_typesupport_introspection_cpp.dir/build.make CMakeFiles/mecheye_ros_interface__rosidl_typesupport_introspection_cpp.dir/depend
gmake[2]: Entering directory '/home/inauenma/git/mecheye_ros2_interface/build/mecheye_ros_interface'
gmake[2]: Entering directory '/home/inauenma/git/mecheye_ros2_interface/build/mecheye_ros_interface'
gmake[2]: Entering directory '/home/inauenma/git/mecheye_ros2_interface/build/mecheye_ros_interface'
gmake[2]: Entering directory '/home/inauenma/git/mecheye_ros2_interface/build/mecheye_ros_interface'
gmake[2]: Entering directory '/home/inauenma/git/mecheye_ros2_interface/build/mecheye_ros_interface'
gmake[2]: Entering directory '/home/inauenma/git/mecheye_ros2_interface/build/mecheye_ros_interface'
[ 30%] Generating C++ type support for eProsima Fast-RTPS
[ 30%] Generating C type support dispatch for ROS interfaces
[ 30%] Generating C++ type support dispatch for ROS interfaces
[ 30%] Generating C type support for eProsima Fast-RTPS
[ 30%] Generating C++ introspection for ROS interfaces
[ 30%] Generating C introspection for ROS interfaces
/usr/bin/python3 /opt/ros/jazzy/lib/rosidl_typesupport_fastrtps_cpp/rosidl_typesupport_fastrtps_cpp --generator-arguments-file /home/inauenma/git/mecheye_ros2_interface/build/mecheye_ros_interface/rosidl_typesupport_fastrtps_cpp__arguments.json
/usr/bin/python3 /opt/ros/jazzy/lib/rosidl_typesupport_fastrtps_c/rosidl_typesupport_fastrtps_c --generator-arguments-file /home/inauenma/git/mecheye_ros2_interface/build/mecheye_ros_interface/rosidl_typesupport_fastrtps_c__arguments.json
/usr/bin/python3 /opt/ros/jazzy/lib/rosidl_typesupport_c/rosidl_typesupport_c --generator-arguments-file /home/inauenma/git/mecheye_ros2_interface/build/mecheye_ros_interface/rosidl_typesupport_c__arguments.json --typesupports rosidl_typesupport_fastrtps_c rosidl_typesupport_introspection_c
/usr/bin/python3 /opt/ros/jazzy/lib/rosidl_typesupport_cpp/rosidl_typesupport_cpp --generator-arguments-file /home/inauenma/git/mecheye_ros2_interface/build/mecheye_ros_interface/rosidl_typesupport_cpp__arguments.json --typesupports rosidl_typesupport_fastrtps_cpp rosidl_typesupport_introspection_cpp
/usr/bin/python3 /opt/ros/jazzy/lib/rosidl_typesupport_introspection_cpp/rosidl_typesupport_introspection_cpp --generator-arguments-file /home/inauenma/git/mecheye_ros2_interface/build/mecheye_ros_interface/rosidl_typesupport_introspection_cpp__arguments.json
/usr/bin/python3 /opt/ros/jazzy/lib/rosidl_typesupport_introspection_c/rosidl_typesupport_introspection_c --generator-arguments-file /home/inauenma/git/mecheye_ros2_interface/build/mecheye_ros_interface/rosidl_typesupport_introspection_c__arguments.json
cd /home/inauenma/git/mecheye_ros2_interface/build/mecheye_ros_interface && /usr/bin/cmake -E cmake_depends "Unix Makefiles" /home/inauenma/git/mecheye_ros2_interface /home/inauenma/git/mecheye_ros2_interface /home/inauenma/git/mecheye_ros2_interface/build/mecheye_ros_interface /home/inauenma/git/mecheye_ros2_interface/build/mecheye_ros_interface /home/inauenma/git/mecheye_ros2_interface/build/mecheye_ros_interface/CMakeFiles/mecheye_ros_interface__rosidl_typesupport_c.dir/DependInfo.cmake "--color="
gmake[2]: Leaving directory '/home/inauenma/git/mecheye_ros2_interface/build/mecheye_ros_interface'
/usr/bin/gmake  -f CMakeFiles/mecheye_ros_interface__rosidl_typesupport_c.dir/build.make CMakeFiles/mecheye_ros_interface__rosidl_typesupport_c.dir/build
cd /home/inauenma/git/mecheye_ros2_interface/build/mecheye_ros_interface && /usr/bin/cmake -E cmake_depends "Unix Makefiles" /home/inauenma/git/mecheye_ros2_interface /home/inauenma/git/mecheye_ros2_interface /home/inauenma/git/mecheye_ros2_interface/build/mecheye_ros_interface /home/inauenma/git/mecheye_ros2_interface/build/mecheye_ros_interface /home/inauenma/git/mecheye_ros2_interface/build/mecheye_ros_interface/CMakeFiles/mecheye_ros_interface__rosidl_typesupport_cpp.dir/DependInfo.cmake "--color="
gmake[2]: Entering directory '/home/inauenma/git/mecheye_ros2_interface/build/mecheye_ros_interface'
[ 30%] Building CXX object CMakeFiles/mecheye_ros_interface__rosidl_typesupport_c.dir/rosidl_typesupport_c/mecheye_ros_interface/srv/capture_stereo_color_images__type_support.cpp.o
[ 30%] Building CXX object CMakeFiles/mecheye_ros_interface__rosidl_typesupport_c.dir/rosidl_typesupport_c/mecheye_ros_interface/srv/add_user_set__type_support.cpp.o
[ 30%] Building CXX object CMakeFiles/mecheye_ros_interface__rosidl_typesupport_c.dir/rosidl_typesupport_c/mecheye_ros_interface/srv/delete_user_set__type_support.cpp.o
/usr/bin/c++ -DROSIDL_GENERATOR_C_BUILDING_DLL_mecheye_ros_interface -DROS_PACKAGE_NAME=\"mecheye_ros_interface\" -I/usr/include/eigen3 -I/home/inauenma/git/mecheye_ros2_interface/build/mecheye_ros_interface/rosidl_generator_c -isystem /opt/ros/jazzy/include/std_msgs -isystem /opt/ros/jazzy/include/builtin_interfaces -isystem /opt/ros/jazzy/include/rosidl_runtime_c -isystem /opt/ros/jazzy/include/rcutils -isystem /opt/ros/jazzy/include/rosidl_typesupport_interface -isystem /opt/ros/jazzy/include/sensor_msgs -isystem /opt/ros/jazzy/include/geometry_msgs -isystem /opt/ros/jazzy/include/service_msgs -isystem /opt/ros/jazzy/include/rosidl_typesupport_c -std=gnu++17 -fPIC -Wall -MD -MT CMakeFiles/mecheye_ros_interface__rosidl_typesupport_c.dir/rosidl_typesupport_c/mecheye_ros_interface/srv/add_user_set__type_support.cpp.o -MF CMakeFiles/mecheye_ros_interface__rosidl_typesupport_c.dir/rosidl_typesupport_c/mecheye_ros_interface/srv/add_user_set__type_support.cpp.o.d -o CMakeFiles/mecheye_ros_interface__rosidl_typesupport_c.dir/rosidl_typesupport_c/mecheye_ros_interface/srv/add_user_set__type_support.cpp.o -c /home/inauenma/git/mecheye_ros2_interface/build/mecheye_ros_interface/rosidl_typesupport_c/mecheye_ros_interface/srv/add_user_set__type_support.cpp
[ 32%] Building CXX object CMakeFiles/mecheye_ros_interface__rosidl_typesupport_c.dir/rosidl_typesupport_c/mecheye_ros_interface/srv/capture_depth_map__type_support.cpp.o
[ 32%] Building CXX object CMakeFiles/mecheye_ros_interface__rosidl_typesupport_c.dir/rosidl_typesupport_c/mecheye_ros_interface/srv/capture_color_image__type_support.cpp.o
[ 32%] Building CXX object CMakeFiles/mecheye_ros_interface__rosidl_typesupport_c.dir/rosidl_typesupport_c/mecheye_ros_interface/srv/capture_point_cloud__type_support.cpp.o
/usr/bin/c++ -DROSIDL_GENERATOR_C_BUILDING_DLL_mecheye_ros_interface -DROS_PACKAGE_NAME=\"mecheye_ros_interface\" -I/usr/include/eigen3 -I/home/inauenma/git/mecheye_ros2_interface/build/mecheye_ros_interface/rosidl_generator_c -isystem /opt/ros/jazzy/include/std_msgs -isystem /opt/ros/jazzy/include/builtin_interfaces -isystem /opt/ros/jazzy/include/rosidl_runtime_c -isystem /opt/ros/jazzy/include/rcutils -isystem /opt/ros/jazzy/include/rosidl_typesupport_interface -isystem /opt/ros/jazzy/include/sensor_msgs -isystem /opt/ros/jazzy/include/geometry_msgs -isystem /opt/ros/jazzy/include/service_msgs -isystem /opt/ros/jazzy/include/rosidl_typesupport_c -std=gnu++17 -fPIC -Wall -MD -MT CMakeFiles/mecheye_ros_interface__rosidl_typesupport_c.dir/rosidl_typesupport_c/mecheye_ros_interface/srv/capture_color_image__type_support.cpp.o -MF CMakeFiles/mecheye_ros_interface__rosidl_typesupport_c.dir/rosidl_typesupport_c/mecheye_ros_interface/srv/capture_color_image__type_support.cpp.o.d -o CMakeFiles/mecheye_ros_interface__rosidl_typesupport_c.dir/rosidl_typesupport_c/mecheye_ros_interface/srv/capture_color_image__type_support.cpp.o -c /home/inauenma/git/mecheye_ros2_interface/build/mecheye_ros_interface/rosidl_typesupport_c/mecheye_ros_interface/srv/capture_color_image__type_support.cpp
gmake[2]: Leaving directory '/home/inauenma/git/mecheye_ros2_interface/build/mecheye_ros_interface'
/usr/bin/gmake  -f CMakeFiles/mecheye_ros_interface__rosidl_typesupport_cpp.dir/build.make CMakeFiles/mecheye_ros_interface__rosidl_typesupport_cpp.dir/build
/usr/bin/c++ -DROSIDL_GENERATOR_C_BUILDING_DLL_mecheye_ros_interface -DROS_PACKAGE_NAME=\"mecheye_ros_interface\" -I/usr/include/eigen3 -I/home/inauenma/git/mecheye_ros2_interface/build/mecheye_ros_interface/rosidl_generator_c -isystem /opt/ros/jazzy/include/std_msgs -isystem /opt/ros/jazzy/include/builtin_interfaces -isystem /opt/ros/jazzy/include/rosidl_runtime_c -isystem /opt/ros/jazzy/include/rcutils -isystem /opt/ros/jazzy/include/rosidl_typesupport_interface -isystem /opt/ros/jazzy/include/sensor_msgs -isystem /opt/ros/jazzy/include/geometry_msgs -isystem /opt/ros/jazzy/include/service_msgs -isystem /opt/ros/jazzy/include/rosidl_typesupport_c -std=gnu++17 -fPIC -Wall -MD -MT CMakeFiles/mecheye_ros_interface__rosidl_typesupport_c.dir/rosidl_typesupport_c/mecheye_ros_interface/srv/capture_stereo_color_images__type_support.cpp.o -MF CMakeFiles/mecheye_ros_interface__rosidl_typesupport_c.dir/rosidl_typesupport_c/mecheye_ros_interface/srv/capture_stereo_color_images__type_support.cpp.o.d -o CMakeFiles/mecheye_ros_interface__rosidl_typesupport_c.dir/rosidl_typesupport_c/mecheye_ros_interface/srv/capture_stereo_color_images__type_support.cpp.o -c /home/inauenma/git/mecheye_ros2_interface/build/mecheye_ros_interface/rosidl_typesupport_c/mecheye_ros_interface/srv/capture_stereo_color_images__type_support.cpp
/usr/bin/c++ -DROSIDL_GENERATOR_C_BUILDING_DLL_mecheye_ros_interface -DROS_PACKAGE_NAME=\"mecheye_ros_interface\" -I/usr/include/eigen3 -I/home/inauenma/git/mecheye_ros2_interface/build/mecheye_ros_interface/rosidl_generator_c -isystem /opt/ros/jazzy/include/std_msgs -isystem /opt/ros/jazzy/include/builtin_interfaces -isystem /opt/ros/jazzy/include/rosidl_runtime_c -isystem /opt/ros/jazzy/include/rcutils -isystem /opt/ros/jazzy/include/rosidl_typesupport_interface -isystem /opt/ros/jazzy/include/sensor_msgs -isystem /opt/ros/jazzy/include/geometry_msgs -isystem /opt/ros/jazzy/include/service_msgs -isystem /opt/ros/jazzy/include/rosidl_typesupport_c -std=gnu++17 -fPIC -Wall -MD -MT CMakeFiles/mecheye_ros_interface__rosidl_typesupport_c.dir/rosidl_typesupport_c/mecheye_ros_interface/srv/capture_depth_map__type_support.cpp.o -MF CMakeFiles/mecheye_ros_interface__rosidl_typesupport_c.dir/rosidl_typesupport_c/mecheye_ros_interface/srv/capture_depth_map__type_support.cpp.o.d -o CMakeFiles/mecheye_ros_interface__rosidl_typesupport_c.dir/rosidl_typesupport_c/mecheye_ros_interface/srv/capture_depth_map__type_support.cpp.o -c /home/inauenma/git/mecheye_ros2_interface/build/mecheye_ros_interface/rosidl_typesupport_c/mecheye_ros_interface/srv/capture_depth_map__type_support.cpp
[ 33%] Building CXX object CMakeFiles/mecheye_ros_interface__rosidl_typesupport_c.dir/rosidl_typesupport_c/mecheye_ros_interface/srv/set_current_user_set__type_support.cpp.o
[ 33%] Building CXX object CMakeFiles/mecheye_ros_interface__rosidl_typesupport_c.dir/rosidl_typesupport_c/mecheye_ros_interface/srv/capture_textured_point_cloud__type_support.cpp.o
[ 33%] Building CXX object CMakeFiles/mecheye_ros_interface__rosidl_typesupport_c.dir/rosidl_typesupport_c/mecheye_ros_interface/srv/save_all_settings_to_user_sets__type_support.cpp.o
/usr/bin/c++ -DROSIDL_GENERATOR_C_BUILDING_DLL_mecheye_ros_interface -DROS_PACKAGE_NAME=\"mecheye_ros_interface\" -I/usr/include/eigen3 -I/home/inauenma/git/mecheye_ros2_interface/build/mecheye_ros_interface/rosidl_generator_c -isystem /opt/ros/jazzy/include/std_msgs -isystem /opt/ros/jazzy/include/builtin_interfaces -isystem /opt/ros/jazzy/include/rosidl_runtime_c -isystem /opt/ros/jazzy/include/rcutils -isystem /opt/ros/jazzy/include/rosidl_typesupport_interface -isystem /opt/ros/jazzy/include/sensor_msgs -isystem /opt/ros/jazzy/include/geometry_msgs -isystem /opt/ros/jazzy/include/service_msgs -isystem /opt/ros/jazzy/include/rosidl_typesupport_c -std=gnu++17 -fPIC -Wall -MD -MT CMakeFiles/mecheye_ros_interface__rosidl_typesupport_c.dir/rosidl_typesupport_c/mecheye_ros_interface/srv/set_current_user_set__type_support.cpp.o -MF CMakeFiles/mecheye_ros_interface__rosidl_typesupport_c.dir/rosidl_typesupport_c/mecheye_ros_interface/srv/set_current_user_set__type_support.cpp.o.d -o CMakeFiles/mecheye_ros_interface__rosidl_typesupport_c.dir/rosidl_typesupport_c/mecheye_ros_interface/srv/set_current_user_set__type_support.cpp.o -c /home/inauenma/git/mecheye_ros2_interface/build/mecheye_ros_interface/rosidl_typesupport_c/mecheye_ros_interface/srv/set_current_user_set__type_support.cpp
[ 34%] Building CXX object CMakeFiles/mecheye_ros_interface__rosidl_typesupport_c.dir/rosidl_typesupport_c/mecheye_ros_interface/srv/device_info__type_support.cpp.o
[ 34%] Building CXX object CMakeFiles/mecheye_ros_interface__rosidl_typesupport_c.dir/rosidl_typesupport_c/mecheye_ros_interface/srv/get_all_user_sets__type_support.cpp.o
gmake[2]: Entering directory '/home/inauenma/git/mecheye_ros2_interface/build/mecheye_ros_interface'
/usr/bin/c++ -DROSIDL_GENERATOR_C_BUILDING_DLL_mecheye_ros_interface -DROS_PACKAGE_NAME=\"mecheye_ros_interface\" -I/usr/include/eigen3 -I/home/inauenma/git/mecheye_ros2_interface/build/mecheye_ros_interface/rosidl_generator_c -isystem /opt/ros/jazzy/include/std_msgs -isystem /opt/ros/jazzy/include/builtin_interfaces -isystem /opt/ros/jazzy/include/rosidl_runtime_c -isystem /opt/ros/jazzy/include/rcutils -isystem /opt/ros/jazzy/include/rosidl_typesupport_interface -isystem /opt/ros/jazzy/include/sensor_msgs -isystem /opt/ros/jazzy/include/geometry_msgs -isystem /opt/ros/jazzy/include/service_msgs -isystem /opt/ros/jazzy/include/rosidl_typesupport_c -std=gnu++17 -fPIC -Wall -MD -MT CMakeFiles/mecheye_ros_interface__rosidl_typesupport_c.dir/rosidl_typesupport_c/mecheye_ros_interface/srv/save_all_settings_to_user_sets__type_support.cpp.o -MF CMakeFiles/mecheye_ros_interface__rosidl_typesupport_c.dir/rosidl_typesupport_c/mecheye_ros_interface/srv/save_all_settings_to_user_sets__type_support.cpp.o.d -o CMakeFiles/mecheye_ros_interface__rosidl_typesupport_c.dir/rosidl_typesupport_c/mecheye_ros_interface/srv/save_all_settings_to_user_sets__type_support.cpp.o -c /home/inauenma/git/mecheye_ros2_interface/build/mecheye_ros_interface/rosidl_typesupport_c/mecheye_ros_interface/srv/save_all_settings_to_user_sets__type_support.cpp
/usr/bin/c++ -DROSIDL_GENERATOR_C_BUILDING_DLL_mecheye_ros_interface -DROS_PACKAGE_NAME=\"mecheye_ros_interface\" -I/usr/include/eigen3 -I/home/inauenma/git/mecheye_ros2_interface/build/mecheye_ros_interface/rosidl_generator_c -isystem /opt/ros/jazzy/include/std_msgs -isystem /opt/ros/jazzy/include/builtin_interfaces -isystem /opt/ros/jazzy/include/rosidl_runtime_c -isystem /opt/ros/jazzy/include/rcutils -isystem /opt/ros/jazzy/include/rosidl_typesupport_interface -isystem /opt/ros/jazzy/include/sensor_msgs -isystem /opt/ros/jazzy/include/geometry_msgs -isystem /opt/ros/jazzy/include/service_msgs -isystem /opt/ros/jazzy/include/rosidl_typesupport_c -std=gnu++17 -fPIC -Wall -MD -MT CMakeFiles/mecheye_ros_interface__rosidl_typesupport_c.dir/rosidl_typesupport_c/mecheye_ros_interface/srv/capture_textured_point_cloud__type_support.cpp.o -MF CMakeFiles/mecheye_ros_interface__rosidl_typesupport_c.dir/rosidl_typesupport_c/mecheye_ros_interface/srv/capture_textured_point_cloud__type_support.cpp.o.d -o CMakeFiles/mecheye_ros_interface__rosidl_typesupport_c.dir/rosidl_typesupport_c/mecheye_ros_interface/srv/capture_textured_point_cloud__type_support.cpp.o -c /home/inauenma/git/mecheye_ros2_interface/build/mecheye_ros_interface/rosidl_typesupport_c/mecheye_ros_interface/srv/capture_textured_point_cloud__type_support.cpp
/usr/bin/c++ -DROSIDL_GENERATOR_C_BUILDING_DLL_mecheye_ros_interface -DROS_PACKAGE_NAME=\"mecheye_ros_interface\" -I/usr/include/eigen3 -I/home/inauenma/git/mecheye_ros2_interface/build/mecheye_ros_interface/rosidl_generator_c -isystem /opt/ros/jazzy/include/std_msgs -isystem /opt/ros/jazzy/include/builtin_interfaces -isystem /opt/ros/jazzy/include/rosidl_runtime_c -isystem /opt/ros/jazzy/include/rcutils -isystem /opt/ros/jazzy/include/rosidl_typesupport_interface -isystem /opt/ros/jazzy/include/sensor_msgs -isystem /opt/ros/jazzy/include/geometry_msgs -isystem /opt/ros/jazzy/include/service_msgs -isystem /opt/ros/jazzy/include/rosidl_typesupport_c -std=gnu++17 -fPIC -Wall -MD -MT CMakeFiles/mecheye_ros_interface__rosidl_typesupport_c.dir/rosidl_typesupport_c/mecheye_ros_interface/srv/capture_point_cloud__type_support.cpp.o -MF CMakeFiles/mecheye_ros_interface__rosidl_typesupport_c.dir/rosidl_typesupport_c/mecheye_ros_interface/srv/capture_point_cloud__type_support.cpp.o.d -o CMakeFiles/mecheye_ros_interface__rosidl_typesupport_c.dir/rosidl_typesupport_c/mecheye_ros_interface/srv/capture_point_cloud__type_support.cpp.o -c /home/inauenma/git/mecheye_ros2_interface/build/mecheye_ros_interface/rosidl_typesupport_c/mecheye_ros_interface/srv/capture_point_cloud__type_support.cpp
/usr/bin/c++ -DROSIDL_GENERATOR_C_BUILDING_DLL_mecheye_ros_interface -DROS_PACKAGE_NAME=\"mecheye_ros_interface\" -I/usr/include/eigen3 -I/home/inauenma/git/mecheye_ros2_interface/build/mecheye_ros_interface/rosidl_generator_c -isystem /opt/ros/jazzy/include/std_msgs -isystem /opt/ros/jazzy/include/builtin_interfaces -isystem /opt/ros/jazzy/include/rosidl_runtime_c -isystem /opt/ros/jazzy/include/rcutils -isystem /opt/ros/jazzy/include/rosidl_typesupport_interface -isystem /opt/ros/jazzy/include/sensor_msgs -isystem /opt/ros/jazzy/include/geometry_msgs -isystem /opt/ros/jazzy/include/service_msgs -isystem /opt/ros/jazzy/include/rosidl_typesupport_c -std=gnu++17 -fPIC -Wall -MD -MT CMakeFiles/mecheye_ros_interface__rosidl_typesupport_c.dir/rosidl_typesupport_c/mecheye_ros_interface/srv/delete_user_set__type_support.cpp.o -MF CMakeFiles/mecheye_ros_interface__rosidl_typesupport_c.dir/rosidl_typesupport_c/mecheye_ros_interface/srv/delete_user_set__type_support.cpp.o.d -o CMakeFiles/mecheye_ros_interface__rosidl_typesupport_c.dir/rosidl_typesupport_c/mecheye_ros_interface/srv/delete_user_set__type_support.cpp.o -c /home/inauenma/git/mecheye_ros2_interface/build/mecheye_ros_interface/rosidl_typesupport_c/mecheye_ros_interface/srv/delete_user_set__type_support.cpp
/usr/bin/c++ -DROSIDL_GENERATOR_C_BUILDING_DLL_mecheye_ros_interface -DROS_PACKAGE_NAME=\"mecheye_ros_interface\" -I/usr/include/eigen3 -I/home/inauenma/git/mecheye_ros2_interface/build/mecheye_ros_interface/rosidl_generator_c -isystem /opt/ros/jazzy/include/std_msgs -isystem /opt/ros/jazzy/include/builtin_interfaces -isystem /opt/ros/jazzy/include/rosidl_runtime_c -isystem /opt/ros/jazzy/include/rcutils -isystem /opt/ros/jazzy/include/rosidl_typesupport_interface -isystem /opt/ros/jazzy/include/sensor_msgs -isystem /opt/ros/jazzy/include/geometry_msgs -isystem /opt/ros/jazzy/include/service_msgs -isystem /opt/ros/jazzy/include/rosidl_typesupport_c -std=gnu++17 -fPIC -Wall -MD -MT CMakeFiles/mecheye_ros_interface__rosidl_typesupport_c.dir/rosidl_typesupport_c/mecheye_ros_interface/srv/device_info__type_support.cpp.o -MF CMakeFiles/mecheye_ros_interface__rosidl_typesupport_c.dir/rosidl_typesupport_c/mecheye_ros_interface/srv/device_info__type_support.cpp.o.d -o CMakeFiles/mecheye_ros_interface__rosidl_typesupport_c.dir/rosidl_typesupport_c/mecheye_ros_interface/srv/device_info__type_support.cpp.o -c /home/inauenma/git/mecheye_ros2_interface/build/mecheye_ros_interface/rosidl_typesupport_c/mecheye_ros_interface/srv/device_info__type_support.cpp
/usr/bin/c++ -DROSIDL_GENERATOR_C_BUILDING_DLL_mecheye_ros_interface -DROS_PACKAGE_NAME=\"mecheye_ros_interface\" -I/usr/include/eigen3 -I/home/inauenma/git/mecheye_ros2_interface/build/mecheye_ros_interface/rosidl_generator_c -isystem /opt/ros/jazzy/include/std_msgs -isystem /opt/ros/jazzy/include/builtin_interfaces -isystem /opt/ros/jazzy/include/rosidl_runtime_c -isystem /opt/ros/jazzy/include/rcutils -isystem /opt/ros/jazzy/include/rosidl_typesupport_interface -isystem /opt/ros/jazzy/include/sensor_msgs -isystem /opt/ros/jazzy/include/geometry_msgs -isystem /opt/ros/jazzy/include/service_msgs -isystem /opt/ros/jazzy/include/rosidl_typesupport_c -std=gnu++17 -fPIC -Wall -MD -MT CMakeFiles/mecheye_ros_interface__rosidl_typesupport_c.dir/rosidl_typesupport_c/mecheye_ros_interface/srv/get_all_user_sets__type_support.cpp.o -MF CMakeFiles/mecheye_ros_interface__rosidl_typesupport_c.dir/rosidl_typesupport_c/mecheye_ros_interface/srv/get_all_user_sets__type_support.cpp.o.d -o CMakeFiles/mecheye_ros_interface__rosidl_typesupport_c.dir/rosidl_typesupport_c/mecheye_ros_interface/srv/get_all_user_sets__type_support.cpp.o -c /home/inauenma/git/mecheye_ros2_interface/build/mecheye_ros_interface/rosidl_typesupport_c/mecheye_ros_interface/srv/get_all_user_sets__type_support.cpp
[ 34%] Building CXX object CMakeFiles/mecheye_ros_interface__rosidl_typesupport_cpp.dir/rosidl_typesupport_cpp/mecheye_ros_interface/srv/set_current_user_set__type_support.cpp.o
/usr/bin/c++ -DROSIDL_TYPESUPPORT_CPP_BUILDING_DLL -DROS_PACKAGE_NAME=\"mecheye_ros_interface\" -I/usr/include/eigen3 -I/home/inauenma/git/mecheye_ros2_interface/build/mecheye_ros_interface/rosidl_generator_c -I/home/inauenma/git/mecheye_ros2_interface/build/mecheye_ros_interface/rosidl_generator_cpp -isystem /opt/ros/jazzy/include/std_msgs -isystem /opt/ros/jazzy/include/builtin_interfaces -isystem /opt/ros/jazzy/include/rosidl_runtime_c -isystem /opt/ros/jazzy/include/rcutils -isystem /opt/ros/jazzy/include/rosidl_typesupport_interface -isystem /opt/ros/jazzy/include/sensor_msgs -isystem /opt/ros/jazzy/include/geometry_msgs -isystem /opt/ros/jazzy/include/service_msgs -isystem /opt/ros/jazzy/include/rosidl_runtime_cpp -isystem /opt/ros/jazzy/include/rosidl_typesupport_cpp -isystem /opt/ros/jazzy/include/rosidl_typesupport_c -std=gnu++17 -fPIC -Wall -Wextra -Wpedantic -MD -MT CMakeFiles/mecheye_ros_interface__rosidl_typesupport_cpp.dir/rosidl_typesupport_cpp/mecheye_ros_interface/srv/set_current_user_set__type_support.cpp.o -MF CMakeFiles/mecheye_ros_interface__rosidl_typesupport_cpp.dir/rosidl_typesupport_cpp/mecheye_ros_interface/srv/set_current_user_set__type_support.cpp.o.d -o CMakeFiles/mecheye_ros_interface__rosidl_typesupport_cpp.dir/rosidl_typesupport_cpp/mecheye_ros_interface/srv/set_current_user_set__type_support.cpp.o -c /home/inauenma/git/mecheye_ros2_interface/build/mecheye_ros_interface/rosidl_typesupport_cpp/mecheye_ros_interface/srv/set_current_user_set__type_support.cpp
[ 34%] Building CXX object CMakeFiles/mecheye_ros_interface__rosidl_typesupport_cpp.dir/rosidl_typesupport_cpp/mecheye_ros_interface/srv/add_user_set__type_support.cpp.o
[ 34%] Building CXX object CMakeFiles/mecheye_ros_interface__rosidl_typesupport_c.dir/rosidl_typesupport_c/mecheye_ros_interface/srv/get_current_user_set__type_support.cpp.o
[ 35%] Building CXX object CMakeFiles/mecheye_ros_interface__rosidl_typesupport_cpp.dir/rosidl_typesupport_cpp/mecheye_ros_interface/srv/save_all_settings_to_user_sets__type_support.cpp.o
/usr/bin/c++ -DROSIDL_GENERATOR_C_BUILDING_DLL_mecheye_ros_interface -DROS_PACKAGE_NAME=\"mecheye_ros_interface\" -I/usr/include/eigen3 -I/home/inauenma/git/mecheye_ros2_interface/build/mecheye_ros_interface/rosidl_generator_c -isystem /opt/ros/jazzy/include/std_msgs -isystem /opt/ros/jazzy/include/builtin_interfaces -isystem /opt/ros/jazzy/include/rosidl_runtime_c -isystem /opt/ros/jazzy/include/rcutils -isystem /opt/ros/jazzy/include/rosidl_typesupport_interface -isystem /opt/ros/jazzy/include/sensor_msgs -isystem /opt/ros/jazzy/include/geometry_msgs -isystem /opt/ros/jazzy/include/service_msgs -isystem /opt/ros/jazzy/include/rosidl_typesupport_c -std=gnu++17 -fPIC -Wall -MD -MT CMakeFiles/mecheye_ros_interface__rosidl_typesupport_c.dir/rosidl_typesupport_c/mecheye_ros_interface/srv/get_current_user_set__type_support.cpp.o -MF CMakeFiles/mecheye_ros_interface__rosidl_typesupport_c.dir/rosidl_typesupport_c/mecheye_ros_interface/srv/get_current_user_set__type_support.cpp.o.d -o CMakeFiles/mecheye_ros_interface__rosidl_typesupport_c.dir/rosidl_typesupport_c/mecheye_ros_interface/srv/get_current_user_set__type_support.cpp.o -c /home/inauenma/git/mecheye_ros2_interface/build/mecheye_ros_interface/rosidl_typesupport_c/mecheye_ros_interface/srv/get_current_user_set__type_support.cpp
/usr/bin/c++ -DROSIDL_TYPESUPPORT_CPP_BUILDING_DLL -DROS_PACKAGE_NAME=\"mecheye_ros_interface\" -I/usr/include/eigen3 -I/home/inauenma/git/mecheye_ros2_interface/build/mecheye_ros_interface/rosidl_generator_c -I/home/inauenma/git/mecheye_ros2_interface/build/mecheye_ros_interface/rosidl_generator_cpp -isystem /opt/ros/jazzy/include/std_msgs -isystem /opt/ros/jazzy/include/builtin_interfaces -isystem /opt/ros/jazzy/include/rosidl_runtime_c -isystem /opt/ros/jazzy/include/rcutils -isystem /opt/ros/jazzy/include/rosidl_typesupport_interface -isystem /opt/ros/jazzy/include/sensor_msgs -isystem /opt/ros/jazzy/include/geometry_msgs -isystem /opt/ros/jazzy/include/service_msgs -isystem /opt/ros/jazzy/include/rosidl_runtime_cpp -isystem /opt/ros/jazzy/include/rosidl_typesupport_cpp -isystem /opt/ros/jazzy/include/rosidl_typesupport_c -std=gnu++17 -fPIC -Wall -Wextra -Wpedantic -MD -MT CMakeFiles/mecheye_ros_interface__rosidl_typesupport_cpp.dir/rosidl_typesupport_cpp/mecheye_ros_interface/srv/save_all_settings_to_user_sets__type_support.cpp.o -MF CMakeFiles/mecheye_ros_interface__rosidl_typesupport_cpp.dir/rosidl_typesupport_cpp/mecheye_ros_interface/srv/save_all_settings_to_user_sets__type_support.cpp.o.d -o CMakeFiles/mecheye_ros_interface__rosidl_typesupport_cpp.dir/rosidl_typesupport_cpp/mecheye_ros_interface/srv/save_all_settings_to_user_sets__type_support.cpp.o -c /home/inauenma/git/mecheye_ros2_interface/build/mecheye_ros_interface/rosidl_typesupport_cpp/mecheye_ros_interface/srv/save_all_settings_to_user_sets__type_support.cpp
/usr/bin/c++ -DROSIDL_TYPESUPPORT_CPP_BUILDING_DLL -DROS_PACKAGE_NAME=\"mecheye_ros_interface\" -I/usr/include/eigen3 -I/home/inauenma/git/mecheye_ros2_interface/build/mecheye_ros_interface/rosidl_generator_c -I/home/inauenma/git/mecheye_ros2_interface/build/mecheye_ros_interface/rosidl_generator_cpp -isystem /opt/ros/jazzy/include/std_msgs -isystem /opt/ros/jazzy/include/builtin_interfaces -isystem /opt/ros/jazzy/include/rosidl_runtime_c -isystem /opt/ros/jazzy/include/rcutils -isystem /opt/ros/jazzy/include/rosidl_typesupport_interface -isystem /opt/ros/jazzy/include/sensor_msgs -isystem /opt/ros/jazzy/include/geometry_msgs -isystem /opt/ros/jazzy/include/service_msgs -isystem /opt/ros/jazzy/include/rosidl_runtime_cpp -isystem /opt/ros/jazzy/include/rosidl_typesupport_cpp -isystem /opt/ros/jazzy/include/rosidl_typesupport_c -std=gnu++17 -fPIC -Wall -Wextra -Wpedantic -MD -MT CMakeFiles/mecheye_ros_interface__rosidl_typesupport_cpp.dir/rosidl_typesupport_cpp/mecheye_ros_interface/srv/add_user_set__type_support.cpp.o -MF CMakeFiles/mecheye_ros_interface__rosidl_typesupport_cpp.dir/rosidl_typesupport_cpp/mecheye_ros_interface/srv/add_user_set__type_support.cpp.o.d -o CMakeFiles/mecheye_ros_interface__rosidl_typesupport_cpp.dir/rosidl_typesupport_cpp/mecheye_ros_interface/srv/add_user_set__type_support.cpp.o -c /home/inauenma/git/mecheye_ros2_interface/build/mecheye_ros_interface/rosidl_typesupport_cpp/mecheye_ros_interface/srv/add_user_set__type_support.cpp
[ 35%] Building CXX object CMakeFiles/mecheye_ros_interface__rosidl_typesupport_cpp.dir/rosidl_typesupport_cpp/mecheye_ros_interface/srv/capture_color_image__type_support.cpp.o
/usr/bin/c++ -DROSIDL_TYPESUPPORT_CPP_BUILDING_DLL -DROS_PACKAGE_NAME=\"mecheye_ros_interface\" -I/usr/include/eigen3 -I/home/inauenma/git/mecheye_ros2_interface/build/mecheye_ros_interface/rosidl_generator_c -I/home/inauenma/git/mecheye_ros2_interface/build/mecheye_ros_interface/rosidl_generator_cpp -isystem /opt/ros/jazzy/include/std_msgs -isystem /opt/ros/jazzy/include/builtin_interfaces -isystem /opt/ros/jazzy/include/rosidl_runtime_c -isystem /opt/ros/jazzy/include/rcutils -isystem /opt/ros/jazzy/include/rosidl_typesupport_interface -isystem /opt/ros/jazzy/include/sensor_msgs -isystem /opt/ros/jazzy/include/geometry_msgs -isystem /opt/ros/jazzy/include/service_msgs -isystem /opt/ros/jazzy/include/rosidl_runtime_cpp -isystem /opt/ros/jazzy/include/rosidl_typesupport_cpp -isystem /opt/ros/jazzy/include/rosidl_typesupport_c -std=gnu++17 -fPIC -Wall -Wextra -Wpedantic -MD -MT CMakeFiles/mecheye_ros_interface__rosidl_typesupport_cpp.dir/rosidl_typesupport_cpp/mecheye_ros_interface/srv/capture_color_image__type_support.cpp.o -MF CMakeFiles/mecheye_ros_interface__rosidl_typesupport_cpp.dir/rosidl_typesupport_cpp/mecheye_ros_interface/srv/capture_color_image__type_support.cpp.o.d -o CMakeFiles/mecheye_ros_interface__rosidl_typesupport_cpp.dir/rosidl_typesupport_cpp/mecheye_ros_interface/srv/capture_color_image__type_support.cpp.o -c /home/inauenma/git/mecheye_ros2_interface/build/mecheye_ros_interface/rosidl_typesupport_cpp/mecheye_ros_interface/srv/capture_color_image__type_support.cpp
[ 36%] Building CXX object CMakeFiles/mecheye_ros_interface__rosidl_typesupport_cpp.dir/rosidl_typesupport_cpp/mecheye_ros_interface/srv/capture_stereo_color_images__type_support.cpp.o
/usr/bin/c++ -DROSIDL_TYPESUPPORT_CPP_BUILDING_DLL -DROS_PACKAGE_NAME=\"mecheye_ros_interface\" -I/usr/include/eigen3 -I/home/inauenma/git/mecheye_ros2_interface/build/mecheye_ros_interface/rosidl_generator_c -I/home/inauenma/git/mecheye_ros2_interface/build/mecheye_ros_interface/rosidl_generator_cpp -isystem /opt/ros/jazzy/include/std_msgs -isystem /opt/ros/jazzy/include/builtin_interfaces -isystem /opt/ros/jazzy/include/rosidl_runtime_c -isystem /opt/ros/jazzy/include/rcutils -isystem /opt/ros/jazzy/include/rosidl_typesupport_interface -isystem /opt/ros/jazzy/include/sensor_msgs -isystem /opt/ros/jazzy/include/geometry_msgs -isystem /opt/ros/jazzy/include/service_msgs -isystem /opt/ros/jazzy/include/rosidl_runtime_cpp -isystem /opt/ros/jazzy/include/rosidl_typesupport_cpp -isystem /opt/ros/jazzy/include/rosidl_typesupport_c -std=gnu++17 -fPIC -Wall -Wextra -Wpedantic -MD -MT CMakeFiles/mecheye_ros_interface__rosidl_typesupport_cpp.dir/rosidl_typesupport_cpp/mecheye_ros_interface/srv/capture_stereo_color_images__type_support.cpp.o -MF CMakeFiles/mecheye_ros_interface__rosidl_typesupport_cpp.dir/rosidl_typesupport_cpp/mecheye_ros_interface/srv/capture_stereo_color_images__type_support.cpp.o.d -o CMakeFiles/mecheye_ros_interface__rosidl_typesupport_cpp.dir/rosidl_typesupport_cpp/mecheye_ros_interface/srv/capture_stereo_color_images__type_support.cpp.o -c /home/inauenma/git/mecheye_ros2_interface/build/mecheye_ros_interface/rosidl_typesupport_cpp/mecheye_ros_interface/srv/capture_stereo_color_images__type_support.cpp
[ 37%] Building CXX object CMakeFiles/mecheye_ros_interface__rosidl_typesupport_c.dir/rosidl_typesupport_c/mecheye_ros_interface/srv/set_int_parameter__type_support.cpp.o
/usr/bin/c++ -DROSIDL_GENERATOR_C_BUILDING_DLL_mecheye_ros_interface -DROS_PACKAGE_NAME=\"mecheye_ros_interface\" -I/usr/include/eigen3 -I/home/inauenma/git/mecheye_ros2_interface/build/mecheye_ros_interface/rosidl_generator_c -isystem /opt/ros/jazzy/include/std_msgs -isystem /opt/ros/jazzy/include/builtin_interfaces -isystem /opt/ros/jazzy/include/rosidl_runtime_c -isystem /opt/ros/jazzy/include/rcutils -isystem /opt/ros/jazzy/include/rosidl_typesupport_interface -isystem /opt/ros/jazzy/include/sensor_msgs -isystem /opt/ros/jazzy/include/geometry_msgs -isystem /opt/ros/jazzy/include/service_msgs -isystem /opt/ros/jazzy/include/rosidl_typesupport_c -std=gnu++17 -fPIC -Wall -MD -MT CMakeFiles/mecheye_ros_interface__rosidl_typesupport_c.dir/rosidl_typesupport_c/mecheye_ros_interface/srv/set_int_parameter__type_support.cpp.o -MF CMakeFiles/mecheye_ros_interface__rosidl_typesupport_c.dir/rosidl_typesupport_c/mecheye_ros_interface/srv/set_int_parameter__type_support.cpp.o.d -o CMakeFiles/mecheye_ros_interface__rosidl_typesupport_c.dir/rosidl_typesupport_c/mecheye_ros_interface/srv/set_int_parameter__type_support.cpp.o -c /home/inauenma/git/mecheye_ros2_interface/build/mecheye_ros_interface/rosidl_typesupport_c/mecheye_ros_interface/srv/set_int_parameter__type_support.cpp
[ 37%] Building CXX object CMakeFiles/mecheye_ros_interface__rosidl_typesupport_c.dir/rosidl_typesupport_c/mecheye_ros_interface/srv/get_int_parameter__type_support.cpp.o
[ 37%] Building CXX object CMakeFiles/mecheye_ros_interface__rosidl_typesupport_cpp.dir/rosidl_typesupport_cpp/mecheye_ros_interface/srv/capture_textured_point_cloud__type_support.cpp.o
/usr/bin/c++ -DROSIDL_GENERATOR_C_BUILDING_DLL_mecheye_ros_interface -DROS_PACKAGE_NAME=\"mecheye_ros_interface\" -I/usr/include/eigen3 -I/home/inauenma/git/mecheye_ros2_interface/build/mecheye_ros_interface/rosidl_generator_c -isystem /opt/ros/jazzy/include/std_msgs -isystem /opt/ros/jazzy/include/builtin_interfaces -isystem /opt/ros/jazzy/include/rosidl_runtime_c -isystem /opt/ros/jazzy/include/rcutils -isystem /opt/ros/jazzy/include/rosidl_typesupport_interface -isystem /opt/ros/jazzy/include/sensor_msgs -isystem /opt/ros/jazzy/include/geometry_msgs -isystem /opt/ros/jazzy/include/service_msgs -isystem /opt/ros/jazzy/include/rosidl_typesupport_c -std=gnu++17 -fPIC -Wall -MD -MT CMakeFiles/mecheye_ros_interface__rosidl_typesupport_c.dir/rosidl_typesupport_c/mecheye_ros_interface/srv/get_int_parameter__type_support.cpp.o -MF CMakeFiles/mecheye_ros_interface__rosidl_typesupport_c.dir/rosidl_typesupport_c/mecheye_ros_interface/srv/get_int_parameter__type_support.cpp.o.d -o CMakeFiles/mecheye_ros_interface__rosidl_typesupport_c.dir/rosidl_typesupport_c/mecheye_ros_interface/srv/get_int_parameter__type_support.cpp.o -c /home/inauenma/git/mecheye_ros2_interface/build/mecheye_ros_interface/rosidl_typesupport_c/mecheye_ros_interface/srv/get_int_parameter__type_support.cpp
/usr/bin/c++ -DROSIDL_TYPESUPPORT_CPP_BUILDING_DLL -DROS_PACKAGE_NAME=\"mecheye_ros_interface\" -I/usr/include/eigen3 -I/home/inauenma/git/mecheye_ros2_interface/build/mecheye_ros_interface/rosidl_generator_c -I/home/inauenma/git/mecheye_ros2_interface/build/mecheye_ros_interface/rosidl_generator_cpp -isystem /opt/ros/jazzy/include/std_msgs -isystem /opt/ros/jazzy/include/builtin_interfaces -isystem /opt/ros/jazzy/include/rosidl_runtime_c -isystem /opt/ros/jazzy/include/rcutils -isystem /opt/ros/jazzy/include/rosidl_typesupport_interface -isystem /opt/ros/jazzy/include/sensor_msgs -isystem /opt/ros/jazzy/include/geometry_msgs -isystem /opt/ros/jazzy/include/service_msgs -isystem /opt/ros/jazzy/include/rosidl_runtime_cpp -isystem /opt/ros/jazzy/include/rosidl_typesupport_cpp -isystem /opt/ros/jazzy/include/rosidl_typesupport_c -std=gnu++17 -fPIC -Wall -Wextra -Wpedantic -MD -MT CMakeFiles/mecheye_ros_interface__rosidl_typesupport_cpp.dir/rosidl_typesupport_cpp/mecheye_ros_interface/srv/capture_textured_point_cloud__type_support.cpp.o -MF CMakeFiles/mecheye_ros_interface__rosidl_typesupport_cpp.dir/rosidl_typesupport_cpp/mecheye_ros_interface/srv/capture_textured_point_cloud__type_support.cpp.o.d -o CMakeFiles/mecheye_ros_interface__rosidl_typesupport_cpp.dir/rosidl_typesupport_cpp/mecheye_ros_interface/srv/capture_textured_point_cloud__type_support.cpp.o -c /home/inauenma/git/mecheye_ros2_interface/build/mecheye_ros_interface/rosidl_typesupport_cpp/mecheye_ros_interface/srv/capture_textured_point_cloud__type_support.cpp
[ 37%] Building CXX object CMakeFiles/mecheye_ros_interface__rosidl_typesupport_c.dir/rosidl_typesupport_c/mecheye_ros_interface/srv/set_range_parameter__type_support.cpp.o
/usr/bin/c++ -DROSIDL_GENERATOR_C_BUILDING_DLL_mecheye_ros_interface -DROS_PACKAGE_NAME=\"mecheye_ros_interface\" -I/usr/include/eigen3 -I/home/inauenma/git/mecheye_ros2_interface/build/mecheye_ros_interface/rosidl_generator_c -isystem /opt/ros/jazzy/include/std_msgs -isystem /opt/ros/jazzy/include/builtin_interfaces -isystem /opt/ros/jazzy/include/rosidl_runtime_c -isystem /opt/ros/jazzy/include/rcutils -isystem /opt/ros/jazzy/include/rosidl_typesupport_interface -isystem /opt/ros/jazzy/include/sensor_msgs -isystem /opt/ros/jazzy/include/geometry_msgs -isystem /opt/ros/jazzy/include/service_msgs -isystem /opt/ros/jazzy/include/rosidl_typesupport_c -std=gnu++17 -fPIC -Wall -MD -MT CMakeFiles/mecheye_ros_interface__rosidl_typesupport_c.dir/rosidl_typesupport_c/mecheye_ros_interface/srv/set_range_parameter__type_support.cpp.o -MF CMakeFiles/mecheye_ros_interface__rosidl_typesupport_c.dir/rosidl_typesupport_c/mecheye_ros_interface/srv/set_range_parameter__type_support.cpp.o.d -o CMakeFiles/mecheye_ros_interface__rosidl_typesupport_c.dir/rosidl_typesupport_c/mecheye_ros_interface/srv/set_range_parameter__type_support.cpp.o -c /home/inauenma/git/mecheye_ros2_interface/build/mecheye_ros_interface/rosidl_typesupport_c/mecheye_ros_interface/srv/set_range_parameter__type_support.cpp
[ 38%] Building CXX object CMakeFiles/mecheye_ros_interface__rosidl_typesupport_c.dir/rosidl_typesupport_c/mecheye_ros_interface/srv/get_range_parameter__type_support.cpp.o
/usr/bin/c++ -DROSIDL_GENERATOR_C_BUILDING_DLL_mecheye_ros_interface -DROS_PACKAGE_NAME=\"mecheye_ros_interface\" -I/usr/include/eigen3 -I/home/inauenma/git/mecheye_ros2_interface/build/mecheye_ros_interface/rosidl_generator_c -isystem /opt/ros/jazzy/include/std_msgs -isystem /opt/ros/jazzy/include/builtin_interfaces -isystem /opt/ros/jazzy/include/rosidl_runtime_c -isystem /opt/ros/jazzy/include/rcutils -isystem /opt/ros/jazzy/include/rosidl_typesupport_interface -isystem /opt/ros/jazzy/include/sensor_msgs -isystem /opt/ros/jazzy/include/geometry_msgs -isystem /opt/ros/jazzy/include/service_msgs -isystem /opt/ros/jazzy/include/rosidl_typesupport_c -std=gnu++17 -fPIC -Wall -MD -MT CMakeFiles/mecheye_ros_interface__rosidl_typesupport_c.dir/rosidl_typesupport_c/mecheye_ros_interface/srv/get_range_parameter__type_support.cpp.o -MF CMakeFiles/mecheye_ros_interface__rosidl_typesupport_c.dir/rosidl_typesupport_c/mecheye_ros_interface/srv/get_range_parameter__type_support.cpp.o.d -o CMakeFiles/mecheye_ros_interface__rosidl_typesupport_c.dir/rosidl_typesupport_c/mecheye_ros_interface/srv/get_range_parameter__type_support.cpp.o -c /home/inauenma/git/mecheye_ros2_interface/build/mecheye_ros_interface/rosidl_typesupport_c/mecheye_ros_interface/srv/get_range_parameter__type_support.cpp
[ 38%] Building CXX object CMakeFiles/mecheye_ros_interface__rosidl_typesupport_cpp.dir/rosidl_typesupport_cpp/mecheye_ros_interface/srv/capture_depth_map__type_support.cpp.o
/usr/bin/c++ -DROSIDL_TYPESUPPORT_CPP_BUILDING_DLL -DROS_PACKAGE_NAME=\"mecheye_ros_interface\" -I/usr/include/eigen3 -I/home/inauenma/git/mecheye_ros2_interface/build/mecheye_ros_interface/rosidl_generator_c -I/home/inauenma/git/mecheye_ros2_interface/build/mecheye_ros_interface/rosidl_generator_cpp -isystem /opt/ros/jazzy/include/std_msgs -isystem /opt/ros/jazzy/include/builtin_interfaces -isystem /opt/ros/jazzy/include/rosidl_runtime_c -isystem /opt/ros/jazzy/include/rcutils -isystem /opt/ros/jazzy/include/rosidl_typesupport_interface -isystem /opt/ros/jazzy/include/sensor_msgs -isystem /opt/ros/jazzy/include/geometry_msgs -isystem /opt/ros/jazzy/include/service_msgs -isystem /opt/ros/jazzy/include/rosidl_runtime_cpp -isystem /opt/ros/jazzy/include/rosidl_typesupport_cpp -isystem /opt/ros/jazzy/include/rosidl_typesupport_c -std=gnu++17 -fPIC -Wall -Wextra -Wpedantic -MD -MT CMakeFiles/mecheye_ros_interface__rosidl_typesupport_cpp.dir/rosidl_typesupport_cpp/mecheye_ros_interface/srv/capture_depth_map__type_support.cpp.o -MF CMakeFiles/mecheye_ros_interface__rosidl_typesupport_cpp.dir/rosidl_typesupport_cpp/mecheye_ros_interface/srv/capture_depth_map__type_support.cpp.o.d -o CMakeFiles/mecheye_ros_interface__rosidl_typesupport_cpp.dir/rosidl_typesupport_cpp/mecheye_ros_interface/srv/capture_depth_map__type_support.cpp.o -c /home/inauenma/git/mecheye_ros2_interface/build/mecheye_ros_interface/rosidl_typesupport_cpp/mecheye_ros_interface/srv/capture_depth_map__type_support.cpp
[ 38%] Building CXX object CMakeFiles/mecheye_ros_interface__rosidl_typesupport_c.dir/rosidl_typesupport_c/mecheye_ros_interface/srv/set_bool_parameter__type_support.cpp.o
/usr/bin/c++ -DROSIDL_GENERATOR_C_BUILDING_DLL_mecheye_ros_interface -DROS_PACKAGE_NAME=\"mecheye_ros_interface\" -I/usr/include/eigen3 -I/home/inauenma/git/mecheye_ros2_interface/build/mecheye_ros_interface/rosidl_generator_c -isystem /opt/ros/jazzy/include/std_msgs -isystem /opt/ros/jazzy/include/builtin_interfaces -isystem /opt/ros/jazzy/include/rosidl_runtime_c -isystem /opt/ros/jazzy/include/rcutils -isystem /opt/ros/jazzy/include/rosidl_typesupport_interface -isystem /opt/ros/jazzy/include/sensor_msgs -isystem /opt/ros/jazzy/include/geometry_msgs -isystem /opt/ros/jazzy/include/service_msgs -isystem /opt/ros/jazzy/include/rosidl_typesupport_c -std=gnu++17 -fPIC -Wall -MD -MT CMakeFiles/mecheye_ros_interface__rosidl_typesupport_c.dir/rosidl_typesupport_c/mecheye_ros_interface/srv/set_bool_parameter__type_support.cpp.o -MF CMakeFiles/mecheye_ros_interface__rosidl_typesupport_c.dir/rosidl_typesupport_c/mecheye_ros_interface/srv/set_bool_parameter__type_support.cpp.o.d -o CMakeFiles/mecheye_ros_interface__rosidl_typesupport_c.dir/rosidl_typesupport_c/mecheye_ros_interface/srv/set_bool_parameter__type_support.cpp.o -c /home/inauenma/git/mecheye_ros2_interface/build/mecheye_ros_interface/rosidl_typesupport_c/mecheye_ros_interface/srv/set_bool_parameter__type_support.cpp
[ 38%] Building CXX object CMakeFiles/mecheye_ros_interface__rosidl_typesupport_c.dir/rosidl_typesupport_c/mecheye_ros_interface/srv/get_bool_parameter__type_support.cpp.o
/usr/bin/c++ -DROSIDL_GENERATOR_C_BUILDING_DLL_mecheye_ros_interface -DROS_PACKAGE_NAME=\"mecheye_ros_interface\" -I/usr/include/eigen3 -I/home/inauenma/git/mecheye_ros2_interface/build/mecheye_ros_interface/rosidl_generator_c -isystem /opt/ros/jazzy/include/std_msgs -isystem /opt/ros/jazzy/include/builtin_interfaces -isystem /opt/ros/jazzy/include/rosidl_runtime_c -isystem /opt/ros/jazzy/include/rcutils -isystem /opt/ros/jazzy/include/rosidl_typesupport_interface -isystem /opt/ros/jazzy/include/sensor_msgs -isystem /opt/ros/jazzy/include/geometry_msgs -isystem /opt/ros/jazzy/include/service_msgs -isystem /opt/ros/jazzy/include/rosidl_typesupport_c -std=gnu++17 -fPIC -Wall -MD -MT CMakeFiles/mecheye_ros_interface__rosidl_typesupport_c.dir/rosidl_typesupport_c/mecheye_ros_interface/srv/get_bool_parameter__type_support.cpp.o -MF CMakeFiles/mecheye_ros_interface__rosidl_typesupport_c.dir/rosidl_typesupport_c/mecheye_ros_interface/srv/get_bool_parameter__type_support.cpp.o.d -o CMakeFiles/mecheye_ros_interface__rosidl_typesupport_c.dir/rosidl_typesupport_c/mecheye_ros_interface/srv/get_bool_parameter__type_support.cpp.o -c /home/inauenma/git/mecheye_ros2_interface/build/mecheye_ros_interface/rosidl_typesupport_c/mecheye_ros_interface/srv/get_bool_parameter__type_support.cpp
[ 39%] Building CXX object CMakeFiles/mecheye_ros_interface__rosidl_typesupport_cpp.dir/rosidl_typesupport_cpp/mecheye_ros_interface/srv/capture_point_cloud__type_support.cpp.o
/usr/bin/c++ -DROSIDL_TYPESUPPORT_CPP_BUILDING_DLL -DROS_PACKAGE_NAME=\"mecheye_ros_interface\" -I/usr/include/eigen3 -I/home/inauenma/git/mecheye_ros2_interface/build/mecheye_ros_interface/rosidl_generator_c -I/home/inauenma/git/mecheye_ros2_interface/build/mecheye_ros_interface/rosidl_generator_cpp -isystem /opt/ros/jazzy/include/std_msgs -isystem /opt/ros/jazzy/include/builtin_interfaces -isystem /opt/ros/jazzy/include/rosidl_runtime_c -isystem /opt/ros/jazzy/include/rcutils -isystem /opt/ros/jazzy/include/rosidl_typesupport_interface -isystem /opt/ros/jazzy/include/sensor_msgs -isystem /opt/ros/jazzy/include/geometry_msgs -isystem /opt/ros/jazzy/include/service_msgs -isystem /opt/ros/jazzy/include/rosidl_runtime_cpp -isystem /opt/ros/jazzy/include/rosidl_typesupport_cpp -isystem /opt/ros/jazzy/include/rosidl_typesupport_c -std=gnu++17 -fPIC -Wall -Wextra -Wpedantic -MD -MT CMakeFiles/mecheye_ros_interface__rosidl_typesupport_cpp.dir/rosidl_typesupport_cpp/mecheye_ros_interface/srv/capture_point_cloud__type_support.cpp.o -MF CMakeFiles/mecheye_ros_interface__rosidl_typesupport_cpp.dir/rosidl_typesupport_cpp/mecheye_ros_interface/srv/capture_point_cloud__type_support.cpp.o.d -o CMakeFiles/mecheye_ros_interface__rosidl_typesupport_cpp.dir/rosidl_typesupport_cpp/mecheye_ros_interface/srv/capture_point_cloud__type_support.cpp.o -c /home/inauenma/git/mecheye_ros2_interface/build/mecheye_ros_interface/rosidl_typesupport_cpp/mecheye_ros_interface/srv/capture_point_cloud__type_support.cpp
[ 39%] Building CXX object CMakeFiles/mecheye_ros_interface__rosidl_typesupport_cpp.dir/rosidl_typesupport_cpp/mecheye_ros_interface/srv/delete_user_set__type_support.cpp.o
/usr/bin/c++ -DROSIDL_TYPESUPPORT_CPP_BUILDING_DLL -DROS_PACKAGE_NAME=\"mecheye_ros_interface\" -I/usr/include/eigen3 -I/home/inauenma/git/mecheye_ros2_interface/build/mecheye_ros_interface/rosidl_generator_c -I/home/inauenma/git/mecheye_ros2_interface/build/mecheye_ros_interface/rosidl_generator_cpp -isystem /opt/ros/jazzy/include/std_msgs -isystem /opt/ros/jazzy/include/builtin_interfaces -isystem /opt/ros/jazzy/include/rosidl_runtime_c -isystem /opt/ros/jazzy/include/rcutils -isystem /opt/ros/jazzy/include/rosidl_typesupport_interface -isystem /opt/ros/jazzy/include/sensor_msgs -isystem /opt/ros/jazzy/include/geometry_msgs -isystem /opt/ros/jazzy/include/service_msgs -isystem /opt/ros/jazzy/include/rosidl_runtime_cpp -isystem /opt/ros/jazzy/include/rosidl_typesupport_cpp -isystem /opt/ros/jazzy/include/rosidl_typesupport_c -std=gnu++17 -fPIC -Wall -Wextra -Wpedantic -MD -MT CMakeFiles/mecheye_ros_interface__rosidl_typesupport_cpp.dir/rosidl_typesupport_cpp/mecheye_ros_interface/srv/delete_user_set__type_support.cpp.o -MF CMakeFiles/mecheye_ros_interface__rosidl_typesupport_cpp.dir/rosidl_typesupport_cpp/mecheye_ros_interface/srv/delete_user_set__type_support.cpp.o.d -o CMakeFiles/mecheye_ros_interface__rosidl_typesupport_cpp.dir/rosidl_typesupport_cpp/mecheye_ros_interface/srv/delete_user_set__type_support.cpp.o -c /home/inauenma/git/mecheye_ros2_interface/build/mecheye_ros_interface/rosidl_typesupport_cpp/mecheye_ros_interface/srv/delete_user_set__type_support.cpp
[ 40%] Building CXX object CMakeFiles/mecheye_ros_interface__rosidl_typesupport_c.dir/rosidl_typesupport_c/mecheye_ros_interface/srv/set_enum_parameter__type_support.cpp.o
/usr/bin/c++ -DROSIDL_GENERATOR_C_BUILDING_DLL_mecheye_ros_interface -DROS_PACKAGE_NAME=\"mecheye_ros_interface\" -I/usr/include/eigen3 -I/home/inauenma/git/mecheye_ros2_interface/build/mecheye_ros_interface/rosidl_generator_c -isystem /opt/ros/jazzy/include/std_msgs -isystem /opt/ros/jazzy/include/builtin_interfaces -isystem /opt/ros/jazzy/include/rosidl_runtime_c -isystem /opt/ros/jazzy/include/rcutils -isystem /opt/ros/jazzy/include/rosidl_typesupport_interface -isystem /opt/ros/jazzy/include/sensor_msgs -isystem /opt/ros/jazzy/include/geometry_msgs -isystem /opt/ros/jazzy/include/service_msgs -isystem /opt/ros/jazzy/include/rosidl_typesupport_c -std=gnu++17 -fPIC -Wall -MD -MT CMakeFiles/mecheye_ros_interface__rosidl_typesupport_c.dir/rosidl_typesupport_c/mecheye_ros_interface/srv/set_enum_parameter__type_support.cpp.o -MF CMakeFiles/mecheye_ros_interface__rosidl_typesupport_c.dir/rosidl_typesupport_c/mecheye_ros_interface/srv/set_enum_parameter__type_support.cpp.o.d -o CMakeFiles/mecheye_ros_interface__rosidl_typesupport_c.dir/rosidl_typesupport_c/mecheye_ros_interface/srv/set_enum_parameter__type_support.cpp.o -c /home/inauenma/git/mecheye_ros2_interface/build/mecheye_ros_interface/rosidl_typesupport_c/mecheye_ros_interface/srv/set_enum_parameter__type_support.cpp
[ 40%] Building CXX object CMakeFiles/mecheye_ros_interface__rosidl_typesupport_cpp.dir/rosidl_typesupport_cpp/mecheye_ros_interface/srv/device_info__type_support.cpp.o
/usr/bin/c++ -DROSIDL_TYPESUPPORT_CPP_BUILDING_DLL -DROS_PACKAGE_NAME=\"mecheye_ros_interface\" -I/usr/include/eigen3 -I/home/inauenma/git/mecheye_ros2_interface/build/mecheye_ros_interface/rosidl_generator_c -I/home/inauenma/git/mecheye_ros2_interface/build/mecheye_ros_interface/rosidl_generator_cpp -isystem /opt/ros/jazzy/include/std_msgs -isystem /opt/ros/jazzy/include/builtin_interfaces -isystem /opt/ros/jazzy/include/rosidl_runtime_c -isystem /opt/ros/jazzy/include/rcutils -isystem /opt/ros/jazzy/include/rosidl_typesupport_interface -isystem /opt/ros/jazzy/include/sensor_msgs -isystem /opt/ros/jazzy/include/geometry_msgs -isystem /opt/ros/jazzy/include/service_msgs -isystem /opt/ros/jazzy/include/rosidl_runtime_cpp -isystem /opt/ros/jazzy/include/rosidl_typesupport_cpp -isystem /opt/ros/jazzy/include/rosidl_typesupport_c -std=gnu++17 -fPIC -Wall -Wextra -Wpedantic -MD -MT CMakeFiles/mecheye_ros_interface__rosidl_typesupport_cpp.dir/rosidl_typesupport_cpp/mecheye_ros_interface/srv/device_info__type_support.cpp.o -MF CMakeFiles/mecheye_ros_interface__rosidl_typesupport_cpp.dir/rosidl_typesupport_cpp/mecheye_ros_interface/srv/device_info__type_support.cpp.o.d -o CMakeFiles/mecheye_ros_interface__rosidl_typesupport_cpp.dir/rosidl_typesupport_cpp/mecheye_ros_interface/srv/device_info__type_support.cpp.o -c /home/inauenma/git/mecheye_ros2_interface/build/mecheye_ros_interface/rosidl_typesupport_cpp/mecheye_ros_interface/srv/device_info__type_support.cpp
[ 40%] Building CXX object CMakeFiles/mecheye_ros_interface__rosidl_typesupport_c.dir/rosidl_typesupport_c/mecheye_ros_interface/srv/get_enum_parameter__type_support.cpp.o
/usr/bin/c++ -DROSIDL_GENERATOR_C_BUILDING_DLL_mecheye_ros_interface -DROS_PACKAGE_NAME=\"mecheye_ros_interface\" -I/usr/include/eigen3 -I/home/inauenma/git/mecheye_ros2_interface/build/mecheye_ros_interface/rosidl_generator_c -isystem /opt/ros/jazzy/include/std_msgs -isystem /opt/ros/jazzy/include/builtin_interfaces -isystem /opt/ros/jazzy/include/rosidl_runtime_c -isystem /opt/ros/jazzy/include/rcutils -isystem /opt/ros/jazzy/include/rosidl_typesupport_interface -isystem /opt/ros/jazzy/include/sensor_msgs -isystem /opt/ros/jazzy/include/geometry_msgs -isystem /opt/ros/jazzy/include/service_msgs -isystem /opt/ros/jazzy/include/rosidl_typesupport_c -std=gnu++17 -fPIC -Wall -MD -MT CMakeFiles/mecheye_ros_interface__rosidl_typesupport_c.dir/rosidl_typesupport_c/mecheye_ros_interface/srv/get_enum_parameter__type_support.cpp.o -MF CMakeFiles/mecheye_ros_interface__rosidl_typesupport_c.dir/rosidl_typesupport_c/mecheye_ros_interface/srv/get_enum_parameter__type_support.cpp.o.d -o CMakeFiles/mecheye_ros_interface__rosidl_typesupport_c.dir/rosidl_typesupport_c/mecheye_ros_interface/srv/get_enum_parameter__type_support.cpp.o -c /home/inauenma/git/mecheye_ros2_interface/build/mecheye_ros_interface/rosidl_typesupport_c/mecheye_ros_interface/srv/get_enum_parameter__type_support.cpp
[ 40%] Building CXX object CMakeFiles/mecheye_ros_interface__rosidl_typesupport_c.dir/rosidl_typesupport_c/mecheye_ros_interface/srv/set_float_parameter__type_support.cpp.o
/usr/bin/c++ -DROSIDL_GENERATOR_C_BUILDING_DLL_mecheye_ros_interface -DROS_PACKAGE_NAME=\"mecheye_ros_interface\" -I/usr/include/eigen3 -I/home/inauenma/git/mecheye_ros2_interface/build/mecheye_ros_interface/rosidl_generator_c -isystem /opt/ros/jazzy/include/std_msgs -isystem /opt/ros/jazzy/include/builtin_interfaces -isystem /opt/ros/jazzy/include/rosidl_runtime_c -isystem /opt/ros/jazzy/include/rcutils -isystem /opt/ros/jazzy/include/rosidl_typesupport_interface -isystem /opt/ros/jazzy/include/sensor_msgs -isystem /opt/ros/jazzy/include/geometry_msgs -isystem /opt/ros/jazzy/include/service_msgs -isystem /opt/ros/jazzy/include/rosidl_typesupport_c -std=gnu++17 -fPIC -Wall -MD -MT CMakeFiles/mecheye_ros_interface__rosidl_typesupport_c.dir/rosidl_typesupport_c/mecheye_ros_interface/srv/set_float_parameter__type_support.cpp.o -MF CMakeFiles/mecheye_ros_interface__rosidl_typesupport_c.dir/rosidl_typesupport_c/mecheye_ros_interface/srv/set_float_parameter__type_support.cpp.o.d -o CMakeFiles/mecheye_ros_interface__rosidl_typesupport_c.dir/rosidl_typesupport_c/mecheye_ros_interface/srv/set_float_parameter__type_support.cpp.o -c /home/inauenma/git/mecheye_ros2_interface/build/mecheye_ros_interface/rosidl_typesupport_c/mecheye_ros_interface/srv/set_float_parameter__type_support.cpp
[ 41%] Building CXX object CMakeFiles/mecheye_ros_interface__rosidl_typesupport_cpp.dir/rosidl_typesupport_cpp/mecheye_ros_interface/srv/get_all_user_sets__type_support.cpp.o
/usr/bin/c++ -DROSIDL_TYPESUPPORT_CPP_BUILDING_DLL -DROS_PACKAGE_NAME=\"mecheye_ros_interface\" -I/usr/include/eigen3 -I/home/inauenma/git/mecheye_ros2_interface/build/mecheye_ros_interface/rosidl_generator_c -I/home/inauenma/git/mecheye_ros2_interface/build/mecheye_ros_interface/rosidl_generator_cpp -isystem /opt/ros/jazzy/include/std_msgs -isystem /opt/ros/jazzy/include/builtin_interfaces -isystem /opt/ros/jazzy/include/rosidl_runtime_c -isystem /opt/ros/jazzy/include/rcutils -isystem /opt/ros/jazzy/include/rosidl_typesupport_interface -isystem /opt/ros/jazzy/include/sensor_msgs -isystem /opt/ros/jazzy/include/geometry_msgs -isystem /opt/ros/jazzy/include/service_msgs -isystem /opt/ros/jazzy/include/rosidl_runtime_cpp -isystem /opt/ros/jazzy/include/rosidl_typesupport_cpp -isystem /opt/ros/jazzy/include/rosidl_typesupport_c -std=gnu++17 -fPIC -Wall -Wextra -Wpedantic -MD -MT CMakeFiles/mecheye_ros_interface__rosidl_typesupport_cpp.dir/rosidl_typesupport_cpp/mecheye_ros_interface/srv/get_all_user_sets__type_support.cpp.o -MF CMakeFiles/mecheye_ros_interface__rosidl_typesupport_cpp.dir/rosidl_typesupport_cpp/mecheye_ros_interface/srv/get_all_user_sets__type_support.cpp.o.d -o CMakeFiles/mecheye_ros_interface__rosidl_typesupport_cpp.dir/rosidl_typesupport_cpp/mecheye_ros_interface/srv/get_all_user_sets__type_support.cpp.o -c /home/inauenma/git/mecheye_ros2_interface/build/mecheye_ros_interface/rosidl_typesupport_cpp/mecheye_ros_interface/srv/get_all_user_sets__type_support.cpp
[ 42%] Building CXX object CMakeFiles/mecheye_ros_interface__rosidl_typesupport_c.dir/rosidl_typesupport_c/mecheye_ros_interface/srv/get_float_parameter__type_support.cpp.o
/usr/bin/c++ -DROSIDL_GENERATOR_C_BUILDING_DLL_mecheye_ros_interface -DROS_PACKAGE_NAME=\"mecheye_ros_interface\" -I/usr/include/eigen3 -I/home/inauenma/git/mecheye_ros2_interface/build/mecheye_ros_interface/rosidl_generator_c -isystem /opt/ros/jazzy/include/std_msgs -isystem /opt/ros/jazzy/include/builtin_interfaces -isystem /opt/ros/jazzy/include/rosidl_runtime_c -isystem /opt/ros/jazzy/include/rcutils -isystem /opt/ros/jazzy/include/rosidl_typesupport_interface -isystem /opt/ros/jazzy/include/sensor_msgs -isystem /opt/ros/jazzy/include/geometry_msgs -isystem /opt/ros/jazzy/include/service_msgs -isystem /opt/ros/jazzy/include/rosidl_typesupport_c -std=gnu++17 -fPIC -Wall -MD -MT CMakeFiles/mecheye_ros_interface__rosidl_typesupport_c.dir/rosidl_typesupport_c/mecheye_ros_interface/srv/get_float_parameter__type_support.cpp.o -MF CMakeFiles/mecheye_ros_interface__rosidl_typesupport_c.dir/rosidl_typesupport_c/mecheye_ros_interface/srv/get_float_parameter__type_support.cpp.o.d -o CMakeFiles/mecheye_ros_interface__rosidl_typesupport_c.dir/rosidl_typesupport_c/mecheye_ros_interface/srv/get_float_parameter__type_support.cpp.o -c /home/inauenma/git/mecheye_ros2_interface/build/mecheye_ros_interface/rosidl_typesupport_c/mecheye_ros_interface/srv/get_float_parameter__type_support.cpp
[ 42%] Building CXX object CMakeFiles/mecheye_ros_interface__rosidl_typesupport_cpp.dir/rosidl_typesupport_cpp/mecheye_ros_interface/srv/get_current_user_set__type_support.cpp.o
/usr/bin/c++ -DROSIDL_TYPESUPPORT_CPP_BUILDING_DLL -DROS_PACKAGE_NAME=\"mecheye_ros_interface\" -I/usr/include/eigen3 -I/home/inauenma/git/mecheye_ros2_interface/build/mecheye_ros_interface/rosidl_generator_c -I/home/inauenma/git/mecheye_ros2_interface/build/mecheye_ros_interface/rosidl_generator_cpp -isystem /opt/ros/jazzy/include/std_msgs -isystem /opt/ros/jazzy/include/builtin_interfaces -isystem /opt/ros/jazzy/include/rosidl_runtime_c -isystem /opt/ros/jazzy/include/rcutils -isystem /opt/ros/jazzy/include/rosidl_typesupport_interface -isystem /opt/ros/jazzy/include/sensor_msgs -isystem /opt/ros/jazzy/include/geometry_msgs -isystem /opt/ros/jazzy/include/service_msgs -isystem /opt/ros/jazzy/include/rosidl_runtime_cpp -isystem /opt/ros/jazzy/include/rosidl_typesupport_cpp -isystem /opt/ros/jazzy/include/rosidl_typesupport_c -std=gnu++17 -fPIC -Wall -Wextra -Wpedantic -MD -MT CMakeFiles/mecheye_ros_interface__rosidl_typesupport_cpp.dir/rosidl_typesupport_cpp/mecheye_ros_interface/srv/get_current_user_set__type_support.cpp.o -MF CMakeFiles/mecheye_ros_interface__rosidl_typesupport_cpp.dir/rosidl_typesupport_cpp/mecheye_ros_interface/srv/get_current_user_set__type_support.cpp.o.d -o CMakeFiles/mecheye_ros_interface__rosidl_typesupport_cpp.dir/rosidl_typesupport_cpp/mecheye_ros_interface/srv/get_current_user_set__type_support.cpp.o -c /home/inauenma/git/mecheye_ros2_interface/build/mecheye_ros_interface/rosidl_typesupport_cpp/mecheye_ros_interface/srv/get_current_user_set__type_support.cpp
[ 42%] Building CXX object CMakeFiles/mecheye_ros_interface__rosidl_typesupport_c.dir/rosidl_typesupport_c/mecheye_ros_interface/srv/set_float_array_parameter__type_support.cpp.o
/usr/bin/c++ -DROSIDL_GENERATOR_C_BUILDING_DLL_mecheye_ros_interface -DROS_PACKAGE_NAME=\"mecheye_ros_interface\" -I/usr/include/eigen3 -I/home/inauenma/git/mecheye_ros2_interface/build/mecheye_ros_interface/rosidl_generator_c -isystem /opt/ros/jazzy/include/std_msgs -isystem /opt/ros/jazzy/include/builtin_interfaces -isystem /opt/ros/jazzy/include/rosidl_runtime_c -isystem /opt/ros/jazzy/include/rcutils -isystem /opt/ros/jazzy/include/rosidl_typesupport_interface -isystem /opt/ros/jazzy/include/sensor_msgs -isystem /opt/ros/jazzy/include/geometry_msgs -isystem /opt/ros/jazzy/include/service_msgs -isystem /opt/ros/jazzy/include/rosidl_typesupport_c -std=gnu++17 -fPIC -Wall -MD -MT CMakeFiles/mecheye_ros_interface__rosidl_typesupport_c.dir/rosidl_typesupport_c/mecheye_ros_interface/srv/set_float_array_parameter__type_support.cpp.o -MF CMakeFiles/mecheye_ros_interface__rosidl_typesupport_c.dir/rosidl_typesupport_c/mecheye_ros_interface/srv/set_float_array_parameter__type_support.cpp.o.d -o CMakeFiles/mecheye_ros_interface__rosidl_typesupport_c.dir/rosidl_typesupport_c/mecheye_ros_interface/srv/set_float_array_parameter__type_support.cpp.o -c /home/inauenma/git/mecheye_ros2_interface/build/mecheye_ros_interface/rosidl_typesupport_c/mecheye_ros_interface/srv/set_float_array_parameter__type_support.cpp
[ 42%] Building CXX object CMakeFiles/mecheye_ros_interface__rosidl_typesupport_cpp.dir/rosidl_typesupport_cpp/mecheye_ros_interface/srv/set_int_parameter__type_support.cpp.o
/usr/bin/c++ -DROSIDL_TYPESUPPORT_CPP_BUILDING_DLL -DROS_PACKAGE_NAME=\"mecheye_ros_interface\" -I/usr/include/eigen3 -I/home/inauenma/git/mecheye_ros2_interface/build/mecheye_ros_interface/rosidl_generator_c -I/home/inauenma/git/mecheye_ros2_interface/build/mecheye_ros_interface/rosidl_generator_cpp -isystem /opt/ros/jazzy/include/std_msgs -isystem /opt/ros/jazzy/include/builtin_interfaces -isystem /opt/ros/jazzy/include/rosidl_runtime_c -isystem /opt/ros/jazzy/include/rcutils -isystem /opt/ros/jazzy/include/rosidl_typesupport_interface -isystem /opt/ros/jazzy/include/sensor_msgs -isystem /opt/ros/jazzy/include/geometry_msgs -isystem /opt/ros/jazzy/include/service_msgs -isystem /opt/ros/jazzy/include/rosidl_runtime_cpp -isystem /opt/ros/jazzy/include/rosidl_typesupport_cpp -isystem /opt/ros/jazzy/include/rosidl_typesupport_c -std=gnu++17 -fPIC -Wall -Wextra -Wpedantic -MD -MT CMakeFiles/mecheye_ros_interface__rosidl_typesupport_cpp.dir/rosidl_typesupport_cpp/mecheye_ros_interface/srv/set_int_parameter__type_support.cpp.o -MF CMakeFiles/mecheye_ros_interface__rosidl_typesupport_cpp.dir/rosidl_typesupport_cpp/mecheye_ros_interface/srv/set_int_parameter__type_support.cpp.o.d -o CMakeFiles/mecheye_ros_interface__rosidl_typesupport_cpp.dir/rosidl_typesupport_cpp/mecheye_ros_interface/srv/set_int_parameter__type_support.cpp.o -c /home/inauenma/git/mecheye_ros2_interface/build/mecheye_ros_interface/rosidl_typesupport_cpp/mecheye_ros_interface/srv/set_int_parameter__type_support.cpp
[ 43%] Building CXX object CMakeFiles/mecheye_ros_interface__rosidl_typesupport_cpp.dir/rosidl_typesupport_cpp/mecheye_ros_interface/srv/get_int_parameter__type_support.cpp.o
/usr/bin/c++ -DROSIDL_TYPESUPPORT_CPP_BUILDING_DLL -DROS_PACKAGE_NAME=\"mecheye_ros_interface\" -I/usr/include/eigen3 -I/home/inauenma/git/mecheye_ros2_interface/build/mecheye_ros_interface/rosidl_generator_c -I/home/inauenma/git/mecheye_ros2_interface/build/mecheye_ros_interface/rosidl_generator_cpp -isystem /opt/ros/jazzy/include/std_msgs -isystem /opt/ros/jazzy/include/builtin_interfaces -isystem /opt/ros/jazzy/include/rosidl_runtime_c -isystem /opt/ros/jazzy/include/rcutils -isystem /opt/ros/jazzy/include/rosidl_typesupport_interface -isystem /opt/ros/jazzy/include/sensor_msgs -isystem /opt/ros/jazzy/include/geometry_msgs -isystem /opt/ros/jazzy/include/service_msgs -isystem /opt/ros/jazzy/include/rosidl_runtime_cpp -isystem /opt/ros/jazzy/include/rosidl_typesupport_cpp -isystem /opt/ros/jazzy/include/rosidl_typesupport_c -std=gnu++17 -fPIC -Wall -Wextra -Wpedantic -MD -MT CMakeFiles/mecheye_ros_interface__rosidl_typesupport_cpp.dir/rosidl_typesupport_cpp/mecheye_ros_interface/srv/get_int_parameter__type_support.cpp.o -MF CMakeFiles/mecheye_ros_interface__rosidl_typesupport_cpp.dir/rosidl_typesupport_cpp/mecheye_ros_interface/srv/get_int_parameter__type_support.cpp.o.d -o CMakeFiles/mecheye_ros_interface__rosidl_typesupport_cpp.dir/rosidl_typesupport_cpp/mecheye_ros_interface/srv/get_int_parameter__type_support.cpp.o -c /home/inauenma/git/mecheye_ros2_interface/build/mecheye_ros_interface/rosidl_typesupport_cpp/mecheye_ros_interface/srv/get_int_parameter__type_support.cpp
[ 43%] Building CXX object CMakeFiles/mecheye_ros_interface__rosidl_typesupport_cpp.dir/rosidl_typesupport_cpp/mecheye_ros_interface/srv/set_range_parameter__type_support.cpp.o
/usr/bin/c++ -DROSIDL_TYPESUPPORT_CPP_BUILDING_DLL -DROS_PACKAGE_NAME=\"mecheye_ros_interface\" -I/usr/include/eigen3 -I/home/inauenma/git/mecheye_ros2_interface/build/mecheye_ros_interface/rosidl_generator_c -I/home/inauenma/git/mecheye_ros2_interface/build/mecheye_ros_interface/rosidl_generator_cpp -isystem /opt/ros/jazzy/include/std_msgs -isystem /opt/ros/jazzy/include/builtin_interfaces -isystem /opt/ros/jazzy/include/rosidl_runtime_c -isystem /opt/ros/jazzy/include/rcutils -isystem /opt/ros/jazzy/include/rosidl_typesupport_interface -isystem /opt/ros/jazzy/include/sensor_msgs -isystem /opt/ros/jazzy/include/geometry_msgs -isystem /opt/ros/jazzy/include/service_msgs -isystem /opt/ros/jazzy/include/rosidl_runtime_cpp -isystem /opt/ros/jazzy/include/rosidl_typesupport_cpp -isystem /opt/ros/jazzy/include/rosidl_typesupport_c -std=gnu++17 -fPIC -Wall -Wextra -Wpedantic -MD -MT CMakeFiles/mecheye_ros_interface__rosidl_typesupport_cpp.dir/rosidl_typesupport_cpp/mecheye_ros_interface/srv/set_range_parameter__type_support.cpp.o -MF CMakeFiles/mecheye_ros_interface__rosidl_typesupport_cpp.dir/rosidl_typesupport_cpp/mecheye_ros_interface/srv/set_range_parameter__type_support.cpp.o.d -o CMakeFiles/mecheye_ros_interface__rosidl_typesupport_cpp.dir/rosidl_typesupport_cpp/mecheye_ros_interface/srv/set_range_parameter__type_support.cpp.o -c /home/inauenma/git/mecheye_ros2_interface/build/mecheye_ros_interface/rosidl_typesupport_cpp/mecheye_ros_interface/srv/set_range_parameter__type_support.cpp
[ 44%] Building CXX object CMakeFiles/mecheye_ros_interface__rosidl_typesupport_cpp.dir/rosidl_typesupport_cpp/mecheye_ros_interface/srv/get_range_parameter__type_support.cpp.o
/usr/bin/c++ -DROSIDL_TYPESUPPORT_CPP_BUILDING_DLL -DROS_PACKAGE_NAME=\"mecheye_ros_interface\" -I/usr/include/eigen3 -I/home/inauenma/git/mecheye_ros2_interface/build/mecheye_ros_interface/rosidl_generator_c -I/home/inauenma/git/mecheye_ros2_interface/build/mecheye_ros_interface/rosidl_generator_cpp -isystem /opt/ros/jazzy/include/std_msgs -isystem /opt/ros/jazzy/include/builtin_interfaces -isystem /opt/ros/jazzy/include/rosidl_runtime_c -isystem /opt/ros/jazzy/include/rcutils -isystem /opt/ros/jazzy/include/rosidl_typesupport_interface -isystem /opt/ros/jazzy/include/sensor_msgs -isystem /opt/ros/jazzy/include/geometry_msgs -isystem /opt/ros/jazzy/include/service_msgs -isystem /opt/ros/jazzy/include/rosidl_runtime_cpp -isystem /opt/ros/jazzy/include/rosidl_typesupport_cpp -isystem /opt/ros/jazzy/include/rosidl_typesupport_c -std=gnu++17 -fPIC -Wall -Wextra -Wpedantic -MD -MT CMakeFiles/mecheye_ros_interface__rosidl_typesupport_cpp.dir/rosidl_typesupport_cpp/mecheye_ros_interface/srv/get_range_parameter__type_support.cpp.o -MF CMakeFiles/mecheye_ros_interface__rosidl_typesupport_cpp.dir/rosidl_typesupport_cpp/mecheye_ros_interface/srv/get_range_parameter__type_support.cpp.o.d -o CMakeFiles/mecheye_ros_interface__rosidl_typesupport_cpp.dir/rosidl_typesupport_cpp/mecheye_ros_interface/srv/get_range_parameter__type_support.cpp.o -c /home/inauenma/git/mecheye_ros2_interface/build/mecheye_ros_interface/rosidl_typesupport_cpp/mecheye_ros_interface/srv/get_range_parameter__type_support.cpp
[ 45%] Building CXX object CMakeFiles/mecheye_ros_interface__rosidl_typesupport_c.dir/rosidl_typesupport_c/mecheye_ros_interface/srv/get_float_array_parameter__type_support.cpp.o
/usr/bin/c++ -DROSIDL_GENERATOR_C_BUILDING_DLL_mecheye_ros_interface -DROS_PACKAGE_NAME=\"mecheye_ros_interface\" -I/usr/include/eigen3 -I/home/inauenma/git/mecheye_ros2_interface/build/mecheye_ros_interface/rosidl_generator_c -isystem /opt/ros/jazzy/include/std_msgs -isystem /opt/ros/jazzy/include/builtin_interfaces -isystem /opt/ros/jazzy/include/rosidl_runtime_c -isystem /opt/ros/jazzy/include/rcutils -isystem /opt/ros/jazzy/include/rosidl_typesupport_interface -isystem /opt/ros/jazzy/include/sensor_msgs -isystem /opt/ros/jazzy/include/geometry_msgs -isystem /opt/ros/jazzy/include/service_msgs -isystem /opt/ros/jazzy/include/rosidl_typesupport_c -std=gnu++17 -fPIC -Wall -MD -MT CMakeFiles/mecheye_ros_interface__rosidl_typesupport_c.dir/rosidl_typesupport_c/mecheye_ros_interface/srv/get_float_array_parameter__type_support.cpp.o -MF CMakeFiles/mecheye_ros_interface__rosidl_typesupport_c.dir/rosidl_typesupport_c/mecheye_ros_interface/srv/get_float_array_parameter__type_support.cpp.o.d -o CMakeFiles/mecheye_ros_interface__rosidl_typesupport_c.dir/rosidl_typesupport_c/mecheye_ros_interface/srv/get_float_array_parameter__type_support.cpp.o -c /home/inauenma/git/mecheye_ros2_interface/build/mecheye_ros_interface/rosidl_typesupport_c/mecheye_ros_interface/srv/get_float_array_parameter__type_support.cpp
[ 45%] Building CXX object CMakeFiles/mecheye_ros_interface__rosidl_typesupport_cpp.dir/rosidl_typesupport_cpp/mecheye_ros_interface/srv/set_bool_parameter__type_support.cpp.o
/usr/bin/c++ -DROSIDL_TYPESUPPORT_CPP_BUILDING_DLL -DROS_PACKAGE_NAME=\"mecheye_ros_interface\" -I/usr/include/eigen3 -I/home/inauenma/git/mecheye_ros2_interface/build/mecheye_ros_interface/rosidl_generator_c -I/home/inauenma/git/mecheye_ros2_interface/build/mecheye_ros_interface/rosidl_generator_cpp -isystem /opt/ros/jazzy/include/std_msgs -isystem /opt/ros/jazzy/include/builtin_interfaces -isystem /opt/ros/jazzy/include/rosidl_runtime_c -isystem /opt/ros/jazzy/include/rcutils -isystem /opt/ros/jazzy/include/rosidl_typesupport_interface -isystem /opt/ros/jazzy/include/sensor_msgs -isystem /opt/ros/jazzy/include/geometry_msgs -isystem /opt/ros/jazzy/include/service_msgs -isystem /opt/ros/jazzy/include/rosidl_runtime_cpp -isystem /opt/ros/jazzy/include/rosidl_typesupport_cpp -isystem /opt/ros/jazzy/include/rosidl_typesupport_c -std=gnu++17 -fPIC -Wall -Wextra -Wpedantic -MD -MT CMakeFiles/mecheye_ros_interface__rosidl_typesupport_cpp.dir/rosidl_typesupport_cpp/mecheye_ros_interface/srv/set_bool_parameter__type_support.cpp.o -MF CMakeFiles/mecheye_ros_interface__rosidl_typesupport_cpp.dir/rosidl_typesupport_cpp/mecheye_ros_interface/srv/set_bool_parameter__type_support.cpp.o.d -o CMakeFiles/mecheye_ros_interface__rosidl_typesupport_cpp.dir/rosidl_typesupport_cpp/mecheye_ros_interface/srv/set_bool_parameter__type_support.cpp.o -c /home/inauenma/git/mecheye_ros2_interface/build/mecheye_ros_interface/rosidl_typesupport_cpp/mecheye_ros_interface/srv/set_bool_parameter__type_support.cpp
[ 45%] Building CXX object CMakeFiles/mecheye_ros_interface__rosidl_typesupport_cpp.dir/rosidl_typesupport_cpp/mecheye_ros_interface/srv/get_bool_parameter__type_support.cpp.o
/usr/bin/c++ -DROSIDL_TYPESUPPORT_CPP_BUILDING_DLL -DROS_PACKAGE_NAME=\"mecheye_ros_interface\" -I/usr/include/eigen3 -I/home/inauenma/git/mecheye_ros2_interface/build/mecheye_ros_interface/rosidl_generator_c -I/home/inauenma/git/mecheye_ros2_interface/build/mecheye_ros_interface/rosidl_generator_cpp -isystem /opt/ros/jazzy/include/std_msgs -isystem /opt/ros/jazzy/include/builtin_interfaces -isystem /opt/ros/jazzy/include/rosidl_runtime_c -isystem /opt/ros/jazzy/include/rcutils -isystem /opt/ros/jazzy/include/rosidl_typesupport_interface -isystem /opt/ros/jazzy/include/sensor_msgs -isystem /opt/ros/jazzy/include/geometry_msgs -isystem /opt/ros/jazzy/include/service_msgs -isystem /opt/ros/jazzy/include/rosidl_runtime_cpp -isystem /opt/ros/jazzy/include/rosidl_typesupport_cpp -isystem /opt/ros/jazzy/include/rosidl_typesupport_c -std=gnu++17 -fPIC -Wall -Wextra -Wpedantic -MD -MT CMakeFiles/mecheye_ros_interface__rosidl_typesupport_cpp.dir/rosidl_typesupport_cpp/mecheye_ros_interface/srv/get_bool_parameter__type_support.cpp.o -MF CMakeFiles/mecheye_ros_interface__rosidl_typesupport_cpp.dir/rosidl_typesupport_cpp/mecheye_ros_interface/srv/get_bool_parameter__type_support.cpp.o.d -o CMakeFiles/mecheye_ros_interface__rosidl_typesupport_cpp.dir/rosidl_typesupport_cpp/mecheye_ros_interface/srv/get_bool_parameter__type_support.cpp.o -c /home/inauenma/git/mecheye_ros2_interface/build/mecheye_ros_interface/rosidl_typesupport_cpp/mecheye_ros_interface/srv/get_bool_parameter__type_support.cpp
[ 45%] Building CXX object CMakeFiles/mecheye_ros_interface__rosidl_typesupport_c.dir/rosidl_typesupport_c/mecheye_ros_interface/srv/set_roi_parameter__type_support.cpp.o
/usr/bin/c++ -DROSIDL_GENERATOR_C_BUILDING_DLL_mecheye_ros_interface -DROS_PACKAGE_NAME=\"mecheye_ros_interface\" -I/usr/include/eigen3 -I/home/inauenma/git/mecheye_ros2_interface/build/mecheye_ros_interface/rosidl_generator_c -isystem /opt/ros/jazzy/include/std_msgs -isystem /opt/ros/jazzy/include/builtin_interfaces -isystem /opt/ros/jazzy/include/rosidl_runtime_c -isystem /opt/ros/jazzy/include/rcutils -isystem /opt/ros/jazzy/include/rosidl_typesupport_interface -isystem /opt/ros/jazzy/include/sensor_msgs -isystem /opt/ros/jazzy/include/geometry_msgs -isystem /opt/ros/jazzy/include/service_msgs -isystem /opt/ros/jazzy/include/rosidl_typesupport_c -std=gnu++17 -fPIC -Wall -MD -MT CMakeFiles/mecheye_ros_interface__rosidl_typesupport_c.dir/rosidl_typesupport_c/mecheye_ros_interface/srv/set_roi_parameter__type_support.cpp.o -MF CMakeFiles/mecheye_ros_interface__rosidl_typesupport_c.dir/rosidl_typesupport_c/mecheye_ros_interface/srv/set_roi_parameter__type_support.cpp.o.d -o CMakeFiles/mecheye_ros_interface__rosidl_typesupport_c.dir/rosidl_typesupport_c/mecheye_ros_interface/srv/set_roi_parameter__type_support.cpp.o -c /home/inauenma/git/mecheye_ros2_interface/build/mecheye_ros_interface/rosidl_typesupport_c/mecheye_ros_interface/srv/set_roi_parameter__type_support.cpp
[ 45%] Building CXX object CMakeFiles/mecheye_ros_interface__rosidl_typesupport_c.dir/rosidl_typesupport_c/mecheye_ros_interface/srv/get_roi_parameter__type_support.cpp.o
/usr/bin/c++ -DROSIDL_GENERATOR_C_BUILDING_DLL_mecheye_ros_interface -DROS_PACKAGE_NAME=\"mecheye_ros_interface\" -I/usr/include/eigen3 -I/home/inauenma/git/mecheye_ros2_interface/build/mecheye_ros_interface/rosidl_generator_c -isystem /opt/ros/jazzy/include/std_msgs -isystem /opt/ros/jazzy/include/builtin_interfaces -isystem /opt/ros/jazzy/include/rosidl_runtime_c -isystem /opt/ros/jazzy/include/rcutils -isystem /opt/ros/jazzy/include/rosidl_typesupport_interface -isystem /opt/ros/jazzy/include/sensor_msgs -isystem /opt/ros/jazzy/include/geometry_msgs -isystem /opt/ros/jazzy/include/service_msgs -isystem /opt/ros/jazzy/include/rosidl_typesupport_c -std=gnu++17 -fPIC -Wall -MD -MT CMakeFiles/mecheye_ros_interface__rosidl_typesupport_c.dir/rosidl_typesupport_c/mecheye_ros_interface/srv/get_roi_parameter__type_support.cpp.o -MF CMakeFiles/mecheye_ros_interface__rosidl_typesupport_c.dir/rosidl_typesupport_c/mecheye_ros_interface/srv/get_roi_parameter__type_support.cpp.o.d -o CMakeFiles/mecheye_ros_interface__rosidl_typesupport_c.dir/rosidl_typesupport_c/mecheye_ros_interface/srv/get_roi_parameter__type_support.cpp.o -c /home/inauenma/git/mecheye_ros2_interface/build/mecheye_ros_interface/rosidl_typesupport_c/mecheye_ros_interface/srv/get_roi_parameter__type_support.cpp
[ 46%] Building CXX object CMakeFiles/mecheye_ros_interface__rosidl_typesupport_cpp.dir/rosidl_typesupport_cpp/mecheye_ros_interface/srv/set_enum_parameter__type_support.cpp.o
/usr/bin/c++ -DROSIDL_TYPESUPPORT_CPP_BUILDING_DLL -DROS_PACKAGE_NAME=\"mecheye_ros_interface\" -I/usr/include/eigen3 -I/home/inauenma/git/mecheye_ros2_interface/build/mecheye_ros_interface/rosidl_generator_c -I/home/inauenma/git/mecheye_ros2_interface/build/mecheye_ros_interface/rosidl_generator_cpp -isystem /opt/ros/jazzy/include/std_msgs -isystem /opt/ros/jazzy/include/builtin_interfaces -isystem /opt/ros/jazzy/include/rosidl_runtime_c -isystem /opt/ros/jazzy/include/rcutils -isystem /opt/ros/jazzy/include/rosidl_typesupport_interface -isystem /opt/ros/jazzy/include/sensor_msgs -isystem /opt/ros/jazzy/include/geometry_msgs -isystem /opt/ros/jazzy/include/service_msgs -isystem /opt/ros/jazzy/include/rosidl_runtime_cpp -isystem /opt/ros/jazzy/include/rosidl_typesupport_cpp -isystem /opt/ros/jazzy/include/rosidl_typesupport_c -std=gnu++17 -fPIC -Wall -Wextra -Wpedantic -MD -MT CMakeFiles/mecheye_ros_interface__rosidl_typesupport_cpp.dir/rosidl_typesupport_cpp/mecheye_ros_interface/srv/set_enum_parameter__type_support.cpp.o -MF CMakeFiles/mecheye_ros_interface__rosidl_typesupport_cpp.dir/rosidl_typesupport_cpp/mecheye_ros_interface/srv/set_enum_parameter__type_support.cpp.o.d -o CMakeFiles/mecheye_ros_interface__rosidl_typesupport_cpp.dir/rosidl_typesupport_cpp/mecheye_ros_interface/srv/set_enum_parameter__type_support.cpp.o -c /home/inauenma/git/mecheye_ros2_interface/build/mecheye_ros_interface/rosidl_typesupport_cpp/mecheye_ros_interface/srv/set_enum_parameter__type_support.cpp
[ 46%] Building CXX object CMakeFiles/mecheye_ros_interface__rosidl_typesupport_cpp.dir/rosidl_typesupport_cpp/mecheye_ros_interface/srv/get_enum_parameter__type_support.cpp.o
/usr/bin/c++ -DROSIDL_TYPESUPPORT_CPP_BUILDING_DLL -DROS_PACKAGE_NAME=\"mecheye_ros_interface\" -I/usr/include/eigen3 -I/home/inauenma/git/mecheye_ros2_interface/build/mecheye_ros_interface/rosidl_generator_c -I/home/inauenma/git/mecheye_ros2_interface/build/mecheye_ros_interface/rosidl_generator_cpp -isystem /opt/ros/jazzy/include/std_msgs -isystem /opt/ros/jazzy/include/builtin_interfaces -isystem /opt/ros/jazzy/include/rosidl_runtime_c -isystem /opt/ros/jazzy/include/rcutils -isystem /opt/ros/jazzy/include/rosidl_typesupport_interface -isystem /opt/ros/jazzy/include/sensor_msgs -isystem /opt/ros/jazzy/include/geometry_msgs -isystem /opt/ros/jazzy/include/service_msgs -isystem /opt/ros/jazzy/include/rosidl_runtime_cpp -isystem /opt/ros/jazzy/include/rosidl_typesupport_cpp -isystem /opt/ros/jazzy/include/rosidl_typesupport_c -std=gnu++17 -fPIC -Wall -Wextra -Wpedantic -MD -MT CMakeFiles/mecheye_ros_interface__rosidl_typesupport_cpp.dir/rosidl_typesupport_cpp/mecheye_ros_interface/srv/get_enum_parameter__type_support.cpp.o -MF CMakeFiles/mecheye_ros_interface__rosidl_typesupport_cpp.dir/rosidl_typesupport_cpp/mecheye_ros_interface/srv/get_enum_parameter__type_support.cpp.o.d -o CMakeFiles/mecheye_ros_interface__rosidl_typesupport_cpp.dir/rosidl_typesupport_cpp/mecheye_ros_interface/srv/get_enum_parameter__type_support.cpp.o -c /home/inauenma/git/mecheye_ros2_interface/build/mecheye_ros_interface/rosidl_typesupport_cpp/mecheye_ros_interface/srv/get_enum_parameter__type_support.cpp
[ 47%] Linking CXX shared library libmecheye_ros_interface__rosidl_typesupport_c.so
/usr/bin/cmake -E cmake_link_script CMakeFiles/mecheye_ros_interface__rosidl_typesupport_c.dir/link.txt --verbose=1
/usr/bin/c++ -fPIC -shared -Wl,-soname,libmecheye_ros_interface__rosidl_typesupport_c.so -o libmecheye_ros_interface__rosidl_typesupport_c.so CMakeFiles/mecheye_ros_interface__rosidl_typesupport_c.dir/rosidl_typesupport_c/mecheye_ros_interface/srv/set_current_user_set__type_support.cpp.o CMakeFiles/mecheye_ros_interface__rosidl_typesupport_c.dir/rosidl_typesupport_c/mecheye_ros_interface/srv/save_all_settings_to_user_sets__type_support.cpp.o CMakeFiles/mecheye_ros_interface__rosidl_typesupport_c.dir/rosidl_typesupport_c/mecheye_ros_interface/srv/add_user_set__type_support.cpp.o CMakeFiles/mecheye_ros_interface__rosidl_typesupport_c.dir/rosidl_typesupport_c/mecheye_ros_interface/srv/capture_color_image__type_support.cpp.o CMakeFiles/mecheye_ros_interface__rosidl_typesupport_c.dir/rosidl_typesupport_c/mecheye_ros_interface/srv/capture_stereo_color_images__type_support.cpp.o CMakeFiles/mecheye_ros_interface__rosidl_typesupport_c.dir/rosidl_typesupport_c/mecheye_ros_interface/srv/capture_textured_point_cloud__type_support.cpp.o CMakeFiles/mecheye_ros_interface__rosidl_typesupport_c.dir/rosidl_typesupport_c/mecheye_ros_interface/srv/capture_depth_map__type_support.cpp.o CMakeFiles/mecheye_ros_interface__rosidl_typesupport_c.dir/rosidl_typesupport_c/mecheye_ros_interface/srv/capture_point_cloud__type_support.cpp.o CMakeFiles/mecheye_ros_interface__rosidl_typesupport_c.dir/rosidl_typesupport_c/mecheye_ros_interface/srv/delete_user_set__type_support.cpp.o CMakeFiles/mecheye_ros_interface__rosidl_typesupport_c.dir/rosidl_typesupport_c/mecheye_ros_interface/srv/device_info__type_support.cpp.o CMakeFiles/mecheye_ros_interface__rosidl_typesupport_c.dir/rosidl_typesupport_c/mecheye_ros_interface/srv/get_all_user_sets__type_support.cpp.o CMakeFiles/mecheye_ros_interface__rosidl_typesupport_c.dir/rosidl_typesupport_c/mecheye_ros_interface/srv/get_current_user_set__type_support.cpp.o CMakeFiles/mecheye_ros_interface__rosidl_typesupport_c.dir/rosidl_typesupport_c/mecheye_ros_interface/srv/set_int_parameter__type_support.cpp.o CMakeFiles/mecheye_ros_interface__rosidl_typesupport_c.dir/rosidl_typesupport_c/mecheye_ros_interface/srv/get_int_parameter__type_support.cpp.o CMakeFiles/mecheye_ros_interface__rosidl_typesupport_c.dir/rosidl_typesupport_c/mecheye_ros_interface/srv/set_range_parameter__type_support.cpp.o CMakeFiles/mecheye_ros_interface__rosidl_typesupport_c.dir/rosidl_typesupport_c/mecheye_ros_interface/srv/get_range_parameter__type_support.cpp.o CMakeFiles/mecheye_ros_interface__rosidl_typesupport_c.dir/rosidl_typesupport_c/mecheye_ros_interface/srv/set_bool_parameter__type_support.cpp.o CMakeFiles/mecheye_ros_interface__rosidl_typesupport_c.dir/rosidl_typesupport_c/mecheye_ros_interface/srv/get_bool_parameter__type_support.cpp.o CMakeFiles/mecheye_ros_interface__rosidl_typesupport_c.dir/rosidl_typesupport_c/mecheye_ros_interface/srv/set_enum_parameter__type_support.cpp.o CMakeFiles/mecheye_ros_interface__rosidl_typesupport_c.dir/rosidl_typesupport_c/mecheye_ros_interface/srv/get_enum_parameter__type_support.cpp.o CMakeFiles/mecheye_ros_interface__rosidl_typesupport_c.dir/rosidl_typesupport_c/mecheye_ros_interface/srv/set_float_parameter__type_support.cpp.o CMakeFiles/mecheye_ros_interface__rosidl_typesupport_c.dir/rosidl_typesupport_c/mecheye_ros_interface/srv/get_float_parameter__type_support.cpp.o CMakeFiles/mecheye_ros_interface__rosidl_typesupport_c.dir/rosidl_typesupport_c/mecheye_ros_interface/srv/set_float_array_parameter__type_support.cpp.o CMakeFiles/mecheye_ros_interface__rosidl_typesupport_c.dir/rosidl_typesupport_c/mecheye_ros_interface/srv/get_float_array_parameter__type_support.cpp.o CMakeFiles/mecheye_ros_interface__rosidl_typesupport_c.dir/rosidl_typesupport_c/mecheye_ros_interface/srv/set_roi_parameter__type_support.cpp.o CMakeFiles/mecheye_ros_interface__rosidl_typesupport_c.dir/rosidl_typesupport_c/mecheye_ros_interface/srv/get_roi_parameter__type_support.cpp.o  -Wl,-rpath,/home/inauenma/git/mecheye_ros2_interface/build/mecheye_ros_interface:/opt/ros/jazzy/lib: libmecheye_ros_interface__rosidl_generator_c.so /opt/ros/jazzy/lib/libsensor_msgs__rosidl_typesupport_c.so /opt/ros/jazzy/lib/libgeometry_msgs__rosidl_typesupport_c.so /opt/ros/jazzy/lib/libservice_msgs__rosidl_typesupport_c.so /opt/ros/jazzy/lib/libstd_msgs__rosidl_typesupport_c.so /opt/ros/jazzy/lib/libbuiltin_interfaces__rosidl_typesupport_c.so /opt/ros/jazzy/lib/librosidl_typesupport_c.so /opt/ros/jazzy/lib/libsensor_msgs__rosidl_generator_c.so /opt/ros/jazzy/lib/libgeometry_msgs__rosidl_generator_c.so /opt/ros/jazzy/lib/libstd_msgs__rosidl_generator_c.so /opt/ros/jazzy/lib/libservice_msgs__rosidl_generator_c.so /opt/ros/jazzy/lib/libbuiltin_interfaces__rosidl_generator_c.so /opt/ros/jazzy/lib/librosidl_runtime_c.so /opt/ros/jazzy/lib/librcutils.so -ldl -latomic -Wl,-rpath-link,/opt/ros/jazzy/lib 
[ 47%] Building CXX object CMakeFiles/mecheye_ros_interface__rosidl_typesupport_cpp.dir/rosidl_typesupport_cpp/mecheye_ros_interface/srv/set_float_parameter__type_support.cpp.o
/usr/bin/c++ -DROSIDL_TYPESUPPORT_CPP_BUILDING_DLL -DROS_PACKAGE_NAME=\"mecheye_ros_interface\" -I/usr/include/eigen3 -I/home/inauenma/git/mecheye_ros2_interface/build/mecheye_ros_interface/rosidl_generator_c -I/home/inauenma/git/mecheye_ros2_interface/build/mecheye_ros_interface/rosidl_generator_cpp -isystem /opt/ros/jazzy/include/std_msgs -isystem /opt/ros/jazzy/include/builtin_interfaces -isystem /opt/ros/jazzy/include/rosidl_runtime_c -isystem /opt/ros/jazzy/include/rcutils -isystem /opt/ros/jazzy/include/rosidl_typesupport_interface -isystem /opt/ros/jazzy/include/sensor_msgs -isystem /opt/ros/jazzy/include/geometry_msgs -isystem /opt/ros/jazzy/include/service_msgs -isystem /opt/ros/jazzy/include/rosidl_runtime_cpp -isystem /opt/ros/jazzy/include/rosidl_typesupport_cpp -isystem /opt/ros/jazzy/include/rosidl_typesupport_c -std=gnu++17 -fPIC -Wall -Wextra -Wpedantic -MD -MT CMakeFiles/mecheye_ros_interface__rosidl_typesupport_cpp.dir/rosidl_typesupport_cpp/mecheye_ros_interface/srv/set_float_parameter__type_support.cpp.o -MF CMakeFiles/mecheye_ros_interface__rosidl_typesupport_cpp.dir/rosidl_typesupport_cpp/mecheye_ros_interface/srv/set_float_parameter__type_support.cpp.o.d -o CMakeFiles/mecheye_ros_interface__rosidl_typesupport_cpp.dir/rosidl_typesupport_cpp/mecheye_ros_interface/srv/set_float_parameter__type_support.cpp.o -c /home/inauenma/git/mecheye_ros2_interface/build/mecheye_ros_interface/rosidl_typesupport_cpp/mecheye_ros_interface/srv/set_float_parameter__type_support.cpp
gmake[2]: Leaving directory '/home/inauenma/git/mecheye_ros2_interface/build/mecheye_ros_interface'
[ 47%] Built target mecheye_ros_interface__rosidl_typesupport_c
[ 48%] Building CXX object CMakeFiles/mecheye_ros_interface__rosidl_typesupport_cpp.dir/rosidl_typesupport_cpp/mecheye_ros_interface/srv/get_float_parameter__type_support.cpp.o
/usr/bin/c++ -DROSIDL_TYPESUPPORT_CPP_BUILDING_DLL -DROS_PACKAGE_NAME=\"mecheye_ros_interface\" -I/usr/include/eigen3 -I/home/inauenma/git/mecheye_ros2_interface/build/mecheye_ros_interface/rosidl_generator_c -I/home/inauenma/git/mecheye_ros2_interface/build/mecheye_ros_interface/rosidl_generator_cpp -isystem /opt/ros/jazzy/include/std_msgs -isystem /opt/ros/jazzy/include/builtin_interfaces -isystem /opt/ros/jazzy/include/rosidl_runtime_c -isystem /opt/ros/jazzy/include/rcutils -isystem /opt/ros/jazzy/include/rosidl_typesupport_interface -isystem /opt/ros/jazzy/include/sensor_msgs -isystem /opt/ros/jazzy/include/geometry_msgs -isystem /opt/ros/jazzy/include/service_msgs -isystem /opt/ros/jazzy/include/rosidl_runtime_cpp -isystem /opt/ros/jazzy/include/rosidl_typesupport_cpp -isystem /opt/ros/jazzy/include/rosidl_typesupport_c -std=gnu++17 -fPIC -Wall -Wextra -Wpedantic -MD -MT CMakeFiles/mecheye_ros_interface__rosidl_typesupport_cpp.dir/rosidl_typesupport_cpp/mecheye_ros_interface/srv/get_float_parameter__type_support.cpp.o -MF CMakeFiles/mecheye_ros_interface__rosidl_typesupport_cpp.dir/rosidl_typesupport_cpp/mecheye_ros_interface/srv/get_float_parameter__type_support.cpp.o.d -o CMakeFiles/mecheye_ros_interface__rosidl_typesupport_cpp.dir/rosidl_typesupport_cpp/mecheye_ros_interface/srv/get_float_parameter__type_support.cpp.o -c /home/inauenma/git/mecheye_ros2_interface/build/mecheye_ros_interface/rosidl_typesupport_cpp/mecheye_ros_interface/srv/get_float_parameter__type_support.cpp
[ 48%] Building CXX object CMakeFiles/mecheye_ros_interface__rosidl_typesupport_cpp.dir/rosidl_typesupport_cpp/mecheye_ros_interface/srv/set_float_array_parameter__type_support.cpp.o
/usr/bin/c++ -DROSIDL_TYPESUPPORT_CPP_BUILDING_DLL -DROS_PACKAGE_NAME=\"mecheye_ros_interface\" -I/usr/include/eigen3 -I/home/inauenma/git/mecheye_ros2_interface/build/mecheye_ros_interface/rosidl_generator_c -I/home/inauenma/git/mecheye_ros2_interface/build/mecheye_ros_interface/rosidl_generator_cpp -isystem /opt/ros/jazzy/include/std_msgs -isystem /opt/ros/jazzy/include/builtin_interfaces -isystem /opt/ros/jazzy/include/rosidl_runtime_c -isystem /opt/ros/jazzy/include/rcutils -isystem /opt/ros/jazzy/include/rosidl_typesupport_interface -isystem /opt/ros/jazzy/include/sensor_msgs -isystem /opt/ros/jazzy/include/geometry_msgs -isystem /opt/ros/jazzy/include/service_msgs -isystem /opt/ros/jazzy/include/rosidl_runtime_cpp -isystem /opt/ros/jazzy/include/rosidl_typesupport_cpp -isystem /opt/ros/jazzy/include/rosidl_typesupport_c -std=gnu++17 -fPIC -Wall -Wextra -Wpedantic -MD -MT CMakeFiles/mecheye_ros_interface__rosidl_typesupport_cpp.dir/rosidl_typesupport_cpp/mecheye_ros_interface/srv/set_float_array_parameter__type_support.cpp.o -MF CMakeFiles/mecheye_ros_interface__rosidl_typesupport_cpp.dir/rosidl_typesupport_cpp/mecheye_ros_interface/srv/set_float_array_parameter__type_support.cpp.o.d -o CMakeFiles/mecheye_ros_interface__rosidl_typesupport_cpp.dir/rosidl_typesupport_cpp/mecheye_ros_interface/srv/set_float_array_parameter__type_support.cpp.o -c /home/inauenma/git/mecheye_ros2_interface/build/mecheye_ros_interface/rosidl_typesupport_cpp/mecheye_ros_interface/srv/set_float_array_parameter__type_support.cpp
[ 49%] Building CXX object CMakeFiles/mecheye_ros_interface__rosidl_typesupport_cpp.dir/rosidl_typesupport_cpp/mecheye_ros_interface/srv/set_roi_parameter__type_support.cpp.o
[ 49%] Building CXX object CMakeFiles/mecheye_ros_interface__rosidl_typesupport_cpp.dir/rosidl_typesupport_cpp/mecheye_ros_interface/srv/get_float_array_parameter__type_support.cpp.o
/usr/bin/c++ -DROSIDL_TYPESUPPORT_CPP_BUILDING_DLL -DROS_PACKAGE_NAME=\"mecheye_ros_interface\" -I/usr/include/eigen3 -I/home/inauenma/git/mecheye_ros2_interface/build/mecheye_ros_interface/rosidl_generator_c -I/home/inauenma/git/mecheye_ros2_interface/build/mecheye_ros_interface/rosidl_generator_cpp -isystem /opt/ros/jazzy/include/std_msgs -isystem /opt/ros/jazzy/include/builtin_interfaces -isystem /opt/ros/jazzy/include/rosidl_runtime_c -isystem /opt/ros/jazzy/include/rcutils -isystem /opt/ros/jazzy/include/rosidl_typesupport_interface -isystem /opt/ros/jazzy/include/sensor_msgs -isystem /opt/ros/jazzy/include/geometry_msgs -isystem /opt/ros/jazzy/include/service_msgs -isystem /opt/ros/jazzy/include/rosidl_runtime_cpp -isystem /opt/ros/jazzy/include/rosidl_typesupport_cpp -isystem /opt/ros/jazzy/include/rosidl_typesupport_c -std=gnu++17 -fPIC -Wall -Wextra -Wpedantic -MD -MT CMakeFiles/mecheye_ros_interface__rosidl_typesupport_cpp.dir/rosidl_typesupport_cpp/mecheye_ros_interface/srv/set_roi_parameter__type_support.cpp.o -MF CMakeFiles/mecheye_ros_interface__rosidl_typesupport_cpp.dir/rosidl_typesupport_cpp/mecheye_ros_interface/srv/set_roi_parameter__type_support.cpp.o.d -o CMakeFiles/mecheye_ros_interface__rosidl_typesupport_cpp.dir/rosidl_typesupport_cpp/mecheye_ros_interface/srv/set_roi_parameter__type_support.cpp.o -c /home/inauenma/git/mecheye_ros2_interface/build/mecheye_ros_interface/rosidl_typesupport_cpp/mecheye_ros_interface/srv/set_roi_parameter__type_support.cpp
/usr/bin/c++ -DROSIDL_TYPESUPPORT_CPP_BUILDING_DLL -DROS_PACKAGE_NAME=\"mecheye_ros_interface\" -I/usr/include/eigen3 -I/home/inauenma/git/mecheye_ros2_interface/build/mecheye_ros_interface/rosidl_generator_c -I/home/inauenma/git/mecheye_ros2_interface/build/mecheye_ros_interface/rosidl_generator_cpp -isystem /opt/ros/jazzy/include/std_msgs -isystem /opt/ros/jazzy/include/builtin_interfaces -isystem /opt/ros/jazzy/include/rosidl_runtime_c -isystem /opt/ros/jazzy/include/rcutils -isystem /opt/ros/jazzy/include/rosidl_typesupport_interface -isystem /opt/ros/jazzy/include/sensor_msgs -isystem /opt/ros/jazzy/include/geometry_msgs -isystem /opt/ros/jazzy/include/service_msgs -isystem /opt/ros/jazzy/include/rosidl_runtime_cpp -isystem /opt/ros/jazzy/include/rosidl_typesupport_cpp -isystem /opt/ros/jazzy/include/rosidl_typesupport_c -std=gnu++17 -fPIC -Wall -Wextra -Wpedantic -MD -MT CMakeFiles/mecheye_ros_interface__rosidl_typesupport_cpp.dir/rosidl_typesupport_cpp/mecheye_ros_interface/srv/get_float_array_parameter__type_support.cpp.o -MF CMakeFiles/mecheye_ros_interface__rosidl_typesupport_cpp.dir/rosidl_typesupport_cpp/mecheye_ros_interface/srv/get_float_array_parameter__type_support.cpp.o.d -o CMakeFiles/mecheye_ros_interface__rosidl_typesupport_cpp.dir/rosidl_typesupport_cpp/mecheye_ros_interface/srv/get_float_array_parameter__type_support.cpp.o -c /home/inauenma/git/mecheye_ros2_interface/build/mecheye_ros_interface/rosidl_typesupport_cpp/mecheye_ros_interface/srv/get_float_array_parameter__type_support.cpp
[ 49%] Building CXX object CMakeFiles/mecheye_ros_interface__rosidl_typesupport_cpp.dir/rosidl_typesupport_cpp/mecheye_ros_interface/srv/get_roi_parameter__type_support.cpp.o
/usr/bin/c++ -DROSIDL_TYPESUPPORT_CPP_BUILDING_DLL -DROS_PACKAGE_NAME=\"mecheye_ros_interface\" -I/usr/include/eigen3 -I/home/inauenma/git/mecheye_ros2_interface/build/mecheye_ros_interface/rosidl_generator_c -I/home/inauenma/git/mecheye_ros2_interface/build/mecheye_ros_interface/rosidl_generator_cpp -isystem /opt/ros/jazzy/include/std_msgs -isystem /opt/ros/jazzy/include/builtin_interfaces -isystem /opt/ros/jazzy/include/rosidl_runtime_c -isystem /opt/ros/jazzy/include/rcutils -isystem /opt/ros/jazzy/include/rosidl_typesupport_interface -isystem /opt/ros/jazzy/include/sensor_msgs -isystem /opt/ros/jazzy/include/geometry_msgs -isystem /opt/ros/jazzy/include/service_msgs -isystem /opt/ros/jazzy/include/rosidl_runtime_cpp -isystem /opt/ros/jazzy/include/rosidl_typesupport_cpp -isystem /opt/ros/jazzy/include/rosidl_typesupport_c -std=gnu++17 -fPIC -Wall -Wextra -Wpedantic -MD -MT CMakeFiles/mecheye_ros_interface__rosidl_typesupport_cpp.dir/rosidl_typesupport_cpp/mecheye_ros_interface/srv/get_roi_parameter__type_support.cpp.o -MF CMakeFiles/mecheye_ros_interface__rosidl_typesupport_cpp.dir/rosidl_typesupport_cpp/mecheye_ros_interface/srv/get_roi_parameter__type_support.cpp.o.d -o CMakeFiles/mecheye_ros_interface__rosidl_typesupport_cpp.dir/rosidl_typesupport_cpp/mecheye_ros_interface/srv/get_roi_parameter__type_support.cpp.o -c /home/inauenma/git/mecheye_ros2_interface/build/mecheye_ros_interface/rosidl_typesupport_cpp/mecheye_ros_interface/srv/get_roi_parameter__type_support.cpp
cd /home/inauenma/git/mecheye_ros2_interface/build/mecheye_ros_interface && /usr/bin/cmake -E cmake_depends "Unix Makefiles" /home/inauenma/git/mecheye_ros2_interface /home/inauenma/git/mecheye_ros2_interface /home/inauenma/git/mecheye_ros2_interface/build/mecheye_ros_interface /home/inauenma/git/mecheye_ros2_interface/build/mecheye_ros_interface /home/inauenma/git/mecheye_ros2_interface/build/mecheye_ros_interface/CMakeFiles/mecheye_ros_interface__rosidl_typesupport_introspection_cpp.dir/DependInfo.cmake "--color="
gmake[2]: Leaving directory '/home/inauenma/git/mecheye_ros2_interface/build/mecheye_ros_interface'
/usr/bin/gmake  -f CMakeFiles/mecheye_ros_interface__rosidl_typesupport_introspection_cpp.dir/build.make CMakeFiles/mecheye_ros_interface__rosidl_typesupport_introspection_cpp.dir/build
gmake[2]: Entering directory '/home/inauenma/git/mecheye_ros2_interface/build/mecheye_ros_interface'
cd /home/inauenma/git/mecheye_ros2_interface/build/mecheye_ros_interface && /usr/bin/cmake -E cmake_depends "Unix Makefiles" /home/inauenma/git/mecheye_ros2_interface /home/inauenma/git/mecheye_ros2_interface /home/inauenma/git/mecheye_ros2_interface/build/mecheye_ros_interface /home/inauenma/git/mecheye_ros2_interface/build/mecheye_ros_interface /home/inauenma/git/mecheye_ros2_interface/build/mecheye_ros_interface/CMakeFiles/mecheye_ros_interface__rosidl_typesupport_introspection_c.dir/DependInfo.cmake "--color="
[ 49%] Building CXX object CMakeFiles/mecheye_ros_interface__rosidl_typesupport_introspection_cpp.dir/rosidl_typesupport_introspection_cpp/mecheye_ros_interface/srv/detail/set_current_user_set__type_support.cpp.o
/usr/bin/c++ -DROSIDL_TYPESUPPORT_INTROSPECTION_CPP_BUILDING_DLL -DROS_PACKAGE_NAME=\"mecheye_ros_interface\" -I/usr/include/eigen3 -I/home/inauenma/git/mecheye_ros2_interface/build/mecheye_ros_interface/rosidl_typesupport_introspection_cpp -I/home/inauenma/git/mecheye_ros2_interface/build/mecheye_ros_interface/rosidl_generator_c -I/home/inauenma/git/mecheye_ros2_interface/build/mecheye_ros_interface/rosidl_generator_cpp -isystem /opt/ros/jazzy/include/std_msgs -isystem /opt/ros/jazzy/include/builtin_interfaces -isystem /opt/ros/jazzy/include/rosidl_runtime_c -isystem /opt/ros/jazzy/include/rcutils -isystem /opt/ros/jazzy/include/rosidl_typesupport_interface -isystem /opt/ros/jazzy/include/sensor_msgs -isystem /opt/ros/jazzy/include/geometry_msgs -isystem /opt/ros/jazzy/include/service_msgs -isystem /opt/ros/jazzy/include/rosidl_runtime_cpp -isystem /opt/ros/jazzy/include/rosidl_typesupport_introspection_cpp -isystem /opt/ros/jazzy/include/rosidl_typesupport_introspection_c -std=gnu++17 -fPIC -Wall -Wextra -Wpedantic -MD -MT CMakeFiles/mecheye_ros_interface__rosidl_typesupport_introspection_cpp.dir/rosidl_typesupport_introspection_cpp/mecheye_ros_interface/srv/detail/set_current_user_set__type_support.cpp.o -MF CMakeFiles/mecheye_ros_interface__rosidl_typesupport_introspection_cpp.dir/rosidl_typesupport_introspection_cpp/mecheye_ros_interface/srv/detail/set_current_user_set__type_support.cpp.o.d -o CMakeFiles/mecheye_ros_interface__rosidl_typesupport_introspection_cpp.dir/rosidl_typesupport_introspection_cpp/mecheye_ros_interface/srv/detail/set_current_user_set__type_support.cpp.o -c /home/inauenma/git/mecheye_ros2_interface/build/mecheye_ros_interface/rosidl_typesupport_introspection_cpp/mecheye_ros_interface/srv/detail/set_current_user_set__type_support.cpp
[ 49%] Building CXX object CMakeFiles/mecheye_ros_interface__rosidl_typesupport_introspection_cpp.dir/rosidl_typesupport_introspection_cpp/mecheye_ros_interface/srv/detail/add_user_set__type_support.cpp.o
gmake[2]: Leaving directory '/home/inauenma/git/mecheye_ros2_interface/build/mecheye_ros_interface'
/usr/bin/c++ -DROSIDL_TYPESUPPORT_INTROSPECTION_CPP_BUILDING_DLL -DROS_PACKAGE_NAME=\"mecheye_ros_interface\" -I/usr/include/eigen3 -I/home/inauenma/git/mecheye_ros2_interface/build/mecheye_ros_interface/rosidl_typesupport_introspection_cpp -I/home/inauenma/git/mecheye_ros2_interface/build/mecheye_ros_interface/rosidl_generator_c -I/home/inauenma/git/mecheye_ros2_interface/build/mecheye_ros_interface/rosidl_generator_cpp -isystem /opt/ros/jazzy/include/std_msgs -isystem /opt/ros/jazzy/include/builtin_interfaces -isystem /opt/ros/jazzy/include/rosidl_runtime_c -isystem /opt/ros/jazzy/include/rcutils -isystem /opt/ros/jazzy/include/rosidl_typesupport_interface -isystem /opt/ros/jazzy/include/sensor_msgs -isystem /opt/ros/jazzy/include/geometry_msgs -isystem /opt/ros/jazzy/include/service_msgs -isystem /opt/ros/jazzy/include/rosidl_runtime_cpp -isystem /opt/ros/jazzy/include/rosidl_typesupport_introspection_cpp -isystem /opt/ros/jazzy/include/rosidl_typesupport_introspection_c -std=gnu++17 -fPIC -Wall -Wextra -Wpedantic -MD -MT CMakeFiles/mecheye_ros_interface__rosidl_typesupport_introspection_cpp.dir/rosidl_typesupport_introspection_cpp/mecheye_ros_interface/srv/detail/add_user_set__type_support.cpp.o -MF CMakeFiles/mecheye_ros_interface__rosidl_typesupport_introspection_cpp.dir/rosidl_typesupport_introspection_cpp/mecheye_ros_interface/srv/detail/add_user_set__type_support.cpp.o.d -o CMakeFiles/mecheye_ros_interface__rosidl_typesupport_introspection_cpp.dir/rosidl_typesupport_introspection_cpp/mecheye_ros_interface/srv/detail/add_user_set__type_support.cpp.o -c /home/inauenma/git/mecheye_ros2_interface/build/mecheye_ros_interface/rosidl_typesupport_introspection_cpp/mecheye_ros_interface/srv/detail/add_user_set__type_support.cpp
/usr/bin/gmake  -f CMakeFiles/mecheye_ros_interface__rosidl_typesupport_introspection_c.dir/build.make CMakeFiles/mecheye_ros_interface__rosidl_typesupport_introspection_c.dir/build
gmake[2]: Entering directory '/home/inauenma/git/mecheye_ros2_interface/build/mecheye_ros_interface'
[ 50%] Building CXX object CMakeFiles/mecheye_ros_interface__rosidl_typesupport_introspection_cpp.dir/rosidl_typesupport_introspection_cpp/mecheye_ros_interface/srv/detail/save_all_settings_to_user_sets__type_support.cpp.o
/usr/bin/c++ -DROSIDL_TYPESUPPORT_INTROSPECTION_CPP_BUILDING_DLL -DROS_PACKAGE_NAME=\"mecheye_ros_interface\" -I/usr/include/eigen3 -I/home/inauenma/git/mecheye_ros2_interface/build/mecheye_ros_interface/rosidl_typesupport_introspection_cpp -I/home/inauenma/git/mecheye_ros2_interface/build/mecheye_ros_interface/rosidl_generator_c -I/home/inauenma/git/mecheye_ros2_interface/build/mecheye_ros_interface/rosidl_generator_cpp -isystem /opt/ros/jazzy/include/std_msgs -isystem /opt/ros/jazzy/include/builtin_interfaces -isystem /opt/ros/jazzy/include/rosidl_runtime_c -isystem /opt/ros/jazzy/include/rcutils -isystem /opt/ros/jazzy/include/rosidl_typesupport_interface -isystem /opt/ros/jazzy/include/sensor_msgs -isystem /opt/ros/jazzy/include/geometry_msgs -isystem /opt/ros/jazzy/include/service_msgs -isystem /opt/ros/jazzy/include/rosidl_runtime_cpp -isystem /opt/ros/jazzy/include/rosidl_typesupport_introspection_cpp -isystem /opt/ros/jazzy/include/rosidl_typesupport_introspection_c -std=gnu++17 -fPIC -Wall -Wextra -Wpedantic -MD -MT CMakeFiles/mecheye_ros_interface__rosidl_typesupport_introspection_cpp.dir/rosidl_typesupport_introspection_cpp/mecheye_ros_interface/srv/detail/save_all_settings_to_user_sets__type_support.cpp.o -MF CMakeFiles/mecheye_ros_interface__rosidl_typesupport_introspection_cpp.dir/rosidl_typesupport_introspection_cpp/mecheye_ros_interface/srv/detail/save_all_settings_to_user_sets__type_support.cpp.o.d -o CMakeFiles/mecheye_ros_interface__rosidl_typesupport_introspection_cpp.dir/rosidl_typesupport_introspection_cpp/mecheye_ros_interface/srv/detail/save_all_settings_to_user_sets__type_support.cpp.o -c /home/inauenma/git/mecheye_ros2_interface/build/mecheye_ros_interface/rosidl_typesupport_introspection_cpp/mecheye_ros_interface/srv/detail/save_all_settings_to_user_sets__type_support.cpp
[ 50%] Building CXX object CMakeFiles/mecheye_ros_interface__rosidl_typesupport_introspection_cpp.dir/rosidl_typesupport_introspection_cpp/mecheye_ros_interface/srv/detail/capture_color_image__type_support.cpp.o
/usr/bin/c++ -DROSIDL_TYPESUPPORT_INTROSPECTION_CPP_BUILDING_DLL -DROS_PACKAGE_NAME=\"mecheye_ros_interface\" -I/usr/include/eigen3 -I/home/inauenma/git/mecheye_ros2_interface/build/mecheye_ros_interface/rosidl_typesupport_introspection_cpp -I/home/inauenma/git/mecheye_ros2_interface/build/mecheye_ros_interface/rosidl_generator_c -I/home/inauenma/git/mecheye_ros2_interface/build/mecheye_ros_interface/rosidl_generator_cpp -isystem /opt/ros/jazzy/include/std_msgs -isystem /opt/ros/jazzy/include/builtin_interfaces -isystem /opt/ros/jazzy/include/rosidl_runtime_c -isystem /opt/ros/jazzy/include/rcutils -isystem /opt/ros/jazzy/include/rosidl_typesupport_interface -isystem /opt/ros/jazzy/include/sensor_msgs -isystem /opt/ros/jazzy/include/geometry_msgs -isystem /opt/ros/jazzy/include/service_msgs -isystem /opt/ros/jazzy/include/rosidl_runtime_cpp -isystem /opt/ros/jazzy/include/rosidl_typesupport_introspection_cpp -isystem /opt/ros/jazzy/include/rosidl_typesupport_introspection_c -std=gnu++17 -fPIC -Wall -Wextra -Wpedantic -MD -MT CMakeFiles/mecheye_ros_interface__rosidl_typesupport_introspection_cpp.dir/rosidl_typesupport_introspection_cpp/mecheye_ros_interface/srv/detail/capture_color_image__type_support.cpp.o -MF CMakeFiles/mecheye_ros_interface__rosidl_typesupport_introspection_cpp.dir/rosidl_typesupport_introspection_cpp/mecheye_ros_interface/srv/detail/capture_color_image__type_support.cpp.o.d -o CMakeFiles/mecheye_ros_interface__rosidl_typesupport_introspection_cpp.dir/rosidl_typesupport_introspection_cpp/mecheye_ros_interface/srv/detail/capture_color_image__type_support.cpp.o -c /home/inauenma/git/mecheye_ros2_interface/build/mecheye_ros_interface/rosidl_typesupport_introspection_cpp/mecheye_ros_interface/srv/detail/capture_color_image__type_support.cpp
[ 51%] Building C object CMakeFiles/mecheye_ros_interface__rosidl_typesupport_introspection_c.dir/rosidl_typesupport_introspection_c/mecheye_ros_interface/srv/detail/set_current_user_set__type_support.c.o
[ 52%] Building CXX object CMakeFiles/mecheye_ros_interface__rosidl_typesupport_introspection_cpp.dir/rosidl_typesupport_introspection_cpp/mecheye_ros_interface/srv/detail/capture_stereo_color_images__type_support.cpp.o
/usr/bin/c++ -DROSIDL_TYPESUPPORT_INTROSPECTION_CPP_BUILDING_DLL -DROS_PACKAGE_NAME=\"mecheye_ros_interface\" -I/usr/include/eigen3 -I/home/inauenma/git/mecheye_ros2_interface/build/mecheye_ros_interface/rosidl_typesupport_introspection_cpp -I/home/inauenma/git/mecheye_ros2_interface/build/mecheye_ros_interface/rosidl_generator_c -I/home/inauenma/git/mecheye_ros2_interface/build/mecheye_ros_interface/rosidl_generator_cpp -isystem /opt/ros/jazzy/include/std_msgs -isystem /opt/ros/jazzy/include/builtin_interfaces -isystem /opt/ros/jazzy/include/rosidl_runtime_c -isystem /opt/ros/jazzy/include/rcutils -isystem /opt/ros/jazzy/include/rosidl_typesupport_interface -isystem /opt/ros/jazzy/include/sensor_msgs -isystem /opt/ros/jazzy/include/geometry_msgs -isystem /opt/ros/jazzy/include/service_msgs -isystem /opt/ros/jazzy/include/rosidl_runtime_cpp -isystem /opt/ros/jazzy/include/rosidl_typesupport_introspection_cpp -isystem /opt/ros/jazzy/include/rosidl_typesupport_introspection_c -std=gnu++17 -fPIC -Wall -Wextra -Wpedantic -MD -MT CMakeFiles/mecheye_ros_interface__rosidl_typesupport_introspection_cpp.dir/rosidl_typesupport_introspection_cpp/mecheye_ros_interface/srv/detail/capture_stereo_color_images__type_support.cpp.o -MF CMakeFiles/mecheye_ros_interface__rosidl_typesupport_introspection_cpp.dir/rosidl_typesupport_introspection_cpp/mecheye_ros_interface/srv/detail/capture_stereo_color_images__type_support.cpp.o.d -o CMakeFiles/mecheye_ros_interface__rosidl_typesupport_introspection_cpp.dir/rosidl_typesupport_introspection_cpp/mecheye_ros_interface/srv/detail/capture_stereo_color_images__type_support.cpp.o -c /home/inauenma/git/mecheye_ros2_interface/build/mecheye_ros_interface/rosidl_typesupport_introspection_cpp/mecheye_ros_interface/srv/detail/capture_stereo_color_images__type_support.cpp
/usr/bin/cc -DROSIDL_TYPESUPPORT_INTROSPECTION_C_BUILDING_DLL_mecheye_ros_interface -DROS_PACKAGE_NAME=\"mecheye_ros_interface\" -I/usr/include/eigen3 -I/home/inauenma/git/mecheye_ros2_interface/build/mecheye_ros_interface/rosidl_typesupport_introspection_c -I/home/inauenma/git/mecheye_ros2_interface/build/mecheye_ros_interface/rosidl_generator_c -isystem /opt/ros/jazzy/include/std_msgs -isystem /opt/ros/jazzy/include/builtin_interfaces -isystem /opt/ros/jazzy/include/rosidl_runtime_c -isystem /opt/ros/jazzy/include/rcutils -isystem /opt/ros/jazzy/include/rosidl_typesupport_interface -isystem /opt/ros/jazzy/include/sensor_msgs -isystem /opt/ros/jazzy/include/geometry_msgs -isystem /opt/ros/jazzy/include/service_msgs -isystem /opt/ros/jazzy/include/rosidl_typesupport_introspection_c -std=gnu11 -fPIC -Wall -MD -MT CMakeFiles/mecheye_ros_interface__rosidl_typesupport_introspection_c.dir/rosidl_typesupport_introspection_c/mecheye_ros_interface/srv/detail/set_current_user_set__type_support.c.o -MF CMakeFiles/mecheye_ros_interface__rosidl_typesupport_introspection_c.dir/rosidl_typesupport_introspection_c/mecheye_ros_interface/srv/detail/set_current_user_set__type_support.c.o.d -o CMakeFiles/mecheye_ros_interface__rosidl_typesupport_introspection_c.dir/rosidl_typesupport_introspection_c/mecheye_ros_interface/srv/detail/set_current_user_set__type_support.c.o -c /home/inauenma/git/mecheye_ros2_interface/build/mecheye_ros_interface/rosidl_typesupport_introspection_c/mecheye_ros_interface/srv/detail/set_current_user_set__type_support.c
[ 52%] Building CXX object CMakeFiles/mecheye_ros_interface__rosidl_typesupport_introspection_cpp.dir/rosidl_typesupport_introspection_cpp/mecheye_ros_interface/srv/detail/capture_textured_point_cloud__type_support.cpp.o
/usr/bin/c++ -DROSIDL_TYPESUPPORT_INTROSPECTION_CPP_BUILDING_DLL -DROS_PACKAGE_NAME=\"mecheye_ros_interface\" -I/usr/include/eigen3 -I/home/inauenma/git/mecheye_ros2_interface/build/mecheye_ros_interface/rosidl_typesupport_introspection_cpp -I/home/inauenma/git/mecheye_ros2_interface/build/mecheye_ros_interface/rosidl_generator_c -I/home/inauenma/git/mecheye_ros2_interface/build/mecheye_ros_interface/rosidl_generator_cpp -isystem /opt/ros/jazzy/include/std_msgs -isystem /opt/ros/jazzy/include/builtin_interfaces -isystem /opt/ros/jazzy/include/rosidl_runtime_c -isystem /opt/ros/jazzy/include/rcutils -isystem /opt/ros/jazzy/include/rosidl_typesupport_interface -isystem /opt/ros/jazzy/include/sensor_msgs -isystem /opt/ros/jazzy/include/geometry_msgs -isystem /opt/ros/jazzy/include/service_msgs -isystem /opt/ros/jazzy/include/rosidl_runtime_cpp -isystem /opt/ros/jazzy/include/rosidl_typesupport_introspection_cpp -isystem /opt/ros/jazzy/include/rosidl_typesupport_introspection_c -std=gnu++17 -fPIC -Wall -Wextra -Wpedantic -MD -MT CMakeFiles/mecheye_ros_interface__rosidl_typesupport_introspection_cpp.dir/rosidl_typesupport_introspection_cpp/mecheye_ros_interface/srv/detail/capture_textured_point_cloud__type_support.cpp.o -MF CMakeFiles/mecheye_ros_interface__rosidl_typesupport_introspection_cpp.dir/rosidl_typesupport_introspection_cpp/mecheye_ros_interface/srv/detail/capture_textured_point_cloud__type_support.cpp.o.d -o CMakeFiles/mecheye_ros_interface__rosidl_typesupport_introspection_cpp.dir/rosidl_typesupport_introspection_cpp/mecheye_ros_interface/srv/detail/capture_textured_point_cloud__type_support.cpp.o -c /home/inauenma/git/mecheye_ros2_interface/build/mecheye_ros_interface/rosidl_typesupport_introspection_cpp/mecheye_ros_interface/srv/detail/capture_textured_point_cloud__type_support.cpp
[ 52%] Building CXX object CMakeFiles/mecheye_ros_interface__rosidl_typesupport_introspection_cpp.dir/rosidl_typesupport_introspection_cpp/mecheye_ros_interface/srv/detail/capture_depth_map__type_support.cpp.o
[ 53%] Building CXX object CMakeFiles/mecheye_ros_interface__rosidl_typesupport_introspection_cpp.dir/rosidl_typesupport_introspection_cpp/mecheye_ros_interface/srv/detail/capture_point_cloud__type_support.cpp.o
/usr/bin/c++ -DROSIDL_TYPESUPPORT_INTROSPECTION_CPP_BUILDING_DLL -DROS_PACKAGE_NAME=\"mecheye_ros_interface\" -I/usr/include/eigen3 -I/home/inauenma/git/mecheye_ros2_interface/build/mecheye_ros_interface/rosidl_typesupport_introspection_cpp -I/home/inauenma/git/mecheye_ros2_interface/build/mecheye_ros_interface/rosidl_generator_c -I/home/inauenma/git/mecheye_ros2_interface/build/mecheye_ros_interface/rosidl_generator_cpp -isystem /opt/ros/jazzy/include/std_msgs -isystem /opt/ros/jazzy/include/builtin_interfaces -isystem /opt/ros/jazzy/include/rosidl_runtime_c -isystem /opt/ros/jazzy/include/rcutils -isystem /opt/ros/jazzy/include/rosidl_typesupport_interface -isystem /opt/ros/jazzy/include/sensor_msgs -isystem /opt/ros/jazzy/include/geometry_msgs -isystem /opt/ros/jazzy/include/service_msgs -isystem /opt/ros/jazzy/include/rosidl_runtime_cpp -isystem /opt/ros/jazzy/include/rosidl_typesupport_introspection_cpp -isystem /opt/ros/jazzy/include/rosidl_typesupport_introspection_c -std=gnu++17 -fPIC -Wall -Wextra -Wpedantic -MD -MT CMakeFiles/mecheye_ros_interface__rosidl_typesupport_introspection_cpp.dir/rosidl_typesupport_introspection_cpp/mecheye_ros_interface/srv/detail/capture_depth_map__type_support.cpp.o -MF CMakeFiles/mecheye_ros_interface__rosidl_typesupport_introspection_cpp.dir/rosidl_typesupport_introspection_cpp/mecheye_ros_interface/srv/detail/capture_depth_map__type_support.cpp.o.d -o CMakeFiles/mecheye_ros_interface__rosidl_typesupport_introspection_cpp.dir/rosidl_typesupport_introspection_cpp/mecheye_ros_interface/srv/detail/capture_depth_map__type_support.cpp.o -c /home/inauenma/git/mecheye_ros2_interface/build/mecheye_ros_interface/rosidl_typesupport_introspection_cpp/mecheye_ros_interface/srv/detail/capture_depth_map__type_support.cpp
/usr/bin/c++ -DROSIDL_TYPESUPPORT_INTROSPECTION_CPP_BUILDING_DLL -DROS_PACKAGE_NAME=\"mecheye_ros_interface\" -I/usr/include/eigen3 -I/home/inauenma/git/mecheye_ros2_interface/build/mecheye_ros_interface/rosidl_typesupport_introspection_cpp -I/home/inauenma/git/mecheye_ros2_interface/build/mecheye_ros_interface/rosidl_generator_c -I/home/inauenma/git/mecheye_ros2_interface/build/mecheye_ros_interface/rosidl_generator_cpp -isystem /opt/ros/jazzy/include/std_msgs -isystem /opt/ros/jazzy/include/builtin_interfaces -isystem /opt/ros/jazzy/include/rosidl_runtime_c -isystem /opt/ros/jazzy/include/rcutils -isystem /opt/ros/jazzy/include/rosidl_typesupport_interface -isystem /opt/ros/jazzy/include/sensor_msgs -isystem /opt/ros/jazzy/include/geometry_msgs -isystem /opt/ros/jazzy/include/service_msgs -isystem /opt/ros/jazzy/include/rosidl_runtime_cpp -isystem /opt/ros/jazzy/include/rosidl_typesupport_introspection_cpp -isystem /opt/ros/jazzy/include/rosidl_typesupport_introspection_c -std=gnu++17 -fPIC -Wall -Wextra -Wpedantic -MD -MT CMakeFiles/mecheye_ros_interface__rosidl_typesupport_introspection_cpp.dir/rosidl_typesupport_introspection_cpp/mecheye_ros_interface/srv/detail/capture_point_cloud__type_support.cpp.o -MF CMakeFiles/mecheye_ros_interface__rosidl_typesupport_introspection_cpp.dir/rosidl_typesupport_introspection_cpp/mecheye_ros_interface/srv/detail/capture_point_cloud__type_support.cpp.o.d -o CMakeFiles/mecheye_ros_interface__rosidl_typesupport_introspection_cpp.dir/rosidl_typesupport_introspection_cpp/mecheye_ros_interface/srv/detail/capture_point_cloud__type_support.cpp.o -c /home/inauenma/git/mecheye_ros2_interface/build/mecheye_ros_interface/rosidl_typesupport_introspection_cpp/mecheye_ros_interface/srv/detail/capture_point_cloud__type_support.cpp
[ 53%] Building C object CMakeFiles/mecheye_ros_interface__rosidl_typesupport_introspection_c.dir/rosidl_typesupport_introspection_c/mecheye_ros_interface/srv/detail/save_all_settings_to_user_sets__type_support.c.o
/usr/bin/cc -DROSIDL_TYPESUPPORT_INTROSPECTION_C_BUILDING_DLL_mecheye_ros_interface -DROS_PACKAGE_NAME=\"mecheye_ros_interface\" -I/usr/include/eigen3 -I/home/inauenma/git/mecheye_ros2_interface/build/mecheye_ros_interface/rosidl_typesupport_introspection_c -I/home/inauenma/git/mecheye_ros2_interface/build/mecheye_ros_interface/rosidl_generator_c -isystem /opt/ros/jazzy/include/std_msgs -isystem /opt/ros/jazzy/include/builtin_interfaces -isystem /opt/ros/jazzy/include/rosidl_runtime_c -isystem /opt/ros/jazzy/include/rcutils -isystem /opt/ros/jazzy/include/rosidl_typesupport_interface -isystem /opt/ros/jazzy/include/sensor_msgs -isystem /opt/ros/jazzy/include/geometry_msgs -isystem /opt/ros/jazzy/include/service_msgs -isystem /opt/ros/jazzy/include/rosidl_typesupport_introspection_c -std=gnu11 -fPIC -Wall -MD -MT CMakeFiles/mecheye_ros_interface__rosidl_typesupport_introspection_c.dir/rosidl_typesupport_introspection_c/mecheye_ros_interface/srv/detail/save_all_settings_to_user_sets__type_support.c.o -MF CMakeFiles/mecheye_ros_interface__rosidl_typesupport_introspection_c.dir/rosidl_typesupport_introspection_c/mecheye_ros_interface/srv/detail/save_all_settings_to_user_sets__type_support.c.o.d -o CMakeFiles/mecheye_ros_interface__rosidl_typesupport_introspection_c.dir/rosidl_typesupport_introspection_c/mecheye_ros_interface/srv/detail/save_all_settings_to_user_sets__type_support.c.o -c /home/inauenma/git/mecheye_ros2_interface/build/mecheye_ros_interface/rosidl_typesupport_introspection_c/mecheye_ros_interface/srv/detail/save_all_settings_to_user_sets__type_support.c
[ 53%] Building C object CMakeFiles/mecheye_ros_interface__rosidl_typesupport_introspection_c.dir/rosidl_typesupport_introspection_c/mecheye_ros_interface/srv/detail/add_user_set__type_support.c.o
/usr/bin/cc -DROSIDL_TYPESUPPORT_INTROSPECTION_C_BUILDING_DLL_mecheye_ros_interface -DROS_PACKAGE_NAME=\"mecheye_ros_interface\" -I/usr/include/eigen3 -I/home/inauenma/git/mecheye_ros2_interface/build/mecheye_ros_interface/rosidl_typesupport_introspection_c -I/home/inauenma/git/mecheye_ros2_interface/build/mecheye_ros_interface/rosidl_generator_c -isystem /opt/ros/jazzy/include/std_msgs -isystem /opt/ros/jazzy/include/builtin_interfaces -isystem /opt/ros/jazzy/include/rosidl_runtime_c -isystem /opt/ros/jazzy/include/rcutils -isystem /opt/ros/jazzy/include/rosidl_typesupport_interface -isystem /opt/ros/jazzy/include/sensor_msgs -isystem /opt/ros/jazzy/include/geometry_msgs -isystem /opt/ros/jazzy/include/service_msgs -isystem /opt/ros/jazzy/include/rosidl_typesupport_introspection_c -std=gnu11 -fPIC -Wall -MD -MT CMakeFiles/mecheye_ros_interface__rosidl_typesupport_introspection_c.dir/rosidl_typesupport_introspection_c/mecheye_ros_interface/srv/detail/add_user_set__type_support.c.o -MF CMakeFiles/mecheye_ros_interface__rosidl_typesupport_introspection_c.dir/rosidl_typesupport_introspection_c/mecheye_ros_interface/srv/detail/add_user_set__type_support.c.o.d -o CMakeFiles/mecheye_ros_interface__rosidl_typesupport_introspection_c.dir/rosidl_typesupport_introspection_c/mecheye_ros_interface/srv/detail/add_user_set__type_support.c.o -c /home/inauenma/git/mecheye_ros2_interface/build/mecheye_ros_interface/rosidl_typesupport_introspection_c/mecheye_ros_interface/srv/detail/add_user_set__type_support.c
[ 53%] Building CXX object CMakeFiles/mecheye_ros_interface__rosidl_typesupport_introspection_cpp.dir/rosidl_typesupport_introspection_cpp/mecheye_ros_interface/srv/detail/delete_user_set__type_support.cpp.o
/usr/bin/c++ -DROSIDL_TYPESUPPORT_INTROSPECTION_CPP_BUILDING_DLL -DROS_PACKAGE_NAME=\"mecheye_ros_interface\" -I/usr/include/eigen3 -I/home/inauenma/git/mecheye_ros2_interface/build/mecheye_ros_interface/rosidl_typesupport_introspection_cpp -I/home/inauenma/git/mecheye_ros2_interface/build/mecheye_ros_interface/rosidl_generator_c -I/home/inauenma/git/mecheye_ros2_interface/build/mecheye_ros_interface/rosidl_generator_cpp -isystem /opt/ros/jazzy/include/std_msgs -isystem /opt/ros/jazzy/include/builtin_interfaces -isystem /opt/ros/jazzy/include/rosidl_runtime_c -isystem /opt/ros/jazzy/include/rcutils -isystem /opt/ros/jazzy/include/rosidl_typesupport_interface -isystem /opt/ros/jazzy/include/sensor_msgs -isystem /opt/ros/jazzy/include/geometry_msgs -isystem /opt/ros/jazzy/include/service_msgs -isystem /opt/ros/jazzy/include/rosidl_runtime_cpp -isystem /opt/ros/jazzy/include/rosidl_typesupport_introspection_cpp -isystem /opt/ros/jazzy/include/rosidl_typesupport_introspection_c -std=gnu++17 -fPIC -Wall -Wextra -Wpedantic -MD -MT CMakeFiles/mecheye_ros_interface__rosidl_typesupport_introspection_cpp.dir/rosidl_typesupport_introspection_cpp/mecheye_ros_interface/srv/detail/delete_user_set__type_support.cpp.o -MF CMakeFiles/mecheye_ros_interface__rosidl_typesupport_introspection_cpp.dir/rosidl_typesupport_introspection_cpp/mecheye_ros_interface/srv/detail/delete_user_set__type_support.cpp.o.d -o CMakeFiles/mecheye_ros_interface__rosidl_typesupport_introspection_cpp.dir/rosidl_typesupport_introspection_cpp/mecheye_ros_interface/srv/detail/delete_user_set__type_support.cpp.o -c /home/inauenma/git/mecheye_ros2_interface/build/mecheye_ros_interface/rosidl_typesupport_introspection_cpp/mecheye_ros_interface/srv/detail/delete_user_set__type_support.cpp
[ 54%] Building C object CMakeFiles/mecheye_ros_interface__rosidl_typesupport_introspection_c.dir/rosidl_typesupport_introspection_c/mecheye_ros_interface/srv/detail/capture_color_image__type_support.c.o
/usr/bin/cc -DROSIDL_TYPESUPPORT_INTROSPECTION_C_BUILDING_DLL_mecheye_ros_interface -DROS_PACKAGE_NAME=\"mecheye_ros_interface\" -I/usr/include/eigen3 -I/home/inauenma/git/mecheye_ros2_interface/build/mecheye_ros_interface/rosidl_typesupport_introspection_c -I/home/inauenma/git/mecheye_ros2_interface/build/mecheye_ros_interface/rosidl_generator_c -isystem /opt/ros/jazzy/include/std_msgs -isystem /opt/ros/jazzy/include/builtin_interfaces -isystem /opt/ros/jazzy/include/rosidl_runtime_c -isystem /opt/ros/jazzy/include/rcutils -isystem /opt/ros/jazzy/include/rosidl_typesupport_interface -isystem /opt/ros/jazzy/include/sensor_msgs -isystem /opt/ros/jazzy/include/geometry_msgs -isystem /opt/ros/jazzy/include/service_msgs -isystem /opt/ros/jazzy/include/rosidl_typesupport_introspection_c -std=gnu11 -fPIC -Wall -MD -MT CMakeFiles/mecheye_ros_interface__rosidl_typesupport_introspection_c.dir/rosidl_typesupport_introspection_c/mecheye_ros_interface/srv/detail/capture_color_image__type_support.c.o -MF CMakeFiles/mecheye_ros_interface__rosidl_typesupport_introspection_c.dir/rosidl_typesupport_introspection_c/mecheye_ros_interface/srv/detail/capture_color_image__type_support.c.o.d -o CMakeFiles/mecheye_ros_interface__rosidl_typesupport_introspection_c.dir/rosidl_typesupport_introspection_c/mecheye_ros_interface/srv/detail/capture_color_image__type_support.c.o -c /home/inauenma/git/mecheye_ros2_interface/build/mecheye_ros_interface/rosidl_typesupport_introspection_c/mecheye_ros_interface/srv/detail/capture_color_image__type_support.c
[ 54%] Building C object CMakeFiles/mecheye_ros_interface__rosidl_typesupport_introspection_c.dir/rosidl_typesupport_introspection_c/mecheye_ros_interface/srv/detail/capture_stereo_color_images__type_support.c.o
/usr/bin/cc -DROSIDL_TYPESUPPORT_INTROSPECTION_C_BUILDING_DLL_mecheye_ros_interface -DROS_PACKAGE_NAME=\"mecheye_ros_interface\" -I/usr/include/eigen3 -I/home/inauenma/git/mecheye_ros2_interface/build/mecheye_ros_interface/rosidl_typesupport_introspection_c -I/home/inauenma/git/mecheye_ros2_interface/build/mecheye_ros_interface/rosidl_generator_c -isystem /opt/ros/jazzy/include/std_msgs -isystem /opt/ros/jazzy/include/builtin_interfaces -isystem /opt/ros/jazzy/include/rosidl_runtime_c -isystem /opt/ros/jazzy/include/rcutils -isystem /opt/ros/jazzy/include/rosidl_typesupport_interface -isystem /opt/ros/jazzy/include/sensor_msgs -isystem /opt/ros/jazzy/include/geometry_msgs -isystem /opt/ros/jazzy/include/service_msgs -isystem /opt/ros/jazzy/include/rosidl_typesupport_introspection_c -std=gnu11 -fPIC -Wall -MD -MT CMakeFiles/mecheye_ros_interface__rosidl_typesupport_introspection_c.dir/rosidl_typesupport_introspection_c/mecheye_ros_interface/srv/detail/capture_stereo_color_images__type_support.c.o -MF CMakeFiles/mecheye_ros_interface__rosidl_typesupport_introspection_c.dir/rosidl_typesupport_introspection_c/mecheye_ros_interface/srv/detail/capture_stereo_color_images__type_support.c.o.d -o CMakeFiles/mecheye_ros_interface__rosidl_typesupport_introspection_c.dir/rosidl_typesupport_introspection_c/mecheye_ros_interface/srv/detail/capture_stereo_color_images__type_support.c.o -c /home/inauenma/git/mecheye_ros2_interface/build/mecheye_ros_interface/rosidl_typesupport_introspection_c/mecheye_ros_interface/srv/detail/capture_stereo_color_images__type_support.c
[ 54%] Building CXX object CMakeFiles/mecheye_ros_interface__rosidl_typesupport_introspection_cpp.dir/rosidl_typesupport_introspection_cpp/mecheye_ros_interface/srv/detail/device_info__type_support.cpp.o
/usr/bin/c++ -DROSIDL_TYPESUPPORT_INTROSPECTION_CPP_BUILDING_DLL -DROS_PACKAGE_NAME=\"mecheye_ros_interface\" -I/usr/include/eigen3 -I/home/inauenma/git/mecheye_ros2_interface/build/mecheye_ros_interface/rosidl_typesupport_introspection_cpp -I/home/inauenma/git/mecheye_ros2_interface/build/mecheye_ros_interface/rosidl_generator_c -I/home/inauenma/git/mecheye_ros2_interface/build/mecheye_ros_interface/rosidl_generator_cpp -isystem /opt/ros/jazzy/include/std_msgs -isystem /opt/ros/jazzy/include/builtin_interfaces -isystem /opt/ros/jazzy/include/rosidl_runtime_c -isystem /opt/ros/jazzy/include/rcutils -isystem /opt/ros/jazzy/include/rosidl_typesupport_interface -isystem /opt/ros/jazzy/include/sensor_msgs -isystem /opt/ros/jazzy/include/geometry_msgs -isystem /opt/ros/jazzy/include/service_msgs -isystem /opt/ros/jazzy/include/rosidl_runtime_cpp -isystem /opt/ros/jazzy/include/rosidl_typesupport_introspection_cpp -isystem /opt/ros/jazzy/include/rosidl_typesupport_introspection_c -std=gnu++17 -fPIC -Wall -Wextra -Wpedantic -MD -MT CMakeFiles/mecheye_ros_interface__rosidl_typesupport_introspection_cpp.dir/rosidl_typesupport_introspection_cpp/mecheye_ros_interface/srv/detail/device_info__type_support.cpp.o -MF CMakeFiles/mecheye_ros_interface__rosidl_typesupport_introspection_cpp.dir/rosidl_typesupport_introspection_cpp/mecheye_ros_interface/srv/detail/device_info__type_support.cpp.o.d -o CMakeFiles/mecheye_ros_interface__rosidl_typesupport_introspection_cpp.dir/rosidl_typesupport_introspection_cpp/mecheye_ros_interface/srv/detail/device_info__type_support.cpp.o -c /home/inauenma/git/mecheye_ros2_interface/build/mecheye_ros_interface/rosidl_typesupport_introspection_cpp/mecheye_ros_interface/srv/detail/device_info__type_support.cpp
[ 54%] Linking CXX shared library libmecheye_ros_interface__rosidl_typesupport_cpp.so
/usr/bin/cmake -E cmake_link_script CMakeFiles/mecheye_ros_interface__rosidl_typesupport_cpp.dir/link.txt --verbose=1
/usr/bin/c++ -fPIC -shared -Wl,-soname,libmecheye_ros_interface__rosidl_typesupport_cpp.so -o libmecheye_ros_interface__rosidl_typesupport_cpp.so CMakeFiles/mecheye_ros_interface__rosidl_typesupport_cpp.dir/rosidl_typesupport_cpp/mecheye_ros_interface/srv/set_current_user_set__type_support.cpp.o CMakeFiles/mecheye_ros_interface__rosidl_typesupport_cpp.dir/rosidl_typesupport_cpp/mecheye_ros_interface/srv/save_all_settings_to_user_sets__type_support.cpp.o CMakeFiles/mecheye_ros_interface__rosidl_typesupport_cpp.dir/rosidl_typesupport_cpp/mecheye_ros_interface/srv/add_user_set__type_support.cpp.o CMakeFiles/mecheye_ros_interface__rosidl_typesupport_cpp.dir/rosidl_typesupport_cpp/mecheye_ros_interface/srv/capture_color_image__type_support.cpp.o CMakeFiles/mecheye_ros_interface__rosidl_typesupport_cpp.dir/rosidl_typesupport_cpp/mecheye_ros_interface/srv/capture_stereo_color_images__type_support.cpp.o CMakeFiles/mecheye_ros_interface__rosidl_typesupport_cpp.dir/rosidl_typesupport_cpp/mecheye_ros_interface/srv/capture_textured_point_cloud__type_support.cpp.o CMakeFiles/mecheye_ros_interface__rosidl_typesupport_cpp.dir/rosidl_typesupport_cpp/mecheye_ros_interface/srv/capture_depth_map__type_support.cpp.o CMakeFiles/mecheye_ros_interface__rosidl_typesupport_cpp.dir/rosidl_typesupport_cpp/mecheye_ros_interface/srv/capture_point_cloud__type_support.cpp.o CMakeFiles/mecheye_ros_interface__rosidl_typesupport_cpp.dir/rosidl_typesupport_cpp/mecheye_ros_interface/srv/delete_user_set__type_support.cpp.o CMakeFiles/mecheye_ros_interface__rosidl_typesupport_cpp.dir/rosidl_typesupport_cpp/mecheye_ros_interface/srv/device_info__type_support.cpp.o CMakeFiles/mecheye_ros_interface__rosidl_typesupport_cpp.dir/rosidl_typesupport_cpp/mecheye_ros_interface/srv/get_all_user_sets__type_support.cpp.o CMakeFiles/mecheye_ros_interface__rosidl_typesupport_cpp.dir/rosidl_typesupport_cpp/mecheye_ros_interface/srv/get_current_user_set__type_support.cpp.o CMakeFiles/mecheye_ros_interface__rosidl_typesupport_cpp.dir/rosidl_typesupport_cpp/mecheye_ros_interface/srv/set_int_parameter__type_support.cpp.o CMakeFiles/mecheye_ros_interface__rosidl_typesupport_cpp.dir/rosidl_typesupport_cpp/mecheye_ros_interface/srv/get_int_parameter__type_support.cpp.o CMakeFiles/mecheye_ros_interface__rosidl_typesupport_cpp.dir/rosidl_typesupport_cpp/mecheye_ros_interface/srv/set_range_parameter__type_support.cpp.o CMakeFiles/mecheye_ros_interface__rosidl_typesupport_cpp.dir/rosidl_typesupport_cpp/mecheye_ros_interface/srv/get_range_parameter__type_support.cpp.o CMakeFiles/mecheye_ros_interface__rosidl_typesupport_cpp.dir/rosidl_typesupport_cpp/mecheye_ros_interface/srv/set_bool_parameter__type_support.cpp.o CMakeFiles/mecheye_ros_interface__rosidl_typesupport_cpp.dir/rosidl_typesupport_cpp/mecheye_ros_interface/srv/get_bool_parameter__type_support.cpp.o CMakeFiles/mecheye_ros_interface__rosidl_typesupport_cpp.dir/rosidl_typesupport_cpp/mecheye_ros_interface/srv/set_enum_parameter__type_support.cpp.o CMakeFiles/mecheye_ros_interface__rosidl_typesupport_cpp.dir/rosidl_typesupport_cpp/mecheye_ros_interface/srv/get_enum_parameter__type_support.cpp.o CMakeFiles/mecheye_ros_interface__rosidl_typesupport_cpp.dir/rosidl_typesupport_cpp/mecheye_ros_interface/srv/set_float_parameter__type_support.cpp.o CMakeFiles/mecheye_ros_interface__rosidl_typesupport_cpp.dir/rosidl_typesupport_cpp/mecheye_ros_interface/srv/get_float_parameter__type_support.cpp.o CMakeFiles/mecheye_ros_interface__rosidl_typesupport_cpp.dir/rosidl_typesupport_cpp/mecheye_ros_interface/srv/set_float_array_parameter__type_support.cpp.o CMakeFiles/mecheye_ros_interface__rosidl_typesupport_cpp.dir/rosidl_typesupport_cpp/mecheye_ros_interface/srv/get_float_array_parameter__type_support.cpp.o CMakeFiles/mecheye_ros_interface__rosidl_typesupport_cpp.dir/rosidl_typesupport_cpp/mecheye_ros_interface/srv/set_roi_parameter__type_support.cpp.o CMakeFiles/mecheye_ros_interface__rosidl_typesupport_cpp.dir/rosidl_typesupport_cpp/mecheye_ros_interface/srv/get_roi_parameter__type_support.cpp.o  -Wl,-rpath,/home/inauenma/git/mecheye_ros2_interface/build/mecheye_ros_interface:/opt/ros/jazzy/lib: libmecheye_ros_interface__rosidl_generator_c.so /opt/ros/jazzy/lib/libsensor_msgs__rosidl_typesupport_cpp.so /opt/ros/jazzy/lib/libgeometry_msgs__rosidl_typesupport_cpp.so /opt/ros/jazzy/lib/libservice_msgs__rosidl_typesupport_cpp.so /opt/ros/jazzy/lib/libstd_msgs__rosidl_typesupport_cpp.so /opt/ros/jazzy/lib/libbuiltin_interfaces__rosidl_typesupport_cpp.so /opt/ros/jazzy/lib/librosidl_typesupport_cpp.so /opt/ros/jazzy/lib/librosidl_typesupport_c.so /opt/ros/jazzy/lib/libsensor_msgs__rosidl_generator_c.so /opt/ros/jazzy/lib/libgeometry_msgs__rosidl_generator_c.so /opt/ros/jazzy/lib/libstd_msgs__rosidl_generator_c.so /opt/ros/jazzy/lib/libservice_msgs__rosidl_generator_c.so /opt/ros/jazzy/lib/libbuiltin_interfaces__rosidl_generator_c.so /opt/ros/jazzy/lib/librosidl_runtime_c.so /opt/ros/jazzy/lib/librcutils.so -ldl -latomic -Wl,-rpath-link,/opt/ros/jazzy/lib 
[ 54%] Building C object CMakeFiles/mecheye_ros_interface__rosidl_typesupport_introspection_c.dir/rosidl_typesupport_introspection_c/mecheye_ros_interface/srv/detail/capture_textured_point_cloud__type_support.c.o
/usr/bin/cc -DROSIDL_TYPESUPPORT_INTROSPECTION_C_BUILDING_DLL_mecheye_ros_interface -DROS_PACKAGE_NAME=\"mecheye_ros_interface\" -I/usr/include/eigen3 -I/home/inauenma/git/mecheye_ros2_interface/build/mecheye_ros_interface/rosidl_typesupport_introspection_c -I/home/inauenma/git/mecheye_ros2_interface/build/mecheye_ros_interface/rosidl_generator_c -isystem /opt/ros/jazzy/include/std_msgs -isystem /opt/ros/jazzy/include/builtin_interfaces -isystem /opt/ros/jazzy/include/rosidl_runtime_c -isystem /opt/ros/jazzy/include/rcutils -isystem /opt/ros/jazzy/include/rosidl_typesupport_interface -isystem /opt/ros/jazzy/include/sensor_msgs -isystem /opt/ros/jazzy/include/geometry_msgs -isystem /opt/ros/jazzy/include/service_msgs -isystem /opt/ros/jazzy/include/rosidl_typesupport_introspection_c -std=gnu11 -fPIC -Wall -MD -MT CMakeFiles/mecheye_ros_interface__rosidl_typesupport_introspection_c.dir/rosidl_typesupport_introspection_c/mecheye_ros_interface/srv/detail/capture_textured_point_cloud__type_support.c.o -MF CMakeFiles/mecheye_ros_interface__rosidl_typesupport_introspection_c.dir/rosidl_typesupport_introspection_c/mecheye_ros_interface/srv/detail/capture_textured_point_cloud__type_support.c.o.d -o CMakeFiles/mecheye_ros_interface__rosidl_typesupport_introspection_c.dir/rosidl_typesupport_introspection_c/mecheye_ros_interface/srv/detail/capture_textured_point_cloud__type_support.c.o -c /home/inauenma/git/mecheye_ros2_interface/build/mecheye_ros_interface/rosidl_typesupport_introspection_c/mecheye_ros_interface/srv/detail/capture_textured_point_cloud__type_support.c
[ 55%] Building CXX object CMakeFiles/mecheye_ros_interface__rosidl_typesupport_introspection_cpp.dir/rosidl_typesupport_introspection_cpp/mecheye_ros_interface/srv/detail/get_all_user_sets__type_support.cpp.o
/usr/bin/c++ -DROSIDL_TYPESUPPORT_INTROSPECTION_CPP_BUILDING_DLL -DROS_PACKAGE_NAME=\"mecheye_ros_interface\" -I/usr/include/eigen3 -I/home/inauenma/git/mecheye_ros2_interface/build/mecheye_ros_interface/rosidl_typesupport_introspection_cpp -I/home/inauenma/git/mecheye_ros2_interface/build/mecheye_ros_interface/rosidl_generator_c -I/home/inauenma/git/mecheye_ros2_interface/build/mecheye_ros_interface/rosidl_generator_cpp -isystem /opt/ros/jazzy/include/std_msgs -isystem /opt/ros/jazzy/include/builtin_interfaces -isystem /opt/ros/jazzy/include/rosidl_runtime_c -isystem /opt/ros/jazzy/include/rcutils -isystem /opt/ros/jazzy/include/rosidl_typesupport_interface -isystem /opt/ros/jazzy/include/sensor_msgs -isystem /opt/ros/jazzy/include/geometry_msgs -isystem /opt/ros/jazzy/include/service_msgs -isystem /opt/ros/jazzy/include/rosidl_runtime_cpp -isystem /opt/ros/jazzy/include/rosidl_typesupport_introspection_cpp -isystem /opt/ros/jazzy/include/rosidl_typesupport_introspection_c -std=gnu++17 -fPIC -Wall -Wextra -Wpedantic -MD -MT CMakeFiles/mecheye_ros_interface__rosidl_typesupport_introspection_cpp.dir/rosidl_typesupport_introspection_cpp/mecheye_ros_interface/srv/detail/get_all_user_sets__type_support.cpp.o -MF CMakeFiles/mecheye_ros_interface__rosidl_typesupport_introspection_cpp.dir/rosidl_typesupport_introspection_cpp/mecheye_ros_interface/srv/detail/get_all_user_sets__type_support.cpp.o.d -o CMakeFiles/mecheye_ros_interface__rosidl_typesupport_introspection_cpp.dir/rosidl_typesupport_introspection_cpp/mecheye_ros_interface/srv/detail/get_all_user_sets__type_support.cpp.o -c /home/inauenma/git/mecheye_ros2_interface/build/mecheye_ros_interface/rosidl_typesupport_introspection_cpp/mecheye_ros_interface/srv/detail/get_all_user_sets__type_support.cpp
[ 56%] Building C object CMakeFiles/mecheye_ros_interface__rosidl_typesupport_introspection_c.dir/rosidl_typesupport_introspection_c/mecheye_ros_interface/srv/detail/capture_depth_map__type_support.c.o
/usr/bin/cc -DROSIDL_TYPESUPPORT_INTROSPECTION_C_BUILDING_DLL_mecheye_ros_interface -DROS_PACKAGE_NAME=\"mecheye_ros_interface\" -I/usr/include/eigen3 -I/home/inauenma/git/mecheye_ros2_interface/build/mecheye_ros_interface/rosidl_typesupport_introspection_c -I/home/inauenma/git/mecheye_ros2_interface/build/mecheye_ros_interface/rosidl_generator_c -isystem /opt/ros/jazzy/include/std_msgs -isystem /opt/ros/jazzy/include/builtin_interfaces -isystem /opt/ros/jazzy/include/rosidl_runtime_c -isystem /opt/ros/jazzy/include/rcutils -isystem /opt/ros/jazzy/include/rosidl_typesupport_interface -isystem /opt/ros/jazzy/include/sensor_msgs -isystem /opt/ros/jazzy/include/geometry_msgs -isystem /opt/ros/jazzy/include/service_msgs -isystem /opt/ros/jazzy/include/rosidl_typesupport_introspection_c -std=gnu11 -fPIC -Wall -MD -MT CMakeFiles/mecheye_ros_interface__rosidl_typesupport_introspection_c.dir/rosidl_typesupport_introspection_c/mecheye_ros_interface/srv/detail/capture_depth_map__type_support.c.o -MF CMakeFiles/mecheye_ros_interface__rosidl_typesupport_introspection_c.dir/rosidl_typesupport_introspection_c/mecheye_ros_interface/srv/detail/capture_depth_map__type_support.c.o.d -o CMakeFiles/mecheye_ros_interface__rosidl_typesupport_introspection_c.dir/rosidl_typesupport_introspection_c/mecheye_ros_interface/srv/detail/capture_depth_map__type_support.c.o -c /home/inauenma/git/mecheye_ros2_interface/build/mecheye_ros_interface/rosidl_typesupport_introspection_c/mecheye_ros_interface/srv/detail/capture_depth_map__type_support.c
[ 56%] Building C object CMakeFiles/mecheye_ros_interface__rosidl_typesupport_introspection_c.dir/rosidl_typesupport_introspection_c/mecheye_ros_interface/srv/detail/capture_point_cloud__type_support.c.o
/usr/bin/cc -DROSIDL_TYPESUPPORT_INTROSPECTION_C_BUILDING_DLL_mecheye_ros_interface -DROS_PACKAGE_NAME=\"mecheye_ros_interface\" -I/usr/include/eigen3 -I/home/inauenma/git/mecheye_ros2_interface/build/mecheye_ros_interface/rosidl_typesupport_introspection_c -I/home/inauenma/git/mecheye_ros2_interface/build/mecheye_ros_interface/rosidl_generator_c -isystem /opt/ros/jazzy/include/std_msgs -isystem /opt/ros/jazzy/include/builtin_interfaces -isystem /opt/ros/jazzy/include/rosidl_runtime_c -isystem /opt/ros/jazzy/include/rcutils -isystem /opt/ros/jazzy/include/rosidl_typesupport_interface -isystem /opt/ros/jazzy/include/sensor_msgs -isystem /opt/ros/jazzy/include/geometry_msgs -isystem /opt/ros/jazzy/include/service_msgs -isystem /opt/ros/jazzy/include/rosidl_typesupport_introspection_c -std=gnu11 -fPIC -Wall -MD -MT CMakeFiles/mecheye_ros_interface__rosidl_typesupport_introspection_c.dir/rosidl_typesupport_introspection_c/mecheye_ros_interface/srv/detail/capture_point_cloud__type_support.c.o -MF CMakeFiles/mecheye_ros_interface__rosidl_typesupport_introspection_c.dir/rosidl_typesupport_introspection_c/mecheye_ros_interface/srv/detail/capture_point_cloud__type_support.c.o.d -o CMakeFiles/mecheye_ros_interface__rosidl_typesupport_introspection_c.dir/rosidl_typesupport_introspection_c/mecheye_ros_interface/srv/detail/capture_point_cloud__type_support.c.o -c /home/inauenma/git/mecheye_ros2_interface/build/mecheye_ros_interface/rosidl_typesupport_introspection_c/mecheye_ros_interface/srv/detail/capture_point_cloud__type_support.c
[ 56%] Building C object CMakeFiles/mecheye_ros_interface__rosidl_typesupport_introspection_c.dir/rosidl_typesupport_introspection_c/mecheye_ros_interface/srv/detail/delete_user_set__type_support.c.o
/usr/bin/cc -DROSIDL_TYPESUPPORT_INTROSPECTION_C_BUILDING_DLL_mecheye_ros_interface -DROS_PACKAGE_NAME=\"mecheye_ros_interface\" -I/usr/include/eigen3 -I/home/inauenma/git/mecheye_ros2_interface/build/mecheye_ros_interface/rosidl_typesupport_introspection_c -I/home/inauenma/git/mecheye_ros2_interface/build/mecheye_ros_interface/rosidl_generator_c -isystem /opt/ros/jazzy/include/std_msgs -isystem /opt/ros/jazzy/include/builtin_interfaces -isystem /opt/ros/jazzy/include/rosidl_runtime_c -isystem /opt/ros/jazzy/include/rcutils -isystem /opt/ros/jazzy/include/rosidl_typesupport_interface -isystem /opt/ros/jazzy/include/sensor_msgs -isystem /opt/ros/jazzy/include/geometry_msgs -isystem /opt/ros/jazzy/include/service_msgs -isystem /opt/ros/jazzy/include/rosidl_typesupport_introspection_c -std=gnu11 -fPIC -Wall -MD -MT CMakeFiles/mecheye_ros_interface__rosidl_typesupport_introspection_c.dir/rosidl_typesupport_introspection_c/mecheye_ros_interface/srv/detail/delete_user_set__type_support.c.o -MF CMakeFiles/mecheye_ros_interface__rosidl_typesupport_introspection_c.dir/rosidl_typesupport_introspection_c/mecheye_ros_interface/srv/detail/delete_user_set__type_support.c.o.d -o CMakeFiles/mecheye_ros_interface__rosidl_typesupport_introspection_c.dir/rosidl_typesupport_introspection_c/mecheye_ros_interface/srv/detail/delete_user_set__type_support.c.o -c /home/inauenma/git/mecheye_ros2_interface/build/mecheye_ros_interface/rosidl_typesupport_introspection_c/mecheye_ros_interface/srv/detail/delete_user_set__type_support.c
cd /home/inauenma/git/mecheye_ros2_interface/build/mecheye_ros_interface && /usr/bin/cmake -E cmake_depends "Unix Makefiles" /home/inauenma/git/mecheye_ros2_interface /home/inauenma/git/mecheye_ros2_interface /home/inauenma/git/mecheye_ros2_interface/build/mecheye_ros_interface /home/inauenma/git/mecheye_ros2_interface/build/mecheye_ros_interface /home/inauenma/git/mecheye_ros2_interface/build/mecheye_ros_interface/CMakeFiles/mecheye_ros_interface__rosidl_typesupport_fastrtps_cpp.dir/DependInfo.cmake "--color="
[ 56%] Building CXX object CMakeFiles/mecheye_ros_interface__rosidl_typesupport_introspection_cpp.dir/rosidl_typesupport_introspection_cpp/mecheye_ros_interface/srv/detail/get_current_user_set__type_support.cpp.o
/usr/bin/c++ -DROSIDL_TYPESUPPORT_INTROSPECTION_CPP_BUILDING_DLL -DROS_PACKAGE_NAME=\"mecheye_ros_interface\" -I/usr/include/eigen3 -I/home/inauenma/git/mecheye_ros2_interface/build/mecheye_ros_interface/rosidl_typesupport_introspection_cpp -I/home/inauenma/git/mecheye_ros2_interface/build/mecheye_ros_interface/rosidl_generator_c -I/home/inauenma/git/mecheye_ros2_interface/build/mecheye_ros_interface/rosidl_generator_cpp -isystem /opt/ros/jazzy/include/std_msgs -isystem /opt/ros/jazzy/include/builtin_interfaces -isystem /opt/ros/jazzy/include/rosidl_runtime_c -isystem /opt/ros/jazzy/include/rcutils -isystem /opt/ros/jazzy/include/rosidl_typesupport_interface -isystem /opt/ros/jazzy/include/sensor_msgs -isystem /opt/ros/jazzy/include/geometry_msgs -isystem /opt/ros/jazzy/include/service_msgs -isystem /opt/ros/jazzy/include/rosidl_runtime_cpp -isystem /opt/ros/jazzy/include/rosidl_typesupport_introspection_cpp -isystem /opt/ros/jazzy/include/rosidl_typesupport_introspection_c -std=gnu++17 -fPIC -Wall -Wextra -Wpedantic -MD -MT CMakeFiles/mecheye_ros_interface__rosidl_typesupport_introspection_cpp.dir/rosidl_typesupport_introspection_cpp/mecheye_ros_interface/srv/detail/get_current_user_set__type_support.cpp.o -MF CMakeFiles/mecheye_ros_interface__rosidl_typesupport_introspection_cpp.dir/rosidl_typesupport_introspection_cpp/mecheye_ros_interface/srv/detail/get_current_user_set__type_support.cpp.o.d -o CMakeFiles/mecheye_ros_interface__rosidl_typesupport_introspection_cpp.dir/rosidl_typesupport_introspection_cpp/mecheye_ros_interface/srv/detail/get_current_user_set__type_support.cpp.o -c /home/inauenma/git/mecheye_ros2_interface/build/mecheye_ros_interface/rosidl_typesupport_introspection_cpp/mecheye_ros_interface/srv/detail/get_current_user_set__type_support.cpp
[ 56%] Building CXX object CMakeFiles/mecheye_ros_interface__rosidl_typesupport_introspection_cpp.dir/rosidl_typesupport_introspection_cpp/mecheye_ros_interface/srv/detail/set_int_parameter__type_support.cpp.o
[ 56%] Building C object CMakeFiles/mecheye_ros_interface__rosidl_typesupport_introspection_c.dir/rosidl_typesupport_introspection_c/mecheye_ros_interface/srv/detail/get_all_user_sets__type_support.c.o
/usr/bin/cc -DROSIDL_TYPESUPPORT_INTROSPECTION_C_BUILDING_DLL_mecheye_ros_interface -DROS_PACKAGE_NAME=\"mecheye_ros_interface\" -I/usr/include/eigen3 -I/home/inauenma/git/mecheye_ros2_interface/build/mecheye_ros_interface/rosidl_typesupport_introspection_c -I/home/inauenma/git/mecheye_ros2_interface/build/mecheye_ros_interface/rosidl_generator_c -isystem /opt/ros/jazzy/include/std_msgs -isystem /opt/ros/jazzy/include/builtin_interfaces -isystem /opt/ros/jazzy/include/rosidl_runtime_c -isystem /opt/ros/jazzy/include/rcutils -isystem /opt/ros/jazzy/include/rosidl_typesupport_interface -isystem /opt/ros/jazzy/include/sensor_msgs -isystem /opt/ros/jazzy/include/geometry_msgs -isystem /opt/ros/jazzy/include/service_msgs -isystem /opt/ros/jazzy/include/rosidl_typesupport_introspection_c -std=gnu11 -fPIC -Wall -MD -MT CMakeFiles/mecheye_ros_interface__rosidl_typesupport_introspection_c.dir/rosidl_typesupport_introspection_c/mecheye_ros_interface/srv/detail/get_all_user_sets__type_support.c.o -MF CMakeFiles/mecheye_ros_interface__rosidl_typesupport_introspection_c.dir/rosidl_typesupport_introspection_c/mecheye_ros_interface/srv/detail/get_all_user_sets__type_support.c.o.d -o CMakeFiles/mecheye_ros_interface__rosidl_typesupport_introspection_c.dir/rosidl_typesupport_introspection_c/mecheye_ros_interface/srv/detail/get_all_user_sets__type_support.c.o -c /home/inauenma/git/mecheye_ros2_interface/build/mecheye_ros_interface/rosidl_typesupport_introspection_c/mecheye_ros_interface/srv/detail/get_all_user_sets__type_support.c
[ 57%] Building C object CMakeFiles/mecheye_ros_interface__rosidl_typesupport_introspection_c.dir/rosidl_typesupport_introspection_c/mecheye_ros_interface/srv/detail/device_info__type_support.c.o
gmake[2]: Leaving directory '/home/inauenma/git/mecheye_ros2_interface/build/mecheye_ros_interface'
/usr/bin/gmake  -f CMakeFiles/mecheye_ros_interface__rosidl_typesupport_fastrtps_cpp.dir/build.make CMakeFiles/mecheye_ros_interface__rosidl_typesupport_fastrtps_cpp.dir/build
/usr/bin/cc -DROSIDL_TYPESUPPORT_INTROSPECTION_C_BUILDING_DLL_mecheye_ros_interface -DROS_PACKAGE_NAME=\"mecheye_ros_interface\" -I/usr/include/eigen3 -I/home/inauenma/git/mecheye_ros2_interface/build/mecheye_ros_interface/rosidl_typesupport_introspection_c -I/home/inauenma/git/mecheye_ros2_interface/build/mecheye_ros_interface/rosidl_generator_c -isystem /opt/ros/jazzy/include/std_msgs -isystem /opt/ros/jazzy/include/builtin_interfaces -isystem /opt/ros/jazzy/include/rosidl_runtime_c -isystem /opt/ros/jazzy/include/rcutils -isystem /opt/ros/jazzy/include/rosidl_typesupport_interface -isystem /opt/ros/jazzy/include/sensor_msgs -isystem /opt/ros/jazzy/include/geometry_msgs -isystem /opt/ros/jazzy/include/service_msgs -isystem /opt/ros/jazzy/include/rosidl_typesupport_introspection_c -std=gnu11 -fPIC -Wall -MD -MT CMakeFiles/mecheye_ros_interface__rosidl_typesupport_introspection_c.dir/rosidl_typesupport_introspection_c/mecheye_ros_interface/srv/detail/device_info__type_support.c.o -MF CMakeFiles/mecheye_ros_interface__rosidl_typesupport_introspection_c.dir/rosidl_typesupport_introspection_c/mecheye_ros_interface/srv/detail/device_info__type_support.c.o.d -o CMakeFiles/mecheye_ros_interface__rosidl_typesupport_introspection_c.dir/rosidl_typesupport_introspection_c/mecheye_ros_interface/srv/detail/device_info__type_support.c.o -c /home/inauenma/git/mecheye_ros2_interface/build/mecheye_ros_interface/rosidl_typesupport_introspection_c/mecheye_ros_interface/srv/detail/device_info__type_support.c
/usr/bin/c++ -DROSIDL_TYPESUPPORT_INTROSPECTION_CPP_BUILDING_DLL -DROS_PACKAGE_NAME=\"mecheye_ros_interface\" -I/usr/include/eigen3 -I/home/inauenma/git/mecheye_ros2_interface/build/mecheye_ros_interface/rosidl_typesupport_introspection_cpp -I/home/inauenma/git/mecheye_ros2_interface/build/mecheye_ros_interface/rosidl_generator_c -I/home/inauenma/git/mecheye_ros2_interface/build/mecheye_ros_interface/rosidl_generator_cpp -isystem /opt/ros/jazzy/include/std_msgs -isystem /opt/ros/jazzy/include/builtin_interfaces -isystem /opt/ros/jazzy/include/rosidl_runtime_c -isystem /opt/ros/jazzy/include/rcutils -isystem /opt/ros/jazzy/include/rosidl_typesupport_interface -isystem /opt/ros/jazzy/include/sensor_msgs -isystem /opt/ros/jazzy/include/geometry_msgs -isystem /opt/ros/jazzy/include/service_msgs -isystem /opt/ros/jazzy/include/rosidl_runtime_cpp -isystem /opt/ros/jazzy/include/rosidl_typesupport_introspection_cpp -isystem /opt/ros/jazzy/include/rosidl_typesupport_introspection_c -std=gnu++17 -fPIC -Wall -Wextra -Wpedantic -MD -MT CMakeFiles/mecheye_ros_interface__rosidl_typesupport_introspection_cpp.dir/rosidl_typesupport_introspection_cpp/mecheye_ros_interface/srv/detail/set_int_parameter__type_support.cpp.o -MF CMakeFiles/mecheye_ros_interface__rosidl_typesupport_introspection_cpp.dir/rosidl_typesupport_introspection_cpp/mecheye_ros_interface/srv/detail/set_int_parameter__type_support.cpp.o.d -o CMakeFiles/mecheye_ros_interface__rosidl_typesupport_introspection_cpp.dir/rosidl_typesupport_introspection_cpp/mecheye_ros_interface/srv/detail/set_int_parameter__type_support.cpp.o -c /home/inauenma/git/mecheye_ros2_interface/build/mecheye_ros_interface/rosidl_typesupport_introspection_cpp/mecheye_ros_interface/srv/detail/set_int_parameter__type_support.cpp
gmake[2]: Entering directory '/home/inauenma/git/mecheye_ros2_interface/build/mecheye_ros_interface'
[ 58%] Building CXX object CMakeFiles/mecheye_ros_interface__rosidl_typesupport_introspection_cpp.dir/rosidl_typesupport_introspection_cpp/mecheye_ros_interface/srv/detail/get_int_parameter__type_support.cpp.o
/usr/bin/c++ -DROSIDL_TYPESUPPORT_INTROSPECTION_CPP_BUILDING_DLL -DROS_PACKAGE_NAME=\"mecheye_ros_interface\" -I/usr/include/eigen3 -I/home/inauenma/git/mecheye_ros2_interface/build/mecheye_ros_interface/rosidl_typesupport_introspection_cpp -I/home/inauenma/git/mecheye_ros2_interface/build/mecheye_ros_interface/rosidl_generator_c -I/home/inauenma/git/mecheye_ros2_interface/build/mecheye_ros_interface/rosidl_generator_cpp -isystem /opt/ros/jazzy/include/std_msgs -isystem /opt/ros/jazzy/include/builtin_interfaces -isystem /opt/ros/jazzy/include/rosidl_runtime_c -isystem /opt/ros/jazzy/include/rcutils -isystem /opt/ros/jazzy/include/rosidl_typesupport_interface -isystem /opt/ros/jazzy/include/sensor_msgs -isystem /opt/ros/jazzy/include/geometry_msgs -isystem /opt/ros/jazzy/include/service_msgs -isystem /opt/ros/jazzy/include/rosidl_runtime_cpp -isystem /opt/ros/jazzy/include/rosidl_typesupport_introspection_cpp -isystem /opt/ros/jazzy/include/rosidl_typesupport_introspection_c -std=gnu++17 -fPIC -Wall -Wextra -Wpedantic -MD -MT CMakeFiles/mecheye_ros_interface__rosidl_typesupport_introspection_cpp.dir/rosidl_typesupport_introspection_cpp/mecheye_ros_interface/srv/detail/get_int_parameter__type_support.cpp.o -MF CMakeFiles/mecheye_ros_interface__rosidl_typesupport_introspection_cpp.dir/rosidl_typesupport_introspection_cpp/mecheye_ros_interface/srv/detail/get_int_parameter__type_support.cpp.o.d -o CMakeFiles/mecheye_ros_interface__rosidl_typesupport_introspection_cpp.dir/rosidl_typesupport_introspection_cpp/mecheye_ros_interface/srv/detail/get_int_parameter__type_support.cpp.o -c /home/inauenma/git/mecheye_ros2_interface/build/mecheye_ros_interface/rosidl_typesupport_introspection_cpp/mecheye_ros_interface/srv/detail/get_int_parameter__type_support.cpp
[ 59%] Building CXX object CMakeFiles/mecheye_ros_interface__rosidl_typesupport_fastrtps_cpp.dir/rosidl_typesupport_fastrtps_cpp/mecheye_ros_interface/srv/detail/dds_fastrtps/set_current_user_set__type_support.cpp.o
/usr/bin/c++ -DFASTCDR_DYN_LINK -DROSIDL_TYPESUPPORT_FASTRTPS_CPP_BUILDING_DLL_mecheye_ros_interface -DROS_PACKAGE_NAME=\"mecheye_ros_interface\" -I/usr/include/eigen3 -I/home/inauenma/git/mecheye_ros2_interface/build/mecheye_ros_interface/rosidl_typesupport_fastrtps_cpp -I/home/inauenma/git/mecheye_ros2_interface/build/mecheye_ros_interface/rosidl_generator_c -I/home/inauenma/git/mecheye_ros2_interface/build/mecheye_ros_interface/rosidl_generator_cpp -isystem /opt/ros/jazzy/include/fastcdr -isystem /opt/ros/jazzy/include/rmw -isystem /opt/ros/jazzy/include/rcutils -isystem /opt/ros/jazzy/include/rosidl_dynamic_typesupport -isystem /opt/ros/jazzy/include/rosidl_runtime_c -isystem /opt/ros/jazzy/include/rosidl_typesupport_interface -isystem /opt/ros/jazzy/include/rosidl_runtime_cpp -isystem /opt/ros/jazzy/include/rosidl_typesupport_fastrtps_cpp -isystem /opt/ros/jazzy/include/std_msgs -isystem /opt/ros/jazzy/include/builtin_interfaces -isystem /opt/ros/jazzy/include/sensor_msgs -isystem /opt/ros/jazzy/include/geometry_msgs -isystem /opt/ros/jazzy/include/service_msgs -std=gnu++17 -fPIC -Wall -Wextra -Wpedantic -Wredundant-decls -MD -MT CMakeFiles/mecheye_ros_interface__rosidl_typesupport_fastrtps_cpp.dir/rosidl_typesupport_fastrtps_cpp/mecheye_ros_interface/srv/detail/dds_fastrtps/set_current_user_set__type_support.cpp.o -MF CMakeFiles/mecheye_ros_interface__rosidl_typesupport_fastrtps_cpp.dir/rosidl_typesupport_fastrtps_cpp/mecheye_ros_interface/srv/detail/dds_fastrtps/set_current_user_set__type_support.cpp.o.d -o CMakeFiles/mecheye_ros_interface__rosidl_typesupport_fastrtps_cpp.dir/rosidl_typesupport_fastrtps_cpp/mecheye_ros_interface/srv/detail/dds_fastrtps/set_current_user_set__type_support.cpp.o -c /home/inauenma/git/mecheye_ros2_interface/build/mecheye_ros_interface/rosidl_typesupport_fastrtps_cpp/mecheye_ros_interface/srv/detail/dds_fastrtps/set_current_user_set__type_support.cpp
[ 59%] Building CXX object CMakeFiles/mecheye_ros_interface__rosidl_typesupport_fastrtps_cpp.dir/rosidl_typesupport_fastrtps_cpp/mecheye_ros_interface/srv/detail/dds_fastrtps/save_all_settings_to_user_sets__type_support.cpp.o
/usr/bin/c++ -DFASTCDR_DYN_LINK -DROSIDL_TYPESUPPORT_FASTRTPS_CPP_BUILDING_DLL_mecheye_ros_interface -DROS_PACKAGE_NAME=\"mecheye_ros_interface\" -I/usr/include/eigen3 -I/home/inauenma/git/mecheye_ros2_interface/build/mecheye_ros_interface/rosidl_typesupport_fastrtps_cpp -I/home/inauenma/git/mecheye_ros2_interface/build/mecheye_ros_interface/rosidl_generator_c -I/home/inauenma/git/mecheye_ros2_interface/build/mecheye_ros_interface/rosidl_generator_cpp -isystem /opt/ros/jazzy/include/fastcdr -isystem /opt/ros/jazzy/include/rmw -isystem /opt/ros/jazzy/include/rcutils -isystem /opt/ros/jazzy/include/rosidl_dynamic_typesupport -isystem /opt/ros/jazzy/include/rosidl_runtime_c -isystem /opt/ros/jazzy/include/rosidl_typesupport_interface -isystem /opt/ros/jazzy/include/rosidl_runtime_cpp -isystem /opt/ros/jazzy/include/rosidl_typesupport_fastrtps_cpp -isystem /opt/ros/jazzy/include/std_msgs -isystem /opt/ros/jazzy/include/builtin_interfaces -isystem /opt/ros/jazzy/include/sensor_msgs -isystem /opt/ros/jazzy/include/geometry_msgs -isystem /opt/ros/jazzy/include/service_msgs -std=gnu++17 -fPIC -Wall -Wextra -Wpedantic -Wredundant-decls -MD -MT CMakeFiles/mecheye_ros_interface__rosidl_typesupport_fastrtps_cpp.dir/rosidl_typesupport_fastrtps_cpp/mecheye_ros_interface/srv/detail/dds_fastrtps/save_all_settings_to_user_sets__type_support.cpp.o -MF CMakeFiles/mecheye_ros_interface__rosidl_typesupport_fastrtps_cpp.dir/rosidl_typesupport_fastrtps_cpp/mecheye_ros_interface/srv/detail/dds_fastrtps/save_all_settings_to_user_sets__type_support.cpp.o.d -o CMakeFiles/mecheye_ros_interface__rosidl_typesupport_fastrtps_cpp.dir/rosidl_typesupport_fastrtps_cpp/mecheye_ros_interface/srv/detail/dds_fastrtps/save_all_settings_to_user_sets__type_support.cpp.o -c /home/inauenma/git/mecheye_ros2_interface/build/mecheye_ros_interface/rosidl_typesupport_fastrtps_cpp/mecheye_ros_interface/srv/detail/dds_fastrtps/save_all_settings_to_user_sets__type_support.cpp
[ 60%] Building CXX object CMakeFiles/mecheye_ros_interface__rosidl_typesupport_fastrtps_cpp.dir/rosidl_typesupport_fastrtps_cpp/mecheye_ros_interface/srv/detail/dds_fastrtps/capture_color_image__type_support.cpp.o
/usr/bin/c++ -DFASTCDR_DYN_LINK -DROSIDL_TYPESUPPORT_FASTRTPS_CPP_BUILDING_DLL_mecheye_ros_interface -DROS_PACKAGE_NAME=\"mecheye_ros_interface\" -I/usr/include/eigen3 -I/home/inauenma/git/mecheye_ros2_interface/build/mecheye_ros_interface/rosidl_typesupport_fastrtps_cpp -I/home/inauenma/git/mecheye_ros2_interface/build/mecheye_ros_interface/rosidl_generator_c -I/home/inauenma/git/mecheye_ros2_interface/build/mecheye_ros_interface/rosidl_generator_cpp -isystem /opt/ros/jazzy/include/fastcdr -isystem /opt/ros/jazzy/include/rmw -isystem /opt/ros/jazzy/include/rcutils -isystem /opt/ros/jazzy/include/rosidl_dynamic_typesupport -isystem /opt/ros/jazzy/include/rosidl_runtime_c -isystem /opt/ros/jazzy/include/rosidl_typesupport_interface -isystem /opt/ros/jazzy/include/rosidl_runtime_cpp -isystem /opt/ros/jazzy/include/rosidl_typesupport_fastrtps_cpp -isystem /opt/ros/jazzy/include/std_msgs -isystem /opt/ros/jazzy/include/builtin_interfaces -isystem /opt/ros/jazzy/include/sensor_msgs -isystem /opt/ros/jazzy/include/geometry_msgs -isystem /opt/ros/jazzy/include/service_msgs -std=gnu++17 -fPIC -Wall -Wextra -Wpedantic -Wredundant-decls -MD -MT CMakeFiles/mecheye_ros_interface__rosidl_typesupport_fastrtps_cpp.dir/rosidl_typesupport_fastrtps_cpp/mecheye_ros_interface/srv/detail/dds_fastrtps/capture_color_image__type_support.cpp.o -MF CMakeFiles/mecheye_ros_interface__rosidl_typesupport_fastrtps_cpp.dir/rosidl_typesupport_fastrtps_cpp/mecheye_ros_interface/srv/detail/dds_fastrtps/capture_color_image__type_support.cpp.o.d -o CMakeFiles/mecheye_ros_interface__rosidl_typesupport_fastrtps_cpp.dir/rosidl_typesupport_fastrtps_cpp/mecheye_ros_interface/srv/detail/dds_fastrtps/capture_color_image__type_support.cpp.o -c /home/inauenma/git/mecheye_ros2_interface/build/mecheye_ros_interface/rosidl_typesupport_fastrtps_cpp/mecheye_ros_interface/srv/detail/dds_fastrtps/capture_color_image__type_support.cpp
[ 60%] Building CXX object CMakeFiles/mecheye_ros_interface__rosidl_typesupport_fastrtps_cpp.dir/rosidl_typesupport_fastrtps_cpp/mecheye_ros_interface/srv/detail/dds_fastrtps/add_user_set__type_support.cpp.o
/usr/bin/c++ -DFASTCDR_DYN_LINK -DROSIDL_TYPESUPPORT_FASTRTPS_CPP_BUILDING_DLL_mecheye_ros_interface -DROS_PACKAGE_NAME=\"mecheye_ros_interface\" -I/usr/include/eigen3 -I/home/inauenma/git/mecheye_ros2_interface/build/mecheye_ros_interface/rosidl_typesupport_fastrtps_cpp -I/home/inauenma/git/mecheye_ros2_interface/build/mecheye_ros_interface/rosidl_generator_c -I/home/inauenma/git/mecheye_ros2_interface/build/mecheye_ros_interface/rosidl_generator_cpp -isystem /opt/ros/jazzy/include/fastcdr -isystem /opt/ros/jazzy/include/rmw -isystem /opt/ros/jazzy/include/rcutils -isystem /opt/ros/jazzy/include/rosidl_dynamic_typesupport -isystem /opt/ros/jazzy/include/rosidl_runtime_c -isystem /opt/ros/jazzy/include/rosidl_typesupport_interface -isystem /opt/ros/jazzy/include/rosidl_runtime_cpp -isystem /opt/ros/jazzy/include/rosidl_typesupport_fastrtps_cpp -isystem /opt/ros/jazzy/include/std_msgs -isystem /opt/ros/jazzy/include/builtin_interfaces -isystem /opt/ros/jazzy/include/sensor_msgs -isystem /opt/ros/jazzy/include/geometry_msgs -isystem /opt/ros/jazzy/include/service_msgs -std=gnu++17 -fPIC -Wall -Wextra -Wpedantic -Wredundant-decls -MD -MT CMakeFiles/mecheye_ros_interface__rosidl_typesupport_fastrtps_cpp.dir/rosidl_typesupport_fastrtps_cpp/mecheye_ros_interface/srv/detail/dds_fastrtps/add_user_set__type_support.cpp.o -MF CMakeFiles/mecheye_ros_interface__rosidl_typesupport_fastrtps_cpp.dir/rosidl_typesupport_fastrtps_cpp/mecheye_ros_interface/srv/detail/dds_fastrtps/add_user_set__type_support.cpp.o.d -o CMakeFiles/mecheye_ros_interface__rosidl_typesupport_fastrtps_cpp.dir/rosidl_typesupport_fastrtps_cpp/mecheye_ros_interface/srv/detail/dds_fastrtps/add_user_set__type_support.cpp.o -c /home/inauenma/git/mecheye_ros2_interface/build/mecheye_ros_interface/rosidl_typesupport_fastrtps_cpp/mecheye_ros_interface/srv/detail/dds_fastrtps/add_user_set__type_support.cpp
[ 60%] Building CXX object CMakeFiles/mecheye_ros_interface__rosidl_typesupport_introspection_cpp.dir/rosidl_typesupport_introspection_cpp/mecheye_ros_interface/srv/detail/set_range_parameter__type_support.cpp.o
/usr/bin/c++ -DROSIDL_TYPESUPPORT_INTROSPECTION_CPP_BUILDING_DLL -DROS_PACKAGE_NAME=\"mecheye_ros_interface\" -I/usr/include/eigen3 -I/home/inauenma/git/mecheye_ros2_interface/build/mecheye_ros_interface/rosidl_typesupport_introspection_cpp -I/home/inauenma/git/mecheye_ros2_interface/build/mecheye_ros_interface/rosidl_generator_c -I/home/inauenma/git/mecheye_ros2_interface/build/mecheye_ros_interface/rosidl_generator_cpp -isystem /opt/ros/jazzy/include/std_msgs -isystem /opt/ros/jazzy/include/builtin_interfaces -isystem /opt/ros/jazzy/include/rosidl_runtime_c -isystem /opt/ros/jazzy/include/rcutils -isystem /opt/ros/jazzy/include/rosidl_typesupport_interface -isystem /opt/ros/jazzy/include/sensor_msgs -isystem /opt/ros/jazzy/include/geometry_msgs -isystem /opt/ros/jazzy/include/service_msgs -isystem /opt/ros/jazzy/include/rosidl_runtime_cpp -isystem /opt/ros/jazzy/include/rosidl_typesupport_introspection_cpp -isystem /opt/ros/jazzy/include/rosidl_typesupport_introspection_c -std=gnu++17 -fPIC -Wall -Wextra -Wpedantic -MD -MT CMakeFiles/mecheye_ros_interface__rosidl_typesupport_introspection_cpp.dir/rosidl_typesupport_introspection_cpp/mecheye_ros_interface/srv/detail/set_range_parameter__type_support.cpp.o -MF CMakeFiles/mecheye_ros_interface__rosidl_typesupport_introspection_cpp.dir/rosidl_typesupport_introspection_cpp/mecheye_ros_interface/srv/detail/set_range_parameter__type_support.cpp.o.d -o CMakeFiles/mecheye_ros_interface__rosidl_typesupport_introspection_cpp.dir/rosidl_typesupport_introspection_cpp/mecheye_ros_interface/srv/detail/set_range_parameter__type_support.cpp.o -c /home/inauenma/git/mecheye_ros2_interface/build/mecheye_ros_interface/rosidl_typesupport_introspection_cpp/mecheye_ros_interface/srv/detail/set_range_parameter__type_support.cpp
[ 61%] Building CXX object CMakeFiles/mecheye_ros_interface__rosidl_typesupport_introspection_cpp.dir/rosidl_typesupport_introspection_cpp/mecheye_ros_interface/srv/detail/get_range_parameter__type_support.cpp.o
/usr/bin/c++ -DROSIDL_TYPESUPPORT_INTROSPECTION_CPP_BUILDING_DLL -DROS_PACKAGE_NAME=\"mecheye_ros_interface\" -I/usr/include/eigen3 -I/home/inauenma/git/mecheye_ros2_interface/build/mecheye_ros_interface/rosidl_typesupport_introspection_cpp -I/home/inauenma/git/mecheye_ros2_interface/build/mecheye_ros_interface/rosidl_generator_c -I/home/inauenma/git/mecheye_ros2_interface/build/mecheye_ros_interface/rosidl_generator_cpp -isystem /opt/ros/jazzy/include/std_msgs -isystem /opt/ros/jazzy/include/builtin_interfaces -isystem /opt/ros/jazzy/include/rosidl_runtime_c -isystem /opt/ros/jazzy/include/rcutils -isystem /opt/ros/jazzy/include/rosidl_typesupport_interface -isystem /opt/ros/jazzy/include/sensor_msgs -isystem /opt/ros/jazzy/include/geometry_msgs -isystem /opt/ros/jazzy/include/service_msgs -isystem /opt/ros/jazzy/include/rosidl_runtime_cpp -isystem /opt/ros/jazzy/include/rosidl_typesupport_introspection_cpp -isystem /opt/ros/jazzy/include/rosidl_typesupport_introspection_c -std=gnu++17 -fPIC -Wall -Wextra -Wpedantic -MD -MT CMakeFiles/mecheye_ros_interface__rosidl_typesupport_introspection_cpp.dir/rosidl_typesupport_introspection_cpp/mecheye_ros_interface/srv/detail/get_range_parameter__type_support.cpp.o -MF CMakeFiles/mecheye_ros_interface__rosidl_typesupport_introspection_cpp.dir/rosidl_typesupport_introspection_cpp/mecheye_ros_interface/srv/detail/get_range_parameter__type_support.cpp.o.d -o CMakeFiles/mecheye_ros_interface__rosidl_typesupport_introspection_cpp.dir/rosidl_typesupport_introspection_cpp/mecheye_ros_interface/srv/detail/get_range_parameter__type_support.cpp.o -c /home/inauenma/git/mecheye_ros2_interface/build/mecheye_ros_interface/rosidl_typesupport_introspection_cpp/mecheye_ros_interface/srv/detail/get_range_parameter__type_support.cpp
gmake[2]: Leaving directory '/home/inauenma/git/mecheye_ros2_interface/build/mecheye_ros_interface'
[ 61%] Built target mecheye_ros_interface__rosidl_typesupport_cpp
[ 61%] Building C object CMakeFiles/mecheye_ros_interface__rosidl_typesupport_introspection_c.dir/rosidl_typesupport_introspection_c/mecheye_ros_interface/srv/detail/get_current_user_set__type_support.c.o
/usr/bin/cc -DROSIDL_TYPESUPPORT_INTROSPECTION_C_BUILDING_DLL_mecheye_ros_interface -DROS_PACKAGE_NAME=\"mecheye_ros_interface\" -I/usr/include/eigen3 -I/home/inauenma/git/mecheye_ros2_interface/build/mecheye_ros_interface/rosidl_typesupport_introspection_c -I/home/inauenma/git/mecheye_ros2_interface/build/mecheye_ros_interface/rosidl_generator_c -isystem /opt/ros/jazzy/include/std_msgs -isystem /opt/ros/jazzy/include/builtin_interfaces -isystem /opt/ros/jazzy/include/rosidl_runtime_c -isystem /opt/ros/jazzy/include/rcutils -isystem /opt/ros/jazzy/include/rosidl_typesupport_interface -isystem /opt/ros/jazzy/include/sensor_msgs -isystem /opt/ros/jazzy/include/geometry_msgs -isystem /opt/ros/jazzy/include/service_msgs -isystem /opt/ros/jazzy/include/rosidl_typesupport_introspection_c -std=gnu11 -fPIC -Wall -MD -MT CMakeFiles/mecheye_ros_interface__rosidl_typesupport_introspection_c.dir/rosidl_typesupport_introspection_c/mecheye_ros_interface/srv/detail/get_current_user_set__type_support.c.o -MF CMakeFiles/mecheye_ros_interface__rosidl_typesupport_introspection_c.dir/rosidl_typesupport_introspection_c/mecheye_ros_interface/srv/detail/get_current_user_set__type_support.c.o.d -o CMakeFiles/mecheye_ros_interface__rosidl_typesupport_introspection_c.dir/rosidl_typesupport_introspection_c/mecheye_ros_interface/srv/detail/get_current_user_set__type_support.c.o -c /home/inauenma/git/mecheye_ros2_interface/build/mecheye_ros_interface/rosidl_typesupport_introspection_c/mecheye_ros_interface/srv/detail/get_current_user_set__type_support.c
/usr/bin/gmake  -f CMakeFiles/start.dir/build.make CMakeFiles/start.dir/depend
gmake[2]: Entering directory '/home/inauenma/git/mecheye_ros2_interface/build/mecheye_ros_interface'
cd /home/inauenma/git/mecheye_ros2_interface/build/mecheye_ros_interface && /usr/bin/cmake -E cmake_depends "Unix Makefiles" /home/inauenma/git/mecheye_ros2_interface /home/inauenma/git/mecheye_ros2_interface /home/inauenma/git/mecheye_ros2_interface/build/mecheye_ros_interface /home/inauenma/git/mecheye_ros2_interface/build/mecheye_ros_interface /home/inauenma/git/mecheye_ros2_interface/build/mecheye_ros_interface/CMakeFiles/start.dir/DependInfo.cmake "--color="
gmake[2]: Leaving directory '/home/inauenma/git/mecheye_ros2_interface/build/mecheye_ros_interface'
/usr/bin/gmake  -f CMakeFiles/start.dir/build.make CMakeFiles/start.dir/build
[ 61%] Building CXX object CMakeFiles/mecheye_ros_interface__rosidl_typesupport_fastrtps_cpp.dir/rosidl_typesupport_fastrtps_cpp/mecheye_ros_interface/srv/detail/dds_fastrtps/capture_stereo_color_images__type_support.cpp.o
/usr/bin/c++ -DFASTCDR_DYN_LINK -DROSIDL_TYPESUPPORT_FASTRTPS_CPP_BUILDING_DLL_mecheye_ros_interface -DROS_PACKAGE_NAME=\"mecheye_ros_interface\" -I/usr/include/eigen3 -I/home/inauenma/git/mecheye_ros2_interface/build/mecheye_ros_interface/rosidl_typesupport_fastrtps_cpp -I/home/inauenma/git/mecheye_ros2_interface/build/mecheye_ros_interface/rosidl_generator_c -I/home/inauenma/git/mecheye_ros2_interface/build/mecheye_ros_interface/rosidl_generator_cpp -isystem /opt/ros/jazzy/include/fastcdr -isystem /opt/ros/jazzy/include/rmw -isystem /opt/ros/jazzy/include/rcutils -isystem /opt/ros/jazzy/include/rosidl_dynamic_typesupport -isystem /opt/ros/jazzy/include/rosidl_runtime_c -isystem /opt/ros/jazzy/include/rosidl_typesupport_interface -isystem /opt/ros/jazzy/include/rosidl_runtime_cpp -isystem /opt/ros/jazzy/include/rosidl_typesupport_fastrtps_cpp -isystem /opt/ros/jazzy/include/std_msgs -isystem /opt/ros/jazzy/include/builtin_interfaces -isystem /opt/ros/jazzy/include/sensor_msgs -isystem /opt/ros/jazzy/include/geometry_msgs -isystem /opt/ros/jazzy/include/service_msgs -std=gnu++17 -fPIC -Wall -Wextra -Wpedantic -Wredundant-decls -MD -MT CMakeFiles/mecheye_ros_interface__rosidl_typesupport_fastrtps_cpp.dir/rosidl_typesupport_fastrtps_cpp/mecheye_ros_interface/srv/detail/dds_fastrtps/capture_stereo_color_images__type_support.cpp.o -MF CMakeFiles/mecheye_ros_interface__rosidl_typesupport_fastrtps_cpp.dir/rosidl_typesupport_fastrtps_cpp/mecheye_ros_interface/srv/detail/dds_fastrtps/capture_stereo_color_images__type_support.cpp.o.d -o CMakeFiles/mecheye_ros_interface__rosidl_typesupport_fastrtps_cpp.dir/rosidl_typesupport_fastrtps_cpp/mecheye_ros_interface/srv/detail/dds_fastrtps/capture_stereo_color_images__type_support.cpp.o -c /home/inauenma/git/mecheye_ros2_interface/build/mecheye_ros_interface/rosidl_typesupport_fastrtps_cpp/mecheye_ros_interface/srv/detail/dds_fastrtps/capture_stereo_color_images__type_support.cpp
gmake[2]: Entering directory '/home/inauenma/git/mecheye_ros2_interface/build/mecheye_ros_interface'
[ 62%] Building CXX object CMakeFiles/start.dir/src/MechMindCamera.cpp.o
/usr/bin/c++ -DBOOST_ATOMIC_DYN_LINK -DBOOST_ATOMIC_NO_LIB -DBOOST_FILESYSTEM_DYN_LINK -DBOOST_FILESYSTEM_NO_LIB -DBOOST_IOSTREAMS_DYN_LINK -DBOOST_IOSTREAMS_NO_LIB -DBOOST_SERIALIZATION_DYN_LINK -DBOOST_SERIALIZATION_NO_LIB -DBOOST_SYSTEM_DYN_LINK -DBOOST_SYSTEM_NO_LIB -DDEFAULT_RMW_IMPLEMENTATION=rmw_fastrtps_cpp -DEIGEN_HAS_CXX17_OVERALIGN=0 -DFASTCDR_DYN_LINK -DQT_CORE_LIB -DQT_GUI_LIB -DQT_NO_DEBUG -DQT_OPENGL_LIB -DQT_WIDGETS_LIB -DROS_PACKAGE_NAME=\"mecheye_ros_interface\" -Dkiss_fft_scalar=double -I/home/inauenma/git/mecheye_ros2_interface/include -I/home/inauenma/git/mecheye_ros2_interface/build/mecheye_ros_interface -I/opt/mech-mind/mech-eye-sdk/include -I/opt/ros/jazzy/include/pcl_conversions -I/home/inauenma/git/mecheye_ros2_interface/build/mecheye_ros_interface/rosidl_generator_c -I/home/inauenma/git/mecheye_ros2_interface/build/mecheye_ros_interface/rosidl_generator_cpp -isystem /usr/include/eigen3 -isystem /usr/include/opencv4 -isystem /usr/include/pcl-1.14 -isystem /usr/include/ni -isystem /usr/include/openni2 -isystem /opt/ros/jazzy/include/cv_bridge -isystem /opt/ros/jazzy/include/image_transport -isystem /opt/ros/jazzy/include/rclcpp -isystem /opt/ros/jazzy/include/sensor_msgs -isystem /opt/ros/jazzy/include/std_msgs -isystem /opt/ros/jazzy/include/tf2 -isystem /opt/ros/jazzy/include/message_filters -isystem /opt/ros/jazzy/include/pcl_msgs -isystem /opt/ros/jazzy/include/builtin_interfaces -isystem /opt/ros/jazzy/include/rosidl_runtime_c -isystem /opt/ros/jazzy/include/rcutils -isystem /opt/ros/jazzy/include/rosidl_typesupport_interface -isystem /opt/ros/jazzy/include/geometry_msgs -isystem /opt/ros/jazzy/include/service_msgs -isystem /opt/ros/jazzy/include/fastcdr -isystem /opt/ros/jazzy/include/rosidl_runtime_cpp -isystem /opt/ros/jazzy/include/rosidl_typesupport_fastrtps_cpp -isystem /opt/ros/jazzy/include/rmw -isystem /opt/ros/jazzy/include/rosidl_dynamic_typesupport -isystem /opt/ros/jazzy/include/rosidl_typesupport_fastrtps_c -isystem /opt/ros/jazzy/include/rosidl_typesupport_introspection_c -isystem /opt/ros/jazzy/include/rosidl_typesupport_introspection_cpp -isystem /opt/ros/jazzy/include/libstatistics_collector -isystem /opt/ros/jazzy/include/rcl -isystem /opt/ros/jazzy/include/rcl_interfaces -isystem /opt/ros/jazzy/include/rcl_logging_interface -isystem /opt/ros/jazzy/include/rcl_yaml_param_parser -isystem /opt/ros/jazzy/include/type_description_interfaces -isystem /opt/ros/jazzy/include/rcpputils -isystem /opt/ros/jazzy/include/statistics_msgs -isystem /opt/ros/jazzy/include/rosgraph_msgs -isystem /opt/ros/jazzy/include/rosidl_typesupport_cpp -isystem /opt/ros/jazzy/include/rosidl_typesupport_c -isystem /opt/ros/jazzy/include/tracetools -isystem /usr/include/vtk-9.1 -isystem /usr/include/jsoncpp -isystem /usr/include/freetype2 -isystem /usr/include/x86_64-linux-gnu/qt5 -isystem /usr/include/x86_64-linux-gnu/qt5/QtOpenGL -isystem /usr/include/x86_64-linux-gnu/qt5/QtWidgets -isystem /usr/include/x86_64-linux-gnu/qt5/QtGui -isystem /usr/include/x86_64-linux-gnu/qt5/QtCore -isystem /usr/lib/x86_64-linux-gnu/qt5/mkspecs/linux-g++ -std=gnu++17 -fopenmp -fPIC -MD -MT CMakeFiles/start.dir/src/MechMindCamera.cpp.o -MF CMakeFiles/start.dir/src/MechMindCamera.cpp.o.d -o CMakeFiles/start.dir/src/MechMindCamera.cpp.o -c /home/inauenma/git/mecheye_ros2_interface/src/MechMindCamera.cpp
[ 63%] Building C object CMakeFiles/mecheye_ros_interface__rosidl_typesupport_introspection_c.dir/rosidl_typesupport_introspection_c/mecheye_ros_interface/srv/detail/set_int_parameter__type_support.c.o
/usr/bin/cc -DROSIDL_TYPESUPPORT_INTROSPECTION_C_BUILDING_DLL_mecheye_ros_interface -DROS_PACKAGE_NAME=\"mecheye_ros_interface\" -I/usr/include/eigen3 -I/home/inauenma/git/mecheye_ros2_interface/build/mecheye_ros_interface/rosidl_typesupport_introspection_c -I/home/inauenma/git/mecheye_ros2_interface/build/mecheye_ros_interface/rosidl_generator_c -isystem /opt/ros/jazzy/include/std_msgs -isystem /opt/ros/jazzy/include/builtin_interfaces -isystem /opt/ros/jazzy/include/rosidl_runtime_c -isystem /opt/ros/jazzy/include/rcutils -isystem /opt/ros/jazzy/include/rosidl_typesupport_interface -isystem /opt/ros/jazzy/include/sensor_msgs -isystem /opt/ros/jazzy/include/geometry_msgs -isystem /opt/ros/jazzy/include/service_msgs -isystem /opt/ros/jazzy/include/rosidl_typesupport_introspection_c -std=gnu11 -fPIC -Wall -MD -MT CMakeFiles/mecheye_ros_interface__rosidl_typesupport_introspection_c.dir/rosidl_typesupport_introspection_c/mecheye_ros_interface/srv/detail/set_int_parameter__type_support.c.o -MF CMakeFiles/mecheye_ros_interface__rosidl_typesupport_introspection_c.dir/rosidl_typesupport_introspection_c/mecheye_ros_interface/srv/detail/set_int_parameter__type_support.c.o.d -o CMakeFiles/mecheye_ros_interface__rosidl_typesupport_introspection_c.dir/rosidl_typesupport_introspection_c/mecheye_ros_interface/srv/detail/set_int_parameter__type_support.c.o -c /home/inauenma/git/mecheye_ros2_interface/build/mecheye_ros_interface/rosidl_typesupport_introspection_c/mecheye_ros_interface/srv/detail/set_int_parameter__type_support.c
[ 64%] Building CXX object CMakeFiles/mecheye_ros_interface__rosidl_typesupport_fastrtps_cpp.dir/rosidl_typesupport_fastrtps_cpp/mecheye_ros_interface/srv/detail/dds_fastrtps/capture_textured_point_cloud__type_support.cpp.o
/usr/bin/c++ -DFASTCDR_DYN_LINK -DROSIDL_TYPESUPPORT_FASTRTPS_CPP_BUILDING_DLL_mecheye_ros_interface -DROS_PACKAGE_NAME=\"mecheye_ros_interface\" -I/usr/include/eigen3 -I/home/inauenma/git/mecheye_ros2_interface/build/mecheye_ros_interface/rosidl_typesupport_fastrtps_cpp -I/home/inauenma/git/mecheye_ros2_interface/build/mecheye_ros_interface/rosidl_generator_c -I/home/inauenma/git/mecheye_ros2_interface/build/mecheye_ros_interface/rosidl_generator_cpp -isystem /opt/ros/jazzy/include/fastcdr -isystem /opt/ros/jazzy/include/rmw -isystem /opt/ros/jazzy/include/rcutils -isystem /opt/ros/jazzy/include/rosidl_dynamic_typesupport -isystem /opt/ros/jazzy/include/rosidl_runtime_c -isystem /opt/ros/jazzy/include/rosidl_typesupport_interface -isystem /opt/ros/jazzy/include/rosidl_runtime_cpp -isystem /opt/ros/jazzy/include/rosidl_typesupport_fastrtps_cpp -isystem /opt/ros/jazzy/include/std_msgs -isystem /opt/ros/jazzy/include/builtin_interfaces -isystem /opt/ros/jazzy/include/sensor_msgs -isystem /opt/ros/jazzy/include/geometry_msgs -isystem /opt/ros/jazzy/include/service_msgs -std=gnu++17 -fPIC -Wall -Wextra -Wpedantic -Wredundant-decls -MD -MT CMakeFiles/mecheye_ros_interface__rosidl_typesupport_fastrtps_cpp.dir/rosidl_typesupport_fastrtps_cpp/mecheye_ros_interface/srv/detail/dds_fastrtps/capture_textured_point_cloud__type_support.cpp.o -MF CMakeFiles/mecheye_ros_interface__rosidl_typesupport_fastrtps_cpp.dir/rosidl_typesupport_fastrtps_cpp/mecheye_ros_interface/srv/detail/dds_fastrtps/capture_textured_point_cloud__type_support.cpp.o.d -o CMakeFiles/mecheye_ros_interface__rosidl_typesupport_fastrtps_cpp.dir/rosidl_typesupport_fastrtps_cpp/mecheye_ros_interface/srv/detail/dds_fastrtps/capture_textured_point_cloud__type_support.cpp.o -c /home/inauenma/git/mecheye_ros2_interface/build/mecheye_ros_interface/rosidl_typesupport_fastrtps_cpp/mecheye_ros_interface/srv/detail/dds_fastrtps/capture_textured_point_cloud__type_support.cpp
[ 64%] Building C object CMakeFiles/mecheye_ros_interface__rosidl_typesupport_introspection_c.dir/rosidl_typesupport_introspection_c/mecheye_ros_interface/srv/detail/set_range_parameter__type_support.c.o
/usr/bin/cc -DROSIDL_TYPESUPPORT_INTROSPECTION_C_BUILDING_DLL_mecheye_ros_interface -DROS_PACKAGE_NAME=\"mecheye_ros_interface\" -I/usr/include/eigen3 -I/home/inauenma/git/mecheye_ros2_interface/build/mecheye_ros_interface/rosidl_typesupport_introspection_c -I/home/inauenma/git/mecheye_ros2_interface/build/mecheye_ros_interface/rosidl_generator_c -isystem /opt/ros/jazzy/include/std_msgs -isystem /opt/ros/jazzy/include/builtin_interfaces -isystem /opt/ros/jazzy/include/rosidl_runtime_c -isystem /opt/ros/jazzy/include/rcutils -isystem /opt/ros/jazzy/include/rosidl_typesupport_interface -isystem /opt/ros/jazzy/include/sensor_msgs -isystem /opt/ros/jazzy/include/geometry_msgs -isystem /opt/ros/jazzy/include/service_msgs -isystem /opt/ros/jazzy/include/rosidl_typesupport_introspection_c -std=gnu11 -fPIC -Wall -MD -MT CMakeFiles/mecheye_ros_interface__rosidl_typesupport_introspection_c.dir/rosidl_typesupport_introspection_c/mecheye_ros_interface/srv/detail/set_range_parameter__type_support.c.o -MF CMakeFiles/mecheye_ros_interface__rosidl_typesupport_introspection_c.dir/rosidl_typesupport_introspection_c/mecheye_ros_interface/srv/detail/set_range_parameter__type_support.c.o.d -o CMakeFiles/mecheye_ros_interface__rosidl_typesupport_introspection_c.dir/rosidl_typesupport_introspection_c/mecheye_ros_interface/srv/detail/set_range_parameter__type_support.c.o -c /home/inauenma/git/mecheye_ros2_interface/build/mecheye_ros_interface/rosidl_typesupport_introspection_c/mecheye_ros_interface/srv/detail/set_range_parameter__type_support.c
[ 64%] Building C object CMakeFiles/mecheye_ros_interface__rosidl_typesupport_introspection_c.dir/rosidl_typesupport_introspection_c/mecheye_ros_interface/srv/detail/get_int_parameter__type_support.c.o
/usr/bin/cc -DROSIDL_TYPESUPPORT_INTROSPECTION_C_BUILDING_DLL_mecheye_ros_interface -DROS_PACKAGE_NAME=\"mecheye_ros_interface\" -I/usr/include/eigen3 -I/home/inauenma/git/mecheye_ros2_interface/build/mecheye_ros_interface/rosidl_typesupport_introspection_c -I/home/inauenma/git/mecheye_ros2_interface/build/mecheye_ros_interface/rosidl_generator_c -isystem /opt/ros/jazzy/include/std_msgs -isystem /opt/ros/jazzy/include/builtin_interfaces -isystem /opt/ros/jazzy/include/rosidl_runtime_c -isystem /opt/ros/jazzy/include/rcutils -isystem /opt/ros/jazzy/include/rosidl_typesupport_interface -isystem /opt/ros/jazzy/include/sensor_msgs -isystem /opt/ros/jazzy/include/geometry_msgs -isystem /opt/ros/jazzy/include/service_msgs -isystem /opt/ros/jazzy/include/rosidl_typesupport_introspection_c -std=gnu11 -fPIC -Wall -MD -MT CMakeFiles/mecheye_ros_interface__rosidl_typesupport_introspection_c.dir/rosidl_typesupport_introspection_c/mecheye_ros_interface/srv/detail/get_int_parameter__type_support.c.o -MF CMakeFiles/mecheye_ros_interface__rosidl_typesupport_introspection_c.dir/rosidl_typesupport_introspection_c/mecheye_ros_interface/srv/detail/get_int_parameter__type_support.c.o.d -o CMakeFiles/mecheye_ros_interface__rosidl_typesupport_introspection_c.dir/rosidl_typesupport_introspection_c/mecheye_ros_interface/srv/detail/get_int_parameter__type_support.c.o -c /home/inauenma/git/mecheye_ros2_interface/build/mecheye_ros_interface/rosidl_typesupport_introspection_c/mecheye_ros_interface/srv/detail/get_int_parameter__type_support.c
[ 64%] Building CXX object CMakeFiles/mecheye_ros_interface__rosidl_typesupport_introspection_cpp.dir/rosidl_typesupport_introspection_cpp/mecheye_ros_interface/srv/detail/set_bool_parameter__type_support.cpp.o
/usr/bin/c++ -DROSIDL_TYPESUPPORT_INTROSPECTION_CPP_BUILDING_DLL -DROS_PACKAGE_NAME=\"mecheye_ros_interface\" -I/usr/include/eigen3 -I/home/inauenma/git/mecheye_ros2_interface/build/mecheye_ros_interface/rosidl_typesupport_introspection_cpp -I/home/inauenma/git/mecheye_ros2_interface/build/mecheye_ros_interface/rosidl_generator_c -I/home/inauenma/git/mecheye_ros2_interface/build/mecheye_ros_interface/rosidl_generator_cpp -isystem /opt/ros/jazzy/include/std_msgs -isystem /opt/ros/jazzy/include/builtin_interfaces -isystem /opt/ros/jazzy/include/rosidl_runtime_c -isystem /opt/ros/jazzy/include/rcutils -isystem /opt/ros/jazzy/include/rosidl_typesupport_interface -isystem /opt/ros/jazzy/include/sensor_msgs -isystem /opt/ros/jazzy/include/geometry_msgs -isystem /opt/ros/jazzy/include/service_msgs -isystem /opt/ros/jazzy/include/rosidl_runtime_cpp -isystem /opt/ros/jazzy/include/rosidl_typesupport_introspection_cpp -isystem /opt/ros/jazzy/include/rosidl_typesupport_introspection_c -std=gnu++17 -fPIC -Wall -Wextra -Wpedantic -MD -MT CMakeFiles/mecheye_ros_interface__rosidl_typesupport_introspection_cpp.dir/rosidl_typesupport_introspection_cpp/mecheye_ros_interface/srv/detail/set_bool_parameter__type_support.cpp.o -MF CMakeFiles/mecheye_ros_interface__rosidl_typesupport_introspection_cpp.dir/rosidl_typesupport_introspection_cpp/mecheye_ros_interface/srv/detail/set_bool_parameter__type_support.cpp.o.d -o CMakeFiles/mecheye_ros_interface__rosidl_typesupport_introspection_cpp.dir/rosidl_typesupport_introspection_cpp/mecheye_ros_interface/srv/detail/set_bool_parameter__type_support.cpp.o -c /home/inauenma/git/mecheye_ros2_interface/build/mecheye_ros_interface/rosidl_typesupport_introspection_cpp/mecheye_ros_interface/srv/detail/set_bool_parameter__type_support.cpp
cd /home/inauenma/git/mecheye_ros2_interface/build/mecheye_ros_interface && /usr/bin/cmake -E cmake_depends "Unix Makefiles" /home/inauenma/git/mecheye_ros2_interface /home/inauenma/git/mecheye_ros2_interface /home/inauenma/git/mecheye_ros2_interface/build/mecheye_ros_interface /home/inauenma/git/mecheye_ros2_interface/build/mecheye_ros_interface /home/inauenma/git/mecheye_ros2_interface/build/mecheye_ros_interface/CMakeFiles/mecheye_ros_interface__rosidl_typesupport_fastrtps_c.dir/DependInfo.cmake "--color="
[ 65%] Building C object CMakeFiles/mecheye_ros_interface__rosidl_typesupport_introspection_c.dir/rosidl_typesupport_introspection_c/mecheye_ros_interface/srv/detail/get_range_parameter__type_support.c.o
/usr/bin/cc -DROSIDL_TYPESUPPORT_INTROSPECTION_C_BUILDING_DLL_mecheye_ros_interface -DROS_PACKAGE_NAME=\"mecheye_ros_interface\" -I/usr/include/eigen3 -I/home/inauenma/git/mecheye_ros2_interface/build/mecheye_ros_interface/rosidl_typesupport_introspection_c -I/home/inauenma/git/mecheye_ros2_interface/build/mecheye_ros_interface/rosidl_generator_c -isystem /opt/ros/jazzy/include/std_msgs -isystem /opt/ros/jazzy/include/builtin_interfaces -isystem /opt/ros/jazzy/include/rosidl_runtime_c -isystem /opt/ros/jazzy/include/rcutils -isystem /opt/ros/jazzy/include/rosidl_typesupport_interface -isystem /opt/ros/jazzy/include/sensor_msgs -isystem /opt/ros/jazzy/include/geometry_msgs -isystem /opt/ros/jazzy/include/service_msgs -isystem /opt/ros/jazzy/include/rosidl_typesupport_introspection_c -std=gnu11 -fPIC -Wall -MD -MT CMakeFiles/mecheye_ros_interface__rosidl_typesupport_introspection_c.dir/rosidl_typesupport_introspection_c/mecheye_ros_interface/srv/detail/get_range_parameter__type_support.c.o -MF CMakeFiles/mecheye_ros_interface__rosidl_typesupport_introspection_c.dir/rosidl_typesupport_introspection_c/mecheye_ros_interface/srv/detail/get_range_parameter__type_support.c.o.d -o CMakeFiles/mecheye_ros_interface__rosidl_typesupport_introspection_c.dir/rosidl_typesupport_introspection_c/mecheye_ros_interface/srv/detail/get_range_parameter__type_support.c.o -c /home/inauenma/git/mecheye_ros2_interface/build/mecheye_ros_interface/rosidl_typesupport_introspection_c/mecheye_ros_interface/srv/detail/get_range_parameter__type_support.c
gmake[2]: Leaving directory '/home/inauenma/git/mecheye_ros2_interface/build/mecheye_ros_interface'
/usr/bin/gmake  -f CMakeFiles/mecheye_ros_interface__rosidl_typesupport_fastrtps_c.dir/build.make CMakeFiles/mecheye_ros_interface__rosidl_typesupport_fastrtps_c.dir/build
gmake[2]: Entering directory '/home/inauenma/git/mecheye_ros2_interface/build/mecheye_ros_interface'
[ 65%] Building C object CMakeFiles/mecheye_ros_interface__rosidl_typesupport_introspection_c.dir/rosidl_typesupport_introspection_c/mecheye_ros_interface/srv/detail/set_bool_parameter__type_support.c.o
/usr/bin/cc -DROSIDL_TYPESUPPORT_INTROSPECTION_C_BUILDING_DLL_mecheye_ros_interface -DROS_PACKAGE_NAME=\"mecheye_ros_interface\" -I/usr/include/eigen3 -I/home/inauenma/git/mecheye_ros2_interface/build/mecheye_ros_interface/rosidl_typesupport_introspection_c -I/home/inauenma/git/mecheye_ros2_interface/build/mecheye_ros_interface/rosidl_generator_c -isystem /opt/ros/jazzy/include/std_msgs -isystem /opt/ros/jazzy/include/builtin_interfaces -isystem /opt/ros/jazzy/include/rosidl_runtime_c -isystem /opt/ros/jazzy/include/rcutils -isystem /opt/ros/jazzy/include/rosidl_typesupport_interface -isystem /opt/ros/jazzy/include/sensor_msgs -isystem /opt/ros/jazzy/include/geometry_msgs -isystem /opt/ros/jazzy/include/service_msgs -isystem /opt/ros/jazzy/include/rosidl_typesupport_introspection_c -std=gnu11 -fPIC -Wall -MD -MT CMakeFiles/mecheye_ros_interface__rosidl_typesupport_introspection_c.dir/rosidl_typesupport_introspection_c/mecheye_ros_interface/srv/detail/set_bool_parameter__type_support.c.o -MF CMakeFiles/mecheye_ros_interface__rosidl_typesupport_introspection_c.dir/rosidl_typesupport_introspection_c/mecheye_ros_interface/srv/detail/set_bool_parameter__type_support.c.o.d -o CMakeFiles/mecheye_ros_interface__rosidl_typesupport_introspection_c.dir/rosidl_typesupport_introspection_c/mecheye_ros_interface/srv/detail/set_bool_parameter__type_support.c.o -c /home/inauenma/git/mecheye_ros2_interface/build/mecheye_ros_interface/rosidl_typesupport_introspection_c/mecheye_ros_interface/srv/detail/set_bool_parameter__type_support.c
[ 65%] Building CXX object CMakeFiles/mecheye_ros_interface__rosidl_typesupport_fastrtps_c.dir/rosidl_typesupport_fastrtps_c/mecheye_ros_interface/srv/detail/set_current_user_set__type_support_c.cpp.o
/usr/bin/c++ -DFASTCDR_DYN_LINK -DROSIDL_TYPESUPPORT_FASTRTPS_C_BUILDING_DLL_mecheye_ros_interface -DROS_PACKAGE_NAME=\"mecheye_ros_interface\" -I/usr/include/eigen3 -I/home/inauenma/git/mecheye_ros2_interface/build/mecheye_ros_interface/rosidl_typesupport_fastrtps_c -I/home/inauenma/git/mecheye_ros2_interface/build/mecheye_ros_interface/rosidl_generator_c -isystem /opt/ros/jazzy/include/fastcdr -isystem /opt/ros/jazzy/include/rosidl_runtime_c -isystem /opt/ros/jazzy/include/rcutils -isystem /opt/ros/jazzy/include/rosidl_typesupport_interface -isystem /opt/ros/jazzy/include/rosidl_runtime_cpp -isystem /opt/ros/jazzy/include/rosidl_typesupport_fastrtps_cpp -isystem /opt/ros/jazzy/include/rmw -isystem /opt/ros/jazzy/include/rosidl_dynamic_typesupport -isystem /opt/ros/jazzy/include/rosidl_typesupport_fastrtps_c -isystem /opt/ros/jazzy/include/std_msgs -isystem /opt/ros/jazzy/include/builtin_interfaces -isystem /opt/ros/jazzy/include/sensor_msgs -isystem /opt/ros/jazzy/include/geometry_msgs -isystem /opt/ros/jazzy/include/service_msgs -std=gnu++17 -fPIC -Wall -Wextra -Wpedantic -MD -MT CMakeFiles/mecheye_ros_interface__rosidl_typesupport_fastrtps_c.dir/rosidl_typesupport_fastrtps_c/mecheye_ros_interface/srv/detail/set_current_user_set__type_support_c.cpp.o -MF CMakeFiles/mecheye_ros_interface__rosidl_typesupport_fastrtps_c.dir/rosidl_typesupport_fastrtps_c/mecheye_ros_interface/srv/detail/set_current_user_set__type_support_c.cpp.o.d -o CMakeFiles/mecheye_ros_interface__rosidl_typesupport_fastrtps_c.dir/rosidl_typesupport_fastrtps_c/mecheye_ros_interface/srv/detail/set_current_user_set__type_support_c.cpp.o -c /home/inauenma/git/mecheye_ros2_interface/build/mecheye_ros_interface/rosidl_typesupport_fastrtps_c/mecheye_ros_interface/srv/detail/set_current_user_set__type_support_c.cpp
[ 65%] Building CXX object CMakeFiles/start.dir/src/main.cpp.o
[ 65%] Building C object CMakeFiles/mecheye_ros_interface__rosidl_typesupport_introspection_c.dir/rosidl_typesupport_introspection_c/mecheye_ros_interface/srv/detail/get_bool_parameter__type_support.c.o
/usr/bin/cc -DROSIDL_TYPESUPPORT_INTROSPECTION_C_BUILDING_DLL_mecheye_ros_interface -DROS_PACKAGE_NAME=\"mecheye_ros_interface\" -I/usr/include/eigen3 -I/home/inauenma/git/mecheye_ros2_interface/build/mecheye_ros_interface/rosidl_typesupport_introspection_c -I/home/inauenma/git/mecheye_ros2_interface/build/mecheye_ros_interface/rosidl_generator_c -isystem /opt/ros/jazzy/include/std_msgs -isystem /opt/ros/jazzy/include/builtin_interfaces -isystem /opt/ros/jazzy/include/rosidl_runtime_c -isystem /opt/ros/jazzy/include/rcutils -isystem /opt/ros/jazzy/include/rosidl_typesupport_interface -isystem /opt/ros/jazzy/include/sensor_msgs -isystem /opt/ros/jazzy/include/geometry_msgs -isystem /opt/ros/jazzy/include/service_msgs -isystem /opt/ros/jazzy/include/rosidl_typesupport_introspection_c -std=gnu11 -fPIC -Wall -MD -MT CMakeFiles/mecheye_ros_interface__rosidl_typesupport_introspection_c.dir/rosidl_typesupport_introspection_c/mecheye_ros_interface/srv/detail/get_bool_parameter__type_support.c.o -MF CMakeFiles/mecheye_ros_interface__rosidl_typesupport_introspection_c.dir/rosidl_typesupport_introspection_c/mecheye_ros_interface/srv/detail/get_bool_parameter__type_support.c.o.d -o CMakeFiles/mecheye_ros_interface__rosidl_typesupport_introspection_c.dir/rosidl_typesupport_introspection_c/mecheye_ros_interface/srv/detail/get_bool_parameter__type_support.c.o -c /home/inauenma/git/mecheye_ros2_interface/build/mecheye_ros_interface/rosidl_typesupport_introspection_c/mecheye_ros_interface/srv/detail/get_bool_parameter__type_support.c
[ 66%] Building C object CMakeFiles/mecheye_ros_interface__rosidl_typesupport_introspection_c.dir/rosidl_typesupport_introspection_c/mecheye_ros_interface/srv/detail/set_enum_parameter__type_support.c.o
/usr/bin/c++ -DBOOST_ATOMIC_DYN_LINK -DBOOST_ATOMIC_NO_LIB -DBOOST_FILESYSTEM_DYN_LINK -DBOOST_FILESYSTEM_NO_LIB -DBOOST_IOSTREAMS_DYN_LINK -DBOOST_IOSTREAMS_NO_LIB -DBOOST_SERIALIZATION_DYN_LINK -DBOOST_SERIALIZATION_NO_LIB -DBOOST_SYSTEM_DYN_LINK -DBOOST_SYSTEM_NO_LIB -DDEFAULT_RMW_IMPLEMENTATION=rmw_fastrtps_cpp -DEIGEN_HAS_CXX17_OVERALIGN=0 -DFASTCDR_DYN_LINK -DQT_CORE_LIB -DQT_GUI_LIB -DQT_NO_DEBUG -DQT_OPENGL_LIB -DQT_WIDGETS_LIB -DROS_PACKAGE_NAME=\"mecheye_ros_interface\" -Dkiss_fft_scalar=double -I/home/inauenma/git/mecheye_ros2_interface/include -I/home/inauenma/git/mecheye_ros2_interface/build/mecheye_ros_interface -I/opt/mech-mind/mech-eye-sdk/include -I/opt/ros/jazzy/include/pcl_conversions -I/home/inauenma/git/mecheye_ros2_interface/build/mecheye_ros_interface/rosidl_generator_c -I/home/inauenma/git/mecheye_ros2_interface/build/mecheye_ros_interface/rosidl_generator_cpp -isystem /usr/include/eigen3 -isystem /usr/include/opencv4 -isystem /usr/include/pcl-1.14 -isystem /usr/include/ni -isystem /usr/include/openni2 -isystem /opt/ros/jazzy/include/cv_bridge -isystem /opt/ros/jazzy/include/image_transport -isystem /opt/ros/jazzy/include/rclcpp -isystem /opt/ros/jazzy/include/sensor_msgs -isystem /opt/ros/jazzy/include/std_msgs -isystem /opt/ros/jazzy/include/tf2 -isystem /opt/ros/jazzy/include/message_filters -isystem /opt/ros/jazzy/include/pcl_msgs -isystem /opt/ros/jazzy/include/builtin_interfaces -isystem /opt/ros/jazzy/include/rosidl_runtime_c -isystem /opt/ros/jazzy/include/rcutils -isystem /opt/ros/jazzy/include/rosidl_typesupport_interface -isystem /opt/ros/jazzy/include/geometry_msgs -isystem /opt/ros/jazzy/include/service_msgs -isystem /opt/ros/jazzy/include/fastcdr -isystem /opt/ros/jazzy/include/rosidl_runtime_cpp -isystem /opt/ros/jazzy/include/rosidl_typesupport_fastrtps_cpp -isystem /opt/ros/jazzy/include/rmw -isystem /opt/ros/jazzy/include/rosidl_dynamic_typesupport -isystem /opt/ros/jazzy/include/rosidl_typesupport_fastrtps_c -isystem /opt/ros/jazzy/include/rosidl_typesupport_introspection_c -isystem /opt/ros/jazzy/include/rosidl_typesupport_introspection_cpp -isystem /opt/ros/jazzy/include/libstatistics_collector -isystem /opt/ros/jazzy/include/rcl -isystem /opt/ros/jazzy/include/rcl_interfaces -isystem /opt/ros/jazzy/include/rcl_logging_interface -isystem /opt/ros/jazzy/include/rcl_yaml_param_parser -isystem /opt/ros/jazzy/include/type_description_interfaces -isystem /opt/ros/jazzy/include/rcpputils -isystem /opt/ros/jazzy/include/statistics_msgs -isystem /opt/ros/jazzy/include/rosgraph_msgs -isystem /opt/ros/jazzy/include/rosidl_typesupport_cpp -isystem /opt/ros/jazzy/include/rosidl_typesupport_c -isystem /opt/ros/jazzy/include/tracetools -isystem /usr/include/vtk-9.1 -isystem /usr/include/jsoncpp -isystem /usr/include/freetype2 -isystem /usr/include/x86_64-linux-gnu/qt5 -isystem /usr/include/x86_64-linux-gnu/qt5/QtOpenGL -isystem /usr/include/x86_64-linux-gnu/qt5/QtWidgets -isystem /usr/include/x86_64-linux-gnu/qt5/QtGui -isystem /usr/include/x86_64-linux-gnu/qt5/QtCore -isystem /usr/lib/x86_64-linux-gnu/qt5/mkspecs/linux-g++ -std=gnu++17 -fopenmp -fPIC -MD -MT CMakeFiles/start.dir/src/main.cpp.o -MF CMakeFiles/start.dir/src/main.cpp.o.d -o CMakeFiles/start.dir/src/main.cpp.o -c /home/inauenma/git/mecheye_ros2_interface/src/main.cpp
/usr/bin/cc -DROSIDL_TYPESUPPORT_INTROSPECTION_C_BUILDING_DLL_mecheye_ros_interface -DROS_PACKAGE_NAME=\"mecheye_ros_interface\" -I/usr/include/eigen3 -I/home/inauenma/git/mecheye_ros2_interface/build/mecheye_ros_interface/rosidl_typesupport_introspection_c -I/home/inauenma/git/mecheye_ros2_interface/build/mecheye_ros_interface/rosidl_generator_c -isystem /opt/ros/jazzy/include/std_msgs -isystem /opt/ros/jazzy/include/builtin_interfaces -isystem /opt/ros/jazzy/include/rosidl_runtime_c -isystem /opt/ros/jazzy/include/rcutils -isystem /opt/ros/jazzy/include/rosidl_typesupport_interface -isystem /opt/ros/jazzy/include/sensor_msgs -isystem /opt/ros/jazzy/include/geometry_msgs -isystem /opt/ros/jazzy/include/service_msgs -isystem /opt/ros/jazzy/include/rosidl_typesupport_introspection_c -std=gnu11 -fPIC -Wall -MD -MT CMakeFiles/mecheye_ros_interface__rosidl_typesupport_introspection_c.dir/rosidl_typesupport_introspection_c/mecheye_ros_interface/srv/detail/set_enum_parameter__type_support.c.o -MF CMakeFiles/mecheye_ros_interface__rosidl_typesupport_introspection_c.dir/rosidl_typesupport_introspection_c/mecheye_ros_interface/srv/detail/set_enum_parameter__type_support.c.o.d -o CMakeFiles/mecheye_ros_interface__rosidl_typesupport_introspection_c.dir/rosidl_typesupport_introspection_c/mecheye_ros_interface/srv/detail/set_enum_parameter__type_support.c.o -c /home/inauenma/git/mecheye_ros2_interface/build/mecheye_ros_interface/rosidl_typesupport_introspection_c/mecheye_ros_interface/srv/detail/set_enum_parameter__type_support.c
[ 66%] Building CXX object CMakeFiles/mecheye_ros_interface__rosidl_typesupport_introspection_cpp.dir/rosidl_typesupport_introspection_cpp/mecheye_ros_interface/srv/detail/get_bool_parameter__type_support.cpp.o
/usr/bin/c++ -DROSIDL_TYPESUPPORT_INTROSPECTION_CPP_BUILDING_DLL -DROS_PACKAGE_NAME=\"mecheye_ros_interface\" -I/usr/include/eigen3 -I/home/inauenma/git/mecheye_ros2_interface/build/mecheye_ros_interface/rosidl_typesupport_introspection_cpp -I/home/inauenma/git/mecheye_ros2_interface/build/mecheye_ros_interface/rosidl_generator_c -I/home/inauenma/git/mecheye_ros2_interface/build/mecheye_ros_interface/rosidl_generator_cpp -isystem /opt/ros/jazzy/include/std_msgs -isystem /opt/ros/jazzy/include/builtin_interfaces -isystem /opt/ros/jazzy/include/rosidl_runtime_c -isystem /opt/ros/jazzy/include/rcutils -isystem /opt/ros/jazzy/include/rosidl_typesupport_interface -isystem /opt/ros/jazzy/include/sensor_msgs -isystem /opt/ros/jazzy/include/geometry_msgs -isystem /opt/ros/jazzy/include/service_msgs -isystem /opt/ros/jazzy/include/rosidl_runtime_cpp -isystem /opt/ros/jazzy/include/rosidl_typesupport_introspection_cpp -isystem /opt/ros/jazzy/include/rosidl_typesupport_introspection_c -std=gnu++17 -fPIC -Wall -Wextra -Wpedantic -MD -MT CMakeFiles/mecheye_ros_interface__rosidl_typesupport_introspection_cpp.dir/rosidl_typesupport_introspection_cpp/mecheye_ros_interface/srv/detail/get_bool_parameter__type_support.cpp.o -MF CMakeFiles/mecheye_ros_interface__rosidl_typesupport_introspection_cpp.dir/rosidl_typesupport_introspection_cpp/mecheye_ros_interface/srv/detail/get_bool_parameter__type_support.cpp.o.d -o CMakeFiles/mecheye_ros_interface__rosidl_typesupport_introspection_cpp.dir/rosidl_typesupport_introspection_cpp/mecheye_ros_interface/srv/detail/get_bool_parameter__type_support.cpp.o -c /home/inauenma/git/mecheye_ros2_interface/build/mecheye_ros_interface/rosidl_typesupport_introspection_cpp/mecheye_ros_interface/srv/detail/get_bool_parameter__type_support.cpp
[ 67%] Building CXX object CMakeFiles/mecheye_ros_interface__rosidl_typesupport_introspection_cpp.dir/rosidl_typesupport_introspection_cpp/mecheye_ros_interface/srv/detail/set_enum_parameter__type_support.cpp.o
/usr/bin/c++ -DROSIDL_TYPESUPPORT_INTROSPECTION_CPP_BUILDING_DLL -DROS_PACKAGE_NAME=\"mecheye_ros_interface\" -I/usr/include/eigen3 -I/home/inauenma/git/mecheye_ros2_interface/build/mecheye_ros_interface/rosidl_typesupport_introspection_cpp -I/home/inauenma/git/mecheye_ros2_interface/build/mecheye_ros_interface/rosidl_generator_c -I/home/inauenma/git/mecheye_ros2_interface/build/mecheye_ros_interface/rosidl_generator_cpp -isystem /opt/ros/jazzy/include/std_msgs -isystem /opt/ros/jazzy/include/builtin_interfaces -isystem /opt/ros/jazzy/include/rosidl_runtime_c -isystem /opt/ros/jazzy/include/rcutils -isystem /opt/ros/jazzy/include/rosidl_typesupport_interface -isystem /opt/ros/jazzy/include/sensor_msgs -isystem /opt/ros/jazzy/include/geometry_msgs -isystem /opt/ros/jazzy/include/service_msgs -isystem /opt/ros/jazzy/include/rosidl_runtime_cpp -isystem /opt/ros/jazzy/include/rosidl_typesupport_introspection_cpp -isystem /opt/ros/jazzy/include/rosidl_typesupport_introspection_c -std=gnu++17 -fPIC -Wall -Wextra -Wpedantic -MD -MT CMakeFiles/mecheye_ros_interface__rosidl_typesupport_introspection_cpp.dir/rosidl_typesupport_introspection_cpp/mecheye_ros_interface/srv/detail/set_enum_parameter__type_support.cpp.o -MF CMakeFiles/mecheye_ros_interface__rosidl_typesupport_introspection_cpp.dir/rosidl_typesupport_introspection_cpp/mecheye_ros_interface/srv/detail/set_enum_parameter__type_support.cpp.o.d -o CMakeFiles/mecheye_ros_interface__rosidl_typesupport_introspection_cpp.dir/rosidl_typesupport_introspection_cpp/mecheye_ros_interface/srv/detail/set_enum_parameter__type_support.cpp.o -c /home/inauenma/git/mecheye_ros2_interface/build/mecheye_ros_interface/rosidl_typesupport_introspection_cpp/mecheye_ros_interface/srv/detail/set_enum_parameter__type_support.cpp
[ 67%] Building CXX object CMakeFiles/mecheye_ros_interface__rosidl_typesupport_fastrtps_cpp.dir/rosidl_typesupport_fastrtps_cpp/mecheye_ros_interface/srv/detail/dds_fastrtps/capture_depth_map__type_support.cpp.o
/usr/bin/c++ -DFASTCDR_DYN_LINK -DROSIDL_TYPESUPPORT_FASTRTPS_CPP_BUILDING_DLL_mecheye_ros_interface -DROS_PACKAGE_NAME=\"mecheye_ros_interface\" -I/usr/include/eigen3 -I/home/inauenma/git/mecheye_ros2_interface/build/mecheye_ros_interface/rosidl_typesupport_fastrtps_cpp -I/home/inauenma/git/mecheye_ros2_interface/build/mecheye_ros_interface/rosidl_generator_c -I/home/inauenma/git/mecheye_ros2_interface/build/mecheye_ros_interface/rosidl_generator_cpp -isystem /opt/ros/jazzy/include/fastcdr -isystem /opt/ros/jazzy/include/rmw -isystem /opt/ros/jazzy/include/rcutils -isystem /opt/ros/jazzy/include/rosidl_dynamic_typesupport -isystem /opt/ros/jazzy/include/rosidl_runtime_c -isystem /opt/ros/jazzy/include/rosidl_typesupport_interface -isystem /opt/ros/jazzy/include/rosidl_runtime_cpp -isystem /opt/ros/jazzy/include/rosidl_typesupport_fastrtps_cpp -isystem /opt/ros/jazzy/include/std_msgs -isystem /opt/ros/jazzy/include/builtin_interfaces -isystem /opt/ros/jazzy/include/sensor_msgs -isystem /opt/ros/jazzy/include/geometry_msgs -isystem /opt/ros/jazzy/include/service_msgs -std=gnu++17 -fPIC -Wall -Wextra -Wpedantic -Wredundant-decls -MD -MT CMakeFiles/mecheye_ros_interface__rosidl_typesupport_fastrtps_cpp.dir/rosidl_typesupport_fastrtps_cpp/mecheye_ros_interface/srv/detail/dds_fastrtps/capture_depth_map__type_support.cpp.o -MF CMakeFiles/mecheye_ros_interface__rosidl_typesupport_fastrtps_cpp.dir/rosidl_typesupport_fastrtps_cpp/mecheye_ros_interface/srv/detail/dds_fastrtps/capture_depth_map__type_support.cpp.o.d -o CMakeFiles/mecheye_ros_interface__rosidl_typesupport_fastrtps_cpp.dir/rosidl_typesupport_fastrtps_cpp/mecheye_ros_interface/srv/detail/dds_fastrtps/capture_depth_map__type_support.cpp.o -c /home/inauenma/git/mecheye_ros2_interface/build/mecheye_ros_interface/rosidl_typesupport_fastrtps_cpp/mecheye_ros_interface/srv/detail/dds_fastrtps/capture_depth_map__type_support.cpp
[ 67%] Building CXX object CMakeFiles/mecheye_ros_interface__rosidl_typesupport_fastrtps_c.dir/rosidl_typesupport_fastrtps_c/mecheye_ros_interface/srv/detail/save_all_settings_to_user_sets__type_support_c.cpp.o
/usr/bin/c++ -DFASTCDR_DYN_LINK -DROSIDL_TYPESUPPORT_FASTRTPS_C_BUILDING_DLL_mecheye_ros_interface -DROS_PACKAGE_NAME=\"mecheye_ros_interface\" -I/usr/include/eigen3 -I/home/inauenma/git/mecheye_ros2_interface/build/mecheye_ros_interface/rosidl_typesupport_fastrtps_c -I/home/inauenma/git/mecheye_ros2_interface/build/mecheye_ros_interface/rosidl_generator_c -isystem /opt/ros/jazzy/include/fastcdr -isystem /opt/ros/jazzy/include/rosidl_runtime_c -isystem /opt/ros/jazzy/include/rcutils -isystem /opt/ros/jazzy/include/rosidl_typesupport_interface -isystem /opt/ros/jazzy/include/rosidl_runtime_cpp -isystem /opt/ros/jazzy/include/rosidl_typesupport_fastrtps_cpp -isystem /opt/ros/jazzy/include/rmw -isystem /opt/ros/jazzy/include/rosidl_dynamic_typesupport -isystem /opt/ros/jazzy/include/rosidl_typesupport_fastrtps_c -isystem /opt/ros/jazzy/include/std_msgs -isystem /opt/ros/jazzy/include/builtin_interfaces -isystem /opt/ros/jazzy/include/sensor_msgs -isystem /opt/ros/jazzy/include/geometry_msgs -isystem /opt/ros/jazzy/include/service_msgs -std=gnu++17 -fPIC -Wall -Wextra -Wpedantic -MD -MT CMakeFiles/mecheye_ros_interface__rosidl_typesupport_fastrtps_c.dir/rosidl_typesupport_fastrtps_c/mecheye_ros_interface/srv/detail/save_all_settings_to_user_sets__type_support_c.cpp.o -MF CMakeFiles/mecheye_ros_interface__rosidl_typesupport_fastrtps_c.dir/rosidl_typesupport_fastrtps_c/mecheye_ros_interface/srv/detail/save_all_settings_to_user_sets__type_support_c.cpp.o.d -o CMakeFiles/mecheye_ros_interface__rosidl_typesupport_fastrtps_c.dir/rosidl_typesupport_fastrtps_c/mecheye_ros_interface/srv/detail/save_all_settings_to_user_sets__type_support_c.cpp.o -c /home/inauenma/git/mecheye_ros2_interface/build/mecheye_ros_interface/rosidl_typesupport_fastrtps_c/mecheye_ros_interface/srv/detail/save_all_settings_to_user_sets__type_support_c.cpp
[ 67%] Building C object CMakeFiles/mecheye_ros_interface__rosidl_typesupport_introspection_c.dir/rosidl_typesupport_introspection_c/mecheye_ros_interface/srv/detail/get_enum_parameter__type_support.c.o
/usr/bin/cc -DROSIDL_TYPESUPPORT_INTROSPECTION_C_BUILDING_DLL_mecheye_ros_interface -DROS_PACKAGE_NAME=\"mecheye_ros_interface\" -I/usr/include/eigen3 -I/home/inauenma/git/mecheye_ros2_interface/build/mecheye_ros_interface/rosidl_typesupport_introspection_c -I/home/inauenma/git/mecheye_ros2_interface/build/mecheye_ros_interface/rosidl_generator_c -isystem /opt/ros/jazzy/include/std_msgs -isystem /opt/ros/jazzy/include/builtin_interfaces -isystem /opt/ros/jazzy/include/rosidl_runtime_c -isystem /opt/ros/jazzy/include/rcutils -isystem /opt/ros/jazzy/include/rosidl_typesupport_interface -isystem /opt/ros/jazzy/include/sensor_msgs -isystem /opt/ros/jazzy/include/geometry_msgs -isystem /opt/ros/jazzy/include/service_msgs -isystem /opt/ros/jazzy/include/rosidl_typesupport_introspection_c -std=gnu11 -fPIC -Wall -MD -MT CMakeFiles/mecheye_ros_interface__rosidl_typesupport_introspection_c.dir/rosidl_typesupport_introspection_c/mecheye_ros_interface/srv/detail/get_enum_parameter__type_support.c.o -MF CMakeFiles/mecheye_ros_interface__rosidl_typesupport_introspection_c.dir/rosidl_typesupport_introspection_c/mecheye_ros_interface/srv/detail/get_enum_parameter__type_support.c.o.d -o CMakeFiles/mecheye_ros_interface__rosidl_typesupport_introspection_c.dir/rosidl_typesupport_introspection_c/mecheye_ros_interface/srv/detail/get_enum_parameter__type_support.c.o -c /home/inauenma/git/mecheye_ros2_interface/build/mecheye_ros_interface/rosidl_typesupport_introspection_c/mecheye_ros_interface/srv/detail/get_enum_parameter__type_support.c
[ 67%] Building CXX object CMakeFiles/mecheye_ros_interface__rosidl_typesupport_introspection_cpp.dir/rosidl_typesupport_introspection_cpp/mecheye_ros_interface/srv/detail/get_enum_parameter__type_support.cpp.o
/usr/bin/c++ -DROSIDL_TYPESUPPORT_INTROSPECTION_CPP_BUILDING_DLL -DROS_PACKAGE_NAME=\"mecheye_ros_interface\" -I/usr/include/eigen3 -I/home/inauenma/git/mecheye_ros2_interface/build/mecheye_ros_interface/rosidl_typesupport_introspection_cpp -I/home/inauenma/git/mecheye_ros2_interface/build/mecheye_ros_interface/rosidl_generator_c -I/home/inauenma/git/mecheye_ros2_interface/build/mecheye_ros_interface/rosidl_generator_cpp -isystem /opt/ros/jazzy/include/std_msgs -isystem /opt/ros/jazzy/include/builtin_interfaces -isystem /opt/ros/jazzy/include/rosidl_runtime_c -isystem /opt/ros/jazzy/include/rcutils -isystem /opt/ros/jazzy/include/rosidl_typesupport_interface -isystem /opt/ros/jazzy/include/sensor_msgs -isystem /opt/ros/jazzy/include/geometry_msgs -isystem /opt/ros/jazzy/include/service_msgs -isystem /opt/ros/jazzy/include/rosidl_runtime_cpp -isystem /opt/ros/jazzy/include/rosidl_typesupport_introspection_cpp -isystem /opt/ros/jazzy/include/rosidl_typesupport_introspection_c -std=gnu++17 -fPIC -Wall -Wextra -Wpedantic -MD -MT CMakeFiles/mecheye_ros_interface__rosidl_typesupport_introspection_cpp.dir/rosidl_typesupport_introspection_cpp/mecheye_ros_interface/srv/detail/get_enum_parameter__type_support.cpp.o -MF CMakeFiles/mecheye_ros_interface__rosidl_typesupport_introspection_cpp.dir/rosidl_typesupport_introspection_cpp/mecheye_ros_interface/srv/detail/get_enum_parameter__type_support.cpp.o.d -o CMakeFiles/mecheye_ros_interface__rosidl_typesupport_introspection_cpp.dir/rosidl_typesupport_introspection_cpp/mecheye_ros_interface/srv/detail/get_enum_parameter__type_support.cpp.o -c /home/inauenma/git/mecheye_ros2_interface/build/mecheye_ros_interface/rosidl_typesupport_introspection_cpp/mecheye_ros_interface/srv/detail/get_enum_parameter__type_support.cpp
[ 68%] Building C object CMakeFiles/mecheye_ros_interface__rosidl_typesupport_introspection_c.dir/rosidl_typesupport_introspection_c/mecheye_ros_interface/srv/detail/set_float_parameter__type_support.c.o
/usr/bin/cc -DROSIDL_TYPESUPPORT_INTROSPECTION_C_BUILDING_DLL_mecheye_ros_interface -DROS_PACKAGE_NAME=\"mecheye_ros_interface\" -I/usr/include/eigen3 -I/home/inauenma/git/mecheye_ros2_interface/build/mecheye_ros_interface/rosidl_typesupport_introspection_c -I/home/inauenma/git/mecheye_ros2_interface/build/mecheye_ros_interface/rosidl_generator_c -isystem /opt/ros/jazzy/include/std_msgs -isystem /opt/ros/jazzy/include/builtin_interfaces -isystem /opt/ros/jazzy/include/rosidl_runtime_c -isystem /opt/ros/jazzy/include/rcutils -isystem /opt/ros/jazzy/include/rosidl_typesupport_interface -isystem /opt/ros/jazzy/include/sensor_msgs -isystem /opt/ros/jazzy/include/geometry_msgs -isystem /opt/ros/jazzy/include/service_msgs -isystem /opt/ros/jazzy/include/rosidl_typesupport_introspection_c -std=gnu11 -fPIC -Wall -MD -MT CMakeFiles/mecheye_ros_interface__rosidl_typesupport_introspection_c.dir/rosidl_typesupport_introspection_c/mecheye_ros_interface/srv/detail/set_float_parameter__type_support.c.o -MF CMakeFiles/mecheye_ros_interface__rosidl_typesupport_introspection_c.dir/rosidl_typesupport_introspection_c/mecheye_ros_interface/srv/detail/set_float_parameter__type_support.c.o.d -o CMakeFiles/mecheye_ros_interface__rosidl_typesupport_introspection_c.dir/rosidl_typesupport_introspection_c/mecheye_ros_interface/srv/detail/set_float_parameter__type_support.c.o -c /home/inauenma/git/mecheye_ros2_interface/build/mecheye_ros_interface/rosidl_typesupport_introspection_c/mecheye_ros_interface/srv/detail/set_float_parameter__type_support.c
[ 68%] Building CXX object CMakeFiles/mecheye_ros_interface__rosidl_typesupport_fastrtps_cpp.dir/rosidl_typesupport_fastrtps_cpp/mecheye_ros_interface/srv/detail/dds_fastrtps/capture_point_cloud__type_support.cpp.o
/usr/bin/c++ -DFASTCDR_DYN_LINK -DROSIDL_TYPESUPPORT_FASTRTPS_CPP_BUILDING_DLL_mecheye_ros_interface -DROS_PACKAGE_NAME=\"mecheye_ros_interface\" -I/usr/include/eigen3 -I/home/inauenma/git/mecheye_ros2_interface/build/mecheye_ros_interface/rosidl_typesupport_fastrtps_cpp -I/home/inauenma/git/mecheye_ros2_interface/build/mecheye_ros_interface/rosidl_generator_c -I/home/inauenma/git/mecheye_ros2_interface/build/mecheye_ros_interface/rosidl_generator_cpp -isystem /opt/ros/jazzy/include/fastcdr -isystem /opt/ros/jazzy/include/rmw -isystem /opt/ros/jazzy/include/rcutils -isystem /opt/ros/jazzy/include/rosidl_dynamic_typesupport -isystem /opt/ros/jazzy/include/rosidl_runtime_c -isystem /opt/ros/jazzy/include/rosidl_typesupport_interface -isystem /opt/ros/jazzy/include/rosidl_runtime_cpp -isystem /opt/ros/jazzy/include/rosidl_typesupport_fastrtps_cpp -isystem /opt/ros/jazzy/include/std_msgs -isystem /opt/ros/jazzy/include/builtin_interfaces -isystem /opt/ros/jazzy/include/sensor_msgs -isystem /opt/ros/jazzy/include/geometry_msgs -isystem /opt/ros/jazzy/include/service_msgs -std=gnu++17 -fPIC -Wall -Wextra -Wpedantic -Wredundant-decls -MD -MT CMakeFiles/mecheye_ros_interface__rosidl_typesupport_fastrtps_cpp.dir/rosidl_typesupport_fastrtps_cpp/mecheye_ros_interface/srv/detail/dds_fastrtps/capture_point_cloud__type_support.cpp.o -MF CMakeFiles/mecheye_ros_interface__rosidl_typesupport_fastrtps_cpp.dir/rosidl_typesupport_fastrtps_cpp/mecheye_ros_interface/srv/detail/dds_fastrtps/capture_point_cloud__type_support.cpp.o.d -o CMakeFiles/mecheye_ros_interface__rosidl_typesupport_fastrtps_cpp.dir/rosidl_typesupport_fastrtps_cpp/mecheye_ros_interface/srv/detail/dds_fastrtps/capture_point_cloud__type_support.cpp.o -c /home/inauenma/git/mecheye_ros2_interface/build/mecheye_ros_interface/rosidl_typesupport_fastrtps_cpp/mecheye_ros_interface/srv/detail/dds_fastrtps/capture_point_cloud__type_support.cpp
[ 68%] Building CXX object CMakeFiles/mecheye_ros_interface__rosidl_typesupport_introspection_cpp.dir/rosidl_typesupport_introspection_cpp/mecheye_ros_interface/srv/detail/set_float_parameter__type_support.cpp.o
/usr/bin/c++ -DROSIDL_TYPESUPPORT_INTROSPECTION_CPP_BUILDING_DLL -DROS_PACKAGE_NAME=\"mecheye_ros_interface\" -I/usr/include/eigen3 -I/home/inauenma/git/mecheye_ros2_interface/build/mecheye_ros_interface/rosidl_typesupport_introspection_cpp -I/home/inauenma/git/mecheye_ros2_interface/build/mecheye_ros_interface/rosidl_generator_c -I/home/inauenma/git/mecheye_ros2_interface/build/mecheye_ros_interface/rosidl_generator_cpp -isystem /opt/ros/jazzy/include/std_msgs -isystem /opt/ros/jazzy/include/builtin_interfaces -isystem /opt/ros/jazzy/include/rosidl_runtime_c -isystem /opt/ros/jazzy/include/rcutils -isystem /opt/ros/jazzy/include/rosidl_typesupport_interface -isystem /opt/ros/jazzy/include/sensor_msgs -isystem /opt/ros/jazzy/include/geometry_msgs -isystem /opt/ros/jazzy/include/service_msgs -isystem /opt/ros/jazzy/include/rosidl_runtime_cpp -isystem /opt/ros/jazzy/include/rosidl_typesupport_introspection_cpp -isystem /opt/ros/jazzy/include/rosidl_typesupport_introspection_c -std=gnu++17 -fPIC -Wall -Wextra -Wpedantic -MD -MT CMakeFiles/mecheye_ros_interface__rosidl_typesupport_introspection_cpp.dir/rosidl_typesupport_introspection_cpp/mecheye_ros_interface/srv/detail/set_float_parameter__type_support.cpp.o -MF CMakeFiles/mecheye_ros_interface__rosidl_typesupport_introspection_cpp.dir/rosidl_typesupport_introspection_cpp/mecheye_ros_interface/srv/detail/set_float_parameter__type_support.cpp.o.d -o CMakeFiles/mecheye_ros_interface__rosidl_typesupport_introspection_cpp.dir/rosidl_typesupport_introspection_cpp/mecheye_ros_interface/srv/detail/set_float_parameter__type_support.cpp.o -c /home/inauenma/git/mecheye_ros2_interface/build/mecheye_ros_interface/rosidl_typesupport_introspection_cpp/mecheye_ros_interface/srv/detail/set_float_parameter__type_support.cpp
[ 68%] Building C object CMakeFiles/mecheye_ros_interface__rosidl_typesupport_introspection_c.dir/rosidl_typesupport_introspection_c/mecheye_ros_interface/srv/detail/get_float_parameter__type_support.c.o
/usr/bin/cc -DROSIDL_TYPESUPPORT_INTROSPECTION_C_BUILDING_DLL_mecheye_ros_interface -DROS_PACKAGE_NAME=\"mecheye_ros_interface\" -I/usr/include/eigen3 -I/home/inauenma/git/mecheye_ros2_interface/build/mecheye_ros_interface/rosidl_typesupport_introspection_c -I/home/inauenma/git/mecheye_ros2_interface/build/mecheye_ros_interface/rosidl_generator_c -isystem /opt/ros/jazzy/include/std_msgs -isystem /opt/ros/jazzy/include/builtin_interfaces -isystem /opt/ros/jazzy/include/rosidl_runtime_c -isystem /opt/ros/jazzy/include/rcutils -isystem /opt/ros/jazzy/include/rosidl_typesupport_interface -isystem /opt/ros/jazzy/include/sensor_msgs -isystem /opt/ros/jazzy/include/geometry_msgs -isystem /opt/ros/jazzy/include/service_msgs -isystem /opt/ros/jazzy/include/rosidl_typesupport_introspection_c -std=gnu11 -fPIC -Wall -MD -MT CMakeFiles/mecheye_ros_interface__rosidl_typesupport_introspection_c.dir/rosidl_typesupport_introspection_c/mecheye_ros_interface/srv/detail/get_float_parameter__type_support.c.o -MF CMakeFiles/mecheye_ros_interface__rosidl_typesupport_introspection_c.dir/rosidl_typesupport_introspection_c/mecheye_ros_interface/srv/detail/get_float_parameter__type_support.c.o.d -o CMakeFiles/mecheye_ros_interface__rosidl_typesupport_introspection_c.dir/rosidl_typesupport_introspection_c/mecheye_ros_interface/srv/detail/get_float_parameter__type_support.c.o -c /home/inauenma/git/mecheye_ros2_interface/build/mecheye_ros_interface/rosidl_typesupport_introspection_c/mecheye_ros_interface/srv/detail/get_float_parameter__type_support.c
[ 69%] Building CXX object CMakeFiles/mecheye_ros_interface__rosidl_typesupport_introspection_cpp.dir/rosidl_typesupport_introspection_cpp/mecheye_ros_interface/srv/detail/get_float_parameter__type_support.cpp.o
/usr/bin/c++ -DROSIDL_TYPESUPPORT_INTROSPECTION_CPP_BUILDING_DLL -DROS_PACKAGE_NAME=\"mecheye_ros_interface\" -I/usr/include/eigen3 -I/home/inauenma/git/mecheye_ros2_interface/build/mecheye_ros_interface/rosidl_typesupport_introspection_cpp -I/home/inauenma/git/mecheye_ros2_interface/build/mecheye_ros_interface/rosidl_generator_c -I/home/inauenma/git/mecheye_ros2_interface/build/mecheye_ros_interface/rosidl_generator_cpp -isystem /opt/ros/jazzy/include/std_msgs -isystem /opt/ros/jazzy/include/builtin_interfaces -isystem /opt/ros/jazzy/include/rosidl_runtime_c -isystem /opt/ros/jazzy/include/rcutils -isystem /opt/ros/jazzy/include/rosidl_typesupport_interface -isystem /opt/ros/jazzy/include/sensor_msgs -isystem /opt/ros/jazzy/include/geometry_msgs -isystem /opt/ros/jazzy/include/service_msgs -isystem /opt/ros/jazzy/include/rosidl_runtime_cpp -isystem /opt/ros/jazzy/include/rosidl_typesupport_introspection_cpp -isystem /opt/ros/jazzy/include/rosidl_typesupport_introspection_c -std=gnu++17 -fPIC -Wall -Wextra -Wpedantic -MD -MT CMakeFiles/mecheye_ros_interface__rosidl_typesupport_introspection_cpp.dir/rosidl_typesupport_introspection_cpp/mecheye_ros_interface/srv/detail/get_float_parameter__type_support.cpp.o -MF CMakeFiles/mecheye_ros_interface__rosidl_typesupport_introspection_cpp.dir/rosidl_typesupport_introspection_cpp/mecheye_ros_interface/srv/detail/get_float_parameter__type_support.cpp.o.d -o CMakeFiles/mecheye_ros_interface__rosidl_typesupport_introspection_cpp.dir/rosidl_typesupport_introspection_cpp/mecheye_ros_interface/srv/detail/get_float_parameter__type_support.cpp.o -c /home/inauenma/git/mecheye_ros2_interface/build/mecheye_ros_interface/rosidl_typesupport_introspection_cpp/mecheye_ros_interface/srv/detail/get_float_parameter__type_support.cpp
[ 69%] Building CXX object CMakeFiles/mecheye_ros_interface__rosidl_typesupport_fastrtps_c.dir/rosidl_typesupport_fastrtps_c/mecheye_ros_interface/srv/detail/capture_color_image__type_support_c.cpp.o
[ 70%] Building CXX object CMakeFiles/mecheye_ros_interface__rosidl_typesupport_fastrtps_c.dir/rosidl_typesupport_fastrtps_c/mecheye_ros_interface/srv/detail/add_user_set__type_support_c.cpp.o
/usr/bin/c++ -DFASTCDR_DYN_LINK -DROSIDL_TYPESUPPORT_FASTRTPS_C_BUILDING_DLL_mecheye_ros_interface -DROS_PACKAGE_NAME=\"mecheye_ros_interface\" -I/usr/include/eigen3 -I/home/inauenma/git/mecheye_ros2_interface/build/mecheye_ros_interface/rosidl_typesupport_fastrtps_c -I/home/inauenma/git/mecheye_ros2_interface/build/mecheye_ros_interface/rosidl_generator_c -isystem /opt/ros/jazzy/include/fastcdr -isystem /opt/ros/jazzy/include/rosidl_runtime_c -isystem /opt/ros/jazzy/include/rcutils -isystem /opt/ros/jazzy/include/rosidl_typesupport_interface -isystem /opt/ros/jazzy/include/rosidl_runtime_cpp -isystem /opt/ros/jazzy/include/rosidl_typesupport_fastrtps_cpp -isystem /opt/ros/jazzy/include/rmw -isystem /opt/ros/jazzy/include/rosidl_dynamic_typesupport -isystem /opt/ros/jazzy/include/rosidl_typesupport_fastrtps_c -isystem /opt/ros/jazzy/include/std_msgs -isystem /opt/ros/jazzy/include/builtin_interfaces -isystem /opt/ros/jazzy/include/sensor_msgs -isystem /opt/ros/jazzy/include/geometry_msgs -isystem /opt/ros/jazzy/include/service_msgs -std=gnu++17 -fPIC -Wall -Wextra -Wpedantic -MD -MT CMakeFiles/mecheye_ros_interface__rosidl_typesupport_fastrtps_c.dir/rosidl_typesupport_fastrtps_c/mecheye_ros_interface/srv/detail/add_user_set__type_support_c.cpp.o -MF CMakeFiles/mecheye_ros_interface__rosidl_typesupport_fastrtps_c.dir/rosidl_typesupport_fastrtps_c/mecheye_ros_interface/srv/detail/add_user_set__type_support_c.cpp.o.d -o CMakeFiles/mecheye_ros_interface__rosidl_typesupport_fastrtps_c.dir/rosidl_typesupport_fastrtps_c/mecheye_ros_interface/srv/detail/add_user_set__type_support_c.cpp.o -c /home/inauenma/git/mecheye_ros2_interface/build/mecheye_ros_interface/rosidl_typesupport_fastrtps_c/mecheye_ros_interface/srv/detail/add_user_set__type_support_c.cpp
/usr/bin/c++ -DFASTCDR_DYN_LINK -DROSIDL_TYPESUPPORT_FASTRTPS_C_BUILDING_DLL_mecheye_ros_interface -DROS_PACKAGE_NAME=\"mecheye_ros_interface\" -I/usr/include/eigen3 -I/home/inauenma/git/mecheye_ros2_interface/build/mecheye_ros_interface/rosidl_typesupport_fastrtps_c -I/home/inauenma/git/mecheye_ros2_interface/build/mecheye_ros_interface/rosidl_generator_c -isystem /opt/ros/jazzy/include/fastcdr -isystem /opt/ros/jazzy/include/rosidl_runtime_c -isystem /opt/ros/jazzy/include/rcutils -isystem /opt/ros/jazzy/include/rosidl_typesupport_interface -isystem /opt/ros/jazzy/include/rosidl_runtime_cpp -isystem /opt/ros/jazzy/include/rosidl_typesupport_fastrtps_cpp -isystem /opt/ros/jazzy/include/rmw -isystem /opt/ros/jazzy/include/rosidl_dynamic_typesupport -isystem /opt/ros/jazzy/include/rosidl_typesupport_fastrtps_c -isystem /opt/ros/jazzy/include/std_msgs -isystem /opt/ros/jazzy/include/builtin_interfaces -isystem /opt/ros/jazzy/include/sensor_msgs -isystem /opt/ros/jazzy/include/geometry_msgs -isystem /opt/ros/jazzy/include/service_msgs -std=gnu++17 -fPIC -Wall -Wextra -Wpedantic -MD -MT CMakeFiles/mecheye_ros_interface__rosidl_typesupport_fastrtps_c.dir/rosidl_typesupport_fastrtps_c/mecheye_ros_interface/srv/detail/capture_color_image__type_support_c.cpp.o -MF CMakeFiles/mecheye_ros_interface__rosidl_typesupport_fastrtps_c.dir/rosidl_typesupport_fastrtps_c/mecheye_ros_interface/srv/detail/capture_color_image__type_support_c.cpp.o.d -o CMakeFiles/mecheye_ros_interface__rosidl_typesupport_fastrtps_c.dir/rosidl_typesupport_fastrtps_c/mecheye_ros_interface/srv/detail/capture_color_image__type_support_c.cpp.o -c /home/inauenma/git/mecheye_ros2_interface/build/mecheye_ros_interface/rosidl_typesupport_fastrtps_c/mecheye_ros_interface/srv/detail/capture_color_image__type_support_c.cpp
[ 70%] Building C object CMakeFiles/mecheye_ros_interface__rosidl_typesupport_introspection_c.dir/rosidl_typesupport_introspection_c/mecheye_ros_interface/srv/detail/set_float_array_parameter__type_support.c.o
/usr/bin/cc -DROSIDL_TYPESUPPORT_INTROSPECTION_C_BUILDING_DLL_mecheye_ros_interface -DROS_PACKAGE_NAME=\"mecheye_ros_interface\" -I/usr/include/eigen3 -I/home/inauenma/git/mecheye_ros2_interface/build/mecheye_ros_interface/rosidl_typesupport_introspection_c -I/home/inauenma/git/mecheye_ros2_interface/build/mecheye_ros_interface/rosidl_generator_c -isystem /opt/ros/jazzy/include/std_msgs -isystem /opt/ros/jazzy/include/builtin_interfaces -isystem /opt/ros/jazzy/include/rosidl_runtime_c -isystem /opt/ros/jazzy/include/rcutils -isystem /opt/ros/jazzy/include/rosidl_typesupport_interface -isystem /opt/ros/jazzy/include/sensor_msgs -isystem /opt/ros/jazzy/include/geometry_msgs -isystem /opt/ros/jazzy/include/service_msgs -isystem /opt/ros/jazzy/include/rosidl_typesupport_introspection_c -std=gnu11 -fPIC -Wall -MD -MT CMakeFiles/mecheye_ros_interface__rosidl_typesupport_introspection_c.dir/rosidl_typesupport_introspection_c/mecheye_ros_interface/srv/detail/set_float_array_parameter__type_support.c.o -MF CMakeFiles/mecheye_ros_interface__rosidl_typesupport_introspection_c.dir/rosidl_typesupport_introspection_c/mecheye_ros_interface/srv/detail/set_float_array_parameter__type_support.c.o.d -o CMakeFiles/mecheye_ros_interface__rosidl_typesupport_introspection_c.dir/rosidl_typesupport_introspection_c/mecheye_ros_interface/srv/detail/set_float_array_parameter__type_support.c.o -c /home/inauenma/git/mecheye_ros2_interface/build/mecheye_ros_interface/rosidl_typesupport_introspection_c/mecheye_ros_interface/srv/detail/set_float_array_parameter__type_support.c
[ 71%] Building CXX object CMakeFiles/mecheye_ros_interface__rosidl_typesupport_fastrtps_cpp.dir/rosidl_typesupport_fastrtps_cpp/mecheye_ros_interface/srv/detail/dds_fastrtps/delete_user_set__type_support.cpp.o
/usr/bin/c++ -DFASTCDR_DYN_LINK -DROSIDL_TYPESUPPORT_FASTRTPS_CPP_BUILDING_DLL_mecheye_ros_interface -DROS_PACKAGE_NAME=\"mecheye_ros_interface\" -I/usr/include/eigen3 -I/home/inauenma/git/mecheye_ros2_interface/build/mecheye_ros_interface/rosidl_typesupport_fastrtps_cpp -I/home/inauenma/git/mecheye_ros2_interface/build/mecheye_ros_interface/rosidl_generator_c -I/home/inauenma/git/mecheye_ros2_interface/build/mecheye_ros_interface/rosidl_generator_cpp -isystem /opt/ros/jazzy/include/fastcdr -isystem /opt/ros/jazzy/include/rmw -isystem /opt/ros/jazzy/include/rcutils -isystem /opt/ros/jazzy/include/rosidl_dynamic_typesupport -isystem /opt/ros/jazzy/include/rosidl_runtime_c -isystem /opt/ros/jazzy/include/rosidl_typesupport_interface -isystem /opt/ros/jazzy/include/rosidl_runtime_cpp -isystem /opt/ros/jazzy/include/rosidl_typesupport_fastrtps_cpp -isystem /opt/ros/jazzy/include/std_msgs -isystem /opt/ros/jazzy/include/builtin_interfaces -isystem /opt/ros/jazzy/include/sensor_msgs -isystem /opt/ros/jazzy/include/geometry_msgs -isystem /opt/ros/jazzy/include/service_msgs -std=gnu++17 -fPIC -Wall -Wextra -Wpedantic -Wredundant-decls -MD -MT CMakeFiles/mecheye_ros_interface__rosidl_typesupport_fastrtps_cpp.dir/rosidl_typesupport_fastrtps_cpp/mecheye_ros_interface/srv/detail/dds_fastrtps/delete_user_set__type_support.cpp.o -MF CMakeFiles/mecheye_ros_interface__rosidl_typesupport_fastrtps_cpp.dir/rosidl_typesupport_fastrtps_cpp/mecheye_ros_interface/srv/detail/dds_fastrtps/delete_user_set__type_support.cpp.o.d -o CMakeFiles/mecheye_ros_interface__rosidl_typesupport_fastrtps_cpp.dir/rosidl_typesupport_fastrtps_cpp/mecheye_ros_interface/srv/detail/dds_fastrtps/delete_user_set__type_support.cpp.o -c /home/inauenma/git/mecheye_ros2_interface/build/mecheye_ros_interface/rosidl_typesupport_fastrtps_cpp/mecheye_ros_interface/srv/detail/dds_fastrtps/delete_user_set__type_support.cpp
[ 72%] Building C object CMakeFiles/mecheye_ros_interface__rosidl_typesupport_introspection_c.dir/rosidl_typesupport_introspection_c/mecheye_ros_interface/srv/detail/get_float_array_parameter__type_support.c.o
/usr/bin/cc -DROSIDL_TYPESUPPORT_INTROSPECTION_C_BUILDING_DLL_mecheye_ros_interface -DROS_PACKAGE_NAME=\"mecheye_ros_interface\" -I/usr/include/eigen3 -I/home/inauenma/git/mecheye_ros2_interface/build/mecheye_ros_interface/rosidl_typesupport_introspection_c -I/home/inauenma/git/mecheye_ros2_interface/build/mecheye_ros_interface/rosidl_generator_c -isystem /opt/ros/jazzy/include/std_msgs -isystem /opt/ros/jazzy/include/builtin_interfaces -isystem /opt/ros/jazzy/include/rosidl_runtime_c -isystem /opt/ros/jazzy/include/rcutils -isystem /opt/ros/jazzy/include/rosidl_typesupport_interface -isystem /opt/ros/jazzy/include/sensor_msgs -isystem /opt/ros/jazzy/include/geometry_msgs -isystem /opt/ros/jazzy/include/service_msgs -isystem /opt/ros/jazzy/include/rosidl_typesupport_introspection_c -std=gnu11 -fPIC -Wall -MD -MT CMakeFiles/mecheye_ros_interface__rosidl_typesupport_introspection_c.dir/rosidl_typesupport_introspection_c/mecheye_ros_interface/srv/detail/get_float_array_parameter__type_support.c.o -MF CMakeFiles/mecheye_ros_interface__rosidl_typesupport_introspection_c.dir/rosidl_typesupport_introspection_c/mecheye_ros_interface/srv/detail/get_float_array_parameter__type_support.c.o.d -o CMakeFiles/mecheye_ros_interface__rosidl_typesupport_introspection_c.dir/rosidl_typesupport_introspection_c/mecheye_ros_interface/srv/detail/get_float_array_parameter__type_support.c.o -c /home/inauenma/git/mecheye_ros2_interface/build/mecheye_ros_interface/rosidl_typesupport_introspection_c/mecheye_ros_interface/srv/detail/get_float_array_parameter__type_support.c
[ 72%] Building CXX object CMakeFiles/mecheye_ros_interface__rosidl_typesupport_fastrtps_c.dir/rosidl_typesupport_fastrtps_c/mecheye_ros_interface/srv/detail/capture_stereo_color_images__type_support_c.cpp.o
/usr/bin/c++ -DFASTCDR_DYN_LINK -DROSIDL_TYPESUPPORT_FASTRTPS_C_BUILDING_DLL_mecheye_ros_interface -DROS_PACKAGE_NAME=\"mecheye_ros_interface\" -I/usr/include/eigen3 -I/home/inauenma/git/mecheye_ros2_interface/build/mecheye_ros_interface/rosidl_typesupport_fastrtps_c -I/home/inauenma/git/mecheye_ros2_interface/build/mecheye_ros_interface/rosidl_generator_c -isystem /opt/ros/jazzy/include/fastcdr -isystem /opt/ros/jazzy/include/rosidl_runtime_c -isystem /opt/ros/jazzy/include/rcutils -isystem /opt/ros/jazzy/include/rosidl_typesupport_interface -isystem /opt/ros/jazzy/include/rosidl_runtime_cpp -isystem /opt/ros/jazzy/include/rosidl_typesupport_fastrtps_cpp -isystem /opt/ros/jazzy/include/rmw -isystem /opt/ros/jazzy/include/rosidl_dynamic_typesupport -isystem /opt/ros/jazzy/include/rosidl_typesupport_fastrtps_c -isystem /opt/ros/jazzy/include/std_msgs -isystem /opt/ros/jazzy/include/builtin_interfaces -isystem /opt/ros/jazzy/include/sensor_msgs -isystem /opt/ros/jazzy/include/geometry_msgs -isystem /opt/ros/jazzy/include/service_msgs -std=gnu++17 -fPIC -Wall -Wextra -Wpedantic -MD -MT CMakeFiles/mecheye_ros_interface__rosidl_typesupport_fastrtps_c.dir/rosidl_typesupport_fastrtps_c/mecheye_ros_interface/srv/detail/capture_stereo_color_images__type_support_c.cpp.o -MF CMakeFiles/mecheye_ros_interface__rosidl_typesupport_fastrtps_c.dir/rosidl_typesupport_fastrtps_c/mecheye_ros_interface/srv/detail/capture_stereo_color_images__type_support_c.cpp.o.d -o CMakeFiles/mecheye_ros_interface__rosidl_typesupport_fastrtps_c.dir/rosidl_typesupport_fastrtps_c/mecheye_ros_interface/srv/detail/capture_stereo_color_images__type_support_c.cpp.o -c /home/inauenma/git/mecheye_ros2_interface/build/mecheye_ros_interface/rosidl_typesupport_fastrtps_c/mecheye_ros_interface/srv/detail/capture_stereo_color_images__type_support_c.cpp
[ 72%] Building CXX object CMakeFiles/mecheye_ros_interface__rosidl_typesupport_fastrtps_cpp.dir/rosidl_typesupport_fastrtps_cpp/mecheye_ros_interface/srv/detail/dds_fastrtps/device_info__type_support.cpp.o
/usr/bin/c++ -DFASTCDR_DYN_LINK -DROSIDL_TYPESUPPORT_FASTRTPS_CPP_BUILDING_DLL_mecheye_ros_interface -DROS_PACKAGE_NAME=\"mecheye_ros_interface\" -I/usr/include/eigen3 -I/home/inauenma/git/mecheye_ros2_interface/build/mecheye_ros_interface/rosidl_typesupport_fastrtps_cpp -I/home/inauenma/git/mecheye_ros2_interface/build/mecheye_ros_interface/rosidl_generator_c -I/home/inauenma/git/mecheye_ros2_interface/build/mecheye_ros_interface/rosidl_generator_cpp -isystem /opt/ros/jazzy/include/fastcdr -isystem /opt/ros/jazzy/include/rmw -isystem /opt/ros/jazzy/include/rcutils -isystem /opt/ros/jazzy/include/rosidl_dynamic_typesupport -isystem /opt/ros/jazzy/include/rosidl_runtime_c -isystem /opt/ros/jazzy/include/rosidl_typesupport_interface -isystem /opt/ros/jazzy/include/rosidl_runtime_cpp -isystem /opt/ros/jazzy/include/rosidl_typesupport_fastrtps_cpp -isystem /opt/ros/jazzy/include/std_msgs -isystem /opt/ros/jazzy/include/builtin_interfaces -isystem /opt/ros/jazzy/include/sensor_msgs -isystem /opt/ros/jazzy/include/geometry_msgs -isystem /opt/ros/jazzy/include/service_msgs -std=gnu++17 -fPIC -Wall -Wextra -Wpedantic -Wredundant-decls -MD -MT CMakeFiles/mecheye_ros_interface__rosidl_typesupport_fastrtps_cpp.dir/rosidl_typesupport_fastrtps_cpp/mecheye_ros_interface/srv/detail/dds_fastrtps/device_info__type_support.cpp.o -MF CMakeFiles/mecheye_ros_interface__rosidl_typesupport_fastrtps_cpp.dir/rosidl_typesupport_fastrtps_cpp/mecheye_ros_interface/srv/detail/dds_fastrtps/device_info__type_support.cpp.o.d -o CMakeFiles/mecheye_ros_interface__rosidl_typesupport_fastrtps_cpp.dir/rosidl_typesupport_fastrtps_cpp/mecheye_ros_interface/srv/detail/dds_fastrtps/device_info__type_support.cpp.o -c /home/inauenma/git/mecheye_ros2_interface/build/mecheye_ros_interface/rosidl_typesupport_fastrtps_cpp/mecheye_ros_interface/srv/detail/dds_fastrtps/device_info__type_support.cpp
[ 72%] Building C object CMakeFiles/mecheye_ros_interface__rosidl_typesupport_introspection_c.dir/rosidl_typesupport_introspection_c/mecheye_ros_interface/srv/detail/set_roi_parameter__type_support.c.o
/usr/bin/cc -DROSIDL_TYPESUPPORT_INTROSPECTION_C_BUILDING_DLL_mecheye_ros_interface -DROS_PACKAGE_NAME=\"mecheye_ros_interface\" -I/usr/include/eigen3 -I/home/inauenma/git/mecheye_ros2_interface/build/mecheye_ros_interface/rosidl_typesupport_introspection_c -I/home/inauenma/git/mecheye_ros2_interface/build/mecheye_ros_interface/rosidl_generator_c -isystem /opt/ros/jazzy/include/std_msgs -isystem /opt/ros/jazzy/include/builtin_interfaces -isystem /opt/ros/jazzy/include/rosidl_runtime_c -isystem /opt/ros/jazzy/include/rcutils -isystem /opt/ros/jazzy/include/rosidl_typesupport_interface -isystem /opt/ros/jazzy/include/sensor_msgs -isystem /opt/ros/jazzy/include/geometry_msgs -isystem /opt/ros/jazzy/include/service_msgs -isystem /opt/ros/jazzy/include/rosidl_typesupport_introspection_c -std=gnu11 -fPIC -Wall -MD -MT CMakeFiles/mecheye_ros_interface__rosidl_typesupport_introspection_c.dir/rosidl_typesupport_introspection_c/mecheye_ros_interface/srv/detail/set_roi_parameter__type_support.c.o -MF CMakeFiles/mecheye_ros_interface__rosidl_typesupport_introspection_c.dir/rosidl_typesupport_introspection_c/mecheye_ros_interface/srv/detail/set_roi_parameter__type_support.c.o.d -o CMakeFiles/mecheye_ros_interface__rosidl_typesupport_introspection_c.dir/rosidl_typesupport_introspection_c/mecheye_ros_interface/srv/detail/set_roi_parameter__type_support.c.o -c /home/inauenma/git/mecheye_ros2_interface/build/mecheye_ros_interface/rosidl_typesupport_introspection_c/mecheye_ros_interface/srv/detail/set_roi_parameter__type_support.c
[ 73%] Building CXX object CMakeFiles/mecheye_ros_interface__rosidl_typesupport_fastrtps_c.dir/rosidl_typesupport_fastrtps_c/mecheye_ros_interface/srv/detail/capture_textured_point_cloud__type_support_c.cpp.o
/usr/bin/c++ -DFASTCDR_DYN_LINK -DROSIDL_TYPESUPPORT_FASTRTPS_C_BUILDING_DLL_mecheye_ros_interface -DROS_PACKAGE_NAME=\"mecheye_ros_interface\" -I/usr/include/eigen3 -I/home/inauenma/git/mecheye_ros2_interface/build/mecheye_ros_interface/rosidl_typesupport_fastrtps_c -I/home/inauenma/git/mecheye_ros2_interface/build/mecheye_ros_interface/rosidl_generator_c -isystem /opt/ros/jazzy/include/fastcdr -isystem /opt/ros/jazzy/include/rosidl_runtime_c -isystem /opt/ros/jazzy/include/rcutils -isystem /opt/ros/jazzy/include/rosidl_typesupport_interface -isystem /opt/ros/jazzy/include/rosidl_runtime_cpp -isystem /opt/ros/jazzy/include/rosidl_typesupport_fastrtps_cpp -isystem /opt/ros/jazzy/include/rmw -isystem /opt/ros/jazzy/include/rosidl_dynamic_typesupport -isystem /opt/ros/jazzy/include/rosidl_typesupport_fastrtps_c -isystem /opt/ros/jazzy/include/std_msgs -isystem /opt/ros/jazzy/include/builtin_interfaces -isystem /opt/ros/jazzy/include/sensor_msgs -isystem /opt/ros/jazzy/include/geometry_msgs -isystem /opt/ros/jazzy/include/service_msgs -std=gnu++17 -fPIC -Wall -Wextra -Wpedantic -MD -MT CMakeFiles/mecheye_ros_interface__rosidl_typesupport_fastrtps_c.dir/rosidl_typesupport_fastrtps_c/mecheye_ros_interface/srv/detail/capture_textured_point_cloud__type_support_c.cpp.o -MF CMakeFiles/mecheye_ros_interface__rosidl_typesupport_fastrtps_c.dir/rosidl_typesupport_fastrtps_c/mecheye_ros_interface/srv/detail/capture_textured_point_cloud__type_support_c.cpp.o.d -o CMakeFiles/mecheye_ros_interface__rosidl_typesupport_fastrtps_c.dir/rosidl_typesupport_fastrtps_c/mecheye_ros_interface/srv/detail/capture_textured_point_cloud__type_support_c.cpp.o -c /home/inauenma/git/mecheye_ros2_interface/build/mecheye_ros_interface/rosidl_typesupport_fastrtps_c/mecheye_ros_interface/srv/detail/capture_textured_point_cloud__type_support_c.cpp
[ 73%] Building C object CMakeFiles/mecheye_ros_interface__rosidl_typesupport_introspection_c.dir/rosidl_typesupport_introspection_c/mecheye_ros_interface/srv/detail/get_roi_parameter__type_support.c.o
/usr/bin/cc -DROSIDL_TYPESUPPORT_INTROSPECTION_C_BUILDING_DLL_mecheye_ros_interface -DROS_PACKAGE_NAME=\"mecheye_ros_interface\" -I/usr/include/eigen3 -I/home/inauenma/git/mecheye_ros2_interface/build/mecheye_ros_interface/rosidl_typesupport_introspection_c -I/home/inauenma/git/mecheye_ros2_interface/build/mecheye_ros_interface/rosidl_generator_c -isystem /opt/ros/jazzy/include/std_msgs -isystem /opt/ros/jazzy/include/builtin_interfaces -isystem /opt/ros/jazzy/include/rosidl_runtime_c -isystem /opt/ros/jazzy/include/rcutils -isystem /opt/ros/jazzy/include/rosidl_typesupport_interface -isystem /opt/ros/jazzy/include/sensor_msgs -isystem /opt/ros/jazzy/include/geometry_msgs -isystem /opt/ros/jazzy/include/service_msgs -isystem /opt/ros/jazzy/include/rosidl_typesupport_introspection_c -std=gnu11 -fPIC -Wall -MD -MT CMakeFiles/mecheye_ros_interface__rosidl_typesupport_introspection_c.dir/rosidl_typesupport_introspection_c/mecheye_ros_interface/srv/detail/get_roi_parameter__type_support.c.o -MF CMakeFiles/mecheye_ros_interface__rosidl_typesupport_introspection_c.dir/rosidl_typesupport_introspection_c/mecheye_ros_interface/srv/detail/get_roi_parameter__type_support.c.o.d -o CMakeFiles/mecheye_ros_interface__rosidl_typesupport_introspection_c.dir/rosidl_typesupport_introspection_c/mecheye_ros_interface/srv/detail/get_roi_parameter__type_support.c.o -c /home/inauenma/git/mecheye_ros2_interface/build/mecheye_ros_interface/rosidl_typesupport_introspection_c/mecheye_ros_interface/srv/detail/get_roi_parameter__type_support.c
[ 73%] Building CXX object CMakeFiles/mecheye_ros_interface__rosidl_typesupport_fastrtps_cpp.dir/rosidl_typesupport_fastrtps_cpp/mecheye_ros_interface/srv/detail/dds_fastrtps/get_all_user_sets__type_support.cpp.o
/usr/bin/c++ -DFASTCDR_DYN_LINK -DROSIDL_TYPESUPPORT_FASTRTPS_CPP_BUILDING_DLL_mecheye_ros_interface -DROS_PACKAGE_NAME=\"mecheye_ros_interface\" -I/usr/include/eigen3 -I/home/inauenma/git/mecheye_ros2_interface/build/mecheye_ros_interface/rosidl_typesupport_fastrtps_cpp -I/home/inauenma/git/mecheye_ros2_interface/build/mecheye_ros_interface/rosidl_generator_c -I/home/inauenma/git/mecheye_ros2_interface/build/mecheye_ros_interface/rosidl_generator_cpp -isystem /opt/ros/jazzy/include/fastcdr -isystem /opt/ros/jazzy/include/rmw -isystem /opt/ros/jazzy/include/rcutils -isystem /opt/ros/jazzy/include/rosidl_dynamic_typesupport -isystem /opt/ros/jazzy/include/rosidl_runtime_c -isystem /opt/ros/jazzy/include/rosidl_typesupport_interface -isystem /opt/ros/jazzy/include/rosidl_runtime_cpp -isystem /opt/ros/jazzy/include/rosidl_typesupport_fastrtps_cpp -isystem /opt/ros/jazzy/include/std_msgs -isystem /opt/ros/jazzy/include/builtin_interfaces -isystem /opt/ros/jazzy/include/sensor_msgs -isystem /opt/ros/jazzy/include/geometry_msgs -isystem /opt/ros/jazzy/include/service_msgs -std=gnu++17 -fPIC -Wall -Wextra -Wpedantic -Wredundant-decls -MD -MT CMakeFiles/mecheye_ros_interface__rosidl_typesupport_fastrtps_cpp.dir/rosidl_typesupport_fastrtps_cpp/mecheye_ros_interface/srv/detail/dds_fastrtps/get_all_user_sets__type_support.cpp.o -MF CMakeFiles/mecheye_ros_interface__rosidl_typesupport_fastrtps_cpp.dir/rosidl_typesupport_fastrtps_cpp/mecheye_ros_interface/srv/detail/dds_fastrtps/get_all_user_sets__type_support.cpp.o.d -o CMakeFiles/mecheye_ros_interface__rosidl_typesupport_fastrtps_cpp.dir/rosidl_typesupport_fastrtps_cpp/mecheye_ros_interface/srv/detail/dds_fastrtps/get_all_user_sets__type_support.cpp.o -c /home/inauenma/git/mecheye_ros2_interface/build/mecheye_ros_interface/rosidl_typesupport_fastrtps_cpp/mecheye_ros_interface/srv/detail/dds_fastrtps/get_all_user_sets__type_support.cpp
[ 73%] Building CXX object CMakeFiles/mecheye_ros_interface__rosidl_typesupport_fastrtps_c.dir/rosidl_typesupport_fastrtps_c/mecheye_ros_interface/srv/detail/capture_depth_map__type_support_c.cpp.o
/usr/bin/c++ -DFASTCDR_DYN_LINK -DROSIDL_TYPESUPPORT_FASTRTPS_C_BUILDING_DLL_mecheye_ros_interface -DROS_PACKAGE_NAME=\"mecheye_ros_interface\" -I/usr/include/eigen3 -I/home/inauenma/git/mecheye_ros2_interface/build/mecheye_ros_interface/rosidl_typesupport_fastrtps_c -I/home/inauenma/git/mecheye_ros2_interface/build/mecheye_ros_interface/rosidl_generator_c -isystem /opt/ros/jazzy/include/fastcdr -isystem /opt/ros/jazzy/include/rosidl_runtime_c -isystem /opt/ros/jazzy/include/rcutils -isystem /opt/ros/jazzy/include/rosidl_typesupport_interface -isystem /opt/ros/jazzy/include/rosidl_runtime_cpp -isystem /opt/ros/jazzy/include/rosidl_typesupport_fastrtps_cpp -isystem /opt/ros/jazzy/include/rmw -isystem /opt/ros/jazzy/include/rosidl_dynamic_typesupport -isystem /opt/ros/jazzy/include/rosidl_typesupport_fastrtps_c -isystem /opt/ros/jazzy/include/std_msgs -isystem /opt/ros/jazzy/include/builtin_interfaces -isystem /opt/ros/jazzy/include/sensor_msgs -isystem /opt/ros/jazzy/include/geometry_msgs -isystem /opt/ros/jazzy/include/service_msgs -std=gnu++17 -fPIC -Wall -Wextra -Wpedantic -MD -MT CMakeFiles/mecheye_ros_interface__rosidl_typesupport_fastrtps_c.dir/rosidl_typesupport_fastrtps_c/mecheye_ros_interface/srv/detail/capture_depth_map__type_support_c.cpp.o -MF CMakeFiles/mecheye_ros_interface__rosidl_typesupport_fastrtps_c.dir/rosidl_typesupport_fastrtps_c/mecheye_ros_interface/srv/detail/capture_depth_map__type_support_c.cpp.o.d -o CMakeFiles/mecheye_ros_interface__rosidl_typesupport_fastrtps_c.dir/rosidl_typesupport_fastrtps_c/mecheye_ros_interface/srv/detail/capture_depth_map__type_support_c.cpp.o -c /home/inauenma/git/mecheye_ros2_interface/build/mecheye_ros_interface/rosidl_typesupport_fastrtps_c/mecheye_ros_interface/srv/detail/capture_depth_map__type_support_c.cpp
[ 74%] Linking C shared library libmecheye_ros_interface__rosidl_typesupport_introspection_c.so
/usr/bin/cmake -E cmake_link_script CMakeFiles/mecheye_ros_interface__rosidl_typesupport_introspection_c.dir/link.txt --verbose=1
[ 75%] Building CXX object CMakeFiles/mecheye_ros_interface__rosidl_typesupport_fastrtps_cpp.dir/rosidl_typesupport_fastrtps_cpp/mecheye_ros_interface/srv/detail/dds_fastrtps/get_current_user_set__type_support.cpp.o
/usr/bin/c++ -DFASTCDR_DYN_LINK -DROSIDL_TYPESUPPORT_FASTRTPS_CPP_BUILDING_DLL_mecheye_ros_interface -DROS_PACKAGE_NAME=\"mecheye_ros_interface\" -I/usr/include/eigen3 -I/home/inauenma/git/mecheye_ros2_interface/build/mecheye_ros_interface/rosidl_typesupport_fastrtps_cpp -I/home/inauenma/git/mecheye_ros2_interface/build/mecheye_ros_interface/rosidl_generator_c -I/home/inauenma/git/mecheye_ros2_interface/build/mecheye_ros_interface/rosidl_generator_cpp -isystem /opt/ros/jazzy/include/fastcdr -isystem /opt/ros/jazzy/include/rmw -isystem /opt/ros/jazzy/include/rcutils -isystem /opt/ros/jazzy/include/rosidl_dynamic_typesupport -isystem /opt/ros/jazzy/include/rosidl_runtime_c -isystem /opt/ros/jazzy/include/rosidl_typesupport_interface -isystem /opt/ros/jazzy/include/rosidl_runtime_cpp -isystem /opt/ros/jazzy/include/rosidl_typesupport_fastrtps_cpp -isystem /opt/ros/jazzy/include/std_msgs -isystem /opt/ros/jazzy/include/builtin_interfaces -isystem /opt/ros/jazzy/include/sensor_msgs -isystem /opt/ros/jazzy/include/geometry_msgs -isystem /opt/ros/jazzy/include/service_msgs -std=gnu++17 -fPIC -Wall -Wextra -Wpedantic -Wredundant-decls -MD -MT CMakeFiles/mecheye_ros_interface__rosidl_typesupport_fastrtps_cpp.dir/rosidl_typesupport_fastrtps_cpp/mecheye_ros_interface/srv/detail/dds_fastrtps/get_current_user_set__type_support.cpp.o -MF CMakeFiles/mecheye_ros_interface__rosidl_typesupport_fastrtps_cpp.dir/rosidl_typesupport_fastrtps_cpp/mecheye_ros_interface/srv/detail/dds_fastrtps/get_current_user_set__type_support.cpp.o.d -o CMakeFiles/mecheye_ros_interface__rosidl_typesupport_fastrtps_cpp.dir/rosidl_typesupport_fastrtps_cpp/mecheye_ros_interface/srv/detail/dds_fastrtps/get_current_user_set__type_support.cpp.o -c /home/inauenma/git/mecheye_ros2_interface/build/mecheye_ros_interface/rosidl_typesupport_fastrtps_cpp/mecheye_ros_interface/srv/detail/dds_fastrtps/get_current_user_set__type_support.cpp
/usr/bin/cc -fPIC -shared -Wl,-soname,libmecheye_ros_interface__rosidl_typesupport_introspection_c.so -o libmecheye_ros_interface__rosidl_typesupport_introspection_c.so CMakeFiles/mecheye_ros_interface__rosidl_typesupport_introspection_c.dir/rosidl_typesupport_introspection_c/mecheye_ros_interface/srv/detail/set_current_user_set__type_support.c.o CMakeFiles/mecheye_ros_interface__rosidl_typesupport_introspection_c.dir/rosidl_typesupport_introspection_c/mecheye_ros_interface/srv/detail/save_all_settings_to_user_sets__type_support.c.o CMakeFiles/mecheye_ros_interface__rosidl_typesupport_introspection_c.dir/rosidl_typesupport_introspection_c/mecheye_ros_interface/srv/detail/add_user_set__type_support.c.o CMakeFiles/mecheye_ros_interface__rosidl_typesupport_introspection_c.dir/rosidl_typesupport_introspection_c/mecheye_ros_interface/srv/detail/capture_color_image__type_support.c.o CMakeFiles/mecheye_ros_interface__rosidl_typesupport_introspection_c.dir/rosidl_typesupport_introspection_c/mecheye_ros_interface/srv/detail/capture_stereo_color_images__type_support.c.o CMakeFiles/mecheye_ros_interface__rosidl_typesupport_introspection_c.dir/rosidl_typesupport_introspection_c/mecheye_ros_interface/srv/detail/capture_textured_point_cloud__type_support.c.o CMakeFiles/mecheye_ros_interface__rosidl_typesupport_introspection_c.dir/rosidl_typesupport_introspection_c/mecheye_ros_interface/srv/detail/capture_depth_map__type_support.c.o CMakeFiles/mecheye_ros_interface__rosidl_typesupport_introspection_c.dir/rosidl_typesupport_introspection_c/mecheye_ros_interface/srv/detail/capture_point_cloud__type_support.c.o CMakeFiles/mecheye_ros_interface__rosidl_typesupport_introspection_c.dir/rosidl_typesupport_introspection_c/mecheye_ros_interface/srv/detail/delete_user_set__type_support.c.o CMakeFiles/mecheye_ros_interface__rosidl_typesupport_introspection_c.dir/rosidl_typesupport_introspection_c/mecheye_ros_interface/srv/detail/device_info__type_support.c.o CMakeFiles/mecheye_ros_interface__rosidl_typesupport_introspection_c.dir/rosidl_typesupport_introspection_c/mecheye_ros_interface/srv/detail/get_all_user_sets__type_support.c.o CMakeFiles/mecheye_ros_interface__rosidl_typesupport_introspection_c.dir/rosidl_typesupport_introspection_c/mecheye_ros_interface/srv/detail/get_current_user_set__type_support.c.o CMakeFiles/mecheye_ros_interface__rosidl_typesupport_introspection_c.dir/rosidl_typesupport_introspection_c/mecheye_ros_interface/srv/detail/set_int_parameter__type_support.c.o CMakeFiles/mecheye_ros_interface__rosidl_typesupport_introspection_c.dir/rosidl_typesupport_introspection_c/mecheye_ros_interface/srv/detail/get_int_parameter__type_support.c.o CMakeFiles/mecheye_ros_interface__rosidl_typesupport_introspection_c.dir/rosidl_typesupport_introspection_c/mecheye_ros_interface/srv/detail/set_range_parameter__type_support.c.o CMakeFiles/mecheye_ros_interface__rosidl_typesupport_introspection_c.dir/rosidl_typesupport_introspection_c/mecheye_ros_interface/srv/detail/get_range_parameter__type_support.c.o CMakeFiles/mecheye_ros_interface__rosidl_typesupport_introspection_c.dir/rosidl_typesupport_introspection_c/mecheye_ros_interface/srv/detail/set_bool_parameter__type_support.c.o CMakeFiles/mecheye_ros_interface__rosidl_typesupport_introspection_c.dir/rosidl_typesupport_introspection_c/mecheye_ros_interface/srv/detail/get_bool_parameter__type_support.c.o CMakeFiles/mecheye_ros_interface__rosidl_typesupport_introspection_c.dir/rosidl_typesupport_introspection_c/mecheye_ros_interface/srv/detail/set_enum_parameter__type_support.c.o CMakeFiles/mecheye_ros_interface__rosidl_typesupport_introspection_c.dir/rosidl_typesupport_introspection_c/mecheye_ros_interface/srv/detail/get_enum_parameter__type_support.c.o CMakeFiles/mecheye_ros_interface__rosidl_typesupport_introspection_c.dir/rosidl_typesupport_introspection_c/mecheye_ros_interface/srv/detail/set_float_parameter__type_support.c.o CMakeFiles/mecheye_ros_interface__rosidl_typesupport_introspection_c.dir/rosidl_typesupport_introspection_c/mecheye_ros_interface/srv/detail/get_float_parameter__type_support.c.o CMakeFiles/mecheye_ros_interface__rosidl_typesupport_introspection_c.dir/rosidl_typesupport_introspection_c/mecheye_ros_interface/srv/detail/set_float_array_parameter__type_support.c.o CMakeFiles/mecheye_ros_interface__rosidl_typesupport_introspection_c.dir/rosidl_typesupport_introspection_c/mecheye_ros_interface/srv/detail/get_float_array_parameter__type_support.c.o CMakeFiles/mecheye_ros_interface__rosidl_typesupport_introspection_c.dir/rosidl_typesupport_introspection_c/mecheye_ros_interface/srv/detail/set_roi_parameter__type_support.c.o CMakeFiles/mecheye_ros_interface__rosidl_typesupport_introspection_c.dir/rosidl_typesupport_introspection_c/mecheye_ros_interface/srv/detail/get_roi_parameter__type_support.c.o  -Wl,-rpath,/home/inauenma/git/mecheye_ros2_interface/build/mecheye_ros_interface:/opt/ros/jazzy/lib: libmecheye_ros_interface__rosidl_generator_c.so /opt/ros/jazzy/lib/libsensor_msgs__rosidl_typesupport_introspection_c.so /opt/ros/jazzy/lib/libgeometry_msgs__rosidl_typesupport_introspection_c.so /opt/ros/jazzy/lib/libservice_msgs__rosidl_typesupport_introspection_c.so /opt/ros/jazzy/lib/libstd_msgs__rosidl_typesupport_introspection_c.so /opt/ros/jazzy/lib/libbuiltin_interfaces__rosidl_typesupport_introspection_c.so /opt/ros/jazzy/lib/librosidl_typesupport_introspection_c.so /opt/ros/jazzy/lib/libsensor_msgs__rosidl_generator_c.so /opt/ros/jazzy/lib/libgeometry_msgs__rosidl_generator_c.so /opt/ros/jazzy/lib/libstd_msgs__rosidl_generator_c.so /opt/ros/jazzy/lib/libservice_msgs__rosidl_generator_c.so /opt/ros/jazzy/lib/libbuiltin_interfaces__rosidl_generator_c.so /opt/ros/jazzy/lib/librosidl_runtime_c.so /opt/ros/jazzy/lib/librcutils.so -ldl -latomic 
[ 75%] Building CXX object CMakeFiles/mecheye_ros_interface__rosidl_typesupport_introspection_cpp.dir/rosidl_typesupport_introspection_cpp/mecheye_ros_interface/srv/detail/set_float_array_parameter__type_support.cpp.o
[ 75%] Building CXX object CMakeFiles/mecheye_ros_interface__rosidl_typesupport_fastrtps_cpp.dir/rosidl_typesupport_fastrtps_cpp/mecheye_ros_interface/srv/detail/dds_fastrtps/set_int_parameter__type_support.cpp.o
/usr/bin/c++ -DROSIDL_TYPESUPPORT_INTROSPECTION_CPP_BUILDING_DLL -DROS_PACKAGE_NAME=\"mecheye_ros_interface\" -I/usr/include/eigen3 -I/home/inauenma/git/mecheye_ros2_interface/build/mecheye_ros_interface/rosidl_typesupport_introspection_cpp -I/home/inauenma/git/mecheye_ros2_interface/build/mecheye_ros_interface/rosidl_generator_c -I/home/inauenma/git/mecheye_ros2_interface/build/mecheye_ros_interface/rosidl_generator_cpp -isystem /opt/ros/jazzy/include/std_msgs -isystem /opt/ros/jazzy/include/builtin_interfaces -isystem /opt/ros/jazzy/include/rosidl_runtime_c -isystem /opt/ros/jazzy/include/rcutils -isystem /opt/ros/jazzy/include/rosidl_typesupport_interface -isystem /opt/ros/jazzy/include/sensor_msgs -isystem /opt/ros/jazzy/include/geometry_msgs -isystem /opt/ros/jazzy/include/service_msgs -isystem /opt/ros/jazzy/include/rosidl_runtime_cpp -isystem /opt/ros/jazzy/include/rosidl_typesupport_introspection_cpp -isystem /opt/ros/jazzy/include/rosidl_typesupport_introspection_c -std=gnu++17 -fPIC -Wall -Wextra -Wpedantic -MD -MT CMakeFiles/mecheye_ros_interface__rosidl_typesupport_introspection_cpp.dir/rosidl_typesupport_introspection_cpp/mecheye_ros_interface/srv/detail/set_float_array_parameter__type_support.cpp.o -MF CMakeFiles/mecheye_ros_interface__rosidl_typesupport_introspection_cpp.dir/rosidl_typesupport_introspection_cpp/mecheye_ros_interface/srv/detail/set_float_array_parameter__type_support.cpp.o.d -o CMakeFiles/mecheye_ros_interface__rosidl_typesupport_introspection_cpp.dir/rosidl_typesupport_introspection_cpp/mecheye_ros_interface/srv/detail/set_float_array_parameter__type_support.cpp.o -c /home/inauenma/git/mecheye_ros2_interface/build/mecheye_ros_interface/rosidl_typesupport_introspection_cpp/mecheye_ros_interface/srv/detail/set_float_array_parameter__type_support.cpp
/usr/bin/c++ -DFASTCDR_DYN_LINK -DROSIDL_TYPESUPPORT_FASTRTPS_CPP_BUILDING_DLL_mecheye_ros_interface -DROS_PACKAGE_NAME=\"mecheye_ros_interface\" -I/usr/include/eigen3 -I/home/inauenma/git/mecheye_ros2_interface/build/mecheye_ros_interface/rosidl_typesupport_fastrtps_cpp -I/home/inauenma/git/mecheye_ros2_interface/build/mecheye_ros_interface/rosidl_generator_c -I/home/inauenma/git/mecheye_ros2_interface/build/mecheye_ros_interface/rosidl_generator_cpp -isystem /opt/ros/jazzy/include/fastcdr -isystem /opt/ros/jazzy/include/rmw -isystem /opt/ros/jazzy/include/rcutils -isystem /opt/ros/jazzy/include/rosidl_dynamic_typesupport -isystem /opt/ros/jazzy/include/rosidl_runtime_c -isystem /opt/ros/jazzy/include/rosidl_typesupport_interface -isystem /opt/ros/jazzy/include/rosidl_runtime_cpp -isystem /opt/ros/jazzy/include/rosidl_typesupport_fastrtps_cpp -isystem /opt/ros/jazzy/include/std_msgs -isystem /opt/ros/jazzy/include/builtin_interfaces -isystem /opt/ros/jazzy/include/sensor_msgs -isystem /opt/ros/jazzy/include/geometry_msgs -isystem /opt/ros/jazzy/include/service_msgs -std=gnu++17 -fPIC -Wall -Wextra -Wpedantic -Wredundant-decls -MD -MT CMakeFiles/mecheye_ros_interface__rosidl_typesupport_fastrtps_cpp.dir/rosidl_typesupport_fastrtps_cpp/mecheye_ros_interface/srv/detail/dds_fastrtps/set_int_parameter__type_support.cpp.o -MF CMakeFiles/mecheye_ros_interface__rosidl_typesupport_fastrtps_cpp.dir/rosidl_typesupport_fastrtps_cpp/mecheye_ros_interface/srv/detail/dds_fastrtps/set_int_parameter__type_support.cpp.o.d -o CMakeFiles/mecheye_ros_interface__rosidl_typesupport_fastrtps_cpp.dir/rosidl_typesupport_fastrtps_cpp/mecheye_ros_interface/srv/detail/dds_fastrtps/set_int_parameter__type_support.cpp.o -c /home/inauenma/git/mecheye_ros2_interface/build/mecheye_ros_interface/rosidl_typesupport_fastrtps_cpp/mecheye_ros_interface/srv/detail/dds_fastrtps/set_int_parameter__type_support.cpp
[ 75%] Building CXX object CMakeFiles/mecheye_ros_interface__rosidl_typesupport_fastrtps_cpp.dir/rosidl_typesupport_fastrtps_cpp/mecheye_ros_interface/srv/detail/dds_fastrtps/get_int_parameter__type_support.cpp.o
/usr/bin/c++ -DFASTCDR_DYN_LINK -DROSIDL_TYPESUPPORT_FASTRTPS_CPP_BUILDING_DLL_mecheye_ros_interface -DROS_PACKAGE_NAME=\"mecheye_ros_interface\" -I/usr/include/eigen3 -I/home/inauenma/git/mecheye_ros2_interface/build/mecheye_ros_interface/rosidl_typesupport_fastrtps_cpp -I/home/inauenma/git/mecheye_ros2_interface/build/mecheye_ros_interface/rosidl_generator_c -I/home/inauenma/git/mecheye_ros2_interface/build/mecheye_ros_interface/rosidl_generator_cpp -isystem /opt/ros/jazzy/include/fastcdr -isystem /opt/ros/jazzy/include/rmw -isystem /opt/ros/jazzy/include/rcutils -isystem /opt/ros/jazzy/include/rosidl_dynamic_typesupport -isystem /opt/ros/jazzy/include/rosidl_runtime_c -isystem /opt/ros/jazzy/include/rosidl_typesupport_interface -isystem /opt/ros/jazzy/include/rosidl_runtime_cpp -isystem /opt/ros/jazzy/include/rosidl_typesupport_fastrtps_cpp -isystem /opt/ros/jazzy/include/std_msgs -isystem /opt/ros/jazzy/include/builtin_interfaces -isystem /opt/ros/jazzy/include/sensor_msgs -isystem /opt/ros/jazzy/include/geometry_msgs -isystem /opt/ros/jazzy/include/service_msgs -std=gnu++17 -fPIC -Wall -Wextra -Wpedantic -Wredundant-decls -MD -MT CMakeFiles/mecheye_ros_interface__rosidl_typesupport_fastrtps_cpp.dir/rosidl_typesupport_fastrtps_cpp/mecheye_ros_interface/srv/detail/dds_fastrtps/get_int_parameter__type_support.cpp.o -MF CMakeFiles/mecheye_ros_interface__rosidl_typesupport_fastrtps_cpp.dir/rosidl_typesupport_fastrtps_cpp/mecheye_ros_interface/srv/detail/dds_fastrtps/get_int_parameter__type_support.cpp.o.d -o CMakeFiles/mecheye_ros_interface__rosidl_typesupport_fastrtps_cpp.dir/rosidl_typesupport_fastrtps_cpp/mecheye_ros_interface/srv/detail/dds_fastrtps/get_int_parameter__type_support.cpp.o -c /home/inauenma/git/mecheye_ros2_interface/build/mecheye_ros_interface/rosidl_typesupport_fastrtps_cpp/mecheye_ros_interface/srv/detail/dds_fastrtps/get_int_parameter__type_support.cpp
gmake[2]: Leaving directory '/home/inauenma/git/mecheye_ros2_interface/build/mecheye_ros_interface'
[ 75%] Building CXX object CMakeFiles/mecheye_ros_interface__rosidl_typesupport_fastrtps_c.dir/rosidl_typesupport_fastrtps_c/mecheye_ros_interface/srv/detail/capture_point_cloud__type_support_c.cpp.o
/usr/bin/c++ -DFASTCDR_DYN_LINK -DROSIDL_TYPESUPPORT_FASTRTPS_C_BUILDING_DLL_mecheye_ros_interface -DROS_PACKAGE_NAME=\"mecheye_ros_interface\" -I/usr/include/eigen3 -I/home/inauenma/git/mecheye_ros2_interface/build/mecheye_ros_interface/rosidl_typesupport_fastrtps_c -I/home/inauenma/git/mecheye_ros2_interface/build/mecheye_ros_interface/rosidl_generator_c -isystem /opt/ros/jazzy/include/fastcdr -isystem /opt/ros/jazzy/include/rosidl_runtime_c -isystem /opt/ros/jazzy/include/rcutils -isystem /opt/ros/jazzy/include/rosidl_typesupport_interface -isystem /opt/ros/jazzy/include/rosidl_runtime_cpp -isystem /opt/ros/jazzy/include/rosidl_typesupport_fastrtps_cpp -isystem /opt/ros/jazzy/include/rmw -isystem /opt/ros/jazzy/include/rosidl_dynamic_typesupport -isystem /opt/ros/jazzy/include/rosidl_typesupport_fastrtps_c -isystem /opt/ros/jazzy/include/std_msgs -isystem /opt/ros/jazzy/include/builtin_interfaces -isystem /opt/ros/jazzy/include/sensor_msgs -isystem /opt/ros/jazzy/include/geometry_msgs -isystem /opt/ros/jazzy/include/service_msgs -std=gnu++17 -fPIC -Wall -Wextra -Wpedantic -MD -MT CMakeFiles/mecheye_ros_interface__rosidl_typesupport_fastrtps_c.dir/rosidl_typesupport_fastrtps_c/mecheye_ros_interface/srv/detail/capture_point_cloud__type_support_c.cpp.o -MF CMakeFiles/mecheye_ros_interface__rosidl_typesupport_fastrtps_c.dir/rosidl_typesupport_fastrtps_c/mecheye_ros_interface/srv/detail/capture_point_cloud__type_support_c.cpp.o.d -o CMakeFiles/mecheye_ros_interface__rosidl_typesupport_fastrtps_c.dir/rosidl_typesupport_fastrtps_c/mecheye_ros_interface/srv/detail/capture_point_cloud__type_support_c.cpp.o -c /home/inauenma/git/mecheye_ros2_interface/build/mecheye_ros_interface/rosidl_typesupport_fastrtps_c/mecheye_ros_interface/srv/detail/capture_point_cloud__type_support_c.cpp
[ 75%] Built target mecheye_ros_interface__rosidl_typesupport_introspection_c
[ 76%] Building CXX object CMakeFiles/mecheye_ros_interface__rosidl_typesupport_fastrtps_c.dir/rosidl_typesupport_fastrtps_c/mecheye_ros_interface/srv/detail/delete_user_set__type_support_c.cpp.o
/usr/bin/c++ -DFASTCDR_DYN_LINK -DROSIDL_TYPESUPPORT_FASTRTPS_C_BUILDING_DLL_mecheye_ros_interface -DROS_PACKAGE_NAME=\"mecheye_ros_interface\" -I/usr/include/eigen3 -I/home/inauenma/git/mecheye_ros2_interface/build/mecheye_ros_interface/rosidl_typesupport_fastrtps_c -I/home/inauenma/git/mecheye_ros2_interface/build/mecheye_ros_interface/rosidl_generator_c -isystem /opt/ros/jazzy/include/fastcdr -isystem /opt/ros/jazzy/include/rosidl_runtime_c -isystem /opt/ros/jazzy/include/rcutils -isystem /opt/ros/jazzy/include/rosidl_typesupport_interface -isystem /opt/ros/jazzy/include/rosidl_runtime_cpp -isystem /opt/ros/jazzy/include/rosidl_typesupport_fastrtps_cpp -isystem /opt/ros/jazzy/include/rmw -isystem /opt/ros/jazzy/include/rosidl_dynamic_typesupport -isystem /opt/ros/jazzy/include/rosidl_typesupport_fastrtps_c -isystem /opt/ros/jazzy/include/std_msgs -isystem /opt/ros/jazzy/include/builtin_interfaces -isystem /opt/ros/jazzy/include/sensor_msgs -isystem /opt/ros/jazzy/include/geometry_msgs -isystem /opt/ros/jazzy/include/service_msgs -std=gnu++17 -fPIC -Wall -Wextra -Wpedantic -MD -MT CMakeFiles/mecheye_ros_interface__rosidl_typesupport_fastrtps_c.dir/rosidl_typesupport_fastrtps_c/mecheye_ros_interface/srv/detail/delete_user_set__type_support_c.cpp.o -MF CMakeFiles/mecheye_ros_interface__rosidl_typesupport_fastrtps_c.dir/rosidl_typesupport_fastrtps_c/mecheye_ros_interface/srv/detail/delete_user_set__type_support_c.cpp.o.d -o CMakeFiles/mecheye_ros_interface__rosidl_typesupport_fastrtps_c.dir/rosidl_typesupport_fastrtps_c/mecheye_ros_interface/srv/detail/delete_user_set__type_support_c.cpp.o -c /home/inauenma/git/mecheye_ros2_interface/build/mecheye_ros_interface/rosidl_typesupport_fastrtps_c/mecheye_ros_interface/srv/detail/delete_user_set__type_support_c.cpp
[ 76%] Building CXX object CMakeFiles/mecheye_ros_interface__rosidl_typesupport_introspection_cpp.dir/rosidl_typesupport_introspection_cpp/mecheye_ros_interface/srv/detail/get_float_array_parameter__type_support.cpp.o
/usr/bin/c++ -DROSIDL_TYPESUPPORT_INTROSPECTION_CPP_BUILDING_DLL -DROS_PACKAGE_NAME=\"mecheye_ros_interface\" -I/usr/include/eigen3 -I/home/inauenma/git/mecheye_ros2_interface/build/mecheye_ros_interface/rosidl_typesupport_introspection_cpp -I/home/inauenma/git/mecheye_ros2_interface/build/mecheye_ros_interface/rosidl_generator_c -I/home/inauenma/git/mecheye_ros2_interface/build/mecheye_ros_interface/rosidl_generator_cpp -isystem /opt/ros/jazzy/include/std_msgs -isystem /opt/ros/jazzy/include/builtin_interfaces -isystem /opt/ros/jazzy/include/rosidl_runtime_c -isystem /opt/ros/jazzy/include/rcutils -isystem /opt/ros/jazzy/include/rosidl_typesupport_interface -isystem /opt/ros/jazzy/include/sensor_msgs -isystem /opt/ros/jazzy/include/geometry_msgs -isystem /opt/ros/jazzy/include/service_msgs -isystem /opt/ros/jazzy/include/rosidl_runtime_cpp -isystem /opt/ros/jazzy/include/rosidl_typesupport_introspection_cpp -isystem /opt/ros/jazzy/include/rosidl_typesupport_introspection_c -std=gnu++17 -fPIC -Wall -Wextra -Wpedantic -MD -MT CMakeFiles/mecheye_ros_interface__rosidl_typesupport_introspection_cpp.dir/rosidl_typesupport_introspection_cpp/mecheye_ros_interface/srv/detail/get_float_array_parameter__type_support.cpp.o -MF CMakeFiles/mecheye_ros_interface__rosidl_typesupport_introspection_cpp.dir/rosidl_typesupport_introspection_cpp/mecheye_ros_interface/srv/detail/get_float_array_parameter__type_support.cpp.o.d -o CMakeFiles/mecheye_ros_interface__rosidl_typesupport_introspection_cpp.dir/rosidl_typesupport_introspection_cpp/mecheye_ros_interface/srv/detail/get_float_array_parameter__type_support.cpp.o -c /home/inauenma/git/mecheye_ros2_interface/build/mecheye_ros_interface/rosidl_typesupport_introspection_cpp/mecheye_ros_interface/srv/detail/get_float_array_parameter__type_support.cpp
[ 76%] Building CXX object CMakeFiles/mecheye_ros_interface__rosidl_typesupport_fastrtps_c.dir/rosidl_typesupport_fastrtps_c/mecheye_ros_interface/srv/detail/device_info__type_support_c.cpp.o
/usr/bin/c++ -DFASTCDR_DYN_LINK -DROSIDL_TYPESUPPORT_FASTRTPS_C_BUILDING_DLL_mecheye_ros_interface -DROS_PACKAGE_NAME=\"mecheye_ros_interface\" -I/usr/include/eigen3 -I/home/inauenma/git/mecheye_ros2_interface/build/mecheye_ros_interface/rosidl_typesupport_fastrtps_c -I/home/inauenma/git/mecheye_ros2_interface/build/mecheye_ros_interface/rosidl_generator_c -isystem /opt/ros/jazzy/include/fastcdr -isystem /opt/ros/jazzy/include/rosidl_runtime_c -isystem /opt/ros/jazzy/include/rcutils -isystem /opt/ros/jazzy/include/rosidl_typesupport_interface -isystem /opt/ros/jazzy/include/rosidl_runtime_cpp -isystem /opt/ros/jazzy/include/rosidl_typesupport_fastrtps_cpp -isystem /opt/ros/jazzy/include/rmw -isystem /opt/ros/jazzy/include/rosidl_dynamic_typesupport -isystem /opt/ros/jazzy/include/rosidl_typesupport_fastrtps_c -isystem /opt/ros/jazzy/include/std_msgs -isystem /opt/ros/jazzy/include/builtin_interfaces -isystem /opt/ros/jazzy/include/sensor_msgs -isystem /opt/ros/jazzy/include/geometry_msgs -isystem /opt/ros/jazzy/include/service_msgs -std=gnu++17 -fPIC -Wall -Wextra -Wpedantic -MD -MT CMakeFiles/mecheye_ros_interface__rosidl_typesupport_fastrtps_c.dir/rosidl_typesupport_fastrtps_c/mecheye_ros_interface/srv/detail/device_info__type_support_c.cpp.o -MF CMakeFiles/mecheye_ros_interface__rosidl_typesupport_fastrtps_c.dir/rosidl_typesupport_fastrtps_c/mecheye_ros_interface/srv/detail/device_info__type_support_c.cpp.o.d -o CMakeFiles/mecheye_ros_interface__rosidl_typesupport_fastrtps_c.dir/rosidl_typesupport_fastrtps_c/mecheye_ros_interface/srv/detail/device_info__type_support_c.cpp.o -c /home/inauenma/git/mecheye_ros2_interface/build/mecheye_ros_interface/rosidl_typesupport_fastrtps_c/mecheye_ros_interface/srv/detail/device_info__type_support_c.cpp
[ 77%] Building CXX object CMakeFiles/mecheye_ros_interface__rosidl_typesupport_fastrtps_c.dir/rosidl_typesupport_fastrtps_c/mecheye_ros_interface/srv/detail/get_all_user_sets__type_support_c.cpp.o
/usr/bin/c++ -DFASTCDR_DYN_LINK -DROSIDL_TYPESUPPORT_FASTRTPS_C_BUILDING_DLL_mecheye_ros_interface -DROS_PACKAGE_NAME=\"mecheye_ros_interface\" -I/usr/include/eigen3 -I/home/inauenma/git/mecheye_ros2_interface/build/mecheye_ros_interface/rosidl_typesupport_fastrtps_c -I/home/inauenma/git/mecheye_ros2_interface/build/mecheye_ros_interface/rosidl_generator_c -isystem /opt/ros/jazzy/include/fastcdr -isystem /opt/ros/jazzy/include/rosidl_runtime_c -isystem /opt/ros/jazzy/include/rcutils -isystem /opt/ros/jazzy/include/rosidl_typesupport_interface -isystem /opt/ros/jazzy/include/rosidl_runtime_cpp -isystem /opt/ros/jazzy/include/rosidl_typesupport_fastrtps_cpp -isystem /opt/ros/jazzy/include/rmw -isystem /opt/ros/jazzy/include/rosidl_dynamic_typesupport -isystem /opt/ros/jazzy/include/rosidl_typesupport_fastrtps_c -isystem /opt/ros/jazzy/include/std_msgs -isystem /opt/ros/jazzy/include/builtin_interfaces -isystem /opt/ros/jazzy/include/sensor_msgs -isystem /opt/ros/jazzy/include/geometry_msgs -isystem /opt/ros/jazzy/include/service_msgs -std=gnu++17 -fPIC -Wall -Wextra -Wpedantic -MD -MT CMakeFiles/mecheye_ros_interface__rosidl_typesupport_fastrtps_c.dir/rosidl_typesupport_fastrtps_c/mecheye_ros_interface/srv/detail/get_all_user_sets__type_support_c.cpp.o -MF CMakeFiles/mecheye_ros_interface__rosidl_typesupport_fastrtps_c.dir/rosidl_typesupport_fastrtps_c/mecheye_ros_interface/srv/detail/get_all_user_sets__type_support_c.cpp.o.d -o CMakeFiles/mecheye_ros_interface__rosidl_typesupport_fastrtps_c.dir/rosidl_typesupport_fastrtps_c/mecheye_ros_interface/srv/detail/get_all_user_sets__type_support_c.cpp.o -c /home/inauenma/git/mecheye_ros2_interface/build/mecheye_ros_interface/rosidl_typesupport_fastrtps_c/mecheye_ros_interface/srv/detail/get_all_user_sets__type_support_c.cpp
[ 78%] Building CXX object CMakeFiles/mecheye_ros_interface__rosidl_typesupport_fastrtps_cpp.dir/rosidl_typesupport_fastrtps_cpp/mecheye_ros_interface/srv/detail/dds_fastrtps/set_range_parameter__type_support.cpp.o
/usr/bin/c++ -DFASTCDR_DYN_LINK -DROSIDL_TYPESUPPORT_FASTRTPS_CPP_BUILDING_DLL_mecheye_ros_interface -DROS_PACKAGE_NAME=\"mecheye_ros_interface\" -I/usr/include/eigen3 -I/home/inauenma/git/mecheye_ros2_interface/build/mecheye_ros_interface/rosidl_typesupport_fastrtps_cpp -I/home/inauenma/git/mecheye_ros2_interface/build/mecheye_ros_interface/rosidl_generator_c -I/home/inauenma/git/mecheye_ros2_interface/build/mecheye_ros_interface/rosidl_generator_cpp -isystem /opt/ros/jazzy/include/fastcdr -isystem /opt/ros/jazzy/include/rmw -isystem /opt/ros/jazzy/include/rcutils -isystem /opt/ros/jazzy/include/rosidl_dynamic_typesupport -isystem /opt/ros/jazzy/include/rosidl_runtime_c -isystem /opt/ros/jazzy/include/rosidl_typesupport_interface -isystem /opt/ros/jazzy/include/rosidl_runtime_cpp -isystem /opt/ros/jazzy/include/rosidl_typesupport_fastrtps_cpp -isystem /opt/ros/jazzy/include/std_msgs -isystem /opt/ros/jazzy/include/builtin_interfaces -isystem /opt/ros/jazzy/include/sensor_msgs -isystem /opt/ros/jazzy/include/geometry_msgs -isystem /opt/ros/jazzy/include/service_msgs -std=gnu++17 -fPIC -Wall -Wextra -Wpedantic -Wredundant-decls -MD -MT CMakeFiles/mecheye_ros_interface__rosidl_typesupport_fastrtps_cpp.dir/rosidl_typesupport_fastrtps_cpp/mecheye_ros_interface/srv/detail/dds_fastrtps/set_range_parameter__type_support.cpp.o -MF CMakeFiles/mecheye_ros_interface__rosidl_typesupport_fastrtps_cpp.dir/rosidl_typesupport_fastrtps_cpp/mecheye_ros_interface/srv/detail/dds_fastrtps/set_range_parameter__type_support.cpp.o.d -o CMakeFiles/mecheye_ros_interface__rosidl_typesupport_fastrtps_cpp.dir/rosidl_typesupport_fastrtps_cpp/mecheye_ros_interface/srv/detail/dds_fastrtps/set_range_parameter__type_support.cpp.o -c /home/inauenma/git/mecheye_ros2_interface/build/mecheye_ros_interface/rosidl_typesupport_fastrtps_cpp/mecheye_ros_interface/srv/detail/dds_fastrtps/set_range_parameter__type_support.cpp
[ 78%] Building CXX object CMakeFiles/mecheye_ros_interface__rosidl_typesupport_fastrtps_c.dir/rosidl_typesupport_fastrtps_c/mecheye_ros_interface/srv/detail/get_current_user_set__type_support_c.cpp.o
/usr/bin/c++ -DFASTCDR_DYN_LINK -DROSIDL_TYPESUPPORT_FASTRTPS_C_BUILDING_DLL_mecheye_ros_interface -DROS_PACKAGE_NAME=\"mecheye_ros_interface\" -I/usr/include/eigen3 -I/home/inauenma/git/mecheye_ros2_interface/build/mecheye_ros_interface/rosidl_typesupport_fastrtps_c -I/home/inauenma/git/mecheye_ros2_interface/build/mecheye_ros_interface/rosidl_generator_c -isystem /opt/ros/jazzy/include/fastcdr -isystem /opt/ros/jazzy/include/rosidl_runtime_c -isystem /opt/ros/jazzy/include/rcutils -isystem /opt/ros/jazzy/include/rosidl_typesupport_interface -isystem /opt/ros/jazzy/include/rosidl_runtime_cpp -isystem /opt/ros/jazzy/include/rosidl_typesupport_fastrtps_cpp -isystem /opt/ros/jazzy/include/rmw -isystem /opt/ros/jazzy/include/rosidl_dynamic_typesupport -isystem /opt/ros/jazzy/include/rosidl_typesupport_fastrtps_c -isystem /opt/ros/jazzy/include/std_msgs -isystem /opt/ros/jazzy/include/builtin_interfaces -isystem /opt/ros/jazzy/include/sensor_msgs -isystem /opt/ros/jazzy/include/geometry_msgs -isystem /opt/ros/jazzy/include/service_msgs -std=gnu++17 -fPIC -Wall -Wextra -Wpedantic -MD -MT CMakeFiles/mecheye_ros_interface__rosidl_typesupport_fastrtps_c.dir/rosidl_typesupport_fastrtps_c/mecheye_ros_interface/srv/detail/get_current_user_set__type_support_c.cpp.o -MF CMakeFiles/mecheye_ros_interface__rosidl_typesupport_fastrtps_c.dir/rosidl_typesupport_fastrtps_c/mecheye_ros_interface/srv/detail/get_current_user_set__type_support_c.cpp.o.d -o CMakeFiles/mecheye_ros_interface__rosidl_typesupport_fastrtps_c.dir/rosidl_typesupport_fastrtps_c/mecheye_ros_interface/srv/detail/get_current_user_set__type_support_c.cpp.o -c /home/inauenma/git/mecheye_ros2_interface/build/mecheye_ros_interface/rosidl_typesupport_fastrtps_c/mecheye_ros_interface/srv/detail/get_current_user_set__type_support_c.cpp
[ 78%] Building CXX object CMakeFiles/mecheye_ros_interface__rosidl_typesupport_fastrtps_c.dir/rosidl_typesupport_fastrtps_c/mecheye_ros_interface/srv/detail/set_int_parameter__type_support_c.cpp.o
/usr/bin/c++ -DFASTCDR_DYN_LINK -DROSIDL_TYPESUPPORT_FASTRTPS_C_BUILDING_DLL_mecheye_ros_interface -DROS_PACKAGE_NAME=\"mecheye_ros_interface\" -I/usr/include/eigen3 -I/home/inauenma/git/mecheye_ros2_interface/build/mecheye_ros_interface/rosidl_typesupport_fastrtps_c -I/home/inauenma/git/mecheye_ros2_interface/build/mecheye_ros_interface/rosidl_generator_c -isystem /opt/ros/jazzy/include/fastcdr -isystem /opt/ros/jazzy/include/rosidl_runtime_c -isystem /opt/ros/jazzy/include/rcutils -isystem /opt/ros/jazzy/include/rosidl_typesupport_interface -isystem /opt/ros/jazzy/include/rosidl_runtime_cpp -isystem /opt/ros/jazzy/include/rosidl_typesupport_fastrtps_cpp -isystem /opt/ros/jazzy/include/rmw -isystem /opt/ros/jazzy/include/rosidl_dynamic_typesupport -isystem /opt/ros/jazzy/include/rosidl_typesupport_fastrtps_c -isystem /opt/ros/jazzy/include/std_msgs -isystem /opt/ros/jazzy/include/builtin_interfaces -isystem /opt/ros/jazzy/include/sensor_msgs -isystem /opt/ros/jazzy/include/geometry_msgs -isystem /opt/ros/jazzy/include/service_msgs -std=gnu++17 -fPIC -Wall -Wextra -Wpedantic -MD -MT CMakeFiles/mecheye_ros_interface__rosidl_typesupport_fastrtps_c.dir/rosidl_typesupport_fastrtps_c/mecheye_ros_interface/srv/detail/set_int_parameter__type_support_c.cpp.o -MF CMakeFiles/mecheye_ros_interface__rosidl_typesupport_fastrtps_c.dir/rosidl_typesupport_fastrtps_c/mecheye_ros_interface/srv/detail/set_int_parameter__type_support_c.cpp.o.d -o CMakeFiles/mecheye_ros_interface__rosidl_typesupport_fastrtps_c.dir/rosidl_typesupport_fastrtps_c/mecheye_ros_interface/srv/detail/set_int_parameter__type_support_c.cpp.o -c /home/inauenma/git/mecheye_ros2_interface/build/mecheye_ros_interface/rosidl_typesupport_fastrtps_c/mecheye_ros_interface/srv/detail/set_int_parameter__type_support_c.cpp
[ 78%] Building CXX object CMakeFiles/mecheye_ros_interface__rosidl_typesupport_fastrtps_cpp.dir/rosidl_typesupport_fastrtps_cpp/mecheye_ros_interface/srv/detail/dds_fastrtps/get_range_parameter__type_support.cpp.o
/usr/bin/c++ -DFASTCDR_DYN_LINK -DROSIDL_TYPESUPPORT_FASTRTPS_CPP_BUILDING_DLL_mecheye_ros_interface -DROS_PACKAGE_NAME=\"mecheye_ros_interface\" -I/usr/include/eigen3 -I/home/inauenma/git/mecheye_ros2_interface/build/mecheye_ros_interface/rosidl_typesupport_fastrtps_cpp -I/home/inauenma/git/mecheye_ros2_interface/build/mecheye_ros_interface/rosidl_generator_c -I/home/inauenma/git/mecheye_ros2_interface/build/mecheye_ros_interface/rosidl_generator_cpp -isystem /opt/ros/jazzy/include/fastcdr -isystem /opt/ros/jazzy/include/rmw -isystem /opt/ros/jazzy/include/rcutils -isystem /opt/ros/jazzy/include/rosidl_dynamic_typesupport -isystem /opt/ros/jazzy/include/rosidl_runtime_c -isystem /opt/ros/jazzy/include/rosidl_typesupport_interface -isystem /opt/ros/jazzy/include/rosidl_runtime_cpp -isystem /opt/ros/jazzy/include/rosidl_typesupport_fastrtps_cpp -isystem /opt/ros/jazzy/include/std_msgs -isystem /opt/ros/jazzy/include/builtin_interfaces -isystem /opt/ros/jazzy/include/sensor_msgs -isystem /opt/ros/jazzy/include/geometry_msgs -isystem /opt/ros/jazzy/include/service_msgs -std=gnu++17 -fPIC -Wall -Wextra -Wpedantic -Wredundant-decls -MD -MT CMakeFiles/mecheye_ros_interface__rosidl_typesupport_fastrtps_cpp.dir/rosidl_typesupport_fastrtps_cpp/mecheye_ros_interface/srv/detail/dds_fastrtps/get_range_parameter__type_support.cpp.o -MF CMakeFiles/mecheye_ros_interface__rosidl_typesupport_fastrtps_cpp.dir/rosidl_typesupport_fastrtps_cpp/mecheye_ros_interface/srv/detail/dds_fastrtps/get_range_parameter__type_support.cpp.o.d -o CMakeFiles/mecheye_ros_interface__rosidl_typesupport_fastrtps_cpp.dir/rosidl_typesupport_fastrtps_cpp/mecheye_ros_interface/srv/detail/dds_fastrtps/get_range_parameter__type_support.cpp.o -c /home/inauenma/git/mecheye_ros2_interface/build/mecheye_ros_interface/rosidl_typesupport_fastrtps_cpp/mecheye_ros_interface/srv/detail/dds_fastrtps/get_range_parameter__type_support.cpp
[ 78%] Building CXX object CMakeFiles/mecheye_ros_interface__rosidl_typesupport_fastrtps_cpp.dir/rosidl_typesupport_fastrtps_cpp/mecheye_ros_interface/srv/detail/dds_fastrtps/set_bool_parameter__type_support.cpp.o
/usr/bin/c++ -DFASTCDR_DYN_LINK -DROSIDL_TYPESUPPORT_FASTRTPS_CPP_BUILDING_DLL_mecheye_ros_interface -DROS_PACKAGE_NAME=\"mecheye_ros_interface\" -I/usr/include/eigen3 -I/home/inauenma/git/mecheye_ros2_interface/build/mecheye_ros_interface/rosidl_typesupport_fastrtps_cpp -I/home/inauenma/git/mecheye_ros2_interface/build/mecheye_ros_interface/rosidl_generator_c -I/home/inauenma/git/mecheye_ros2_interface/build/mecheye_ros_interface/rosidl_generator_cpp -isystem /opt/ros/jazzy/include/fastcdr -isystem /opt/ros/jazzy/include/rmw -isystem /opt/ros/jazzy/include/rcutils -isystem /opt/ros/jazzy/include/rosidl_dynamic_typesupport -isystem /opt/ros/jazzy/include/rosidl_runtime_c -isystem /opt/ros/jazzy/include/rosidl_typesupport_interface -isystem /opt/ros/jazzy/include/rosidl_runtime_cpp -isystem /opt/ros/jazzy/include/rosidl_typesupport_fastrtps_cpp -isystem /opt/ros/jazzy/include/std_msgs -isystem /opt/ros/jazzy/include/builtin_interfaces -isystem /opt/ros/jazzy/include/sensor_msgs -isystem /opt/ros/jazzy/include/geometry_msgs -isystem /opt/ros/jazzy/include/service_msgs -std=gnu++17 -fPIC -Wall -Wextra -Wpedantic -Wredundant-decls -MD -MT CMakeFiles/mecheye_ros_interface__rosidl_typesupport_fastrtps_cpp.dir/rosidl_typesupport_fastrtps_cpp/mecheye_ros_interface/srv/detail/dds_fastrtps/set_bool_parameter__type_support.cpp.o -MF CMakeFiles/mecheye_ros_interface__rosidl_typesupport_fastrtps_cpp.dir/rosidl_typesupport_fastrtps_cpp/mecheye_ros_interface/srv/detail/dds_fastrtps/set_bool_parameter__type_support.cpp.o.d -o CMakeFiles/mecheye_ros_interface__rosidl_typesupport_fastrtps_cpp.dir/rosidl_typesupport_fastrtps_cpp/mecheye_ros_interface/srv/detail/dds_fastrtps/set_bool_parameter__type_support.cpp.o -c /home/inauenma/git/mecheye_ros2_interface/build/mecheye_ros_interface/rosidl_typesupport_fastrtps_cpp/mecheye_ros_interface/srv/detail/dds_fastrtps/set_bool_parameter__type_support.cpp
[ 79%] Building CXX object CMakeFiles/mecheye_ros_interface__rosidl_typesupport_fastrtps_c.dir/rosidl_typesupport_fastrtps_c/mecheye_ros_interface/srv/detail/get_int_parameter__type_support_c.cpp.o
/usr/bin/c++ -DFASTCDR_DYN_LINK -DROSIDL_TYPESUPPORT_FASTRTPS_C_BUILDING_DLL_mecheye_ros_interface -DROS_PACKAGE_NAME=\"mecheye_ros_interface\" -I/usr/include/eigen3 -I/home/inauenma/git/mecheye_ros2_interface/build/mecheye_ros_interface/rosidl_typesupport_fastrtps_c -I/home/inauenma/git/mecheye_ros2_interface/build/mecheye_ros_interface/rosidl_generator_c -isystem /opt/ros/jazzy/include/fastcdr -isystem /opt/ros/jazzy/include/rosidl_runtime_c -isystem /opt/ros/jazzy/include/rcutils -isystem /opt/ros/jazzy/include/rosidl_typesupport_interface -isystem /opt/ros/jazzy/include/rosidl_runtime_cpp -isystem /opt/ros/jazzy/include/rosidl_typesupport_fastrtps_cpp -isystem /opt/ros/jazzy/include/rmw -isystem /opt/ros/jazzy/include/rosidl_dynamic_typesupport -isystem /opt/ros/jazzy/include/rosidl_typesupport_fastrtps_c -isystem /opt/ros/jazzy/include/std_msgs -isystem /opt/ros/jazzy/include/builtin_interfaces -isystem /opt/ros/jazzy/include/sensor_msgs -isystem /opt/ros/jazzy/include/geometry_msgs -isystem /opt/ros/jazzy/include/service_msgs -std=gnu++17 -fPIC -Wall -Wextra -Wpedantic -MD -MT CMakeFiles/mecheye_ros_interface__rosidl_typesupport_fastrtps_c.dir/rosidl_typesupport_fastrtps_c/mecheye_ros_interface/srv/detail/get_int_parameter__type_support_c.cpp.o -MF CMakeFiles/mecheye_ros_interface__rosidl_typesupport_fastrtps_c.dir/rosidl_typesupport_fastrtps_c/mecheye_ros_interface/srv/detail/get_int_parameter__type_support_c.cpp.o.d -o CMakeFiles/mecheye_ros_interface__rosidl_typesupport_fastrtps_c.dir/rosidl_typesupport_fastrtps_c/mecheye_ros_interface/srv/detail/get_int_parameter__type_support_c.cpp.o -c /home/inauenma/git/mecheye_ros2_interface/build/mecheye_ros_interface/rosidl_typesupport_fastrtps_c/mecheye_ros_interface/srv/detail/get_int_parameter__type_support_c.cpp
[ 79%] Building CXX object CMakeFiles/mecheye_ros_interface__rosidl_typesupport_fastrtps_c.dir/rosidl_typesupport_fastrtps_c/mecheye_ros_interface/srv/detail/set_range_parameter__type_support_c.cpp.o
/usr/bin/c++ -DFASTCDR_DYN_LINK -DROSIDL_TYPESUPPORT_FASTRTPS_C_BUILDING_DLL_mecheye_ros_interface -DROS_PACKAGE_NAME=\"mecheye_ros_interface\" -I/usr/include/eigen3 -I/home/inauenma/git/mecheye_ros2_interface/build/mecheye_ros_interface/rosidl_typesupport_fastrtps_c -I/home/inauenma/git/mecheye_ros2_interface/build/mecheye_ros_interface/rosidl_generator_c -isystem /opt/ros/jazzy/include/fastcdr -isystem /opt/ros/jazzy/include/rosidl_runtime_c -isystem /opt/ros/jazzy/include/rcutils -isystem /opt/ros/jazzy/include/rosidl_typesupport_interface -isystem /opt/ros/jazzy/include/rosidl_runtime_cpp -isystem /opt/ros/jazzy/include/rosidl_typesupport_fastrtps_cpp -isystem /opt/ros/jazzy/include/rmw -isystem /opt/ros/jazzy/include/rosidl_dynamic_typesupport -isystem /opt/ros/jazzy/include/rosidl_typesupport_fastrtps_c -isystem /opt/ros/jazzy/include/std_msgs -isystem /opt/ros/jazzy/include/builtin_interfaces -isystem /opt/ros/jazzy/include/sensor_msgs -isystem /opt/ros/jazzy/include/geometry_msgs -isystem /opt/ros/jazzy/include/service_msgs -std=gnu++17 -fPIC -Wall -Wextra -Wpedantic -MD -MT CMakeFiles/mecheye_ros_interface__rosidl_typesupport_fastrtps_c.dir/rosidl_typesupport_fastrtps_c/mecheye_ros_interface/srv/detail/set_range_parameter__type_support_c.cpp.o -MF CMakeFiles/mecheye_ros_interface__rosidl_typesupport_fastrtps_c.dir/rosidl_typesupport_fastrtps_c/mecheye_ros_interface/srv/detail/set_range_parameter__type_support_c.cpp.o.d -o CMakeFiles/mecheye_ros_interface__rosidl_typesupport_fastrtps_c.dir/rosidl_typesupport_fastrtps_c/mecheye_ros_interface/srv/detail/set_range_parameter__type_support_c.cpp.o -c /home/inauenma/git/mecheye_ros2_interface/build/mecheye_ros_interface/rosidl_typesupport_fastrtps_c/mecheye_ros_interface/srv/detail/set_range_parameter__type_support_c.cpp
[ 79%] Building CXX object CMakeFiles/mecheye_ros_interface__rosidl_typesupport_fastrtps_c.dir/rosidl_typesupport_fastrtps_c/mecheye_ros_interface/srv/detail/get_range_parameter__type_support_c.cpp.o
[ 80%] Building CXX object CMakeFiles/mecheye_ros_interface__rosidl_typesupport_introspection_cpp.dir/rosidl_typesupport_introspection_cpp/mecheye_ros_interface/srv/detail/set_roi_parameter__type_support.cpp.o
/usr/bin/c++ -DFASTCDR_DYN_LINK -DROSIDL_TYPESUPPORT_FASTRTPS_C_BUILDING_DLL_mecheye_ros_interface -DROS_PACKAGE_NAME=\"mecheye_ros_interface\" -I/usr/include/eigen3 -I/home/inauenma/git/mecheye_ros2_interface/build/mecheye_ros_interface/rosidl_typesupport_fastrtps_c -I/home/inauenma/git/mecheye_ros2_interface/build/mecheye_ros_interface/rosidl_generator_c -isystem /opt/ros/jazzy/include/fastcdr -isystem /opt/ros/jazzy/include/rosidl_runtime_c -isystem /opt/ros/jazzy/include/rcutils -isystem /opt/ros/jazzy/include/rosidl_typesupport_interface -isystem /opt/ros/jazzy/include/rosidl_runtime_cpp -isystem /opt/ros/jazzy/include/rosidl_typesupport_fastrtps_cpp -isystem /opt/ros/jazzy/include/rmw -isystem /opt/ros/jazzy/include/rosidl_dynamic_typesupport -isystem /opt/ros/jazzy/include/rosidl_typesupport_fastrtps_c -isystem /opt/ros/jazzy/include/std_msgs -isystem /opt/ros/jazzy/include/builtin_interfaces -isystem /opt/ros/jazzy/include/sensor_msgs -isystem /opt/ros/jazzy/include/geometry_msgs -isystem /opt/ros/jazzy/include/service_msgs -std=gnu++17 -fPIC -Wall -Wextra -Wpedantic -MD -MT CMakeFiles/mecheye_ros_interface__rosidl_typesupport_fastrtps_c.dir/rosidl_typesupport_fastrtps_c/mecheye_ros_interface/srv/detail/get_range_parameter__type_support_c.cpp.o -MF CMakeFiles/mecheye_ros_interface__rosidl_typesupport_fastrtps_c.dir/rosidl_typesupport_fastrtps_c/mecheye_ros_interface/srv/detail/get_range_parameter__type_support_c.cpp.o.d -o CMakeFiles/mecheye_ros_interface__rosidl_typesupport_fastrtps_c.dir/rosidl_typesupport_fastrtps_c/mecheye_ros_interface/srv/detail/get_range_parameter__type_support_c.cpp.o -c /home/inauenma/git/mecheye_ros2_interface/build/mecheye_ros_interface/rosidl_typesupport_fastrtps_c/mecheye_ros_interface/srv/detail/get_range_parameter__type_support_c.cpp
/usr/bin/c++ -DROSIDL_TYPESUPPORT_INTROSPECTION_CPP_BUILDING_DLL -DROS_PACKAGE_NAME=\"mecheye_ros_interface\" -I/usr/include/eigen3 -I/home/inauenma/git/mecheye_ros2_interface/build/mecheye_ros_interface/rosidl_typesupport_introspection_cpp -I/home/inauenma/git/mecheye_ros2_interface/build/mecheye_ros_interface/rosidl_generator_c -I/home/inauenma/git/mecheye_ros2_interface/build/mecheye_ros_interface/rosidl_generator_cpp -isystem /opt/ros/jazzy/include/std_msgs -isystem /opt/ros/jazzy/include/builtin_interfaces -isystem /opt/ros/jazzy/include/rosidl_runtime_c -isystem /opt/ros/jazzy/include/rcutils -isystem /opt/ros/jazzy/include/rosidl_typesupport_interface -isystem /opt/ros/jazzy/include/sensor_msgs -isystem /opt/ros/jazzy/include/geometry_msgs -isystem /opt/ros/jazzy/include/service_msgs -isystem /opt/ros/jazzy/include/rosidl_runtime_cpp -isystem /opt/ros/jazzy/include/rosidl_typesupport_introspection_cpp -isystem /opt/ros/jazzy/include/rosidl_typesupport_introspection_c -std=gnu++17 -fPIC -Wall -Wextra -Wpedantic -MD -MT CMakeFiles/mecheye_ros_interface__rosidl_typesupport_introspection_cpp.dir/rosidl_typesupport_introspection_cpp/mecheye_ros_interface/srv/detail/set_roi_parameter__type_support.cpp.o -MF CMakeFiles/mecheye_ros_interface__rosidl_typesupport_introspection_cpp.dir/rosidl_typesupport_introspection_cpp/mecheye_ros_interface/srv/detail/set_roi_parameter__type_support.cpp.o.d -o CMakeFiles/mecheye_ros_interface__rosidl_typesupport_introspection_cpp.dir/rosidl_typesupport_introspection_cpp/mecheye_ros_interface/srv/detail/set_roi_parameter__type_support.cpp.o -c /home/inauenma/git/mecheye_ros2_interface/build/mecheye_ros_interface/rosidl_typesupport_introspection_cpp/mecheye_ros_interface/srv/detail/set_roi_parameter__type_support.cpp
[ 81%] Building CXX object CMakeFiles/mecheye_ros_interface__rosidl_typesupport_fastrtps_cpp.dir/rosidl_typesupport_fastrtps_cpp/mecheye_ros_interface/srv/detail/dds_fastrtps/get_bool_parameter__type_support.cpp.o
/usr/bin/c++ -DFASTCDR_DYN_LINK -DROSIDL_TYPESUPPORT_FASTRTPS_CPP_BUILDING_DLL_mecheye_ros_interface -DROS_PACKAGE_NAME=\"mecheye_ros_interface\" -I/usr/include/eigen3 -I/home/inauenma/git/mecheye_ros2_interface/build/mecheye_ros_interface/rosidl_typesupport_fastrtps_cpp -I/home/inauenma/git/mecheye_ros2_interface/build/mecheye_ros_interface/rosidl_generator_c -I/home/inauenma/git/mecheye_ros2_interface/build/mecheye_ros_interface/rosidl_generator_cpp -isystem /opt/ros/jazzy/include/fastcdr -isystem /opt/ros/jazzy/include/rmw -isystem /opt/ros/jazzy/include/rcutils -isystem /opt/ros/jazzy/include/rosidl_dynamic_typesupport -isystem /opt/ros/jazzy/include/rosidl_runtime_c -isystem /opt/ros/jazzy/include/rosidl_typesupport_interface -isystem /opt/ros/jazzy/include/rosidl_runtime_cpp -isystem /opt/ros/jazzy/include/rosidl_typesupport_fastrtps_cpp -isystem /opt/ros/jazzy/include/std_msgs -isystem /opt/ros/jazzy/include/builtin_interfaces -isystem /opt/ros/jazzy/include/sensor_msgs -isystem /opt/ros/jazzy/include/geometry_msgs -isystem /opt/ros/jazzy/include/service_msgs -std=gnu++17 -fPIC -Wall -Wextra -Wpedantic -Wredundant-decls -MD -MT CMakeFiles/mecheye_ros_interface__rosidl_typesupport_fastrtps_cpp.dir/rosidl_typesupport_fastrtps_cpp/mecheye_ros_interface/srv/detail/dds_fastrtps/get_bool_parameter__type_support.cpp.o -MF CMakeFiles/mecheye_ros_interface__rosidl_typesupport_fastrtps_cpp.dir/rosidl_typesupport_fastrtps_cpp/mecheye_ros_interface/srv/detail/dds_fastrtps/get_bool_parameter__type_support.cpp.o.d -o CMakeFiles/mecheye_ros_interface__rosidl_typesupport_fastrtps_cpp.dir/rosidl_typesupport_fastrtps_cpp/mecheye_ros_interface/srv/detail/dds_fastrtps/get_bool_parameter__type_support.cpp.o -c /home/inauenma/git/mecheye_ros2_interface/build/mecheye_ros_interface/rosidl_typesupport_fastrtps_cpp/mecheye_ros_interface/srv/detail/dds_fastrtps/get_bool_parameter__type_support.cpp
[ 82%] Building CXX object CMakeFiles/mecheye_ros_interface__rosidl_typesupport_fastrtps_c.dir/rosidl_typesupport_fastrtps_c/mecheye_ros_interface/srv/detail/set_bool_parameter__type_support_c.cpp.o
/usr/bin/c++ -DFASTCDR_DYN_LINK -DROSIDL_TYPESUPPORT_FASTRTPS_C_BUILDING_DLL_mecheye_ros_interface -DROS_PACKAGE_NAME=\"mecheye_ros_interface\" -I/usr/include/eigen3 -I/home/inauenma/git/mecheye_ros2_interface/build/mecheye_ros_interface/rosidl_typesupport_fastrtps_c -I/home/inauenma/git/mecheye_ros2_interface/build/mecheye_ros_interface/rosidl_generator_c -isystem /opt/ros/jazzy/include/fastcdr -isystem /opt/ros/jazzy/include/rosidl_runtime_c -isystem /opt/ros/jazzy/include/rcutils -isystem /opt/ros/jazzy/include/rosidl_typesupport_interface -isystem /opt/ros/jazzy/include/rosidl_runtime_cpp -isystem /opt/ros/jazzy/include/rosidl_typesupport_fastrtps_cpp -isystem /opt/ros/jazzy/include/rmw -isystem /opt/ros/jazzy/include/rosidl_dynamic_typesupport -isystem /opt/ros/jazzy/include/rosidl_typesupport_fastrtps_c -isystem /opt/ros/jazzy/include/std_msgs -isystem /opt/ros/jazzy/include/builtin_interfaces -isystem /opt/ros/jazzy/include/sensor_msgs -isystem /opt/ros/jazzy/include/geometry_msgs -isystem /opt/ros/jazzy/include/service_msgs -std=gnu++17 -fPIC -Wall -Wextra -Wpedantic -MD -MT CMakeFiles/mecheye_ros_interface__rosidl_typesupport_fastrtps_c.dir/rosidl_typesupport_fastrtps_c/mecheye_ros_interface/srv/detail/set_bool_parameter__type_support_c.cpp.o -MF CMakeFiles/mecheye_ros_interface__rosidl_typesupport_fastrtps_c.dir/rosidl_typesupport_fastrtps_c/mecheye_ros_interface/srv/detail/set_bool_parameter__type_support_c.cpp.o.d -o CMakeFiles/mecheye_ros_interface__rosidl_typesupport_fastrtps_c.dir/rosidl_typesupport_fastrtps_c/mecheye_ros_interface/srv/detail/set_bool_parameter__type_support_c.cpp.o -c /home/inauenma/git/mecheye_ros2_interface/build/mecheye_ros_interface/rosidl_typesupport_fastrtps_c/mecheye_ros_interface/srv/detail/set_bool_parameter__type_support_c.cpp
[ 82%] Building CXX object CMakeFiles/mecheye_ros_interface__rosidl_typesupport_fastrtps_c.dir/rosidl_typesupport_fastrtps_c/mecheye_ros_interface/srv/detail/get_bool_parameter__type_support_c.cpp.o
/usr/bin/c++ -DFASTCDR_DYN_LINK -DROSIDL_TYPESUPPORT_FASTRTPS_C_BUILDING_DLL_mecheye_ros_interface -DROS_PACKAGE_NAME=\"mecheye_ros_interface\" -I/usr/include/eigen3 -I/home/inauenma/git/mecheye_ros2_interface/build/mecheye_ros_interface/rosidl_typesupport_fastrtps_c -I/home/inauenma/git/mecheye_ros2_interface/build/mecheye_ros_interface/rosidl_generator_c -isystem /opt/ros/jazzy/include/fastcdr -isystem /opt/ros/jazzy/include/rosidl_runtime_c -isystem /opt/ros/jazzy/include/rcutils -isystem /opt/ros/jazzy/include/rosidl_typesupport_interface -isystem /opt/ros/jazzy/include/rosidl_runtime_cpp -isystem /opt/ros/jazzy/include/rosidl_typesupport_fastrtps_cpp -isystem /opt/ros/jazzy/include/rmw -isystem /opt/ros/jazzy/include/rosidl_dynamic_typesupport -isystem /opt/ros/jazzy/include/rosidl_typesupport_fastrtps_c -isystem /opt/ros/jazzy/include/std_msgs -isystem /opt/ros/jazzy/include/builtin_interfaces -isystem /opt/ros/jazzy/include/sensor_msgs -isystem /opt/ros/jazzy/include/geometry_msgs -isystem /opt/ros/jazzy/include/service_msgs -std=gnu++17 -fPIC -Wall -Wextra -Wpedantic -MD -MT CMakeFiles/mecheye_ros_interface__rosidl_typesupport_fastrtps_c.dir/rosidl_typesupport_fastrtps_c/mecheye_ros_interface/srv/detail/get_bool_parameter__type_support_c.cpp.o -MF CMakeFiles/mecheye_ros_interface__rosidl_typesupport_fastrtps_c.dir/rosidl_typesupport_fastrtps_c/mecheye_ros_interface/srv/detail/get_bool_parameter__type_support_c.cpp.o.d -o CMakeFiles/mecheye_ros_interface__rosidl_typesupport_fastrtps_c.dir/rosidl_typesupport_fastrtps_c/mecheye_ros_interface/srv/detail/get_bool_parameter__type_support_c.cpp.o -c /home/inauenma/git/mecheye_ros2_interface/build/mecheye_ros_interface/rosidl_typesupport_fastrtps_c/mecheye_ros_interface/srv/detail/get_bool_parameter__type_support_c.cpp
[ 82%] Building CXX object CMakeFiles/mecheye_ros_interface__rosidl_typesupport_fastrtps_c.dir/rosidl_typesupport_fastrtps_c/mecheye_ros_interface/srv/detail/set_enum_parameter__type_support_c.cpp.o
/usr/bin/c++ -DFASTCDR_DYN_LINK -DROSIDL_TYPESUPPORT_FASTRTPS_C_BUILDING_DLL_mecheye_ros_interface -DROS_PACKAGE_NAME=\"mecheye_ros_interface\" -I/usr/include/eigen3 -I/home/inauenma/git/mecheye_ros2_interface/build/mecheye_ros_interface/rosidl_typesupport_fastrtps_c -I/home/inauenma/git/mecheye_ros2_interface/build/mecheye_ros_interface/rosidl_generator_c -isystem /opt/ros/jazzy/include/fastcdr -isystem /opt/ros/jazzy/include/rosidl_runtime_c -isystem /opt/ros/jazzy/include/rcutils -isystem /opt/ros/jazzy/include/rosidl_typesupport_interface -isystem /opt/ros/jazzy/include/rosidl_runtime_cpp -isystem /opt/ros/jazzy/include/rosidl_typesupport_fastrtps_cpp -isystem /opt/ros/jazzy/include/rmw -isystem /opt/ros/jazzy/include/rosidl_dynamic_typesupport -isystem /opt/ros/jazzy/include/rosidl_typesupport_fastrtps_c -isystem /opt/ros/jazzy/include/std_msgs -isystem /opt/ros/jazzy/include/builtin_interfaces -isystem /opt/ros/jazzy/include/sensor_msgs -isystem /opt/ros/jazzy/include/geometry_msgs -isystem /opt/ros/jazzy/include/service_msgs -std=gnu++17 -fPIC -Wall -Wextra -Wpedantic -MD -MT CMakeFiles/mecheye_ros_interface__rosidl_typesupport_fastrtps_c.dir/rosidl_typesupport_fastrtps_c/mecheye_ros_interface/srv/detail/set_enum_parameter__type_support_c.cpp.o -MF CMakeFiles/mecheye_ros_interface__rosidl_typesupport_fastrtps_c.dir/rosidl_typesupport_fastrtps_c/mecheye_ros_interface/srv/detail/set_enum_parameter__type_support_c.cpp.o.d -o CMakeFiles/mecheye_ros_interface__rosidl_typesupport_fastrtps_c.dir/rosidl_typesupport_fastrtps_c/mecheye_ros_interface/srv/detail/set_enum_parameter__type_support_c.cpp.o -c /home/inauenma/git/mecheye_ros2_interface/build/mecheye_ros_interface/rosidl_typesupport_fastrtps_c/mecheye_ros_interface/srv/detail/set_enum_parameter__type_support_c.cpp
[ 83%] Building CXX object CMakeFiles/mecheye_ros_interface__rosidl_typesupport_fastrtps_c.dir/rosidl_typesupport_fastrtps_c/mecheye_ros_interface/srv/detail/get_enum_parameter__type_support_c.cpp.o
/usr/bin/c++ -DFASTCDR_DYN_LINK -DROSIDL_TYPESUPPORT_FASTRTPS_C_BUILDING_DLL_mecheye_ros_interface -DROS_PACKAGE_NAME=\"mecheye_ros_interface\" -I/usr/include/eigen3 -I/home/inauenma/git/mecheye_ros2_interface/build/mecheye_ros_interface/rosidl_typesupport_fastrtps_c -I/home/inauenma/git/mecheye_ros2_interface/build/mecheye_ros_interface/rosidl_generator_c -isystem /opt/ros/jazzy/include/fastcdr -isystem /opt/ros/jazzy/include/rosidl_runtime_c -isystem /opt/ros/jazzy/include/rcutils -isystem /opt/ros/jazzy/include/rosidl_typesupport_interface -isystem /opt/ros/jazzy/include/rosidl_runtime_cpp -isystem /opt/ros/jazzy/include/rosidl_typesupport_fastrtps_cpp -isystem /opt/ros/jazzy/include/rmw -isystem /opt/ros/jazzy/include/rosidl_dynamic_typesupport -isystem /opt/ros/jazzy/include/rosidl_typesupport_fastrtps_c -isystem /opt/ros/jazzy/include/std_msgs -isystem /opt/ros/jazzy/include/builtin_interfaces -isystem /opt/ros/jazzy/include/sensor_msgs -isystem /opt/ros/jazzy/include/geometry_msgs -isystem /opt/ros/jazzy/include/service_msgs -std=gnu++17 -fPIC -Wall -Wextra -Wpedantic -MD -MT CMakeFiles/mecheye_ros_interface__rosidl_typesupport_fastrtps_c.dir/rosidl_typesupport_fastrtps_c/mecheye_ros_interface/srv/detail/get_enum_parameter__type_support_c.cpp.o -MF CMakeFiles/mecheye_ros_interface__rosidl_typesupport_fastrtps_c.dir/rosidl_typesupport_fastrtps_c/mecheye_ros_interface/srv/detail/get_enum_parameter__type_support_c.cpp.o.d -o CMakeFiles/mecheye_ros_interface__rosidl_typesupport_fastrtps_c.dir/rosidl_typesupport_fastrtps_c/mecheye_ros_interface/srv/detail/get_enum_parameter__type_support_c.cpp.o -c /home/inauenma/git/mecheye_ros2_interface/build/mecheye_ros_interface/rosidl_typesupport_fastrtps_c/mecheye_ros_interface/srv/detail/get_enum_parameter__type_support_c.cpp
[ 83%] Building CXX object CMakeFiles/mecheye_ros_interface__rosidl_typesupport_introspection_cpp.dir/rosidl_typesupport_introspection_cpp/mecheye_ros_interface/srv/detail/get_roi_parameter__type_support.cpp.o
/usr/bin/c++ -DROSIDL_TYPESUPPORT_INTROSPECTION_CPP_BUILDING_DLL -DROS_PACKAGE_NAME=\"mecheye_ros_interface\" -I/usr/include/eigen3 -I/home/inauenma/git/mecheye_ros2_interface/build/mecheye_ros_interface/rosidl_typesupport_introspection_cpp -I/home/inauenma/git/mecheye_ros2_interface/build/mecheye_ros_interface/rosidl_generator_c -I/home/inauenma/git/mecheye_ros2_interface/build/mecheye_ros_interface/rosidl_generator_cpp -isystem /opt/ros/jazzy/include/std_msgs -isystem /opt/ros/jazzy/include/builtin_interfaces -isystem /opt/ros/jazzy/include/rosidl_runtime_c -isystem /opt/ros/jazzy/include/rcutils -isystem /opt/ros/jazzy/include/rosidl_typesupport_interface -isystem /opt/ros/jazzy/include/sensor_msgs -isystem /opt/ros/jazzy/include/geometry_msgs -isystem /opt/ros/jazzy/include/service_msgs -isystem /opt/ros/jazzy/include/rosidl_runtime_cpp -isystem /opt/ros/jazzy/include/rosidl_typesupport_introspection_cpp -isystem /opt/ros/jazzy/include/rosidl_typesupport_introspection_c -std=gnu++17 -fPIC -Wall -Wextra -Wpedantic -MD -MT CMakeFiles/mecheye_ros_interface__rosidl_typesupport_introspection_cpp.dir/rosidl_typesupport_introspection_cpp/mecheye_ros_interface/srv/detail/get_roi_parameter__type_support.cpp.o -MF CMakeFiles/mecheye_ros_interface__rosidl_typesupport_introspection_cpp.dir/rosidl_typesupport_introspection_cpp/mecheye_ros_interface/srv/detail/get_roi_parameter__type_support.cpp.o.d -o CMakeFiles/mecheye_ros_interface__rosidl_typesupport_introspection_cpp.dir/rosidl_typesupport_introspection_cpp/mecheye_ros_interface/srv/detail/get_roi_parameter__type_support.cpp.o -c /home/inauenma/git/mecheye_ros2_interface/build/mecheye_ros_interface/rosidl_typesupport_introspection_cpp/mecheye_ros_interface/srv/detail/get_roi_parameter__type_support.cpp
[ 83%] Building CXX object CMakeFiles/mecheye_ros_interface__rosidl_typesupport_fastrtps_c.dir/rosidl_typesupport_fastrtps_c/mecheye_ros_interface/srv/detail/set_float_parameter__type_support_c.cpp.o
[ 83%] Building CXX object CMakeFiles/mecheye_ros_interface__rosidl_typesupport_fastrtps_cpp.dir/rosidl_typesupport_fastrtps_cpp/mecheye_ros_interface/srv/detail/dds_fastrtps/set_enum_parameter__type_support.cpp.o
/usr/bin/c++ -DFASTCDR_DYN_LINK -DROSIDL_TYPESUPPORT_FASTRTPS_C_BUILDING_DLL_mecheye_ros_interface -DROS_PACKAGE_NAME=\"mecheye_ros_interface\" -I/usr/include/eigen3 -I/home/inauenma/git/mecheye_ros2_interface/build/mecheye_ros_interface/rosidl_typesupport_fastrtps_c -I/home/inauenma/git/mecheye_ros2_interface/build/mecheye_ros_interface/rosidl_generator_c -isystem /opt/ros/jazzy/include/fastcdr -isystem /opt/ros/jazzy/include/rosidl_runtime_c -isystem /opt/ros/jazzy/include/rcutils -isystem /opt/ros/jazzy/include/rosidl_typesupport_interface -isystem /opt/ros/jazzy/include/rosidl_runtime_cpp -isystem /opt/ros/jazzy/include/rosidl_typesupport_fastrtps_cpp -isystem /opt/ros/jazzy/include/rmw -isystem /opt/ros/jazzy/include/rosidl_dynamic_typesupport -isystem /opt/ros/jazzy/include/rosidl_typesupport_fastrtps_c -isystem /opt/ros/jazzy/include/std_msgs -isystem /opt/ros/jazzy/include/builtin_interfaces -isystem /opt/ros/jazzy/include/sensor_msgs -isystem /opt/ros/jazzy/include/geometry_msgs -isystem /opt/ros/jazzy/include/service_msgs -std=gnu++17 -fPIC -Wall -Wextra -Wpedantic -MD -MT CMakeFiles/mecheye_ros_interface__rosidl_typesupport_fastrtps_c.dir/rosidl_typesupport_fastrtps_c/mecheye_ros_interface/srv/detail/set_float_parameter__type_support_c.cpp.o -MF CMakeFiles/mecheye_ros_interface__rosidl_typesupport_fastrtps_c.dir/rosidl_typesupport_fastrtps_c/mecheye_ros_interface/srv/detail/set_float_parameter__type_support_c.cpp.o.d -o CMakeFiles/mecheye_ros_interface__rosidl_typesupport_fastrtps_c.dir/rosidl_typesupport_fastrtps_c/mecheye_ros_interface/srv/detail/set_float_parameter__type_support_c.cpp.o -c /home/inauenma/git/mecheye_ros2_interface/build/mecheye_ros_interface/rosidl_typesupport_fastrtps_c/mecheye_ros_interface/srv/detail/set_float_parameter__type_support_c.cpp
/usr/bin/c++ -DFASTCDR_DYN_LINK -DROSIDL_TYPESUPPORT_FASTRTPS_CPP_BUILDING_DLL_mecheye_ros_interface -DROS_PACKAGE_NAME=\"mecheye_ros_interface\" -I/usr/include/eigen3 -I/home/inauenma/git/mecheye_ros2_interface/build/mecheye_ros_interface/rosidl_typesupport_fastrtps_cpp -I/home/inauenma/git/mecheye_ros2_interface/build/mecheye_ros_interface/rosidl_generator_c -I/home/inauenma/git/mecheye_ros2_interface/build/mecheye_ros_interface/rosidl_generator_cpp -isystem /opt/ros/jazzy/include/fastcdr -isystem /opt/ros/jazzy/include/rmw -isystem /opt/ros/jazzy/include/rcutils -isystem /opt/ros/jazzy/include/rosidl_dynamic_typesupport -isystem /opt/ros/jazzy/include/rosidl_runtime_c -isystem /opt/ros/jazzy/include/rosidl_typesupport_interface -isystem /opt/ros/jazzy/include/rosidl_runtime_cpp -isystem /opt/ros/jazzy/include/rosidl_typesupport_fastrtps_cpp -isystem /opt/ros/jazzy/include/std_msgs -isystem /opt/ros/jazzy/include/builtin_interfaces -isystem /opt/ros/jazzy/include/sensor_msgs -isystem /opt/ros/jazzy/include/geometry_msgs -isystem /opt/ros/jazzy/include/service_msgs -std=gnu++17 -fPIC -Wall -Wextra -Wpedantic -Wredundant-decls -MD -MT CMakeFiles/mecheye_ros_interface__rosidl_typesupport_fastrtps_cpp.dir/rosidl_typesupport_fastrtps_cpp/mecheye_ros_interface/srv/detail/dds_fastrtps/set_enum_parameter__type_support.cpp.o -MF CMakeFiles/mecheye_ros_interface__rosidl_typesupport_fastrtps_cpp.dir/rosidl_typesupport_fastrtps_cpp/mecheye_ros_interface/srv/detail/dds_fastrtps/set_enum_parameter__type_support.cpp.o.d -o CMakeFiles/mecheye_ros_interface__rosidl_typesupport_fastrtps_cpp.dir/rosidl_typesupport_fastrtps_cpp/mecheye_ros_interface/srv/detail/dds_fastrtps/set_enum_parameter__type_support.cpp.o -c /home/inauenma/git/mecheye_ros2_interface/build/mecheye_ros_interface/rosidl_typesupport_fastrtps_cpp/mecheye_ros_interface/srv/detail/dds_fastrtps/set_enum_parameter__type_support.cpp
[ 83%] Building CXX object CMakeFiles/mecheye_ros_interface__rosidl_typesupport_fastrtps_cpp.dir/rosidl_typesupport_fastrtps_cpp/mecheye_ros_interface/srv/detail/dds_fastrtps/get_enum_parameter__type_support.cpp.o
/usr/bin/c++ -DFASTCDR_DYN_LINK -DROSIDL_TYPESUPPORT_FASTRTPS_CPP_BUILDING_DLL_mecheye_ros_interface -DROS_PACKAGE_NAME=\"mecheye_ros_interface\" -I/usr/include/eigen3 -I/home/inauenma/git/mecheye_ros2_interface/build/mecheye_ros_interface/rosidl_typesupport_fastrtps_cpp -I/home/inauenma/git/mecheye_ros2_interface/build/mecheye_ros_interface/rosidl_generator_c -I/home/inauenma/git/mecheye_ros2_interface/build/mecheye_ros_interface/rosidl_generator_cpp -isystem /opt/ros/jazzy/include/fastcdr -isystem /opt/ros/jazzy/include/rmw -isystem /opt/ros/jazzy/include/rcutils -isystem /opt/ros/jazzy/include/rosidl_dynamic_typesupport -isystem /opt/ros/jazzy/include/rosidl_runtime_c -isystem /opt/ros/jazzy/include/rosidl_typesupport_interface -isystem /opt/ros/jazzy/include/rosidl_runtime_cpp -isystem /opt/ros/jazzy/include/rosidl_typesupport_fastrtps_cpp -isystem /opt/ros/jazzy/include/std_msgs -isystem /opt/ros/jazzy/include/builtin_interfaces -isystem /opt/ros/jazzy/include/sensor_msgs -isystem /opt/ros/jazzy/include/geometry_msgs -isystem /opt/ros/jazzy/include/service_msgs -std=gnu++17 -fPIC -Wall -Wextra -Wpedantic -Wredundant-decls -MD -MT CMakeFiles/mecheye_ros_interface__rosidl_typesupport_fastrtps_cpp.dir/rosidl_typesupport_fastrtps_cpp/mecheye_ros_interface/srv/detail/dds_fastrtps/get_enum_parameter__type_support.cpp.o -MF CMakeFiles/mecheye_ros_interface__rosidl_typesupport_fastrtps_cpp.dir/rosidl_typesupport_fastrtps_cpp/mecheye_ros_interface/srv/detail/dds_fastrtps/get_enum_parameter__type_support.cpp.o.d -o CMakeFiles/mecheye_ros_interface__rosidl_typesupport_fastrtps_cpp.dir/rosidl_typesupport_fastrtps_cpp/mecheye_ros_interface/srv/detail/dds_fastrtps/get_enum_parameter__type_support.cpp.o -c /home/inauenma/git/mecheye_ros2_interface/build/mecheye_ros_interface/rosidl_typesupport_fastrtps_cpp/mecheye_ros_interface/srv/detail/dds_fastrtps/get_enum_parameter__type_support.cpp
[ 83%] Building CXX object CMakeFiles/mecheye_ros_interface__rosidl_typesupport_fastrtps_cpp.dir/rosidl_typesupport_fastrtps_cpp/mecheye_ros_interface/srv/detail/dds_fastrtps/get_float_parameter__type_support.cpp.o
/usr/bin/c++ -DFASTCDR_DYN_LINK -DROSIDL_TYPESUPPORT_FASTRTPS_CPP_BUILDING_DLL_mecheye_ros_interface -DROS_PACKAGE_NAME=\"mecheye_ros_interface\" -I/usr/include/eigen3 -I/home/inauenma/git/mecheye_ros2_interface/build/mecheye_ros_interface/rosidl_typesupport_fastrtps_cpp -I/home/inauenma/git/mecheye_ros2_interface/build/mecheye_ros_interface/rosidl_generator_c -I/home/inauenma/git/mecheye_ros2_interface/build/mecheye_ros_interface/rosidl_generator_cpp -isystem /opt/ros/jazzy/include/fastcdr -isystem /opt/ros/jazzy/include/rmw -isystem /opt/ros/jazzy/include/rcutils -isystem /opt/ros/jazzy/include/rosidl_dynamic_typesupport -isystem /opt/ros/jazzy/include/rosidl_runtime_c -isystem /opt/ros/jazzy/include/rosidl_typesupport_interface -isystem /opt/ros/jazzy/include/rosidl_runtime_cpp -isystem /opt/ros/jazzy/include/rosidl_typesupport_fastrtps_cpp -isystem /opt/ros/jazzy/include/std_msgs -isystem /opt/ros/jazzy/include/builtin_interfaces -isystem /opt/ros/jazzy/include/sensor_msgs -isystem /opt/ros/jazzy/include/geometry_msgs -isystem /opt/ros/jazzy/include/service_msgs -std=gnu++17 -fPIC -Wall -Wextra -Wpedantic -Wredundant-decls -MD -MT CMakeFiles/mecheye_ros_interface__rosidl_typesupport_fastrtps_cpp.dir/rosidl_typesupport_fastrtps_cpp/mecheye_ros_interface/srv/detail/dds_fastrtps/get_float_parameter__type_support.cpp.o -MF CMakeFiles/mecheye_ros_interface__rosidl_typesupport_fastrtps_cpp.dir/rosidl_typesupport_fastrtps_cpp/mecheye_ros_interface/srv/detail/dds_fastrtps/get_float_parameter__type_support.cpp.o.d -o CMakeFiles/mecheye_ros_interface__rosidl_typesupport_fastrtps_cpp.dir/rosidl_typesupport_fastrtps_cpp/mecheye_ros_interface/srv/detail/dds_fastrtps/get_float_parameter__type_support.cpp.o -c /home/inauenma/git/mecheye_ros2_interface/build/mecheye_ros_interface/rosidl_typesupport_fastrtps_cpp/mecheye_ros_interface/srv/detail/dds_fastrtps/get_float_parameter__type_support.cpp
[ 84%] Building CXX object CMakeFiles/mecheye_ros_interface__rosidl_typesupport_fastrtps_cpp.dir/rosidl_typesupport_fastrtps_cpp/mecheye_ros_interface/srv/detail/dds_fastrtps/set_float_parameter__type_support.cpp.o
/usr/bin/c++ -DFASTCDR_DYN_LINK -DROSIDL_TYPESUPPORT_FASTRTPS_CPP_BUILDING_DLL_mecheye_ros_interface -DROS_PACKAGE_NAME=\"mecheye_ros_interface\" -I/usr/include/eigen3 -I/home/inauenma/git/mecheye_ros2_interface/build/mecheye_ros_interface/rosidl_typesupport_fastrtps_cpp -I/home/inauenma/git/mecheye_ros2_interface/build/mecheye_ros_interface/rosidl_generator_c -I/home/inauenma/git/mecheye_ros2_interface/build/mecheye_ros_interface/rosidl_generator_cpp -isystem /opt/ros/jazzy/include/fastcdr -isystem /opt/ros/jazzy/include/rmw -isystem /opt/ros/jazzy/include/rcutils -isystem /opt/ros/jazzy/include/rosidl_dynamic_typesupport -isystem /opt/ros/jazzy/include/rosidl_runtime_c -isystem /opt/ros/jazzy/include/rosidl_typesupport_interface -isystem /opt/ros/jazzy/include/rosidl_runtime_cpp -isystem /opt/ros/jazzy/include/rosidl_typesupport_fastrtps_cpp -isystem /opt/ros/jazzy/include/std_msgs -isystem /opt/ros/jazzy/include/builtin_interfaces -isystem /opt/ros/jazzy/include/sensor_msgs -isystem /opt/ros/jazzy/include/geometry_msgs -isystem /opt/ros/jazzy/include/service_msgs -std=gnu++17 -fPIC -Wall -Wextra -Wpedantic -Wredundant-decls -MD -MT CMakeFiles/mecheye_ros_interface__rosidl_typesupport_fastrtps_cpp.dir/rosidl_typesupport_fastrtps_cpp/mecheye_ros_interface/srv/detail/dds_fastrtps/set_float_parameter__type_support.cpp.o -MF CMakeFiles/mecheye_ros_interface__rosidl_typesupport_fastrtps_cpp.dir/rosidl_typesupport_fastrtps_cpp/mecheye_ros_interface/srv/detail/dds_fastrtps/set_float_parameter__type_support.cpp.o.d -o CMakeFiles/mecheye_ros_interface__rosidl_typesupport_fastrtps_cpp.dir/rosidl_typesupport_fastrtps_cpp/mecheye_ros_interface/srv/detail/dds_fastrtps/set_float_parameter__type_support.cpp.o -c /home/inauenma/git/mecheye_ros2_interface/build/mecheye_ros_interface/rosidl_typesupport_fastrtps_cpp/mecheye_ros_interface/srv/detail/dds_fastrtps/set_float_parameter__type_support.cpp
[ 84%] Building CXX object CMakeFiles/mecheye_ros_interface__rosidl_typesupport_fastrtps_c.dir/rosidl_typesupport_fastrtps_c/mecheye_ros_interface/srv/detail/get_float_parameter__type_support_c.cpp.o
/usr/bin/c++ -DFASTCDR_DYN_LINK -DROSIDL_TYPESUPPORT_FASTRTPS_C_BUILDING_DLL_mecheye_ros_interface -DROS_PACKAGE_NAME=\"mecheye_ros_interface\" -I/usr/include/eigen3 -I/home/inauenma/git/mecheye_ros2_interface/build/mecheye_ros_interface/rosidl_typesupport_fastrtps_c -I/home/inauenma/git/mecheye_ros2_interface/build/mecheye_ros_interface/rosidl_generator_c -isystem /opt/ros/jazzy/include/fastcdr -isystem /opt/ros/jazzy/include/rosidl_runtime_c -isystem /opt/ros/jazzy/include/rcutils -isystem /opt/ros/jazzy/include/rosidl_typesupport_interface -isystem /opt/ros/jazzy/include/rosidl_runtime_cpp -isystem /opt/ros/jazzy/include/rosidl_typesupport_fastrtps_cpp -isystem /opt/ros/jazzy/include/rmw -isystem /opt/ros/jazzy/include/rosidl_dynamic_typesupport -isystem /opt/ros/jazzy/include/rosidl_typesupport_fastrtps_c -isystem /opt/ros/jazzy/include/std_msgs -isystem /opt/ros/jazzy/include/builtin_interfaces -isystem /opt/ros/jazzy/include/sensor_msgs -isystem /opt/ros/jazzy/include/geometry_msgs -isystem /opt/ros/jazzy/include/service_msgs -std=gnu++17 -fPIC -Wall -Wextra -Wpedantic -MD -MT CMakeFiles/mecheye_ros_interface__rosidl_typesupport_fastrtps_c.dir/rosidl_typesupport_fastrtps_c/mecheye_ros_interface/srv/detail/get_float_parameter__type_support_c.cpp.o -MF CMakeFiles/mecheye_ros_interface__rosidl_typesupport_fastrtps_c.dir/rosidl_typesupport_fastrtps_c/mecheye_ros_interface/srv/detail/get_float_parameter__type_support_c.cpp.o.d -o CMakeFiles/mecheye_ros_interface__rosidl_typesupport_fastrtps_c.dir/rosidl_typesupport_fastrtps_c/mecheye_ros_interface/srv/detail/get_float_parameter__type_support_c.cpp.o -c /home/inauenma/git/mecheye_ros2_interface/build/mecheye_ros_interface/rosidl_typesupport_fastrtps_c/mecheye_ros_interface/srv/detail/get_float_parameter__type_support_c.cpp
[ 85%] Building CXX object CMakeFiles/mecheye_ros_interface__rosidl_typesupport_fastrtps_c.dir/rosidl_typesupport_fastrtps_c/mecheye_ros_interface/srv/detail/set_float_array_parameter__type_support_c.cpp.o
/usr/bin/c++ -DFASTCDR_DYN_LINK -DROSIDL_TYPESUPPORT_FASTRTPS_C_BUILDING_DLL_mecheye_ros_interface -DROS_PACKAGE_NAME=\"mecheye_ros_interface\" -I/usr/include/eigen3 -I/home/inauenma/git/mecheye_ros2_interface/build/mecheye_ros_interface/rosidl_typesupport_fastrtps_c -I/home/inauenma/git/mecheye_ros2_interface/build/mecheye_ros_interface/rosidl_generator_c -isystem /opt/ros/jazzy/include/fastcdr -isystem /opt/ros/jazzy/include/rosidl_runtime_c -isystem /opt/ros/jazzy/include/rcutils -isystem /opt/ros/jazzy/include/rosidl_typesupport_interface -isystem /opt/ros/jazzy/include/rosidl_runtime_cpp -isystem /opt/ros/jazzy/include/rosidl_typesupport_fastrtps_cpp -isystem /opt/ros/jazzy/include/rmw -isystem /opt/ros/jazzy/include/rosidl_dynamic_typesupport -isystem /opt/ros/jazzy/include/rosidl_typesupport_fastrtps_c -isystem /opt/ros/jazzy/include/std_msgs -isystem /opt/ros/jazzy/include/builtin_interfaces -isystem /opt/ros/jazzy/include/sensor_msgs -isystem /opt/ros/jazzy/include/geometry_msgs -isystem /opt/ros/jazzy/include/service_msgs -std=gnu++17 -fPIC -Wall -Wextra -Wpedantic -MD -MT CMakeFiles/mecheye_ros_interface__rosidl_typesupport_fastrtps_c.dir/rosidl_typesupport_fastrtps_c/mecheye_ros_interface/srv/detail/set_float_array_parameter__type_support_c.cpp.o -MF CMakeFiles/mecheye_ros_interface__rosidl_typesupport_fastrtps_c.dir/rosidl_typesupport_fastrtps_c/mecheye_ros_interface/srv/detail/set_float_array_parameter__type_support_c.cpp.o.d -o CMakeFiles/mecheye_ros_interface__rosidl_typesupport_fastrtps_c.dir/rosidl_typesupport_fastrtps_c/mecheye_ros_interface/srv/detail/set_float_array_parameter__type_support_c.cpp.o -c /home/inauenma/git/mecheye_ros2_interface/build/mecheye_ros_interface/rosidl_typesupport_fastrtps_c/mecheye_ros_interface/srv/detail/set_float_array_parameter__type_support_c.cpp
[ 85%] Building CXX object CMakeFiles/mecheye_ros_interface__rosidl_typesupport_fastrtps_c.dir/rosidl_typesupport_fastrtps_c/mecheye_ros_interface/srv/detail/get_float_array_parameter__type_support_c.cpp.o
/usr/bin/c++ -DFASTCDR_DYN_LINK -DROSIDL_TYPESUPPORT_FASTRTPS_C_BUILDING_DLL_mecheye_ros_interface -DROS_PACKAGE_NAME=\"mecheye_ros_interface\" -I/usr/include/eigen3 -I/home/inauenma/git/mecheye_ros2_interface/build/mecheye_ros_interface/rosidl_typesupport_fastrtps_c -I/home/inauenma/git/mecheye_ros2_interface/build/mecheye_ros_interface/rosidl_generator_c -isystem /opt/ros/jazzy/include/fastcdr -isystem /opt/ros/jazzy/include/rosidl_runtime_c -isystem /opt/ros/jazzy/include/rcutils -isystem /opt/ros/jazzy/include/rosidl_typesupport_interface -isystem /opt/ros/jazzy/include/rosidl_runtime_cpp -isystem /opt/ros/jazzy/include/rosidl_typesupport_fastrtps_cpp -isystem /opt/ros/jazzy/include/rmw -isystem /opt/ros/jazzy/include/rosidl_dynamic_typesupport -isystem /opt/ros/jazzy/include/rosidl_typesupport_fastrtps_c -isystem /opt/ros/jazzy/include/std_msgs -isystem /opt/ros/jazzy/include/builtin_interfaces -isystem /opt/ros/jazzy/include/sensor_msgs -isystem /opt/ros/jazzy/include/geometry_msgs -isystem /opt/ros/jazzy/include/service_msgs -std=gnu++17 -fPIC -Wall -Wextra -Wpedantic -MD -MT CMakeFiles/mecheye_ros_interface__rosidl_typesupport_fastrtps_c.dir/rosidl_typesupport_fastrtps_c/mecheye_ros_interface/srv/detail/get_float_array_parameter__type_support_c.cpp.o -MF CMakeFiles/mecheye_ros_interface__rosidl_typesupport_fastrtps_c.dir/rosidl_typesupport_fastrtps_c/mecheye_ros_interface/srv/detail/get_float_array_parameter__type_support_c.cpp.o.d -o CMakeFiles/mecheye_ros_interface__rosidl_typesupport_fastrtps_c.dir/rosidl_typesupport_fastrtps_c/mecheye_ros_interface/srv/detail/get_float_array_parameter__type_support_c.cpp.o -c /home/inauenma/git/mecheye_ros2_interface/build/mecheye_ros_interface/rosidl_typesupport_fastrtps_c/mecheye_ros_interface/srv/detail/get_float_array_parameter__type_support_c.cpp
[ 85%] Building CXX object CMakeFiles/mecheye_ros_interface__rosidl_typesupport_fastrtps_cpp.dir/rosidl_typesupport_fastrtps_cpp/mecheye_ros_interface/srv/detail/dds_fastrtps/set_float_array_parameter__type_support.cpp.o
/usr/bin/c++ -DFASTCDR_DYN_LINK -DROSIDL_TYPESUPPORT_FASTRTPS_CPP_BUILDING_DLL_mecheye_ros_interface -DROS_PACKAGE_NAME=\"mecheye_ros_interface\" -I/usr/include/eigen3 -I/home/inauenma/git/mecheye_ros2_interface/build/mecheye_ros_interface/rosidl_typesupport_fastrtps_cpp -I/home/inauenma/git/mecheye_ros2_interface/build/mecheye_ros_interface/rosidl_generator_c -I/home/inauenma/git/mecheye_ros2_interface/build/mecheye_ros_interface/rosidl_generator_cpp -isystem /opt/ros/jazzy/include/fastcdr -isystem /opt/ros/jazzy/include/rmw -isystem /opt/ros/jazzy/include/rcutils -isystem /opt/ros/jazzy/include/rosidl_dynamic_typesupport -isystem /opt/ros/jazzy/include/rosidl_runtime_c -isystem /opt/ros/jazzy/include/rosidl_typesupport_interface -isystem /opt/ros/jazzy/include/rosidl_runtime_cpp -isystem /opt/ros/jazzy/include/rosidl_typesupport_fastrtps_cpp -isystem /opt/ros/jazzy/include/std_msgs -isystem /opt/ros/jazzy/include/builtin_interfaces -isystem /opt/ros/jazzy/include/sensor_msgs -isystem /opt/ros/jazzy/include/geometry_msgs -isystem /opt/ros/jazzy/include/service_msgs -std=gnu++17 -fPIC -Wall -Wextra -Wpedantic -Wredundant-decls -MD -MT CMakeFiles/mecheye_ros_interface__rosidl_typesupport_fastrtps_cpp.dir/rosidl_typesupport_fastrtps_cpp/mecheye_ros_interface/srv/detail/dds_fastrtps/set_float_array_parameter__type_support.cpp.o -MF CMakeFiles/mecheye_ros_interface__rosidl_typesupport_fastrtps_cpp.dir/rosidl_typesupport_fastrtps_cpp/mecheye_ros_interface/srv/detail/dds_fastrtps/set_float_array_parameter__type_support.cpp.o.d -o CMakeFiles/mecheye_ros_interface__rosidl_typesupport_fastrtps_cpp.dir/rosidl_typesupport_fastrtps_cpp/mecheye_ros_interface/srv/detail/dds_fastrtps/set_float_array_parameter__type_support.cpp.o -c /home/inauenma/git/mecheye_ros2_interface/build/mecheye_ros_interface/rosidl_typesupport_fastrtps_cpp/mecheye_ros_interface/srv/detail/dds_fastrtps/set_float_array_parameter__type_support.cpp
[ 86%] Building CXX object CMakeFiles/mecheye_ros_interface__rosidl_typesupport_fastrtps_cpp.dir/rosidl_typesupport_fastrtps_cpp/mecheye_ros_interface/srv/detail/dds_fastrtps/get_float_array_parameter__type_support.cpp.o
/usr/bin/c++ -DFASTCDR_DYN_LINK -DROSIDL_TYPESUPPORT_FASTRTPS_CPP_BUILDING_DLL_mecheye_ros_interface -DROS_PACKAGE_NAME=\"mecheye_ros_interface\" -I/usr/include/eigen3 -I/home/inauenma/git/mecheye_ros2_interface/build/mecheye_ros_interface/rosidl_typesupport_fastrtps_cpp -I/home/inauenma/git/mecheye_ros2_interface/build/mecheye_ros_interface/rosidl_generator_c -I/home/inauenma/git/mecheye_ros2_interface/build/mecheye_ros_interface/rosidl_generator_cpp -isystem /opt/ros/jazzy/include/fastcdr -isystem /opt/ros/jazzy/include/rmw -isystem /opt/ros/jazzy/include/rcutils -isystem /opt/ros/jazzy/include/rosidl_dynamic_typesupport -isystem /opt/ros/jazzy/include/rosidl_runtime_c -isystem /opt/ros/jazzy/include/rosidl_typesupport_interface -isystem /opt/ros/jazzy/include/rosidl_runtime_cpp -isystem /opt/ros/jazzy/include/rosidl_typesupport_fastrtps_cpp -isystem /opt/ros/jazzy/include/std_msgs -isystem /opt/ros/jazzy/include/builtin_interfaces -isystem /opt/ros/jazzy/include/sensor_msgs -isystem /opt/ros/jazzy/include/geometry_msgs -isystem /opt/ros/jazzy/include/service_msgs -std=gnu++17 -fPIC -Wall -Wextra -Wpedantic -Wredundant-decls -MD -MT CMakeFiles/mecheye_ros_interface__rosidl_typesupport_fastrtps_cpp.dir/rosidl_typesupport_fastrtps_cpp/mecheye_ros_interface/srv/detail/dds_fastrtps/get_float_array_parameter__type_support.cpp.o -MF CMakeFiles/mecheye_ros_interface__rosidl_typesupport_fastrtps_cpp.dir/rosidl_typesupport_fastrtps_cpp/mecheye_ros_interface/srv/detail/dds_fastrtps/get_float_array_parameter__type_support.cpp.o.d -o CMakeFiles/mecheye_ros_interface__rosidl_typesupport_fastrtps_cpp.dir/rosidl_typesupport_fastrtps_cpp/mecheye_ros_interface/srv/detail/dds_fastrtps/get_float_array_parameter__type_support.cpp.o -c /home/inauenma/git/mecheye_ros2_interface/build/mecheye_ros_interface/rosidl_typesupport_fastrtps_cpp/mecheye_ros_interface/srv/detail/dds_fastrtps/get_float_array_parameter__type_support.cpp
[ 86%] Building CXX object CMakeFiles/mecheye_ros_interface__rosidl_typesupport_fastrtps_cpp.dir/rosidl_typesupport_fastrtps_cpp/mecheye_ros_interface/srv/detail/dds_fastrtps/set_roi_parameter__type_support.cpp.o
/usr/bin/c++ -DFASTCDR_DYN_LINK -DROSIDL_TYPESUPPORT_FASTRTPS_CPP_BUILDING_DLL_mecheye_ros_interface -DROS_PACKAGE_NAME=\"mecheye_ros_interface\" -I/usr/include/eigen3 -I/home/inauenma/git/mecheye_ros2_interface/build/mecheye_ros_interface/rosidl_typesupport_fastrtps_cpp -I/home/inauenma/git/mecheye_ros2_interface/build/mecheye_ros_interface/rosidl_generator_c -I/home/inauenma/git/mecheye_ros2_interface/build/mecheye_ros_interface/rosidl_generator_cpp -isystem /opt/ros/jazzy/include/fastcdr -isystem /opt/ros/jazzy/include/rmw -isystem /opt/ros/jazzy/include/rcutils -isystem /opt/ros/jazzy/include/rosidl_dynamic_typesupport -isystem /opt/ros/jazzy/include/rosidl_runtime_c -isystem /opt/ros/jazzy/include/rosidl_typesupport_interface -isystem /opt/ros/jazzy/include/rosidl_runtime_cpp -isystem /opt/ros/jazzy/include/rosidl_typesupport_fastrtps_cpp -isystem /opt/ros/jazzy/include/std_msgs -isystem /opt/ros/jazzy/include/builtin_interfaces -isystem /opt/ros/jazzy/include/sensor_msgs -isystem /opt/ros/jazzy/include/geometry_msgs -isystem /opt/ros/jazzy/include/service_msgs -std=gnu++17 -fPIC -Wall -Wextra -Wpedantic -Wredundant-decls -MD -MT CMakeFiles/mecheye_ros_interface__rosidl_typesupport_fastrtps_cpp.dir/rosidl_typesupport_fastrtps_cpp/mecheye_ros_interface/srv/detail/dds_fastrtps/set_roi_parameter__type_support.cpp.o -MF CMakeFiles/mecheye_ros_interface__rosidl_typesupport_fastrtps_cpp.dir/rosidl_typesupport_fastrtps_cpp/mecheye_ros_interface/srv/detail/dds_fastrtps/set_roi_parameter__type_support.cpp.o.d -o CMakeFiles/mecheye_ros_interface__rosidl_typesupport_fastrtps_cpp.dir/rosidl_typesupport_fastrtps_cpp/mecheye_ros_interface/srv/detail/dds_fastrtps/set_roi_parameter__type_support.cpp.o -c /home/inauenma/git/mecheye_ros2_interface/build/mecheye_ros_interface/rosidl_typesupport_fastrtps_cpp/mecheye_ros_interface/srv/detail/dds_fastrtps/set_roi_parameter__type_support.cpp
[ 86%] Building CXX object CMakeFiles/mecheye_ros_interface__rosidl_typesupport_fastrtps_c.dir/rosidl_typesupport_fastrtps_c/mecheye_ros_interface/srv/detail/set_roi_parameter__type_support_c.cpp.o
/usr/bin/c++ -DFASTCDR_DYN_LINK -DROSIDL_TYPESUPPORT_FASTRTPS_C_BUILDING_DLL_mecheye_ros_interface -DROS_PACKAGE_NAME=\"mecheye_ros_interface\" -I/usr/include/eigen3 -I/home/inauenma/git/mecheye_ros2_interface/build/mecheye_ros_interface/rosidl_typesupport_fastrtps_c -I/home/inauenma/git/mecheye_ros2_interface/build/mecheye_ros_interface/rosidl_generator_c -isystem /opt/ros/jazzy/include/fastcdr -isystem /opt/ros/jazzy/include/rosidl_runtime_c -isystem /opt/ros/jazzy/include/rcutils -isystem /opt/ros/jazzy/include/rosidl_typesupport_interface -isystem /opt/ros/jazzy/include/rosidl_runtime_cpp -isystem /opt/ros/jazzy/include/rosidl_typesupport_fastrtps_cpp -isystem /opt/ros/jazzy/include/rmw -isystem /opt/ros/jazzy/include/rosidl_dynamic_typesupport -isystem /opt/ros/jazzy/include/rosidl_typesupport_fastrtps_c -isystem /opt/ros/jazzy/include/std_msgs -isystem /opt/ros/jazzy/include/builtin_interfaces -isystem /opt/ros/jazzy/include/sensor_msgs -isystem /opt/ros/jazzy/include/geometry_msgs -isystem /opt/ros/jazzy/include/service_msgs -std=gnu++17 -fPIC -Wall -Wextra -Wpedantic -MD -MT CMakeFiles/mecheye_ros_interface__rosidl_typesupport_fastrtps_c.dir/rosidl_typesupport_fastrtps_c/mecheye_ros_interface/srv/detail/set_roi_parameter__type_support_c.cpp.o -MF CMakeFiles/mecheye_ros_interface__rosidl_typesupport_fastrtps_c.dir/rosidl_typesupport_fastrtps_c/mecheye_ros_interface/srv/detail/set_roi_parameter__type_support_c.cpp.o.d -o CMakeFiles/mecheye_ros_interface__rosidl_typesupport_fastrtps_c.dir/rosidl_typesupport_fastrtps_c/mecheye_ros_interface/srv/detail/set_roi_parameter__type_support_c.cpp.o -c /home/inauenma/git/mecheye_ros2_interface/build/mecheye_ros_interface/rosidl_typesupport_fastrtps_c/mecheye_ros_interface/srv/detail/set_roi_parameter__type_support_c.cpp
[ 87%] Building CXX object CMakeFiles/mecheye_ros_interface__rosidl_typesupport_fastrtps_cpp.dir/rosidl_typesupport_fastrtps_cpp/mecheye_ros_interface/srv/detail/dds_fastrtps/get_roi_parameter__type_support.cpp.o
/usr/bin/c++ -DFASTCDR_DYN_LINK -DROSIDL_TYPESUPPORT_FASTRTPS_CPP_BUILDING_DLL_mecheye_ros_interface -DROS_PACKAGE_NAME=\"mecheye_ros_interface\" -I/usr/include/eigen3 -I/home/inauenma/git/mecheye_ros2_interface/build/mecheye_ros_interface/rosidl_typesupport_fastrtps_cpp -I/home/inauenma/git/mecheye_ros2_interface/build/mecheye_ros_interface/rosidl_generator_c -I/home/inauenma/git/mecheye_ros2_interface/build/mecheye_ros_interface/rosidl_generator_cpp -isystem /opt/ros/jazzy/include/fastcdr -isystem /opt/ros/jazzy/include/rmw -isystem /opt/ros/jazzy/include/rcutils -isystem /opt/ros/jazzy/include/rosidl_dynamic_typesupport -isystem /opt/ros/jazzy/include/rosidl_runtime_c -isystem /opt/ros/jazzy/include/rosidl_typesupport_interface -isystem /opt/ros/jazzy/include/rosidl_runtime_cpp -isystem /opt/ros/jazzy/include/rosidl_typesupport_fastrtps_cpp -isystem /opt/ros/jazzy/include/std_msgs -isystem /opt/ros/jazzy/include/builtin_interfaces -isystem /opt/ros/jazzy/include/sensor_msgs -isystem /opt/ros/jazzy/include/geometry_msgs -isystem /opt/ros/jazzy/include/service_msgs -std=gnu++17 -fPIC -Wall -Wextra -Wpedantic -Wredundant-decls -MD -MT CMakeFiles/mecheye_ros_interface__rosidl_typesupport_fastrtps_cpp.dir/rosidl_typesupport_fastrtps_cpp/mecheye_ros_interface/srv/detail/dds_fastrtps/get_roi_parameter__type_support.cpp.o -MF CMakeFiles/mecheye_ros_interface__rosidl_typesupport_fastrtps_cpp.dir/rosidl_typesupport_fastrtps_cpp/mecheye_ros_interface/srv/detail/dds_fastrtps/get_roi_parameter__type_support.cpp.o.d -o CMakeFiles/mecheye_ros_interface__rosidl_typesupport_fastrtps_cpp.dir/rosidl_typesupport_fastrtps_cpp/mecheye_ros_interface/srv/detail/dds_fastrtps/get_roi_parameter__type_support.cpp.o -c /home/inauenma/git/mecheye_ros2_interface/build/mecheye_ros_interface/rosidl_typesupport_fastrtps_cpp/mecheye_ros_interface/srv/detail/dds_fastrtps/get_roi_parameter__type_support.cpp
[ 87%] Linking CXX shared library libmecheye_ros_interface__rosidl_typesupport_introspection_cpp.so
/usr/bin/cmake -E cmake_link_script CMakeFiles/mecheye_ros_interface__rosidl_typesupport_introspection_cpp.dir/link.txt --verbose=1
/usr/bin/c++ -fPIC -shared -Wl,-soname,libmecheye_ros_interface__rosidl_typesupport_introspection_cpp.so -o libmecheye_ros_interface__rosidl_typesupport_introspection_cpp.so CMakeFiles/mecheye_ros_interface__rosidl_typesupport_introspection_cpp.dir/rosidl_typesupport_introspection_cpp/mecheye_ros_interface/srv/detail/set_current_user_set__type_support.cpp.o CMakeFiles/mecheye_ros_interface__rosidl_typesupport_introspection_cpp.dir/rosidl_typesupport_introspection_cpp/mecheye_ros_interface/srv/detail/save_all_settings_to_user_sets__type_support.cpp.o CMakeFiles/mecheye_ros_interface__rosidl_typesupport_introspection_cpp.dir/rosidl_typesupport_introspection_cpp/mecheye_ros_interface/srv/detail/add_user_set__type_support.cpp.o CMakeFiles/mecheye_ros_interface__rosidl_typesupport_introspection_cpp.dir/rosidl_typesupport_introspection_cpp/mecheye_ros_interface/srv/detail/capture_color_image__type_support.cpp.o CMakeFiles/mecheye_ros_interface__rosidl_typesupport_introspection_cpp.dir/rosidl_typesupport_introspection_cpp/mecheye_ros_interface/srv/detail/capture_stereo_color_images__type_support.cpp.o CMakeFiles/mecheye_ros_interface__rosidl_typesupport_introspection_cpp.dir/rosidl_typesupport_introspection_cpp/mecheye_ros_interface/srv/detail/capture_textured_point_cloud__type_support.cpp.o CMakeFiles/mecheye_ros_interface__rosidl_typesupport_introspection_cpp.dir/rosidl_typesupport_introspection_cpp/mecheye_ros_interface/srv/detail/capture_depth_map__type_support.cpp.o CMakeFiles/mecheye_ros_interface__rosidl_typesupport_introspection_cpp.dir/rosidl_typesupport_introspection_cpp/mecheye_ros_interface/srv/detail/capture_point_cloud__type_support.cpp.o CMakeFiles/mecheye_ros_interface__rosidl_typesupport_introspection_cpp.dir/rosidl_typesupport_introspection_cpp/mecheye_ros_interface/srv/detail/delete_user_set__type_support.cpp.o CMakeFiles/mecheye_ros_interface__rosidl_typesupport_introspection_cpp.dir/rosidl_typesupport_introspection_cpp/mecheye_ros_interface/srv/detail/device_info__type_support.cpp.o CMakeFiles/mecheye_ros_interface__rosidl_typesupport_introspection_cpp.dir/rosidl_typesupport_introspection_cpp/mecheye_ros_interface/srv/detail/get_all_user_sets__type_support.cpp.o CMakeFiles/mecheye_ros_interface__rosidl_typesupport_introspection_cpp.dir/rosidl_typesupport_introspection_cpp/mecheye_ros_interface/srv/detail/get_current_user_set__type_support.cpp.o CMakeFiles/mecheye_ros_interface__rosidl_typesupport_introspection_cpp.dir/rosidl_typesupport_introspection_cpp/mecheye_ros_interface/srv/detail/set_int_parameter__type_support.cpp.o CMakeFiles/mecheye_ros_interface__rosidl_typesupport_introspection_cpp.dir/rosidl_typesupport_introspection_cpp/mecheye_ros_interface/srv/detail/get_int_parameter__type_support.cpp.o CMakeFiles/mecheye_ros_interface__rosidl_typesupport_introspection_cpp.dir/rosidl_typesupport_introspection_cpp/mecheye_ros_interface/srv/detail/set_range_parameter__type_support.cpp.o CMakeFiles/mecheye_ros_interface__rosidl_typesupport_introspection_cpp.dir/rosidl_typesupport_introspection_cpp/mecheye_ros_interface/srv/detail/get_range_parameter__type_support.cpp.o CMakeFiles/mecheye_ros_interface__rosidl_typesupport_introspection_cpp.dir/rosidl_typesupport_introspection_cpp/mecheye_ros_interface/srv/detail/set_bool_parameter__type_support.cpp.o CMakeFiles/mecheye_ros_interface__rosidl_typesupport_introspection_cpp.dir/rosidl_typesupport_introspection_cpp/mecheye_ros_interface/srv/detail/get_bool_parameter__type_support.cpp.o CMakeFiles/mecheye_ros_interface__rosidl_typesupport_introspection_cpp.dir/rosidl_typesupport_introspection_cpp/mecheye_ros_interface/srv/detail/set_enum_parameter__type_support.cpp.o CMakeFiles/mecheye_ros_interface__rosidl_typesupport_introspection_cpp.dir/rosidl_typesupport_introspection_cpp/mecheye_ros_interface/srv/detail/get_enum_parameter__type_support.cpp.o CMakeFiles/mecheye_ros_interface__rosidl_typesupport_introspection_cpp.dir/rosidl_typesupport_introspection_cpp/mecheye_ros_interface/srv/detail/set_float_parameter__type_support.cpp.o CMakeFiles/mecheye_ros_interface__rosidl_typesupport_introspection_cpp.dir/rosidl_typesupport_introspection_cpp/mecheye_ros_interface/srv/detail/get_float_parameter__type_support.cpp.o CMakeFiles/mecheye_ros_interface__rosidl_typesupport_introspection_cpp.dir/rosidl_typesupport_introspection_cpp/mecheye_ros_interface/srv/detail/set_float_array_parameter__type_support.cpp.o CMakeFiles/mecheye_ros_interface__rosidl_typesupport_introspection_cpp.dir/rosidl_typesupport_introspection_cpp/mecheye_ros_interface/srv/detail/get_float_array_parameter__type_support.cpp.o CMakeFiles/mecheye_ros_interface__rosidl_typesupport_introspection_cpp.dir/rosidl_typesupport_introspection_cpp/mecheye_ros_interface/srv/detail/set_roi_parameter__type_support.cpp.o CMakeFiles/mecheye_ros_interface__rosidl_typesupport_introspection_cpp.dir/rosidl_typesupport_introspection_cpp/mecheye_ros_interface/srv/detail/get_roi_parameter__type_support.cpp.o  -Wl,-rpath,/home/inauenma/git/mecheye_ros2_interface/build/mecheye_ros_interface:/opt/ros/jazzy/lib: libmecheye_ros_interface__rosidl_generator_c.so /opt/ros/jazzy/lib/libsensor_msgs__rosidl_typesupport_introspection_cpp.so /opt/ros/jazzy/lib/libgeometry_msgs__rosidl_typesupport_introspection_cpp.so /opt/ros/jazzy/lib/libservice_msgs__rosidl_typesupport_introspection_cpp.so /opt/ros/jazzy/lib/libstd_msgs__rosidl_typesupport_introspection_cpp.so /opt/ros/jazzy/lib/libbuiltin_interfaces__rosidl_typesupport_introspection_cpp.so /opt/ros/jazzy/lib/librosidl_typesupport_introspection_cpp.so /opt/ros/jazzy/lib/librosidl_typesupport_introspection_c.so /opt/ros/jazzy/lib/libsensor_msgs__rosidl_generator_c.so /opt/ros/jazzy/lib/libgeometry_msgs__rosidl_generator_c.so /opt/ros/jazzy/lib/libstd_msgs__rosidl_generator_c.so /opt/ros/jazzy/lib/libservice_msgs__rosidl_generator_c.so /opt/ros/jazzy/lib/libbuiltin_interfaces__rosidl_generator_c.so /opt/ros/jazzy/lib/librosidl_runtime_c.so /opt/ros/jazzy/lib/librcutils.so -ldl -latomic 
[ 88%] Building CXX object CMakeFiles/mecheye_ros_interface__rosidl_typesupport_fastrtps_c.dir/rosidl_typesupport_fastrtps_c/mecheye_ros_interface/srv/detail/get_roi_parameter__type_support_c.cpp.o
/usr/bin/c++ -DFASTCDR_DYN_LINK -DROSIDL_TYPESUPPORT_FASTRTPS_C_BUILDING_DLL_mecheye_ros_interface -DROS_PACKAGE_NAME=\"mecheye_ros_interface\" -I/usr/include/eigen3 -I/home/inauenma/git/mecheye_ros2_interface/build/mecheye_ros_interface/rosidl_typesupport_fastrtps_c -I/home/inauenma/git/mecheye_ros2_interface/build/mecheye_ros_interface/rosidl_generator_c -isystem /opt/ros/jazzy/include/fastcdr -isystem /opt/ros/jazzy/include/rosidl_runtime_c -isystem /opt/ros/jazzy/include/rcutils -isystem /opt/ros/jazzy/include/rosidl_typesupport_interface -isystem /opt/ros/jazzy/include/rosidl_runtime_cpp -isystem /opt/ros/jazzy/include/rosidl_typesupport_fastrtps_cpp -isystem /opt/ros/jazzy/include/rmw -isystem /opt/ros/jazzy/include/rosidl_dynamic_typesupport -isystem /opt/ros/jazzy/include/rosidl_typesupport_fastrtps_c -isystem /opt/ros/jazzy/include/std_msgs -isystem /opt/ros/jazzy/include/builtin_interfaces -isystem /opt/ros/jazzy/include/sensor_msgs -isystem /opt/ros/jazzy/include/geometry_msgs -isystem /opt/ros/jazzy/include/service_msgs -std=gnu++17 -fPIC -Wall -Wextra -Wpedantic -MD -MT CMakeFiles/mecheye_ros_interface__rosidl_typesupport_fastrtps_c.dir/rosidl_typesupport_fastrtps_c/mecheye_ros_interface/srv/detail/get_roi_parameter__type_support_c.cpp.o -MF CMakeFiles/mecheye_ros_interface__rosidl_typesupport_fastrtps_c.dir/rosidl_typesupport_fastrtps_c/mecheye_ros_interface/srv/detail/get_roi_parameter__type_support_c.cpp.o.d -o CMakeFiles/mecheye_ros_interface__rosidl_typesupport_fastrtps_c.dir/rosidl_typesupport_fastrtps_c/mecheye_ros_interface/srv/detail/get_roi_parameter__type_support_c.cpp.o -c /home/inauenma/git/mecheye_ros2_interface/build/mecheye_ros_interface/rosidl_typesupport_fastrtps_c/mecheye_ros_interface/srv/detail/get_roi_parameter__type_support_c.cpp
gmake[2]: Leaving directory '/home/inauenma/git/mecheye_ros2_interface/build/mecheye_ros_interface'
[ 88%] Built target mecheye_ros_interface__rosidl_typesupport_introspection_cpp
[ 88%] Linking CXX shared library libmecheye_ros_interface__rosidl_typesupport_fastrtps_cpp.so
/usr/bin/cmake -E cmake_link_script CMakeFiles/mecheye_ros_interface__rosidl_typesupport_fastrtps_cpp.dir/link.txt --verbose=1
[ 88%] Linking CXX shared library libmecheye_ros_interface__rosidl_typesupport_fastrtps_c.so
/usr/bin/cmake -E cmake_link_script CMakeFiles/mecheye_ros_interface__rosidl_typesupport_fastrtps_c.dir/link.txt --verbose=1
/usr/bin/c++ -fPIC -shared -Wl,-soname,libmecheye_ros_interface__rosidl_typesupport_fastrtps_cpp.so -o libmecheye_ros_interface__rosidl_typesupport_fastrtps_cpp.so CMakeFiles/mecheye_ros_interface__rosidl_typesupport_fastrtps_cpp.dir/rosidl_typesupport_fastrtps_cpp/mecheye_ros_interface/srv/detail/dds_fastrtps/set_current_user_set__type_support.cpp.o CMakeFiles/mecheye_ros_interface__rosidl_typesupport_fastrtps_cpp.dir/rosidl_typesupport_fastrtps_cpp/mecheye_ros_interface/srv/detail/dds_fastrtps/save_all_settings_to_user_sets__type_support.cpp.o CMakeFiles/mecheye_ros_interface__rosidl_typesupport_fastrtps_cpp.dir/rosidl_typesupport_fastrtps_cpp/mecheye_ros_interface/srv/detail/dds_fastrtps/add_user_set__type_support.cpp.o CMakeFiles/mecheye_ros_interface__rosidl_typesupport_fastrtps_cpp.dir/rosidl_typesupport_fastrtps_cpp/mecheye_ros_interface/srv/detail/dds_fastrtps/capture_color_image__type_support.cpp.o CMakeFiles/mecheye_ros_interface__rosidl_typesupport_fastrtps_cpp.dir/rosidl_typesupport_fastrtps_cpp/mecheye_ros_interface/srv/detail/dds_fastrtps/capture_stereo_color_images__type_support.cpp.o CMakeFiles/mecheye_ros_interface__rosidl_typesupport_fastrtps_cpp.dir/rosidl_typesupport_fastrtps_cpp/mecheye_ros_interface/srv/detail/dds_fastrtps/capture_textured_point_cloud__type_support.cpp.o CMakeFiles/mecheye_ros_interface__rosidl_typesupport_fastrtps_cpp.dir/rosidl_typesupport_fastrtps_cpp/mecheye_ros_interface/srv/detail/dds_fastrtps/capture_depth_map__type_support.cpp.o CMakeFiles/mecheye_ros_interface__rosidl_typesupport_fastrtps_cpp.dir/rosidl_typesupport_fastrtps_cpp/mecheye_ros_interface/srv/detail/dds_fastrtps/capture_point_cloud__type_support.cpp.o CMakeFiles/mecheye_ros_interface__rosidl_typesupport_fastrtps_cpp.dir/rosidl_typesupport_fastrtps_cpp/mecheye_ros_interface/srv/detail/dds_fastrtps/delete_user_set__type_support.cpp.o CMakeFiles/mecheye_ros_interface__rosidl_typesupport_fastrtps_cpp.dir/rosidl_typesupport_fastrtps_cpp/mecheye_ros_interface/srv/detail/dds_fastrtps/device_info__type_support.cpp.o CMakeFiles/mecheye_ros_interface__rosidl_typesupport_fastrtps_cpp.dir/rosidl_typesupport_fastrtps_cpp/mecheye_ros_interface/srv/detail/dds_fastrtps/get_all_user_sets__type_support.cpp.o CMakeFiles/mecheye_ros_interface__rosidl_typesupport_fastrtps_cpp.dir/rosidl_typesupport_fastrtps_cpp/mecheye_ros_interface/srv/detail/dds_fastrtps/get_current_user_set__type_support.cpp.o CMakeFiles/mecheye_ros_interface__rosidl_typesupport_fastrtps_cpp.dir/rosidl_typesupport_fastrtps_cpp/mecheye_ros_interface/srv/detail/dds_fastrtps/set_int_parameter__type_support.cpp.o CMakeFiles/mecheye_ros_interface__rosidl_typesupport_fastrtps_cpp.dir/rosidl_typesupport_fastrtps_cpp/mecheye_ros_interface/srv/detail/dds_fastrtps/get_int_parameter__type_support.cpp.o CMakeFiles/mecheye_ros_interface__rosidl_typesupport_fastrtps_cpp.dir/rosidl_typesupport_fastrtps_cpp/mecheye_ros_interface/srv/detail/dds_fastrtps/set_range_parameter__type_support.cpp.o CMakeFiles/mecheye_ros_interface__rosidl_typesupport_fastrtps_cpp.dir/rosidl_typesupport_fastrtps_cpp/mecheye_ros_interface/srv/detail/dds_fastrtps/get_range_parameter__type_support.cpp.o CMakeFiles/mecheye_ros_interface__rosidl_typesupport_fastrtps_cpp.dir/rosidl_typesupport_fastrtps_cpp/mecheye_ros_interface/srv/detail/dds_fastrtps/set_bool_parameter__type_support.cpp.o CMakeFiles/mecheye_ros_interface__rosidl_typesupport_fastrtps_cpp.dir/rosidl_typesupport_fastrtps_cpp/mecheye_ros_interface/srv/detail/dds_fastrtps/get_bool_parameter__type_support.cpp.o CMakeFiles/mecheye_ros_interface__rosidl_typesupport_fastrtps_cpp.dir/rosidl_typesupport_fastrtps_cpp/mecheye_ros_interface/srv/detail/dds_fastrtps/set_enum_parameter__type_support.cpp.o CMakeFiles/mecheye_ros_interface__rosidl_typesupport_fastrtps_cpp.dir/rosidl_typesupport_fastrtps_cpp/mecheye_ros_interface/srv/detail/dds_fastrtps/get_enum_parameter__type_support.cpp.o CMakeFiles/mecheye_ros_interface__rosidl_typesupport_fastrtps_cpp.dir/rosidl_typesupport_fastrtps_cpp/mecheye_ros_interface/srv/detail/dds_fastrtps/set_float_parameter__type_support.cpp.o CMakeFiles/mecheye_ros_interface__rosidl_typesupport_fastrtps_cpp.dir/rosidl_typesupport_fastrtps_cpp/mecheye_ros_interface/srv/detail/dds_fastrtps/get_float_parameter__type_support.cpp.o CMakeFiles/mecheye_ros_interface__rosidl_typesupport_fastrtps_cpp.dir/rosidl_typesupport_fastrtps_cpp/mecheye_ros_interface/srv/detail/dds_fastrtps/set_float_array_parameter__type_support.cpp.o CMakeFiles/mecheye_ros_interface__rosidl_typesupport_fastrtps_cpp.dir/rosidl_typesupport_fastrtps_cpp/mecheye_ros_interface/srv/detail/dds_fastrtps/get_float_array_parameter__type_support.cpp.o CMakeFiles/mecheye_ros_interface__rosidl_typesupport_fastrtps_cpp.dir/rosidl_typesupport_fastrtps_cpp/mecheye_ros_interface/srv/detail/dds_fastrtps/set_roi_parameter__type_support.cpp.o CMakeFiles/mecheye_ros_interface__rosidl_typesupport_fastrtps_cpp.dir/rosidl_typesupport_fastrtps_cpp/mecheye_ros_interface/srv/detail/dds_fastrtps/get_roi_parameter__type_support.cpp.o  -Wl,-rpath,/opt/ros/jazzy/lib:/home/inauenma/git/mecheye_ros2_interface/build/mecheye_ros_interface: /opt/ros/jazzy/lib/libsensor_msgs__rosidl_typesupport_fastrtps_cpp.so /opt/ros/jazzy/lib/libgeometry_msgs__rosidl_typesupport_fastrtps_cpp.so /opt/ros/jazzy/lib/libservice_msgs__rosidl_typesupport_fastrtps_cpp.so libmecheye_ros_interface__rosidl_generator_c.so /opt/ros/jazzy/lib/libstd_msgs__rosidl_typesupport_fastrtps_cpp.so /opt/ros/jazzy/lib/libbuiltin_interfaces__rosidl_typesupport_fastrtps_cpp.so /opt/ros/jazzy/lib/librosidl_typesupport_fastrtps_cpp.so /opt/ros/jazzy/lib/libfastcdr.so.2.2.5 /opt/ros/jazzy/lib/librmw.so /opt/ros/jazzy/lib/librosidl_dynamic_typesupport.so /opt/ros/jazzy/lib/libsensor_msgs__rosidl_generator_c.so /opt/ros/jazzy/lib/libgeometry_msgs__rosidl_generator_c.so /opt/ros/jazzy/lib/libstd_msgs__rosidl_generator_c.so /opt/ros/jazzy/lib/libservice_msgs__rosidl_generator_c.so /opt/ros/jazzy/lib/libbuiltin_interfaces__rosidl_generator_c.so /opt/ros/jazzy/lib/librosidl_runtime_c.so /opt/ros/jazzy/lib/librcutils.so -ldl -latomic 
/usr/bin/c++ -fPIC -shared -Wl,-soname,libmecheye_ros_interface__rosidl_typesupport_fastrtps_c.so -o libmecheye_ros_interface__rosidl_typesupport_fastrtps_c.so CMakeFiles/mecheye_ros_interface__rosidl_typesupport_fastrtps_c.dir/rosidl_typesupport_fastrtps_c/mecheye_ros_interface/srv/detail/set_current_user_set__type_support_c.cpp.o CMakeFiles/mecheye_ros_interface__rosidl_typesupport_fastrtps_c.dir/rosidl_typesupport_fastrtps_c/mecheye_ros_interface/srv/detail/save_all_settings_to_user_sets__type_support_c.cpp.o CMakeFiles/mecheye_ros_interface__rosidl_typesupport_fastrtps_c.dir/rosidl_typesupport_fastrtps_c/mecheye_ros_interface/srv/detail/add_user_set__type_support_c.cpp.o CMakeFiles/mecheye_ros_interface__rosidl_typesupport_fastrtps_c.dir/rosidl_typesupport_fastrtps_c/mecheye_ros_interface/srv/detail/capture_color_image__type_support_c.cpp.o CMakeFiles/mecheye_ros_interface__rosidl_typesupport_fastrtps_c.dir/rosidl_typesupport_fastrtps_c/mecheye_ros_interface/srv/detail/capture_stereo_color_images__type_support_c.cpp.o CMakeFiles/mecheye_ros_interface__rosidl_typesupport_fastrtps_c.dir/rosidl_typesupport_fastrtps_c/mecheye_ros_interface/srv/detail/capture_textured_point_cloud__type_support_c.cpp.o CMakeFiles/mecheye_ros_interface__rosidl_typesupport_fastrtps_c.dir/rosidl_typesupport_fastrtps_c/mecheye_ros_interface/srv/detail/capture_depth_map__type_support_c.cpp.o CMakeFiles/mecheye_ros_interface__rosidl_typesupport_fastrtps_c.dir/rosidl_typesupport_fastrtps_c/mecheye_ros_interface/srv/detail/capture_point_cloud__type_support_c.cpp.o CMakeFiles/mecheye_ros_interface__rosidl_typesupport_fastrtps_c.dir/rosidl_typesupport_fastrtps_c/mecheye_ros_interface/srv/detail/delete_user_set__type_support_c.cpp.o CMakeFiles/mecheye_ros_interface__rosidl_typesupport_fastrtps_c.dir/rosidl_typesupport_fastrtps_c/mecheye_ros_interface/srv/detail/device_info__type_support_c.cpp.o CMakeFiles/mecheye_ros_interface__rosidl_typesupport_fastrtps_c.dir/rosidl_typesupport_fastrtps_c/mecheye_ros_interface/srv/detail/get_all_user_sets__type_support_c.cpp.o CMakeFiles/mecheye_ros_interface__rosidl_typesupport_fastrtps_c.dir/rosidl_typesupport_fastrtps_c/mecheye_ros_interface/srv/detail/get_current_user_set__type_support_c.cpp.o CMakeFiles/mecheye_ros_interface__rosidl_typesupport_fastrtps_c.dir/rosidl_typesupport_fastrtps_c/mecheye_ros_interface/srv/detail/set_int_parameter__type_support_c.cpp.o CMakeFiles/mecheye_ros_interface__rosidl_typesupport_fastrtps_c.dir/rosidl_typesupport_fastrtps_c/mecheye_ros_interface/srv/detail/get_int_parameter__type_support_c.cpp.o CMakeFiles/mecheye_ros_interface__rosidl_typesupport_fastrtps_c.dir/rosidl_typesupport_fastrtps_c/mecheye_ros_interface/srv/detail/set_range_parameter__type_support_c.cpp.o CMakeFiles/mecheye_ros_interface__rosidl_typesupport_fastrtps_c.dir/rosidl_typesupport_fastrtps_c/mecheye_ros_interface/srv/detail/get_range_parameter__type_support_c.cpp.o CMakeFiles/mecheye_ros_interface__rosidl_typesupport_fastrtps_c.dir/rosidl_typesupport_fastrtps_c/mecheye_ros_interface/srv/detail/set_bool_parameter__type_support_c.cpp.o CMakeFiles/mecheye_ros_interface__rosidl_typesupport_fastrtps_c.dir/rosidl_typesupport_fastrtps_c/mecheye_ros_interface/srv/detail/get_bool_parameter__type_support_c.cpp.o CMakeFiles/mecheye_ros_interface__rosidl_typesupport_fastrtps_c.dir/rosidl_typesupport_fastrtps_c/mecheye_ros_interface/srv/detail/set_enum_parameter__type_support_c.cpp.o CMakeFiles/mecheye_ros_interface__rosidl_typesupport_fastrtps_c.dir/rosidl_typesupport_fastrtps_c/mecheye_ros_interface/srv/detail/get_enum_parameter__type_support_c.cpp.o CMakeFiles/mecheye_ros_interface__rosidl_typesupport_fastrtps_c.dir/rosidl_typesupport_fastrtps_c/mecheye_ros_interface/srv/detail/set_float_parameter__type_support_c.cpp.o CMakeFiles/mecheye_ros_interface__rosidl_typesupport_fastrtps_c.dir/rosidl_typesupport_fastrtps_c/mecheye_ros_interface/srv/detail/get_float_parameter__type_support_c.cpp.o CMakeFiles/mecheye_ros_interface__rosidl_typesupport_fastrtps_c.dir/rosidl_typesupport_fastrtps_c/mecheye_ros_interface/srv/detail/set_float_array_parameter__type_support_c.cpp.o CMakeFiles/mecheye_ros_interface__rosidl_typesupport_fastrtps_c.dir/rosidl_typesupport_fastrtps_c/mecheye_ros_interface/srv/detail/get_float_array_parameter__type_support_c.cpp.o CMakeFiles/mecheye_ros_interface__rosidl_typesupport_fastrtps_c.dir/rosidl_typesupport_fastrtps_c/mecheye_ros_interface/srv/detail/set_roi_parameter__type_support_c.cpp.o CMakeFiles/mecheye_ros_interface__rosidl_typesupport_fastrtps_c.dir/rosidl_typesupport_fastrtps_c/mecheye_ros_interface/srv/detail/get_roi_parameter__type_support_c.cpp.o  -Wl,-rpath,/home/inauenma/git/mecheye_ros2_interface/build/mecheye_ros_interface:/opt/ros/jazzy/lib: libmecheye_ros_interface__rosidl_generator_c.so /opt/ros/jazzy/lib/libsensor_msgs__rosidl_typesupport_fastrtps_c.so /opt/ros/jazzy/lib/libgeometry_msgs__rosidl_typesupport_fastrtps_c.so /opt/ros/jazzy/lib/libservice_msgs__rosidl_typesupport_fastrtps_c.so /opt/ros/jazzy/lib/libstd_msgs__rosidl_typesupport_fastrtps_c.so /opt/ros/jazzy/lib/libbuiltin_interfaces__rosidl_typesupport_fastrtps_c.so /opt/ros/jazzy/lib/librosidl_typesupport_fastrtps_cpp.so /opt/ros/jazzy/lib/librmw.so /opt/ros/jazzy/lib/librosidl_dynamic_typesupport.so /opt/ros/jazzy/lib/librosidl_typesupport_fastrtps_c.so /opt/ros/jazzy/lib/libfastcdr.so.2.2.5 /opt/ros/jazzy/lib/libsensor_msgs__rosidl_generator_c.so /opt/ros/jazzy/lib/libgeometry_msgs__rosidl_generator_c.so /opt/ros/jazzy/lib/libstd_msgs__rosidl_generator_c.so /opt/ros/jazzy/lib/libservice_msgs__rosidl_generator_c.so /opt/ros/jazzy/lib/libbuiltin_interfaces__rosidl_generator_c.so /opt/ros/jazzy/lib/librosidl_runtime_c.so /opt/ros/jazzy/lib/librcutils.so -ldl -latomic 
gmake[2]: Leaving directory '/home/inauenma/git/mecheye_ros2_interface/build/mecheye_ros_interface'
[ 88%] Built target mecheye_ros_interface__rosidl_typesupport_fastrtps_c
gmake[2]: Leaving directory '/home/inauenma/git/mecheye_ros2_interface/build/mecheye_ros_interface'
[ 88%] Built target mecheye_ros_interface__rosidl_typesupport_fastrtps_cpp
/usr/bin/gmake  -f CMakeFiles/mecheye_ros_interface.dir/build.make CMakeFiles/mecheye_ros_interface.dir/depend
gmake[2]: Entering directory '/home/inauenma/git/mecheye_ros2_interface/build/mecheye_ros_interface'
cd /home/inauenma/git/mecheye_ros2_interface/build/mecheye_ros_interface && /usr/bin/cmake -E cmake_depends "Unix Makefiles" /home/inauenma/git/mecheye_ros2_interface /home/inauenma/git/mecheye_ros2_interface /home/inauenma/git/mecheye_ros2_interface/build/mecheye_ros_interface /home/inauenma/git/mecheye_ros2_interface/build/mecheye_ros_interface /home/inauenma/git/mecheye_ros2_interface/build/mecheye_ros_interface/CMakeFiles/mecheye_ros_interface.dir/DependInfo.cmake "--color="
gmake[2]: Leaving directory '/home/inauenma/git/mecheye_ros2_interface/build/mecheye_ros_interface'
/usr/bin/gmake  -f CMakeFiles/mecheye_ros_interface.dir/build.make CMakeFiles/mecheye_ros_interface.dir/build
gmake[2]: Entering directory '/home/inauenma/git/mecheye_ros2_interface/build/mecheye_ros_interface'
gmake[2]: Nothing to be done for 'CMakeFiles/mecheye_ros_interface.dir/build'.
gmake[2]: Leaving directory '/home/inauenma/git/mecheye_ros2_interface/build/mecheye_ros_interface'
[ 88%] Built target mecheye_ros_interface
/usr/bin/gmake  -f mecheye_ros_interface__py/CMakeFiles/mecheye_ros_interface__py.dir/build.make mecheye_ros_interface__py/CMakeFiles/mecheye_ros_interface__py.dir/depend
gmake[2]: Entering directory '/home/inauenma/git/mecheye_ros2_interface/build/mecheye_ros_interface'
cd /home/inauenma/git/mecheye_ros2_interface/build/mecheye_ros_interface && /usr/bin/cmake -E cmake_depends "Unix Makefiles" /home/inauenma/git/mecheye_ros2_interface /home/inauenma/git/mecheye_ros2_interface/build/mecheye_ros_interface/mecheye_ros_interface__py /home/inauenma/git/mecheye_ros2_interface/build/mecheye_ros_interface /home/inauenma/git/mecheye_ros2_interface/build/mecheye_ros_interface/mecheye_ros_interface__py /home/inauenma/git/mecheye_ros2_interface/build/mecheye_ros_interface/mecheye_ros_interface__py/CMakeFiles/mecheye_ros_interface__py.dir/DependInfo.cmake "--color="
gmake[2]: Leaving directory '/home/inauenma/git/mecheye_ros2_interface/build/mecheye_ros_interface'
/usr/bin/gmake  -f mecheye_ros_interface__py/CMakeFiles/mecheye_ros_interface__py.dir/build.make mecheye_ros_interface__py/CMakeFiles/mecheye_ros_interface__py.dir/build
gmake[2]: Entering directory '/home/inauenma/git/mecheye_ros2_interface/build/mecheye_ros_interface'
[ 88%] Generating Python code for ROS interfaces
cd /home/inauenma/git/mecheye_ros2_interface/build/mecheye_ros_interface/mecheye_ros_interface__py && /usr/bin/python3 /opt/ros/jazzy/share/rosidl_generator_py/cmake/../../../lib/rosidl_generator_py/rosidl_generator_py --generator-arguments-file /home/inauenma/git/mecheye_ros2_interface/build/mecheye_ros_interface/rosidl_generator_py__arguments.json --typesupport-impls "rosidl_typesupport_fastrtps_c;rosidl_typesupport_introspection_c;rosidl_typesupport_c"
gmake[2]: Leaving directory '/home/inauenma/git/mecheye_ros2_interface/build/mecheye_ros_interface'
[ 88%] Built target mecheye_ros_interface__py
/usr/bin/gmake  -f CMakeFiles/mecheye_ros_interface__rosidl_generator_py.dir/build.make CMakeFiles/mecheye_ros_interface__rosidl_generator_py.dir/depend
gmake[2]: Entering directory '/home/inauenma/git/mecheye_ros2_interface/build/mecheye_ros_interface'
cd /home/inauenma/git/mecheye_ros2_interface/build/mecheye_ros_interface && /usr/bin/cmake -E cmake_depends "Unix Makefiles" /home/inauenma/git/mecheye_ros2_interface /home/inauenma/git/mecheye_ros2_interface /home/inauenma/git/mecheye_ros2_interface/build/mecheye_ros_interface /home/inauenma/git/mecheye_ros2_interface/build/mecheye_ros_interface /home/inauenma/git/mecheye_ros2_interface/build/mecheye_ros_interface/CMakeFiles/mecheye_ros_interface__rosidl_generator_py.dir/DependInfo.cmake "--color="
gmake[2]: Leaving directory '/home/inauenma/git/mecheye_ros2_interface/build/mecheye_ros_interface'
/usr/bin/gmake  -f CMakeFiles/mecheye_ros_interface__rosidl_generator_py.dir/build.make CMakeFiles/mecheye_ros_interface__rosidl_generator_py.dir/build
gmake[2]: Entering directory '/home/inauenma/git/mecheye_ros2_interface/build/mecheye_ros_interface'
[ 89%] Building C object CMakeFiles/mecheye_ros_interface__rosidl_generator_py.dir/rosidl_generator_py/mecheye_ros_interface/srv/_save_all_settings_to_user_sets_s.c.o
[ 89%] Building C object CMakeFiles/mecheye_ros_interface__rosidl_generator_py.dir/rosidl_generator_py/mecheye_ros_interface/srv/_capture_color_image_s.c.o
[ 89%] Building C object CMakeFiles/mecheye_ros_interface__rosidl_generator_py.dir/rosidl_generator_py/mecheye_ros_interface/srv/_delete_user_set_s.c.o
[ 89%] Building C object CMakeFiles/mecheye_ros_interface__rosidl_generator_py.dir/rosidl_generator_py/mecheye_ros_interface/srv/_add_user_set_s.c.o
[ 90%] Building C object CMakeFiles/mecheye_ros_interface__rosidl_generator_py.dir/rosidl_generator_py/mecheye_ros_interface/srv/_capture_stereo_color_images_s.c.o
[ 90%] Building C object CMakeFiles/mecheye_ros_interface__rosidl_generator_py.dir/rosidl_generator_py/mecheye_ros_interface/srv/_get_all_user_sets_s.c.o
[ 90%] Building C object CMakeFiles/mecheye_ros_interface__rosidl_generator_py.dir/rosidl_generator_py/mecheye_ros_interface/srv/_capture_textured_point_cloud_s.c.o
[ 91%] Building C object CMakeFiles/mecheye_ros_interface__rosidl_generator_py.dir/rosidl_generator_py/mecheye_ros_interface/srv/_capture_point_cloud_s.c.o
[ 91%] Building C object CMakeFiles/mecheye_ros_interface__rosidl_generator_py.dir/rosidl_generator_py/mecheye_ros_interface/srv/_device_info_s.c.o
/usr/bin/cc -DFASTCDR_DYN_LINK -DROS_PACKAGE_NAME=\"mecheye_ros_interface\" -Dmecheye_ros_interface__rosidl_generator_py_EXPORTS -I/usr/include/eigen3 -I/home/inauenma/git/mecheye_ros2_interface/build/mecheye_ros_interface/rosidl_generator_c -I/home/inauenma/git/mecheye_ros2_interface/build/mecheye_ros_interface/rosidl_generator_py -isystem /opt/ros/jazzy/include/std_msgs -isystem /opt/ros/jazzy/include/builtin_interfaces -isystem /opt/ros/jazzy/include/rosidl_runtime_c -isystem /opt/ros/jazzy/include/rcutils -isystem /opt/ros/jazzy/include/rosidl_typesupport_interface -isystem /opt/ros/jazzy/include/sensor_msgs -isystem /opt/ros/jazzy/include/geometry_msgs -isystem /opt/ros/jazzy/include/service_msgs -isystem /usr/lib/python3/dist-packages/numpy/core/include -isystem /usr/include/python3.12 -isystem /opt/ros/jazzy/include/fastcdr -isystem /opt/ros/jazzy/include/rosidl_runtime_cpp -isystem /opt/ros/jazzy/include/rosidl_typesupport_fastrtps_cpp -isystem /opt/ros/jazzy/include/rmw -isystem /opt/ros/jazzy/include/rosidl_dynamic_typesupport -isystem /opt/ros/jazzy/include/rosidl_typesupport_fastrtps_c -isystem /opt/ros/jazzy/include/rosidl_typesupport_introspection_c -isystem /opt/ros/jazzy/include/rosidl_typesupport_introspection_cpp -fPIC -Wall -Wextra -MD -MT CMakeFiles/mecheye_ros_interface__rosidl_generator_py.dir/rosidl_generator_py/mecheye_ros_interface/srv/_save_all_settings_to_user_sets_s.c.o -MF CMakeFiles/mecheye_ros_interface__rosidl_generator_py.dir/rosidl_generator_py/mecheye_ros_interface/srv/_save_all_settings_to_user_sets_s.c.o.d -o CMakeFiles/mecheye_ros_interface__rosidl_generator_py.dir/rosidl_generator_py/mecheye_ros_interface/srv/_save_all_settings_to_user_sets_s.c.o -c /home/inauenma/git/mecheye_ros2_interface/build/mecheye_ros_interface/rosidl_generator_py/mecheye_ros_interface/srv/_save_all_settings_to_user_sets_s.c
/usr/bin/cc -DFASTCDR_DYN_LINK -DROS_PACKAGE_NAME=\"mecheye_ros_interface\" -Dmecheye_ros_interface__rosidl_generator_py_EXPORTS -I/usr/include/eigen3 -I/home/inauenma/git/mecheye_ros2_interface/build/mecheye_ros_interface/rosidl_generator_c -I/home/inauenma/git/mecheye_ros2_interface/build/mecheye_ros_interface/rosidl_generator_py -isystem /opt/ros/jazzy/include/std_msgs -isystem /opt/ros/jazzy/include/builtin_interfaces -isystem /opt/ros/jazzy/include/rosidl_runtime_c -isystem /opt/ros/jazzy/include/rcutils -isystem /opt/ros/jazzy/include/rosidl_typesupport_interface -isystem /opt/ros/jazzy/include/sensor_msgs -isystem /opt/ros/jazzy/include/geometry_msgs -isystem /opt/ros/jazzy/include/service_msgs -isystem /usr/lib/python3/dist-packages/numpy/core/include -isystem /usr/include/python3.12 -isystem /opt/ros/jazzy/include/fastcdr -isystem /opt/ros/jazzy/include/rosidl_runtime_cpp -isystem /opt/ros/jazzy/include/rosidl_typesupport_fastrtps_cpp -isystem /opt/ros/jazzy/include/rmw -isystem /opt/ros/jazzy/include/rosidl_dynamic_typesupport -isystem /opt/ros/jazzy/include/rosidl_typesupport_fastrtps_c -isystem /opt/ros/jazzy/include/rosidl_typesupport_introspection_c -isystem /opt/ros/jazzy/include/rosidl_typesupport_introspection_cpp -fPIC -Wall -Wextra -MD -MT CMakeFiles/mecheye_ros_interface__rosidl_generator_py.dir/rosidl_generator_py/mecheye_ros_interface/srv/_add_user_set_s.c.o -MF CMakeFiles/mecheye_ros_interface__rosidl_generator_py.dir/rosidl_generator_py/mecheye_ros_interface/srv/_add_user_set_s.c.o.d -o CMakeFiles/mecheye_ros_interface__rosidl_generator_py.dir/rosidl_generator_py/mecheye_ros_interface/srv/_add_user_set_s.c.o -c /home/inauenma/git/mecheye_ros2_interface/build/mecheye_ros_interface/rosidl_generator_py/mecheye_ros_interface/srv/_add_user_set_s.c
/usr/bin/cc -DFASTCDR_DYN_LINK -DROS_PACKAGE_NAME=\"mecheye_ros_interface\" -Dmecheye_ros_interface__rosidl_generator_py_EXPORTS -I/usr/include/eigen3 -I/home/inauenma/git/mecheye_ros2_interface/build/mecheye_ros_interface/rosidl_generator_c -I/home/inauenma/git/mecheye_ros2_interface/build/mecheye_ros_interface/rosidl_generator_py -isystem /opt/ros/jazzy/include/std_msgs -isystem /opt/ros/jazzy/include/builtin_interfaces -isystem /opt/ros/jazzy/include/rosidl_runtime_c -isystem /opt/ros/jazzy/include/rcutils -isystem /opt/ros/jazzy/include/rosidl_typesupport_interface -isystem /opt/ros/jazzy/include/sensor_msgs -isystem /opt/ros/jazzy/include/geometry_msgs -isystem /opt/ros/jazzy/include/service_msgs -isystem /usr/lib/python3/dist-packages/numpy/core/include -isystem /usr/include/python3.12 -isystem /opt/ros/jazzy/include/fastcdr -isystem /opt/ros/jazzy/include/rosidl_runtime_cpp -isystem /opt/ros/jazzy/include/rosidl_typesupport_fastrtps_cpp -isystem /opt/ros/jazzy/include/rmw -isystem /opt/ros/jazzy/include/rosidl_dynamic_typesupport -isystem /opt/ros/jazzy/include/rosidl_typesupport_fastrtps_c -isystem /opt/ros/jazzy/include/rosidl_typesupport_introspection_c -isystem /opt/ros/jazzy/include/rosidl_typesupport_introspection_cpp -fPIC -Wall -Wextra -MD -MT CMakeFiles/mecheye_ros_interface__rosidl_generator_py.dir/rosidl_generator_py/mecheye_ros_interface/srv/_capture_color_image_s.c.o -MF CMakeFiles/mecheye_ros_interface__rosidl_generator_py.dir/rosidl_generator_py/mecheye_ros_interface/srv/_capture_color_image_s.c.o.d -o CMakeFiles/mecheye_ros_interface__rosidl_generator_py.dir/rosidl_generator_py/mecheye_ros_interface/srv/_capture_color_image_s.c.o -c /home/inauenma/git/mecheye_ros2_interface/build/mecheye_ros_interface/rosidl_generator_py/mecheye_ros_interface/srv/_capture_color_image_s.c
/usr/bin/cc -DFASTCDR_DYN_LINK -DROS_PACKAGE_NAME=\"mecheye_ros_interface\" -Dmecheye_ros_interface__rosidl_generator_py_EXPORTS -I/usr/include/eigen3 -I/home/inauenma/git/mecheye_ros2_interface/build/mecheye_ros_interface/rosidl_generator_c -I/home/inauenma/git/mecheye_ros2_interface/build/mecheye_ros_interface/rosidl_generator_py -isystem /opt/ros/jazzy/include/std_msgs -isystem /opt/ros/jazzy/include/builtin_interfaces -isystem /opt/ros/jazzy/include/rosidl_runtime_c -isystem /opt/ros/jazzy/include/rcutils -isystem /opt/ros/jazzy/include/rosidl_typesupport_interface -isystem /opt/ros/jazzy/include/sensor_msgs -isystem /opt/ros/jazzy/include/geometry_msgs -isystem /opt/ros/jazzy/include/service_msgs -isystem /usr/lib/python3/dist-packages/numpy/core/include -isystem /usr/include/python3.12 -isystem /opt/ros/jazzy/include/fastcdr -isystem /opt/ros/jazzy/include/rosidl_runtime_cpp -isystem /opt/ros/jazzy/include/rosidl_typesupport_fastrtps_cpp -isystem /opt/ros/jazzy/include/rmw -isystem /opt/ros/jazzy/include/rosidl_dynamic_typesupport -isystem /opt/ros/jazzy/include/rosidl_typesupport_fastrtps_c -isystem /opt/ros/jazzy/include/rosidl_typesupport_introspection_c -isystem /opt/ros/jazzy/include/rosidl_typesupport_introspection_cpp -fPIC -Wall -Wextra -MD -MT CMakeFiles/mecheye_ros_interface__rosidl_generator_py.dir/rosidl_generator_py/mecheye_ros_interface/srv/_capture_stereo_color_images_s.c.o -MF CMakeFiles/mecheye_ros_interface__rosidl_generator_py.dir/rosidl_generator_py/mecheye_ros_interface/srv/_capture_stereo_color_images_s.c.o.d -o CMakeFiles/mecheye_ros_interface__rosidl_generator_py.dir/rosidl_generator_py/mecheye_ros_interface/srv/_capture_stereo_color_images_s.c.o -c /home/inauenma/git/mecheye_ros2_interface/build/mecheye_ros_interface/rosidl_generator_py/mecheye_ros_interface/srv/_capture_stereo_color_images_s.c
[ 92%] Building C object CMakeFiles/mecheye_ros_interface__rosidl_generator_py.dir/rosidl_generator_py/mecheye_ros_interface/srv/_capture_depth_map_s.c.o
/usr/bin/cc -DFASTCDR_DYN_LINK -DROS_PACKAGE_NAME=\"mecheye_ros_interface\" -Dmecheye_ros_interface__rosidl_generator_py_EXPORTS -I/usr/include/eigen3 -I/home/inauenma/git/mecheye_ros2_interface/build/mecheye_ros_interface/rosidl_generator_c -I/home/inauenma/git/mecheye_ros2_interface/build/mecheye_ros_interface/rosidl_generator_py -isystem /opt/ros/jazzy/include/std_msgs -isystem /opt/ros/jazzy/include/builtin_interfaces -isystem /opt/ros/jazzy/include/rosidl_runtime_c -isystem /opt/ros/jazzy/include/rcutils -isystem /opt/ros/jazzy/include/rosidl_typesupport_interface -isystem /opt/ros/jazzy/include/sensor_msgs -isystem /opt/ros/jazzy/include/geometry_msgs -isystem /opt/ros/jazzy/include/service_msgs -isystem /usr/lib/python3/dist-packages/numpy/core/include -isystem /usr/include/python3.12 -isystem /opt/ros/jazzy/include/fastcdr -isystem /opt/ros/jazzy/include/rosidl_runtime_cpp -isystem /opt/ros/jazzy/include/rosidl_typesupport_fastrtps_cpp -isystem /opt/ros/jazzy/include/rmw -isystem /opt/ros/jazzy/include/rosidl_dynamic_typesupport -isystem /opt/ros/jazzy/include/rosidl_typesupport_fastrtps_c -isystem /opt/ros/jazzy/include/rosidl_typesupport_introspection_c -isystem /opt/ros/jazzy/include/rosidl_typesupport_introspection_cpp -fPIC -Wall -Wextra -MD -MT CMakeFiles/mecheye_ros_interface__rosidl_generator_py.dir/rosidl_generator_py/mecheye_ros_interface/srv/_capture_textured_point_cloud_s.c.o -MF CMakeFiles/mecheye_ros_interface__rosidl_generator_py.dir/rosidl_generator_py/mecheye_ros_interface/srv/_capture_textured_point_cloud_s.c.o.d -o CMakeFiles/mecheye_ros_interface__rosidl_generator_py.dir/rosidl_generator_py/mecheye_ros_interface/srv/_capture_textured_point_cloud_s.c.o -c /home/inauenma/git/mecheye_ros2_interface/build/mecheye_ros_interface/rosidl_generator_py/mecheye_ros_interface/srv/_capture_textured_point_cloud_s.c
/usr/bin/cc -DFASTCDR_DYN_LINK -DROS_PACKAGE_NAME=\"mecheye_ros_interface\" -Dmecheye_ros_interface__rosidl_generator_py_EXPORTS -I/usr/include/eigen3 -I/home/inauenma/git/mecheye_ros2_interface/build/mecheye_ros_interface/rosidl_generator_c -I/home/inauenma/git/mecheye_ros2_interface/build/mecheye_ros_interface/rosidl_generator_py -isystem /opt/ros/jazzy/include/std_msgs -isystem /opt/ros/jazzy/include/builtin_interfaces -isystem /opt/ros/jazzy/include/rosidl_runtime_c -isystem /opt/ros/jazzy/include/rcutils -isystem /opt/ros/jazzy/include/rosidl_typesupport_interface -isystem /opt/ros/jazzy/include/sensor_msgs -isystem /opt/ros/jazzy/include/geometry_msgs -isystem /opt/ros/jazzy/include/service_msgs -isystem /usr/lib/python3/dist-packages/numpy/core/include -isystem /usr/include/python3.12 -isystem /opt/ros/jazzy/include/fastcdr -isystem /opt/ros/jazzy/include/rosidl_runtime_cpp -isystem /opt/ros/jazzy/include/rosidl_typesupport_fastrtps_cpp -isystem /opt/ros/jazzy/include/rmw -isystem /opt/ros/jazzy/include/rosidl_dynamic_typesupport -isystem /opt/ros/jazzy/include/rosidl_typesupport_fastrtps_c -isystem /opt/ros/jazzy/include/rosidl_typesupport_introspection_c -isystem /opt/ros/jazzy/include/rosidl_typesupport_introspection_cpp -fPIC -Wall -Wextra -MD -MT CMakeFiles/mecheye_ros_interface__rosidl_generator_py.dir/rosidl_generator_py/mecheye_ros_interface/srv/_capture_point_cloud_s.c.o -MF CMakeFiles/mecheye_ros_interface__rosidl_generator_py.dir/rosidl_generator_py/mecheye_ros_interface/srv/_capture_point_cloud_s.c.o.d -o CMakeFiles/mecheye_ros_interface__rosidl_generator_py.dir/rosidl_generator_py/mecheye_ros_interface/srv/_capture_point_cloud_s.c.o -c /home/inauenma/git/mecheye_ros2_interface/build/mecheye_ros_interface/rosidl_generator_py/mecheye_ros_interface/srv/_capture_point_cloud_s.c
[ 92%] Building C object CMakeFiles/mecheye_ros_interface__rosidl_generator_py.dir/rosidl_generator_py/mecheye_ros_interface/srv/_get_current_user_set_s.c.o
[ 92%] Building C object CMakeFiles/mecheye_ros_interface__rosidl_generator_py.dir/rosidl_generator_py/mecheye_ros_interface/srv/_set_current_user_set_s.c.o
/usr/bin/cc -DFASTCDR_DYN_LINK -DROS_PACKAGE_NAME=\"mecheye_ros_interface\" -Dmecheye_ros_interface__rosidl_generator_py_EXPORTS -I/usr/include/eigen3 -I/home/inauenma/git/mecheye_ros2_interface/build/mecheye_ros_interface/rosidl_generator_c -I/home/inauenma/git/mecheye_ros2_interface/build/mecheye_ros_interface/rosidl_generator_py -isystem /opt/ros/jazzy/include/std_msgs -isystem /opt/ros/jazzy/include/builtin_interfaces -isystem /opt/ros/jazzy/include/rosidl_runtime_c -isystem /opt/ros/jazzy/include/rcutils -isystem /opt/ros/jazzy/include/rosidl_typesupport_interface -isystem /opt/ros/jazzy/include/sensor_msgs -isystem /opt/ros/jazzy/include/geometry_msgs -isystem /opt/ros/jazzy/include/service_msgs -isystem /usr/lib/python3/dist-packages/numpy/core/include -isystem /usr/include/python3.12 -isystem /opt/ros/jazzy/include/fastcdr -isystem /opt/ros/jazzy/include/rosidl_runtime_cpp -isystem /opt/ros/jazzy/include/rosidl_typesupport_fastrtps_cpp -isystem /opt/ros/jazzy/include/rmw -isystem /opt/ros/jazzy/include/rosidl_dynamic_typesupport -isystem /opt/ros/jazzy/include/rosidl_typesupport_fastrtps_c -isystem /opt/ros/jazzy/include/rosidl_typesupport_introspection_c -isystem /opt/ros/jazzy/include/rosidl_typesupport_introspection_cpp -fPIC -Wall -Wextra -MD -MT CMakeFiles/mecheye_ros_interface__rosidl_generator_py.dir/rosidl_generator_py/mecheye_ros_interface/srv/_capture_depth_map_s.c.o -MF CMakeFiles/mecheye_ros_interface__rosidl_generator_py.dir/rosidl_generator_py/mecheye_ros_interface/srv/_capture_depth_map_s.c.o.d -o CMakeFiles/mecheye_ros_interface__rosidl_generator_py.dir/rosidl_generator_py/mecheye_ros_interface/srv/_capture_depth_map_s.c.o -c /home/inauenma/git/mecheye_ros2_interface/build/mecheye_ros_interface/rosidl_generator_py/mecheye_ros_interface/srv/_capture_depth_map_s.c
/usr/bin/cc -DFASTCDR_DYN_LINK -DROS_PACKAGE_NAME=\"mecheye_ros_interface\" -Dmecheye_ros_interface__rosidl_generator_py_EXPORTS -I/usr/include/eigen3 -I/home/inauenma/git/mecheye_ros2_interface/build/mecheye_ros_interface/rosidl_generator_c -I/home/inauenma/git/mecheye_ros2_interface/build/mecheye_ros_interface/rosidl_generator_py -isystem /opt/ros/jazzy/include/std_msgs -isystem /opt/ros/jazzy/include/builtin_interfaces -isystem /opt/ros/jazzy/include/rosidl_runtime_c -isystem /opt/ros/jazzy/include/rcutils -isystem /opt/ros/jazzy/include/rosidl_typesupport_interface -isystem /opt/ros/jazzy/include/sensor_msgs -isystem /opt/ros/jazzy/include/geometry_msgs -isystem /opt/ros/jazzy/include/service_msgs -isystem /usr/lib/python3/dist-packages/numpy/core/include -isystem /usr/include/python3.12 -isystem /opt/ros/jazzy/include/fastcdr -isystem /opt/ros/jazzy/include/rosidl_runtime_cpp -isystem /opt/ros/jazzy/include/rosidl_typesupport_fastrtps_cpp -isystem /opt/ros/jazzy/include/rmw -isystem /opt/ros/jazzy/include/rosidl_dynamic_typesupport -isystem /opt/ros/jazzy/include/rosidl_typesupport_fastrtps_c -isystem /opt/ros/jazzy/include/rosidl_typesupport_introspection_c -isystem /opt/ros/jazzy/include/rosidl_typesupport_introspection_cpp -fPIC -Wall -Wextra -MD -MT CMakeFiles/mecheye_ros_interface__rosidl_generator_py.dir/rosidl_generator_py/mecheye_ros_interface/srv/_set_current_user_set_s.c.o -MF CMakeFiles/mecheye_ros_interface__rosidl_generator_py.dir/rosidl_generator_py/mecheye_ros_interface/srv/_set_current_user_set_s.c.o.d -o CMakeFiles/mecheye_ros_interface__rosidl_generator_py.dir/rosidl_generator_py/mecheye_ros_interface/srv/_set_current_user_set_s.c.o -c /home/inauenma/git/mecheye_ros2_interface/build/mecheye_ros_interface/rosidl_generator_py/mecheye_ros_interface/srv/_set_current_user_set_s.c
/usr/bin/cc -DFASTCDR_DYN_LINK -DROS_PACKAGE_NAME=\"mecheye_ros_interface\" -Dmecheye_ros_interface__rosidl_generator_py_EXPORTS -I/usr/include/eigen3 -I/home/inauenma/git/mecheye_ros2_interface/build/mecheye_ros_interface/rosidl_generator_c -I/home/inauenma/git/mecheye_ros2_interface/build/mecheye_ros_interface/rosidl_generator_py -isystem /opt/ros/jazzy/include/std_msgs -isystem /opt/ros/jazzy/include/builtin_interfaces -isystem /opt/ros/jazzy/include/rosidl_runtime_c -isystem /opt/ros/jazzy/include/rcutils -isystem /opt/ros/jazzy/include/rosidl_typesupport_interface -isystem /opt/ros/jazzy/include/sensor_msgs -isystem /opt/ros/jazzy/include/geometry_msgs -isystem /opt/ros/jazzy/include/service_msgs -isystem /usr/lib/python3/dist-packages/numpy/core/include -isystem /usr/include/python3.12 -isystem /opt/ros/jazzy/include/fastcdr -isystem /opt/ros/jazzy/include/rosidl_runtime_cpp -isystem /opt/ros/jazzy/include/rosidl_typesupport_fastrtps_cpp -isystem /opt/ros/jazzy/include/rmw -isystem /opt/ros/jazzy/include/rosidl_dynamic_typesupport -isystem /opt/ros/jazzy/include/rosidl_typesupport_fastrtps_c -isystem /opt/ros/jazzy/include/rosidl_typesupport_introspection_c -isystem /opt/ros/jazzy/include/rosidl_typesupport_introspection_cpp -fPIC -Wall -Wextra -MD -MT CMakeFiles/mecheye_ros_interface__rosidl_generator_py.dir/rosidl_generator_py/mecheye_ros_interface/srv/_delete_user_set_s.c.o -MF CMakeFiles/mecheye_ros_interface__rosidl_generator_py.dir/rosidl_generator_py/mecheye_ros_interface/srv/_delete_user_set_s.c.o.d -o CMakeFiles/mecheye_ros_interface__rosidl_generator_py.dir/rosidl_generator_py/mecheye_ros_interface/srv/_delete_user_set_s.c.o -c /home/inauenma/git/mecheye_ros2_interface/build/mecheye_ros_interface/rosidl_generator_py/mecheye_ros_interface/srv/_delete_user_set_s.c
[ 93%] Building C object CMakeFiles/mecheye_ros_interface__rosidl_generator_py.dir/rosidl_generator_py/mecheye_ros_interface/srv/_set_int_parameter_s.c.o
/usr/bin/cc -DFASTCDR_DYN_LINK -DROS_PACKAGE_NAME=\"mecheye_ros_interface\" -Dmecheye_ros_interface__rosidl_generator_py_EXPORTS -I/usr/include/eigen3 -I/home/inauenma/git/mecheye_ros2_interface/build/mecheye_ros_interface/rosidl_generator_c -I/home/inauenma/git/mecheye_ros2_interface/build/mecheye_ros_interface/rosidl_generator_py -isystem /opt/ros/jazzy/include/std_msgs -isystem /opt/ros/jazzy/include/builtin_interfaces -isystem /opt/ros/jazzy/include/rosidl_runtime_c -isystem /opt/ros/jazzy/include/rcutils -isystem /opt/ros/jazzy/include/rosidl_typesupport_interface -isystem /opt/ros/jazzy/include/sensor_msgs -isystem /opt/ros/jazzy/include/geometry_msgs -isystem /opt/ros/jazzy/include/service_msgs -isystem /usr/lib/python3/dist-packages/numpy/core/include -isystem /usr/include/python3.12 -isystem /opt/ros/jazzy/include/fastcdr -isystem /opt/ros/jazzy/include/rosidl_runtime_cpp -isystem /opt/ros/jazzy/include/rosidl_typesupport_fastrtps_cpp -isystem /opt/ros/jazzy/include/rmw -isystem /opt/ros/jazzy/include/rosidl_dynamic_typesupport -isystem /opt/ros/jazzy/include/rosidl_typesupport_fastrtps_c -isystem /opt/ros/jazzy/include/rosidl_typesupport_introspection_c -isystem /opt/ros/jazzy/include/rosidl_typesupport_introspection_cpp -fPIC -Wall -Wextra -MD -MT CMakeFiles/mecheye_ros_interface__rosidl_generator_py.dir/rosidl_generator_py/mecheye_ros_interface/srv/_device_info_s.c.o -MF CMakeFiles/mecheye_ros_interface__rosidl_generator_py.dir/rosidl_generator_py/mecheye_ros_interface/srv/_device_info_s.c.o.d -o CMakeFiles/mecheye_ros_interface__rosidl_generator_py.dir/rosidl_generator_py/mecheye_ros_interface/srv/_device_info_s.c.o -c /home/inauenma/git/mecheye_ros2_interface/build/mecheye_ros_interface/rosidl_generator_py/mecheye_ros_interface/srv/_device_info_s.c
/usr/bin/cc -DFASTCDR_DYN_LINK -DROS_PACKAGE_NAME=\"mecheye_ros_interface\" -Dmecheye_ros_interface__rosidl_generator_py_EXPORTS -I/usr/include/eigen3 -I/home/inauenma/git/mecheye_ros2_interface/build/mecheye_ros_interface/rosidl_generator_c -I/home/inauenma/git/mecheye_ros2_interface/build/mecheye_ros_interface/rosidl_generator_py -isystem /opt/ros/jazzy/include/std_msgs -isystem /opt/ros/jazzy/include/builtin_interfaces -isystem /opt/ros/jazzy/include/rosidl_runtime_c -isystem /opt/ros/jazzy/include/rcutils -isystem /opt/ros/jazzy/include/rosidl_typesupport_interface -isystem /opt/ros/jazzy/include/sensor_msgs -isystem /opt/ros/jazzy/include/geometry_msgs -isystem /opt/ros/jazzy/include/service_msgs -isystem /usr/lib/python3/dist-packages/numpy/core/include -isystem /usr/include/python3.12 -isystem /opt/ros/jazzy/include/fastcdr -isystem /opt/ros/jazzy/include/rosidl_runtime_cpp -isystem /opt/ros/jazzy/include/rosidl_typesupport_fastrtps_cpp -isystem /opt/ros/jazzy/include/rmw -isystem /opt/ros/jazzy/include/rosidl_dynamic_typesupport -isystem /opt/ros/jazzy/include/rosidl_typesupport_fastrtps_c -isystem /opt/ros/jazzy/include/rosidl_typesupport_introspection_c -isystem /opt/ros/jazzy/include/rosidl_typesupport_introspection_cpp -fPIC -Wall -Wextra -MD -MT CMakeFiles/mecheye_ros_interface__rosidl_generator_py.dir/rosidl_generator_py/mecheye_ros_interface/srv/_get_all_user_sets_s.c.o -MF CMakeFiles/mecheye_ros_interface__rosidl_generator_py.dir/rosidl_generator_py/mecheye_ros_interface/srv/_get_all_user_sets_s.c.o.d -o CMakeFiles/mecheye_ros_interface__rosidl_generator_py.dir/rosidl_generator_py/mecheye_ros_interface/srv/_get_all_user_sets_s.c.o -c /home/inauenma/git/mecheye_ros2_interface/build/mecheye_ros_interface/rosidl_generator_py/mecheye_ros_interface/srv/_get_all_user_sets_s.c
/usr/bin/cc -DFASTCDR_DYN_LINK -DROS_PACKAGE_NAME=\"mecheye_ros_interface\" -Dmecheye_ros_interface__rosidl_generator_py_EXPORTS -I/usr/include/eigen3 -I/home/inauenma/git/mecheye_ros2_interface/build/mecheye_ros_interface/rosidl_generator_c -I/home/inauenma/git/mecheye_ros2_interface/build/mecheye_ros_interface/rosidl_generator_py -isystem /opt/ros/jazzy/include/std_msgs -isystem /opt/ros/jazzy/include/builtin_interfaces -isystem /opt/ros/jazzy/include/rosidl_runtime_c -isystem /opt/ros/jazzy/include/rcutils -isystem /opt/ros/jazzy/include/rosidl_typesupport_interface -isystem /opt/ros/jazzy/include/sensor_msgs -isystem /opt/ros/jazzy/include/geometry_msgs -isystem /opt/ros/jazzy/include/service_msgs -isystem /usr/lib/python3/dist-packages/numpy/core/include -isystem /usr/include/python3.12 -isystem /opt/ros/jazzy/include/fastcdr -isystem /opt/ros/jazzy/include/rosidl_runtime_cpp -isystem /opt/ros/jazzy/include/rosidl_typesupport_fastrtps_cpp -isystem /opt/ros/jazzy/include/rmw -isystem /opt/ros/jazzy/include/rosidl_dynamic_typesupport -isystem /opt/ros/jazzy/include/rosidl_typesupport_fastrtps_c -isystem /opt/ros/jazzy/include/rosidl_typesupport_introspection_c -isystem /opt/ros/jazzy/include/rosidl_typesupport_introspection_cpp -fPIC -Wall -Wextra -MD -MT CMakeFiles/mecheye_ros_interface__rosidl_generator_py.dir/rosidl_generator_py/mecheye_ros_interface/srv/_get_current_user_set_s.c.o -MF CMakeFiles/mecheye_ros_interface__rosidl_generator_py.dir/rosidl_generator_py/mecheye_ros_interface/srv/_get_current_user_set_s.c.o.d -o CMakeFiles/mecheye_ros_interface__rosidl_generator_py.dir/rosidl_generator_py/mecheye_ros_interface/srv/_get_current_user_set_s.c.o -c /home/inauenma/git/mecheye_ros2_interface/build/mecheye_ros_interface/rosidl_generator_py/mecheye_ros_interface/srv/_get_current_user_set_s.c
[ 93%] Building C object CMakeFiles/mecheye_ros_interface__rosidl_generator_py.dir/rosidl_generator_py/mecheye_ros_interface/srv/_get_int_parameter_s.c.o
/usr/bin/cc -DFASTCDR_DYN_LINK -DROS_PACKAGE_NAME=\"mecheye_ros_interface\" -Dmecheye_ros_interface__rosidl_generator_py_EXPORTS -I/usr/include/eigen3 -I/home/inauenma/git/mecheye_ros2_interface/build/mecheye_ros_interface/rosidl_generator_c -I/home/inauenma/git/mecheye_ros2_interface/build/mecheye_ros_interface/rosidl_generator_py -isystem /opt/ros/jazzy/include/std_msgs -isystem /opt/ros/jazzy/include/builtin_interfaces -isystem /opt/ros/jazzy/include/rosidl_runtime_c -isystem /opt/ros/jazzy/include/rcutils -isystem /opt/ros/jazzy/include/rosidl_typesupport_interface -isystem /opt/ros/jazzy/include/sensor_msgs -isystem /opt/ros/jazzy/include/geometry_msgs -isystem /opt/ros/jazzy/include/service_msgs -isystem /usr/lib/python3/dist-packages/numpy/core/include -isystem /usr/include/python3.12 -isystem /opt/ros/jazzy/include/fastcdr -isystem /opt/ros/jazzy/include/rosidl_runtime_cpp -isystem /opt/ros/jazzy/include/rosidl_typesupport_fastrtps_cpp -isystem /opt/ros/jazzy/include/rmw -isystem /opt/ros/jazzy/include/rosidl_dynamic_typesupport -isystem /opt/ros/jazzy/include/rosidl_typesupport_fastrtps_c -isystem /opt/ros/jazzy/include/rosidl_typesupport_introspection_c -isystem /opt/ros/jazzy/include/rosidl_typesupport_introspection_cpp -fPIC -Wall -Wextra -MD -MT CMakeFiles/mecheye_ros_interface__rosidl_generator_py.dir/rosidl_generator_py/mecheye_ros_interface/srv/_set_int_parameter_s.c.o -MF CMakeFiles/mecheye_ros_interface__rosidl_generator_py.dir/rosidl_generator_py/mecheye_ros_interface/srv/_set_int_parameter_s.c.o.d -o CMakeFiles/mecheye_ros_interface__rosidl_generator_py.dir/rosidl_generator_py/mecheye_ros_interface/srv/_set_int_parameter_s.c.o -c /home/inauenma/git/mecheye_ros2_interface/build/mecheye_ros_interface/rosidl_generator_py/mecheye_ros_interface/srv/_set_int_parameter_s.c
/usr/bin/cc -DFASTCDR_DYN_LINK -DROS_PACKAGE_NAME=\"mecheye_ros_interface\" -Dmecheye_ros_interface__rosidl_generator_py_EXPORTS -I/usr/include/eigen3 -I/home/inauenma/git/mecheye_ros2_interface/build/mecheye_ros_interface/rosidl_generator_c -I/home/inauenma/git/mecheye_ros2_interface/build/mecheye_ros_interface/rosidl_generator_py -isystem /opt/ros/jazzy/include/std_msgs -isystem /opt/ros/jazzy/include/builtin_interfaces -isystem /opt/ros/jazzy/include/rosidl_runtime_c -isystem /opt/ros/jazzy/include/rcutils -isystem /opt/ros/jazzy/include/rosidl_typesupport_interface -isystem /opt/ros/jazzy/include/sensor_msgs -isystem /opt/ros/jazzy/include/geometry_msgs -isystem /opt/ros/jazzy/include/service_msgs -isystem /usr/lib/python3/dist-packages/numpy/core/include -isystem /usr/include/python3.12 -isystem /opt/ros/jazzy/include/fastcdr -isystem /opt/ros/jazzy/include/rosidl_runtime_cpp -isystem /opt/ros/jazzy/include/rosidl_typesupport_fastrtps_cpp -isystem /opt/ros/jazzy/include/rmw -isystem /opt/ros/jazzy/include/rosidl_dynamic_typesupport -isystem /opt/ros/jazzy/include/rosidl_typesupport_fastrtps_c -isystem /opt/ros/jazzy/include/rosidl_typesupport_introspection_c -isystem /opt/ros/jazzy/include/rosidl_typesupport_introspection_cpp -fPIC -Wall -Wextra -MD -MT CMakeFiles/mecheye_ros_interface__rosidl_generator_py.dir/rosidl_generator_py/mecheye_ros_interface/srv/_get_int_parameter_s.c.o -MF CMakeFiles/mecheye_ros_interface__rosidl_generator_py.dir/rosidl_generator_py/mecheye_ros_interface/srv/_get_int_parameter_s.c.o.d -o CMakeFiles/mecheye_ros_interface__rosidl_generator_py.dir/rosidl_generator_py/mecheye_ros_interface/srv/_get_int_parameter_s.c.o -c /home/inauenma/git/mecheye_ros2_interface/build/mecheye_ros_interface/rosidl_generator_py/mecheye_ros_interface/srv/_get_int_parameter_s.c
[ 93%] Building C object CMakeFiles/mecheye_ros_interface__rosidl_generator_py.dir/rosidl_generator_py/mecheye_ros_interface/srv/_set_range_parameter_s.c.o
/usr/bin/cc -DFASTCDR_DYN_LINK -DROS_PACKAGE_NAME=\"mecheye_ros_interface\" -Dmecheye_ros_interface__rosidl_generator_py_EXPORTS -I/usr/include/eigen3 -I/home/inauenma/git/mecheye_ros2_interface/build/mecheye_ros_interface/rosidl_generator_c -I/home/inauenma/git/mecheye_ros2_interface/build/mecheye_ros_interface/rosidl_generator_py -isystem /opt/ros/jazzy/include/std_msgs -isystem /opt/ros/jazzy/include/builtin_interfaces -isystem /opt/ros/jazzy/include/rosidl_runtime_c -isystem /opt/ros/jazzy/include/rcutils -isystem /opt/ros/jazzy/include/rosidl_typesupport_interface -isystem /opt/ros/jazzy/include/sensor_msgs -isystem /opt/ros/jazzy/include/geometry_msgs -isystem /opt/ros/jazzy/include/service_msgs -isystem /usr/lib/python3/dist-packages/numpy/core/include -isystem /usr/include/python3.12 -isystem /opt/ros/jazzy/include/fastcdr -isystem /opt/ros/jazzy/include/rosidl_runtime_cpp -isystem /opt/ros/jazzy/include/rosidl_typesupport_fastrtps_cpp -isystem /opt/ros/jazzy/include/rmw -isystem /opt/ros/jazzy/include/rosidl_dynamic_typesupport -isystem /opt/ros/jazzy/include/rosidl_typesupport_fastrtps_c -isystem /opt/ros/jazzy/include/rosidl_typesupport_introspection_c -isystem /opt/ros/jazzy/include/rosidl_typesupport_introspection_cpp -fPIC -Wall -Wextra -MD -MT CMakeFiles/mecheye_ros_interface__rosidl_generator_py.dir/rosidl_generator_py/mecheye_ros_interface/srv/_set_range_parameter_s.c.o -MF CMakeFiles/mecheye_ros_interface__rosidl_generator_py.dir/rosidl_generator_py/mecheye_ros_interface/srv/_set_range_parameter_s.c.o.d -o CMakeFiles/mecheye_ros_interface__rosidl_generator_py.dir/rosidl_generator_py/mecheye_ros_interface/srv/_set_range_parameter_s.c.o -c /home/inauenma/git/mecheye_ros2_interface/build/mecheye_ros_interface/rosidl_generator_py/mecheye_ros_interface/srv/_set_range_parameter_s.c
[ 94%] Building C object CMakeFiles/mecheye_ros_interface__rosidl_generator_py.dir/rosidl_generator_py/mecheye_ros_interface/srv/_get_range_parameter_s.c.o
/usr/bin/cc -DFASTCDR_DYN_LINK -DROS_PACKAGE_NAME=\"mecheye_ros_interface\" -Dmecheye_ros_interface__rosidl_generator_py_EXPORTS -I/usr/include/eigen3 -I/home/inauenma/git/mecheye_ros2_interface/build/mecheye_ros_interface/rosidl_generator_c -I/home/inauenma/git/mecheye_ros2_interface/build/mecheye_ros_interface/rosidl_generator_py -isystem /opt/ros/jazzy/include/std_msgs -isystem /opt/ros/jazzy/include/builtin_interfaces -isystem /opt/ros/jazzy/include/rosidl_runtime_c -isystem /opt/ros/jazzy/include/rcutils -isystem /opt/ros/jazzy/include/rosidl_typesupport_interface -isystem /opt/ros/jazzy/include/sensor_msgs -isystem /opt/ros/jazzy/include/geometry_msgs -isystem /opt/ros/jazzy/include/service_msgs -isystem /usr/lib/python3/dist-packages/numpy/core/include -isystem /usr/include/python3.12 -isystem /opt/ros/jazzy/include/fastcdr -isystem /opt/ros/jazzy/include/rosidl_runtime_cpp -isystem /opt/ros/jazzy/include/rosidl_typesupport_fastrtps_cpp -isystem /opt/ros/jazzy/include/rmw -isystem /opt/ros/jazzy/include/rosidl_dynamic_typesupport -isystem /opt/ros/jazzy/include/rosidl_typesupport_fastrtps_c -isystem /opt/ros/jazzy/include/rosidl_typesupport_introspection_c -isystem /opt/ros/jazzy/include/rosidl_typesupport_introspection_cpp -fPIC -Wall -Wextra -MD -MT CMakeFiles/mecheye_ros_interface__rosidl_generator_py.dir/rosidl_generator_py/mecheye_ros_interface/srv/_get_range_parameter_s.c.o -MF CMakeFiles/mecheye_ros_interface__rosidl_generator_py.dir/rosidl_generator_py/mecheye_ros_interface/srv/_get_range_parameter_s.c.o.d -o CMakeFiles/mecheye_ros_interface__rosidl_generator_py.dir/rosidl_generator_py/mecheye_ros_interface/srv/_get_range_parameter_s.c.o -c /home/inauenma/git/mecheye_ros2_interface/build/mecheye_ros_interface/rosidl_generator_py/mecheye_ros_interface/srv/_get_range_parameter_s.c
[ 94%] Building C object CMakeFiles/mecheye_ros_interface__rosidl_generator_py.dir/rosidl_generator_py/mecheye_ros_interface/srv/_set_bool_parameter_s.c.o
[ 95%] Building C object CMakeFiles/mecheye_ros_interface__rosidl_generator_py.dir/rosidl_generator_py/mecheye_ros_interface/srv/_get_bool_parameter_s.c.o
[ 95%] Building C object CMakeFiles/mecheye_ros_interface__rosidl_generator_py.dir/rosidl_generator_py/mecheye_ros_interface/srv/_set_enum_parameter_s.c.o
/usr/bin/cc -DFASTCDR_DYN_LINK -DROS_PACKAGE_NAME=\"mecheye_ros_interface\" -Dmecheye_ros_interface__rosidl_generator_py_EXPORTS -I/usr/include/eigen3 -I/home/inauenma/git/mecheye_ros2_interface/build/mecheye_ros_interface/rosidl_generator_c -I/home/inauenma/git/mecheye_ros2_interface/build/mecheye_ros_interface/rosidl_generator_py -isystem /opt/ros/jazzy/include/std_msgs -isystem /opt/ros/jazzy/include/builtin_interfaces -isystem /opt/ros/jazzy/include/rosidl_runtime_c -isystem /opt/ros/jazzy/include/rcutils -isystem /opt/ros/jazzy/include/rosidl_typesupport_interface -isystem /opt/ros/jazzy/include/sensor_msgs -isystem /opt/ros/jazzy/include/geometry_msgs -isystem /opt/ros/jazzy/include/service_msgs -isystem /usr/lib/python3/dist-packages/numpy/core/include -isystem /usr/include/python3.12 -isystem /opt/ros/jazzy/include/fastcdr -isystem /opt/ros/jazzy/include/rosidl_runtime_cpp -isystem /opt/ros/jazzy/include/rosidl_typesupport_fastrtps_cpp -isystem /opt/ros/jazzy/include/rmw -isystem /opt/ros/jazzy/include/rosidl_dynamic_typesupport -isystem /opt/ros/jazzy/include/rosidl_typesupport_fastrtps_c -isystem /opt/ros/jazzy/include/rosidl_typesupport_introspection_c -isystem /opt/ros/jazzy/include/rosidl_typesupport_introspection_cpp -fPIC -Wall -Wextra -MD -MT CMakeFiles/mecheye_ros_interface__rosidl_generator_py.dir/rosidl_generator_py/mecheye_ros_interface/srv/_set_bool_parameter_s.c.o -MF CMakeFiles/mecheye_ros_interface__rosidl_generator_py.dir/rosidl_generator_py/mecheye_ros_interface/srv/_set_bool_parameter_s.c.o.d -o CMakeFiles/mecheye_ros_interface__rosidl_generator_py.dir/rosidl_generator_py/mecheye_ros_interface/srv/_set_bool_parameter_s.c.o -c /home/inauenma/git/mecheye_ros2_interface/build/mecheye_ros_interface/rosidl_generator_py/mecheye_ros_interface/srv/_set_bool_parameter_s.c
/usr/bin/cc -DFASTCDR_DYN_LINK -DROS_PACKAGE_NAME=\"mecheye_ros_interface\" -Dmecheye_ros_interface__rosidl_generator_py_EXPORTS -I/usr/include/eigen3 -I/home/inauenma/git/mecheye_ros2_interface/build/mecheye_ros_interface/rosidl_generator_c -I/home/inauenma/git/mecheye_ros2_interface/build/mecheye_ros_interface/rosidl_generator_py -isystem /opt/ros/jazzy/include/std_msgs -isystem /opt/ros/jazzy/include/builtin_interfaces -isystem /opt/ros/jazzy/include/rosidl_runtime_c -isystem /opt/ros/jazzy/include/rcutils -isystem /opt/ros/jazzy/include/rosidl_typesupport_interface -isystem /opt/ros/jazzy/include/sensor_msgs -isystem /opt/ros/jazzy/include/geometry_msgs -isystem /opt/ros/jazzy/include/service_msgs -isystem /usr/lib/python3/dist-packages/numpy/core/include -isystem /usr/include/python3.12 -isystem /opt/ros/jazzy/include/fastcdr -isystem /opt/ros/jazzy/include/rosidl_runtime_cpp -isystem /opt/ros/jazzy/include/rosidl_typesupport_fastrtps_cpp -isystem /opt/ros/jazzy/include/rmw -isystem /opt/ros/jazzy/include/rosidl_dynamic_typesupport -isystem /opt/ros/jazzy/include/rosidl_typesupport_fastrtps_c -isystem /opt/ros/jazzy/include/rosidl_typesupport_introspection_c -isystem /opt/ros/jazzy/include/rosidl_typesupport_introspection_cpp -fPIC -Wall -Wextra -MD -MT CMakeFiles/mecheye_ros_interface__rosidl_generator_py.dir/rosidl_generator_py/mecheye_ros_interface/srv/_get_bool_parameter_s.c.o -MF CMakeFiles/mecheye_ros_interface__rosidl_generator_py.dir/rosidl_generator_py/mecheye_ros_interface/srv/_get_bool_parameter_s.c.o.d -o CMakeFiles/mecheye_ros_interface__rosidl_generator_py.dir/rosidl_generator_py/mecheye_ros_interface/srv/_get_bool_parameter_s.c.o -c /home/inauenma/git/mecheye_ros2_interface/build/mecheye_ros_interface/rosidl_generator_py/mecheye_ros_interface/srv/_get_bool_parameter_s.c
[ 95%] Building C object CMakeFiles/mecheye_ros_interface__rosidl_generator_py.dir/rosidl_generator_py/mecheye_ros_interface/srv/_get_enum_parameter_s.c.o
/usr/bin/cc -DFASTCDR_DYN_LINK -DROS_PACKAGE_NAME=\"mecheye_ros_interface\" -Dmecheye_ros_interface__rosidl_generator_py_EXPORTS -I/usr/include/eigen3 -I/home/inauenma/git/mecheye_ros2_interface/build/mecheye_ros_interface/rosidl_generator_c -I/home/inauenma/git/mecheye_ros2_interface/build/mecheye_ros_interface/rosidl_generator_py -isystem /opt/ros/jazzy/include/std_msgs -isystem /opt/ros/jazzy/include/builtin_interfaces -isystem /opt/ros/jazzy/include/rosidl_runtime_c -isystem /opt/ros/jazzy/include/rcutils -isystem /opt/ros/jazzy/include/rosidl_typesupport_interface -isystem /opt/ros/jazzy/include/sensor_msgs -isystem /opt/ros/jazzy/include/geometry_msgs -isystem /opt/ros/jazzy/include/service_msgs -isystem /usr/lib/python3/dist-packages/numpy/core/include -isystem /usr/include/python3.12 -isystem /opt/ros/jazzy/include/fastcdr -isystem /opt/ros/jazzy/include/rosidl_runtime_cpp -isystem /opt/ros/jazzy/include/rosidl_typesupport_fastrtps_cpp -isystem /opt/ros/jazzy/include/rmw -isystem /opt/ros/jazzy/include/rosidl_dynamic_typesupport -isystem /opt/ros/jazzy/include/rosidl_typesupport_fastrtps_c -isystem /opt/ros/jazzy/include/rosidl_typesupport_introspection_c -isystem /opt/ros/jazzy/include/rosidl_typesupport_introspection_cpp -fPIC -Wall -Wextra -MD -MT CMakeFiles/mecheye_ros_interface__rosidl_generator_py.dir/rosidl_generator_py/mecheye_ros_interface/srv/_set_enum_parameter_s.c.o -MF CMakeFiles/mecheye_ros_interface__rosidl_generator_py.dir/rosidl_generator_py/mecheye_ros_interface/srv/_set_enum_parameter_s.c.o.d -o CMakeFiles/mecheye_ros_interface__rosidl_generator_py.dir/rosidl_generator_py/mecheye_ros_interface/srv/_set_enum_parameter_s.c.o -c /home/inauenma/git/mecheye_ros2_interface/build/mecheye_ros_interface/rosidl_generator_py/mecheye_ros_interface/srv/_set_enum_parameter_s.c
/usr/bin/cc -DFASTCDR_DYN_LINK -DROS_PACKAGE_NAME=\"mecheye_ros_interface\" -Dmecheye_ros_interface__rosidl_generator_py_EXPORTS -I/usr/include/eigen3 -I/home/inauenma/git/mecheye_ros2_interface/build/mecheye_ros_interface/rosidl_generator_c -I/home/inauenma/git/mecheye_ros2_interface/build/mecheye_ros_interface/rosidl_generator_py -isystem /opt/ros/jazzy/include/std_msgs -isystem /opt/ros/jazzy/include/builtin_interfaces -isystem /opt/ros/jazzy/include/rosidl_runtime_c -isystem /opt/ros/jazzy/include/rcutils -isystem /opt/ros/jazzy/include/rosidl_typesupport_interface -isystem /opt/ros/jazzy/include/sensor_msgs -isystem /opt/ros/jazzy/include/geometry_msgs -isystem /opt/ros/jazzy/include/service_msgs -isystem /usr/lib/python3/dist-packages/numpy/core/include -isystem /usr/include/python3.12 -isystem /opt/ros/jazzy/include/fastcdr -isystem /opt/ros/jazzy/include/rosidl_runtime_cpp -isystem /opt/ros/jazzy/include/rosidl_typesupport_fastrtps_cpp -isystem /opt/ros/jazzy/include/rmw -isystem /opt/ros/jazzy/include/rosidl_dynamic_typesupport -isystem /opt/ros/jazzy/include/rosidl_typesupport_fastrtps_c -isystem /opt/ros/jazzy/include/rosidl_typesupport_introspection_c -isystem /opt/ros/jazzy/include/rosidl_typesupport_introspection_cpp -fPIC -Wall -Wextra -MD -MT CMakeFiles/mecheye_ros_interface__rosidl_generator_py.dir/rosidl_generator_py/mecheye_ros_interface/srv/_get_enum_parameter_s.c.o -MF CMakeFiles/mecheye_ros_interface__rosidl_generator_py.dir/rosidl_generator_py/mecheye_ros_interface/srv/_get_enum_parameter_s.c.o.d -o CMakeFiles/mecheye_ros_interface__rosidl_generator_py.dir/rosidl_generator_py/mecheye_ros_interface/srv/_get_enum_parameter_s.c.o -c /home/inauenma/git/mecheye_ros2_interface/build/mecheye_ros_interface/rosidl_generator_py/mecheye_ros_interface/srv/_get_enum_parameter_s.c
[ 95%] Building C object CMakeFiles/mecheye_ros_interface__rosidl_generator_py.dir/rosidl_generator_py/mecheye_ros_interface/srv/_set_float_parameter_s.c.o
/usr/bin/cc -DFASTCDR_DYN_LINK -DROS_PACKAGE_NAME=\"mecheye_ros_interface\" -Dmecheye_ros_interface__rosidl_generator_py_EXPORTS -I/usr/include/eigen3 -I/home/inauenma/git/mecheye_ros2_interface/build/mecheye_ros_interface/rosidl_generator_c -I/home/inauenma/git/mecheye_ros2_interface/build/mecheye_ros_interface/rosidl_generator_py -isystem /opt/ros/jazzy/include/std_msgs -isystem /opt/ros/jazzy/include/builtin_interfaces -isystem /opt/ros/jazzy/include/rosidl_runtime_c -isystem /opt/ros/jazzy/include/rcutils -isystem /opt/ros/jazzy/include/rosidl_typesupport_interface -isystem /opt/ros/jazzy/include/sensor_msgs -isystem /opt/ros/jazzy/include/geometry_msgs -isystem /opt/ros/jazzy/include/service_msgs -isystem /usr/lib/python3/dist-packages/numpy/core/include -isystem /usr/include/python3.12 -isystem /opt/ros/jazzy/include/fastcdr -isystem /opt/ros/jazzy/include/rosidl_runtime_cpp -isystem /opt/ros/jazzy/include/rosidl_typesupport_fastrtps_cpp -isystem /opt/ros/jazzy/include/rmw -isystem /opt/ros/jazzy/include/rosidl_dynamic_typesupport -isystem /opt/ros/jazzy/include/rosidl_typesupport_fastrtps_c -isystem /opt/ros/jazzy/include/rosidl_typesupport_introspection_c -isystem /opt/ros/jazzy/include/rosidl_typesupport_introspection_cpp -fPIC -Wall -Wextra -MD -MT CMakeFiles/mecheye_ros_interface__rosidl_generator_py.dir/rosidl_generator_py/mecheye_ros_interface/srv/_set_float_parameter_s.c.o -MF CMakeFiles/mecheye_ros_interface__rosidl_generator_py.dir/rosidl_generator_py/mecheye_ros_interface/srv/_set_float_parameter_s.c.o.d -o CMakeFiles/mecheye_ros_interface__rosidl_generator_py.dir/rosidl_generator_py/mecheye_ros_interface/srv/_set_float_parameter_s.c.o -c /home/inauenma/git/mecheye_ros2_interface/build/mecheye_ros_interface/rosidl_generator_py/mecheye_ros_interface/srv/_set_float_parameter_s.c
[ 96%] Building C object CMakeFiles/mecheye_ros_interface__rosidl_generator_py.dir/rosidl_generator_py/mecheye_ros_interface/srv/_get_float_parameter_s.c.o
/usr/bin/cc -DFASTCDR_DYN_LINK -DROS_PACKAGE_NAME=\"mecheye_ros_interface\" -Dmecheye_ros_interface__rosidl_generator_py_EXPORTS -I/usr/include/eigen3 -I/home/inauenma/git/mecheye_ros2_interface/build/mecheye_ros_interface/rosidl_generator_c -I/home/inauenma/git/mecheye_ros2_interface/build/mecheye_ros_interface/rosidl_generator_py -isystem /opt/ros/jazzy/include/std_msgs -isystem /opt/ros/jazzy/include/builtin_interfaces -isystem /opt/ros/jazzy/include/rosidl_runtime_c -isystem /opt/ros/jazzy/include/rcutils -isystem /opt/ros/jazzy/include/rosidl_typesupport_interface -isystem /opt/ros/jazzy/include/sensor_msgs -isystem /opt/ros/jazzy/include/geometry_msgs -isystem /opt/ros/jazzy/include/service_msgs -isystem /usr/lib/python3/dist-packages/numpy/core/include -isystem /usr/include/python3.12 -isystem /opt/ros/jazzy/include/fastcdr -isystem /opt/ros/jazzy/include/rosidl_runtime_cpp -isystem /opt/ros/jazzy/include/rosidl_typesupport_fastrtps_cpp -isystem /opt/ros/jazzy/include/rmw -isystem /opt/ros/jazzy/include/rosidl_dynamic_typesupport -isystem /opt/ros/jazzy/include/rosidl_typesupport_fastrtps_c -isystem /opt/ros/jazzy/include/rosidl_typesupport_introspection_c -isystem /opt/ros/jazzy/include/rosidl_typesupport_introspection_cpp -fPIC -Wall -Wextra -MD -MT CMakeFiles/mecheye_ros_interface__rosidl_generator_py.dir/rosidl_generator_py/mecheye_ros_interface/srv/_get_float_parameter_s.c.o -MF CMakeFiles/mecheye_ros_interface__rosidl_generator_py.dir/rosidl_generator_py/mecheye_ros_interface/srv/_get_float_parameter_s.c.o.d -o CMakeFiles/mecheye_ros_interface__rosidl_generator_py.dir/rosidl_generator_py/mecheye_ros_interface/srv/_get_float_parameter_s.c.o -c /home/inauenma/git/mecheye_ros2_interface/build/mecheye_ros_interface/rosidl_generator_py/mecheye_ros_interface/srv/_get_float_parameter_s.c
[ 96%] Building C object CMakeFiles/mecheye_ros_interface__rosidl_generator_py.dir/rosidl_generator_py/mecheye_ros_interface/srv/_set_float_array_parameter_s.c.o
/usr/bin/cc -DFASTCDR_DYN_LINK -DROS_PACKAGE_NAME=\"mecheye_ros_interface\" -Dmecheye_ros_interface__rosidl_generator_py_EXPORTS -I/usr/include/eigen3 -I/home/inauenma/git/mecheye_ros2_interface/build/mecheye_ros_interface/rosidl_generator_c -I/home/inauenma/git/mecheye_ros2_interface/build/mecheye_ros_interface/rosidl_generator_py -isystem /opt/ros/jazzy/include/std_msgs -isystem /opt/ros/jazzy/include/builtin_interfaces -isystem /opt/ros/jazzy/include/rosidl_runtime_c -isystem /opt/ros/jazzy/include/rcutils -isystem /opt/ros/jazzy/include/rosidl_typesupport_interface -isystem /opt/ros/jazzy/include/sensor_msgs -isystem /opt/ros/jazzy/include/geometry_msgs -isystem /opt/ros/jazzy/include/service_msgs -isystem /usr/lib/python3/dist-packages/numpy/core/include -isystem /usr/include/python3.12 -isystem /opt/ros/jazzy/include/fastcdr -isystem /opt/ros/jazzy/include/rosidl_runtime_cpp -isystem /opt/ros/jazzy/include/rosidl_typesupport_fastrtps_cpp -isystem /opt/ros/jazzy/include/rmw -isystem /opt/ros/jazzy/include/rosidl_dynamic_typesupport -isystem /opt/ros/jazzy/include/rosidl_typesupport_fastrtps_c -isystem /opt/ros/jazzy/include/rosidl_typesupport_introspection_c -isystem /opt/ros/jazzy/include/rosidl_typesupport_introspection_cpp -fPIC -Wall -Wextra -MD -MT CMakeFiles/mecheye_ros_interface__rosidl_generator_py.dir/rosidl_generator_py/mecheye_ros_interface/srv/_set_float_array_parameter_s.c.o -MF CMakeFiles/mecheye_ros_interface__rosidl_generator_py.dir/rosidl_generator_py/mecheye_ros_interface/srv/_set_float_array_parameter_s.c.o.d -o CMakeFiles/mecheye_ros_interface__rosidl_generator_py.dir/rosidl_generator_py/mecheye_ros_interface/srv/_set_float_array_parameter_s.c.o -c /home/inauenma/git/mecheye_ros2_interface/build/mecheye_ros_interface/rosidl_generator_py/mecheye_ros_interface/srv/_set_float_array_parameter_s.c
[ 96%] Building C object CMakeFiles/mecheye_ros_interface__rosidl_generator_py.dir/rosidl_generator_py/mecheye_ros_interface/srv/_get_float_array_parameter_s.c.o
/usr/bin/cc -DFASTCDR_DYN_LINK -DROS_PACKAGE_NAME=\"mecheye_ros_interface\" -Dmecheye_ros_interface__rosidl_generator_py_EXPORTS -I/usr/include/eigen3 -I/home/inauenma/git/mecheye_ros2_interface/build/mecheye_ros_interface/rosidl_generator_c -I/home/inauenma/git/mecheye_ros2_interface/build/mecheye_ros_interface/rosidl_generator_py -isystem /opt/ros/jazzy/include/std_msgs -isystem /opt/ros/jazzy/include/builtin_interfaces -isystem /opt/ros/jazzy/include/rosidl_runtime_c -isystem /opt/ros/jazzy/include/rcutils -isystem /opt/ros/jazzy/include/rosidl_typesupport_interface -isystem /opt/ros/jazzy/include/sensor_msgs -isystem /opt/ros/jazzy/include/geometry_msgs -isystem /opt/ros/jazzy/include/service_msgs -isystem /usr/lib/python3/dist-packages/numpy/core/include -isystem /usr/include/python3.12 -isystem /opt/ros/jazzy/include/fastcdr -isystem /opt/ros/jazzy/include/rosidl_runtime_cpp -isystem /opt/ros/jazzy/include/rosidl_typesupport_fastrtps_cpp -isystem /opt/ros/jazzy/include/rmw -isystem /opt/ros/jazzy/include/rosidl_dynamic_typesupport -isystem /opt/ros/jazzy/include/rosidl_typesupport_fastrtps_c -isystem /opt/ros/jazzy/include/rosidl_typesupport_introspection_c -isystem /opt/ros/jazzy/include/rosidl_typesupport_introspection_cpp -fPIC -Wall -Wextra -MD -MT CMakeFiles/mecheye_ros_interface__rosidl_generator_py.dir/rosidl_generator_py/mecheye_ros_interface/srv/_get_float_array_parameter_s.c.o -MF CMakeFiles/mecheye_ros_interface__rosidl_generator_py.dir/rosidl_generator_py/mecheye_ros_interface/srv/_get_float_array_parameter_s.c.o.d -o CMakeFiles/mecheye_ros_interface__rosidl_generator_py.dir/rosidl_generator_py/mecheye_ros_interface/srv/_get_float_array_parameter_s.c.o -c /home/inauenma/git/mecheye_ros2_interface/build/mecheye_ros_interface/rosidl_generator_py/mecheye_ros_interface/srv/_get_float_array_parameter_s.c
[ 97%] Building C object CMakeFiles/mecheye_ros_interface__rosidl_generator_py.dir/rosidl_generator_py/mecheye_ros_interface/srv/_set_roi_parameter_s.c.o
[ 97%] Building C object CMakeFiles/mecheye_ros_interface__rosidl_generator_py.dir/rosidl_generator_py/mecheye_ros_interface/srv/_get_roi_parameter_s.c.o
/usr/bin/cc -DFASTCDR_DYN_LINK -DROS_PACKAGE_NAME=\"mecheye_ros_interface\" -Dmecheye_ros_interface__rosidl_generator_py_EXPORTS -I/usr/include/eigen3 -I/home/inauenma/git/mecheye_ros2_interface/build/mecheye_ros_interface/rosidl_generator_c -I/home/inauenma/git/mecheye_ros2_interface/build/mecheye_ros_interface/rosidl_generator_py -isystem /opt/ros/jazzy/include/std_msgs -isystem /opt/ros/jazzy/include/builtin_interfaces -isystem /opt/ros/jazzy/include/rosidl_runtime_c -isystem /opt/ros/jazzy/include/rcutils -isystem /opt/ros/jazzy/include/rosidl_typesupport_interface -isystem /opt/ros/jazzy/include/sensor_msgs -isystem /opt/ros/jazzy/include/geometry_msgs -isystem /opt/ros/jazzy/include/service_msgs -isystem /usr/lib/python3/dist-packages/numpy/core/include -isystem /usr/include/python3.12 -isystem /opt/ros/jazzy/include/fastcdr -isystem /opt/ros/jazzy/include/rosidl_runtime_cpp -isystem /opt/ros/jazzy/include/rosidl_typesupport_fastrtps_cpp -isystem /opt/ros/jazzy/include/rmw -isystem /opt/ros/jazzy/include/rosidl_dynamic_typesupport -isystem /opt/ros/jazzy/include/rosidl_typesupport_fastrtps_c -isystem /opt/ros/jazzy/include/rosidl_typesupport_introspection_c -isystem /opt/ros/jazzy/include/rosidl_typesupport_introspection_cpp -fPIC -Wall -Wextra -MD -MT CMakeFiles/mecheye_ros_interface__rosidl_generator_py.dir/rosidl_generator_py/mecheye_ros_interface/srv/_set_roi_parameter_s.c.o -MF CMakeFiles/mecheye_ros_interface__rosidl_generator_py.dir/rosidl_generator_py/mecheye_ros_interface/srv/_set_roi_parameter_s.c.o.d -o CMakeFiles/mecheye_ros_interface__rosidl_generator_py.dir/rosidl_generator_py/mecheye_ros_interface/srv/_set_roi_parameter_s.c.o -c /home/inauenma/git/mecheye_ros2_interface/build/mecheye_ros_interface/rosidl_generator_py/mecheye_ros_interface/srv/_set_roi_parameter_s.c
/usr/bin/cc -DFASTCDR_DYN_LINK -DROS_PACKAGE_NAME=\"mecheye_ros_interface\" -Dmecheye_ros_interface__rosidl_generator_py_EXPORTS -I/usr/include/eigen3 -I/home/inauenma/git/mecheye_ros2_interface/build/mecheye_ros_interface/rosidl_generator_c -I/home/inauenma/git/mecheye_ros2_interface/build/mecheye_ros_interface/rosidl_generator_py -isystem /opt/ros/jazzy/include/std_msgs -isystem /opt/ros/jazzy/include/builtin_interfaces -isystem /opt/ros/jazzy/include/rosidl_runtime_c -isystem /opt/ros/jazzy/include/rcutils -isystem /opt/ros/jazzy/include/rosidl_typesupport_interface -isystem /opt/ros/jazzy/include/sensor_msgs -isystem /opt/ros/jazzy/include/geometry_msgs -isystem /opt/ros/jazzy/include/service_msgs -isystem /usr/lib/python3/dist-packages/numpy/core/include -isystem /usr/include/python3.12 -isystem /opt/ros/jazzy/include/fastcdr -isystem /opt/ros/jazzy/include/rosidl_runtime_cpp -isystem /opt/ros/jazzy/include/rosidl_typesupport_fastrtps_cpp -isystem /opt/ros/jazzy/include/rmw -isystem /opt/ros/jazzy/include/rosidl_dynamic_typesupport -isystem /opt/ros/jazzy/include/rosidl_typesupport_fastrtps_c -isystem /opt/ros/jazzy/include/rosidl_typesupport_introspection_c -isystem /opt/ros/jazzy/include/rosidl_typesupport_introspection_cpp -fPIC -Wall -Wextra -MD -MT CMakeFiles/mecheye_ros_interface__rosidl_generator_py.dir/rosidl_generator_py/mecheye_ros_interface/srv/_get_roi_parameter_s.c.o -MF CMakeFiles/mecheye_ros_interface__rosidl_generator_py.dir/rosidl_generator_py/mecheye_ros_interface/srv/_get_roi_parameter_s.c.o.d -o CMakeFiles/mecheye_ros_interface__rosidl_generator_py.dir/rosidl_generator_py/mecheye_ros_interface/srv/_get_roi_parameter_s.c.o -c /home/inauenma/git/mecheye_ros2_interface/build/mecheye_ros_interface/rosidl_generator_py/mecheye_ros_interface/srv/_get_roi_parameter_s.c
[ 97%] Linking C shared library libmecheye_ros_interface__rosidl_generator_py.so
/usr/bin/cmake -E cmake_link_script CMakeFiles/mecheye_ros_interface__rosidl_generator_py.dir/link.txt --verbose=1
/usr/bin/cc -fPIC -shared -Wl,-soname,libmecheye_ros_interface__rosidl_generator_py.so -o libmecheye_ros_interface__rosidl_generator_py.so CMakeFiles/mecheye_ros_interface__rosidl_generator_py.dir/rosidl_generator_py/mecheye_ros_interface/srv/_set_current_user_set_s.c.o CMakeFiles/mecheye_ros_interface__rosidl_generator_py.dir/rosidl_generator_py/mecheye_ros_interface/srv/_save_all_settings_to_user_sets_s.c.o CMakeFiles/mecheye_ros_interface__rosidl_generator_py.dir/rosidl_generator_py/mecheye_ros_interface/srv/_add_user_set_s.c.o CMakeFiles/mecheye_ros_interface__rosidl_generator_py.dir/rosidl_generator_py/mecheye_ros_interface/srv/_capture_color_image_s.c.o CMakeFiles/mecheye_ros_interface__rosidl_generator_py.dir/rosidl_generator_py/mecheye_ros_interface/srv/_capture_stereo_color_images_s.c.o CMakeFiles/mecheye_ros_interface__rosidl_generator_py.dir/rosidl_generator_py/mecheye_ros_interface/srv/_capture_textured_point_cloud_s.c.o CMakeFiles/mecheye_ros_interface__rosidl_generator_py.dir/rosidl_generator_py/mecheye_ros_interface/srv/_capture_depth_map_s.c.o CMakeFiles/mecheye_ros_interface__rosidl_generator_py.dir/rosidl_generator_py/mecheye_ros_interface/srv/_capture_point_cloud_s.c.o CMakeFiles/mecheye_ros_interface__rosidl_generator_py.dir/rosidl_generator_py/mecheye_ros_interface/srv/_delete_user_set_s.c.o CMakeFiles/mecheye_ros_interface__rosidl_generator_py.dir/rosidl_generator_py/mecheye_ros_interface/srv/_device_info_s.c.o CMakeFiles/mecheye_ros_interface__rosidl_generator_py.dir/rosidl_generator_py/mecheye_ros_interface/srv/_get_all_user_sets_s.c.o CMakeFiles/mecheye_ros_interface__rosidl_generator_py.dir/rosidl_generator_py/mecheye_ros_interface/srv/_get_current_user_set_s.c.o CMakeFiles/mecheye_ros_interface__rosidl_generator_py.dir/rosidl_generator_py/mecheye_ros_interface/srv/_set_int_parameter_s.c.o CMakeFiles/mecheye_ros_interface__rosidl_generator_py.dir/rosidl_generator_py/mecheye_ros_interface/srv/_get_int_parameter_s.c.o CMakeFiles/mecheye_ros_interface__rosidl_generator_py.dir/rosidl_generator_py/mecheye_ros_interface/srv/_set_range_parameter_s.c.o CMakeFiles/mecheye_ros_interface__rosidl_generator_py.dir/rosidl_generator_py/mecheye_ros_interface/srv/_get_range_parameter_s.c.o CMakeFiles/mecheye_ros_interface__rosidl_generator_py.dir/rosidl_generator_py/mecheye_ros_interface/srv/_set_bool_parameter_s.c.o CMakeFiles/mecheye_ros_interface__rosidl_generator_py.dir/rosidl_generator_py/mecheye_ros_interface/srv/_get_bool_parameter_s.c.o CMakeFiles/mecheye_ros_interface__rosidl_generator_py.dir/rosidl_generator_py/mecheye_ros_interface/srv/_set_enum_parameter_s.c.o CMakeFiles/mecheye_ros_interface__rosidl_generator_py.dir/rosidl_generator_py/mecheye_ros_interface/srv/_get_enum_parameter_s.c.o CMakeFiles/mecheye_ros_interface__rosidl_generator_py.dir/rosidl_generator_py/mecheye_ros_interface/srv/_set_float_parameter_s.c.o CMakeFiles/mecheye_ros_interface__rosidl_generator_py.dir/rosidl_generator_py/mecheye_ros_interface/srv/_get_float_parameter_s.c.o CMakeFiles/mecheye_ros_interface__rosidl_generator_py.dir/rosidl_generator_py/mecheye_ros_interface/srv/_set_float_array_parameter_s.c.o CMakeFiles/mecheye_ros_interface__rosidl_generator_py.dir/rosidl_generator_py/mecheye_ros_interface/srv/_get_float_array_parameter_s.c.o CMakeFiles/mecheye_ros_interface__rosidl_generator_py.dir/rosidl_generator_py/mecheye_ros_interface/srv/_set_roi_parameter_s.c.o CMakeFiles/mecheye_ros_interface__rosidl_generator_py.dir/rosidl_generator_py/mecheye_ros_interface/srv/_get_roi_parameter_s.c.o  -Wl,-rpath,/home/inauenma/git/mecheye_ros2_interface/build/mecheye_ros_interface:/opt/ros/jazzy/lib: libmecheye_ros_interface__rosidl_typesupport_c.so /opt/ros/jazzy/lib/libsensor_msgs__rosidl_typesupport_fastrtps_c.so /opt/ros/jazzy/lib/libsensor_msgs__rosidl_typesupport_fastrtps_cpp.so /opt/ros/jazzy/lib/libsensor_msgs__rosidl_typesupport_introspection_c.so /opt/ros/jazzy/lib/libsensor_msgs__rosidl_typesupport_introspection_cpp.so /opt/ros/jazzy/lib/libsensor_msgs__rosidl_generator_py.so /opt/ros/jazzy/lib/libgeometry_msgs__rosidl_typesupport_fastrtps_c.so /opt/ros/jazzy/lib/libgeometry_msgs__rosidl_typesupport_introspection_c.so /opt/ros/jazzy/lib/libgeometry_msgs__rosidl_typesupport_fastrtps_cpp.so /opt/ros/jazzy/lib/libgeometry_msgs__rosidl_typesupport_introspection_cpp.so /opt/ros/jazzy/lib/libgeometry_msgs__rosidl_generator_py.so /opt/ros/jazzy/lib/libservice_msgs__rosidl_typesupport_fastrtps_c.so /opt/ros/jazzy/lib/libservice_msgs__rosidl_typesupport_fastrtps_cpp.so /opt/ros/jazzy/lib/libservice_msgs__rosidl_typesupport_introspection_c.so /opt/ros/jazzy/lib/libservice_msgs__rosidl_typesupport_introspection_cpp.so /opt/ros/jazzy/lib/libservice_msgs__rosidl_generator_py.so libmecheye_ros_interface__rosidl_generator_c.so /opt/ros/jazzy/lib/libsensor_msgs__rosidl_typesupport_c.so /opt/ros/jazzy/lib/libstd_msgs__rosidl_typesupport_fastrtps_c.so /opt/ros/jazzy/lib/libstd_msgs__rosidl_typesupport_fastrtps_cpp.so /opt/ros/jazzy/lib/libstd_msgs__rosidl_typesupport_introspection_c.so /opt/ros/jazzy/lib/libstd_msgs__rosidl_typesupport_introspection_cpp.so /opt/ros/jazzy/lib/libstd_msgs__rosidl_generator_py.so /opt/ros/jazzy/lib/libgeometry_msgs__rosidl_typesupport_c.so /opt/ros/jazzy/lib/libstd_msgs__rosidl_typesupport_c.so /opt/ros/jazzy/lib/libbuiltin_interfaces__rosidl_typesupport_fastrtps_c.so /opt/ros/jazzy/lib/librosidl_typesupport_fastrtps_c.so /opt/ros/jazzy/lib/libbuiltin_interfaces__rosidl_typesupport_introspection_c.so /opt/ros/jazzy/lib/libbuiltin_interfaces__rosidl_typesupport_fastrtps_cpp.so /opt/ros/jazzy/lib/librosidl_typesupport_fastrtps_cpp.so /opt/ros/jazzy/lib/libfastcdr.so.2.2.5 /opt/ros/jazzy/lib/librmw.so /opt/ros/jazzy/lib/librosidl_dynamic_typesupport.so /opt/ros/jazzy/lib/libbuiltin_interfaces__rosidl_typesupport_introspection_cpp.so /opt/ros/jazzy/lib/librosidl_typesupport_introspection_cpp.so /opt/ros/jazzy/lib/librosidl_typesupport_introspection_c.so /opt/ros/jazzy/lib/libbuiltin_interfaces__rosidl_generator_py.so /usr/lib/x86_64-linux-gnu/libpython3.12.so /opt/ros/jazzy/lib/libservice_msgs__rosidl_typesupport_c.so /opt/ros/jazzy/lib/libbuiltin_interfaces__rosidl_typesupport_c.so /opt/ros/jazzy/lib/libsensor_msgs__rosidl_typesupport_cpp.so /opt/ros/jazzy/lib/libsensor_msgs__rosidl_generator_c.so /opt/ros/jazzy/lib/libgeometry_msgs__rosidl_typesupport_cpp.so /opt/ros/jazzy/lib/libstd_msgs__rosidl_typesupport_cpp.so /opt/ros/jazzy/lib/libgeometry_msgs__rosidl_generator_c.so /opt/ros/jazzy/lib/libstd_msgs__rosidl_generator_c.so /opt/ros/jazzy/lib/libservice_msgs__rosidl_typesupport_cpp.so /opt/ros/jazzy/lib/libbuiltin_interfaces__rosidl_typesupport_cpp.so /opt/ros/jazzy/lib/libservice_msgs__rosidl_generator_c.so /opt/ros/jazzy/lib/libbuiltin_interfaces__rosidl_generator_c.so /opt/ros/jazzy/lib/librosidl_runtime_c.so /opt/ros/jazzy/lib/librcutils.so -ldl -latomic -Wl,-rpath-link,/opt/ros/jazzy/lib 
gmake[2]: Leaving directory '/home/inauenma/git/mecheye_ros2_interface/build/mecheye_ros_interface'
[ 97%] Built target mecheye_ros_interface__rosidl_generator_py
/usr/bin/gmake  -f CMakeFiles/mecheye_ros_interface_s__rosidl_typesupport_fastrtps_c.dir/build.make CMakeFiles/mecheye_ros_interface_s__rosidl_typesupport_fastrtps_c.dir/depend
/usr/bin/gmake  -f CMakeFiles/mecheye_ros_interface_s__rosidl_typesupport_introspection_c.dir/build.make CMakeFiles/mecheye_ros_interface_s__rosidl_typesupport_introspection_c.dir/depend
/usr/bin/gmake  -f CMakeFiles/mecheye_ros_interface_s__rosidl_typesupport_c.dir/build.make CMakeFiles/mecheye_ros_interface_s__rosidl_typesupport_c.dir/depend
gmake[2]: Entering directory '/home/inauenma/git/mecheye_ros2_interface/build/mecheye_ros_interface'
cd /home/inauenma/git/mecheye_ros2_interface/build/mecheye_ros_interface && /usr/bin/cmake -E cmake_depends "Unix Makefiles" /home/inauenma/git/mecheye_ros2_interface /home/inauenma/git/mecheye_ros2_interface /home/inauenma/git/mecheye_ros2_interface/build/mecheye_ros_interface /home/inauenma/git/mecheye_ros2_interface/build/mecheye_ros_interface /home/inauenma/git/mecheye_ros2_interface/build/mecheye_ros_interface/CMakeFiles/mecheye_ros_interface_s__rosidl_typesupport_introspection_c.dir/DependInfo.cmake "--color="
gmake[2]: Entering directory '/home/inauenma/git/mecheye_ros2_interface/build/mecheye_ros_interface'
cd /home/inauenma/git/mecheye_ros2_interface/build/mecheye_ros_interface && /usr/bin/cmake -E cmake_depends "Unix Makefiles" /home/inauenma/git/mecheye_ros2_interface /home/inauenma/git/mecheye_ros2_interface /home/inauenma/git/mecheye_ros2_interface/build/mecheye_ros_interface /home/inauenma/git/mecheye_ros2_interface/build/mecheye_ros_interface /home/inauenma/git/mecheye_ros2_interface/build/mecheye_ros_interface/CMakeFiles/mecheye_ros_interface_s__rosidl_typesupport_fastrtps_c.dir/DependInfo.cmake "--color="
gmake[2]: Entering directory '/home/inauenma/git/mecheye_ros2_interface/build/mecheye_ros_interface'
cd /home/inauenma/git/mecheye_ros2_interface/build/mecheye_ros_interface && /usr/bin/cmake -E cmake_depends "Unix Makefiles" /home/inauenma/git/mecheye_ros2_interface /home/inauenma/git/mecheye_ros2_interface /home/inauenma/git/mecheye_ros2_interface/build/mecheye_ros_interface /home/inauenma/git/mecheye_ros2_interface/build/mecheye_ros_interface /home/inauenma/git/mecheye_ros2_interface/build/mecheye_ros_interface/CMakeFiles/mecheye_ros_interface_s__rosidl_typesupport_c.dir/DependInfo.cmake "--color="
gmake[2]: Leaving directory '/home/inauenma/git/mecheye_ros2_interface/build/mecheye_ros_interface'
/usr/bin/gmake  -f CMakeFiles/mecheye_ros_interface_s__rosidl_typesupport_c.dir/build.make CMakeFiles/mecheye_ros_interface_s__rosidl_typesupport_c.dir/build
gmake[2]: Leaving directory '/home/inauenma/git/mecheye_ros2_interface/build/mecheye_ros_interface'
/usr/bin/gmake  -f CMakeFiles/mecheye_ros_interface_s__rosidl_typesupport_fastrtps_c.dir/build.make CMakeFiles/mecheye_ros_interface_s__rosidl_typesupport_fastrtps_c.dir/build
gmake[2]: Leaving directory '/home/inauenma/git/mecheye_ros2_interface/build/mecheye_ros_interface'
/usr/bin/gmake  -f CMakeFiles/mecheye_ros_interface_s__rosidl_typesupport_introspection_c.dir/build.make CMakeFiles/mecheye_ros_interface_s__rosidl_typesupport_introspection_c.dir/build
gmake[2]: Entering directory '/home/inauenma/git/mecheye_ros2_interface/build/mecheye_ros_interface'
gmake[2]: Entering directory '/home/inauenma/git/mecheye_ros2_interface/build/mecheye_ros_interface'
gmake[2]: Entering directory '/home/inauenma/git/mecheye_ros2_interface/build/mecheye_ros_interface'
[ 98%] Building C object CMakeFiles/mecheye_ros_interface_s__rosidl_typesupport_fastrtps_c.dir/rosidl_generator_py/mecheye_ros_interface/_mecheye_ros_interface_s.ep.rosidl_typesupport_fastrtps_c.c.o
[ 98%] Building C object CMakeFiles/mecheye_ros_interface_s__rosidl_typesupport_c.dir/rosidl_generator_py/mecheye_ros_interface/_mecheye_ros_interface_s.ep.rosidl_typesupport_c.c.o
[ 98%] Building C object CMakeFiles/mecheye_ros_interface_s__rosidl_typesupport_introspection_c.dir/rosidl_generator_py/mecheye_ros_interface/_mecheye_ros_interface_s.ep.rosidl_typesupport_introspection_c.c.o
/usr/bin/cc -DFASTCDR_DYN_LINK -DROS_PACKAGE_NAME=\"mecheye_ros_interface\" -Dmecheye_ros_interface_s__rosidl_typesupport_fastrtps_c_EXPORTS -I/usr/include/eigen3 -I/home/inauenma/git/mecheye_ros2_interface/build/mecheye_ros_interface/rosidl_generator_c -I/home/inauenma/git/mecheye_ros2_interface/build/mecheye_ros_interface/rosidl_generator_py -I/home/inauenma/git/mecheye_ros2_interface/build/mecheye_ros_interface/rosidl_typesupport_fastrtps_c -isystem /opt/ros/jazzy/include/rmw -isystem /usr/include/python3.12 -isystem /opt/ros/jazzy/include/fastcdr -isystem /opt/ros/jazzy/include/rosidl_runtime_c -isystem /opt/ros/jazzy/include/rcutils -isystem /opt/ros/jazzy/include/rosidl_typesupport_interface -isystem /opt/ros/jazzy/include/rosidl_runtime_cpp -isystem /opt/ros/jazzy/include/rosidl_typesupport_fastrtps_cpp -isystem /opt/ros/jazzy/include/rosidl_dynamic_typesupport -isystem /opt/ros/jazzy/include/rosidl_typesupport_fastrtps_c -isystem /opt/ros/jazzy/include/std_msgs -isystem /opt/ros/jazzy/include/builtin_interfaces -isystem /opt/ros/jazzy/include/sensor_msgs -isystem /opt/ros/jazzy/include/geometry_msgs -isystem /opt/ros/jazzy/include/service_msgs -isystem /opt/ros/jazzy/include/rosidl_typesupport_c -fPIC -Wall -Wextra -MD -MT CMakeFiles/mecheye_ros_interface_s__rosidl_typesupport_fastrtps_c.dir/rosidl_generator_py/mecheye_ros_interface/_mecheye_ros_interface_s.ep.rosidl_typesupport_fastrtps_c.c.o -MF CMakeFiles/mecheye_ros_interface_s__rosidl_typesupport_fastrtps_c.dir/rosidl_generator_py/mecheye_ros_interface/_mecheye_ros_interface_s.ep.rosidl_typesupport_fastrtps_c.c.o.d -o CMakeFiles/mecheye_ros_interface_s__rosidl_typesupport_fastrtps_c.dir/rosidl_generator_py/mecheye_ros_interface/_mecheye_ros_interface_s.ep.rosidl_typesupport_fastrtps_c.c.o -c /home/inauenma/git/mecheye_ros2_interface/build/mecheye_ros_interface/rosidl_generator_py/mecheye_ros_interface/_mecheye_ros_interface_s.ep.rosidl_typesupport_fastrtps_c.c
/usr/bin/cc -DROS_PACKAGE_NAME=\"mecheye_ros_interface\" -Dmecheye_ros_interface_s__rosidl_typesupport_c_EXPORTS -I/usr/include/eigen3 -I/home/inauenma/git/mecheye_ros2_interface/build/mecheye_ros_interface/rosidl_generator_c -I/home/inauenma/git/mecheye_ros2_interface/build/mecheye_ros_interface/rosidl_generator_py -I/opt/ros/jazzy/include/rmw -isystem /usr/include/python3.12 -isystem /opt/ros/jazzy/include/std_msgs -isystem /opt/ros/jazzy/include/builtin_interfaces -isystem /opt/ros/jazzy/include/rosidl_runtime_c -isystem /opt/ros/jazzy/include/rcutils -isystem /opt/ros/jazzy/include/rosidl_typesupport_interface -isystem /opt/ros/jazzy/include/sensor_msgs -isystem /opt/ros/jazzy/include/geometry_msgs -isystem /opt/ros/jazzy/include/service_msgs -isystem /opt/ros/jazzy/include/rosidl_typesupport_c -isystem /opt/ros/jazzy/include/rosidl_dynamic_typesupport -fPIC -Wall -Wextra -MD -MT CMakeFiles/mecheye_ros_interface_s__rosidl_typesupport_c.dir/rosidl_generator_py/mecheye_ros_interface/_mecheye_ros_interface_s.ep.rosidl_typesupport_c.c.o -MF CMakeFiles/mecheye_ros_interface_s__rosidl_typesupport_c.dir/rosidl_generator_py/mecheye_ros_interface/_mecheye_ros_interface_s.ep.rosidl_typesupport_c.c.o.d -o CMakeFiles/mecheye_ros_interface_s__rosidl_typesupport_c.dir/rosidl_generator_py/mecheye_ros_interface/_mecheye_ros_interface_s.ep.rosidl_typesupport_c.c.o -c /home/inauenma/git/mecheye_ros2_interface/build/mecheye_ros_interface/rosidl_generator_py/mecheye_ros_interface/_mecheye_ros_interface_s.ep.rosidl_typesupport_c.c
/usr/bin/cc -DROS_PACKAGE_NAME=\"mecheye_ros_interface\" -Dmecheye_ros_interface_s__rosidl_typesupport_introspection_c_EXPORTS -I/usr/include/eigen3 -I/home/inauenma/git/mecheye_ros2_interface/build/mecheye_ros_interface/rosidl_generator_c -I/home/inauenma/git/mecheye_ros2_interface/build/mecheye_ros_interface/rosidl_generator_py -I/opt/ros/jazzy/include/rmw -I/home/inauenma/git/mecheye_ros2_interface/build/mecheye_ros_interface/rosidl_typesupport_introspection_c -isystem /usr/include/python3.12 -isystem /opt/ros/jazzy/include/std_msgs -isystem /opt/ros/jazzy/include/builtin_interfaces -isystem /opt/ros/jazzy/include/rosidl_runtime_c -isystem /opt/ros/jazzy/include/rcutils -isystem /opt/ros/jazzy/include/rosidl_typesupport_interface -isystem /opt/ros/jazzy/include/sensor_msgs -isystem /opt/ros/jazzy/include/geometry_msgs -isystem /opt/ros/jazzy/include/service_msgs -isystem /opt/ros/jazzy/include/rosidl_typesupport_introspection_c -isystem /opt/ros/jazzy/include/rosidl_typesupport_c -isystem /opt/ros/jazzy/include/rosidl_dynamic_typesupport -fPIC -Wall -Wextra -MD -MT CMakeFiles/mecheye_ros_interface_s__rosidl_typesupport_introspection_c.dir/rosidl_generator_py/mecheye_ros_interface/_mecheye_ros_interface_s.ep.rosidl_typesupport_introspection_c.c.o -MF CMakeFiles/mecheye_ros_interface_s__rosidl_typesupport_introspection_c.dir/rosidl_generator_py/mecheye_ros_interface/_mecheye_ros_interface_s.ep.rosidl_typesupport_introspection_c.c.o.d -o CMakeFiles/mecheye_ros_interface_s__rosidl_typesupport_introspection_c.dir/rosidl_generator_py/mecheye_ros_interface/_mecheye_ros_interface_s.ep.rosidl_typesupport_introspection_c.c.o -c /home/inauenma/git/mecheye_ros2_interface/build/mecheye_ros_interface/rosidl_generator_py/mecheye_ros_interface/_mecheye_ros_interface_s.ep.rosidl_typesupport_introspection_c.c
[ 99%] Linking C shared module rosidl_generator_py/mecheye_ros_interface/mecheye_ros_interface_s__rosidl_typesupport_fastrtps_c.so
/usr/bin/cmake -E cmake_link_script CMakeFiles/mecheye_ros_interface_s__rosidl_typesupport_fastrtps_c.dir/link.txt --verbose=1
/usr/bin/cc -fPIC -shared  -o rosidl_generator_py/mecheye_ros_interface/mecheye_ros_interface_s__rosidl_typesupport_fastrtps_c.so CMakeFiles/mecheye_ros_interface_s__rosidl_typesupport_fastrtps_c.dir/rosidl_generator_py/mecheye_ros_interface/_mecheye_ros_interface_s.ep.rosidl_typesupport_fastrtps_c.c.o  -Wl,-rpath,/home/inauenma/git/mecheye_ros2_interface/build/mecheye_ros_interface:/opt/ros/jazzy/lib: libmecheye_ros_interface__rosidl_generator_py.so libmecheye_ros_interface__rosidl_typesupport_fastrtps_c.so libmecheye_ros_interface__rosidl_typesupport_c.so /opt/ros/jazzy/lib/librmw.so /opt/ros/jazzy/lib/libsensor_msgs__rosidl_typesupport_c.so /opt/ros/jazzy/lib/libgeometry_msgs__rosidl_typesupport_c.so /opt/ros/jazzy/lib/libstd_msgs__rosidl_typesupport_c.so /opt/ros/jazzy/lib/libservice_msgs__rosidl_typesupport_c.so /opt/ros/jazzy/lib/libbuiltin_interfaces__rosidl_typesupport_c.so /opt/ros/jazzy/lib/librosidl_typesupport_c.so libmecheye_ros_interface__rosidl_generator_c.so /opt/ros/jazzy/lib/libsensor_msgs__rosidl_typesupport_fastrtps_c.so /opt/ros/jazzy/lib/libsensor_msgs__rosidl_generator_c.so /opt/ros/jazzy/lib/libgeometry_msgs__rosidl_typesupport_fastrtps_c.so /opt/ros/jazzy/lib/libstd_msgs__rosidl_typesupport_fastrtps_c.so /opt/ros/jazzy/lib/libgeometry_msgs__rosidl_generator_c.so /opt/ros/jazzy/lib/libstd_msgs__rosidl_generator_c.so /opt/ros/jazzy/lib/libservice_msgs__rosidl_typesupport_fastrtps_c.so /opt/ros/jazzy/lib/libbuiltin_interfaces__rosidl_typesupport_fastrtps_c.so /opt/ros/jazzy/lib/librosidl_typesupport_fastrtps_cpp.so /opt/ros/jazzy/lib/librmw.so /opt/ros/jazzy/lib/librosidl_dynamic_typesupport.so /opt/ros/jazzy/lib/librosidl_typesupport_fastrtps_c.so /opt/ros/jazzy/lib/libfastcdr.so.2.2.5 /opt/ros/jazzy/lib/libservice_msgs__rosidl_generator_c.so /opt/ros/jazzy/lib/libbuiltin_interfaces__rosidl_generator_c.so /opt/ros/jazzy/lib/librosidl_runtime_c.so /opt/ros/jazzy/lib/librcutils.so -ldl -latomic -Wl,-rpath-link,/opt/ros/jazzy/lib 
[ 99%] Linking C shared module rosidl_generator_py/mecheye_ros_interface/mecheye_ros_interface_s__rosidl_typesupport_introspection_c.so
/usr/bin/cmake -E cmake_link_script CMakeFiles/mecheye_ros_interface_s__rosidl_typesupport_introspection_c.dir/link.txt --verbose=1
[ 99%] Linking C shared module rosidl_generator_py/mecheye_ros_interface/mecheye_ros_interface_s__rosidl_typesupport_c.so
/usr/bin/cmake -E cmake_link_script CMakeFiles/mecheye_ros_interface_s__rosidl_typesupport_c.dir/link.txt --verbose=1
/usr/bin/cc -fPIC -shared  -o rosidl_generator_py/mecheye_ros_interface/mecheye_ros_interface_s__rosidl_typesupport_introspection_c.so CMakeFiles/mecheye_ros_interface_s__rosidl_typesupport_introspection_c.dir/rosidl_generator_py/mecheye_ros_interface/_mecheye_ros_interface_s.ep.rosidl_typesupport_introspection_c.c.o  -Wl,-rpath,/home/inauenma/git/mecheye_ros2_interface/build/mecheye_ros_interface:/opt/ros/jazzy/lib: libmecheye_ros_interface__rosidl_generator_py.so libmecheye_ros_interface__rosidl_typesupport_introspection_c.so libmecheye_ros_interface__rosidl_typesupport_c.so /opt/ros/jazzy/lib/librmw.so /opt/ros/jazzy/lib/libsensor_msgs__rosidl_typesupport_c.so /opt/ros/jazzy/lib/libgeometry_msgs__rosidl_typesupport_c.so /opt/ros/jazzy/lib/libstd_msgs__rosidl_typesupport_c.so /opt/ros/jazzy/lib/libservice_msgs__rosidl_typesupport_c.so /opt/ros/jazzy/lib/librosidl_dynamic_typesupport.so /opt/ros/jazzy/lib/libbuiltin_interfaces__rosidl_typesupport_c.so /opt/ros/jazzy/lib/librosidl_typesupport_c.so libmecheye_ros_interface__rosidl_generator_c.so /opt/ros/jazzy/lib/libsensor_msgs__rosidl_typesupport_introspection_c.so /opt/ros/jazzy/lib/libsensor_msgs__rosidl_generator_c.so /opt/ros/jazzy/lib/libgeometry_msgs__rosidl_typesupport_introspection_c.so /opt/ros/jazzy/lib/libstd_msgs__rosidl_typesupport_introspection_c.so /opt/ros/jazzy/lib/libgeometry_msgs__rosidl_generator_c.so /opt/ros/jazzy/lib/libstd_msgs__rosidl_generator_c.so /opt/ros/jazzy/lib/libservice_msgs__rosidl_typesupport_introspection_c.so /opt/ros/jazzy/lib/libbuiltin_interfaces__rosidl_typesupport_introspection_c.so /opt/ros/jazzy/lib/librosidl_typesupport_introspection_c.so /opt/ros/jazzy/lib/libservice_msgs__rosidl_generator_c.so /opt/ros/jazzy/lib/libbuiltin_interfaces__rosidl_generator_c.so /opt/ros/jazzy/lib/librosidl_runtime_c.so /opt/ros/jazzy/lib/librcutils.so -ldl -latomic -Wl,-rpath-link,/opt/ros/jazzy/lib 
/usr/bin/cc -fPIC -shared  -o rosidl_generator_py/mecheye_ros_interface/mecheye_ros_interface_s__rosidl_typesupport_c.so CMakeFiles/mecheye_ros_interface_s__rosidl_typesupport_c.dir/rosidl_generator_py/mecheye_ros_interface/_mecheye_ros_interface_s.ep.rosidl_typesupport_c.c.o  -Wl,-rpath,/home/inauenma/git/mecheye_ros2_interface/build/mecheye_ros_interface:/opt/ros/jazzy/lib: libmecheye_ros_interface__rosidl_generator_py.so libmecheye_ros_interface__rosidl_typesupport_c.so /opt/ros/jazzy/lib/librmw.so libmecheye_ros_interface__rosidl_generator_c.so /opt/ros/jazzy/lib/libsensor_msgs__rosidl_typesupport_c.so /opt/ros/jazzy/lib/libsensor_msgs__rosidl_generator_c.so /opt/ros/jazzy/lib/libgeometry_msgs__rosidl_typesupport_c.so /opt/ros/jazzy/lib/libgeometry_msgs__rosidl_generator_c.so /opt/ros/jazzy/lib/libstd_msgs__rosidl_typesupport_c.so /opt/ros/jazzy/lib/libstd_msgs__rosidl_generator_c.so /opt/ros/jazzy/lib/libservice_msgs__rosidl_typesupport_c.so /opt/ros/jazzy/lib/libservice_msgs__rosidl_generator_c.so /opt/ros/jazzy/lib/librosidl_dynamic_typesupport.so /opt/ros/jazzy/lib/libbuiltin_interfaces__rosidl_typesupport_c.so /opt/ros/jazzy/lib/librosidl_typesupport_c.so /opt/ros/jazzy/lib/libbuiltin_interfaces__rosidl_generator_c.so /opt/ros/jazzy/lib/librosidl_runtime_c.so /opt/ros/jazzy/lib/librcutils.so -ldl -latomic -Wl,-rpath-link,/opt/ros/jazzy/lib 
gmake[2]: Leaving directory '/home/inauenma/git/mecheye_ros2_interface/build/mecheye_ros_interface'
gmake[2]: Leaving directory '/home/inauenma/git/mecheye_ros2_interface/build/mecheye_ros_interface'
[ 99%] Built target mecheye_ros_interface_s__rosidl_typesupport_fastrtps_c
[ 99%] Built target mecheye_ros_interface_s__rosidl_typesupport_introspection_c
gmake[2]: Leaving directory '/home/inauenma/git/mecheye_ros2_interface/build/mecheye_ros_interface'
[ 99%] Built target mecheye_ros_interface_s__rosidl_typesupport_c
[100%] Linking CXX executable start
/usr/bin/cmake -E cmake_link_script CMakeFiles/start.dir/link.txt --verbose=1
/usr/bin/c++ CMakeFiles/start.dir/src/MechMindCamera.cpp.o CMakeFiles/start.dir/src/main.cpp.o -o start   -L/opt/mech-mind/mech-eye-sdk/lib  -Wl,-rpath,/opt/mech-mind/mech-eye-sdk/lib:/opt/ros/jazzy/lib/x86_64-linux-gnu:/opt/ros/jazzy/lib:/home/inauenma/git/mecheye_ros2_interface/build/mecheye_ros_interface: /opt/ros/jazzy/lib/libcv_bridge.so /opt/ros/jazzy/lib/x86_64-linux-gnu/libimage_transport.so /opt/ros/jazzy/lib/libsensor_msgs__rosidl_generator_py.so /opt/ros/jazzy/lib/libtf2.so /opt/ros/jazzy/lib/libmessage_filters.so /opt/ros/jazzy/lib/libservice_msgs__rosidl_generator_c.so /opt/ros/jazzy/lib/libservice_msgs__rosidl_typesupport_fastrtps_c.so /opt/ros/jazzy/lib/libservice_msgs__rosidl_typesupport_fastrtps_cpp.so /opt/ros/jazzy/lib/libservice_msgs__rosidl_typesupport_introspection_c.so /opt/ros/jazzy/lib/libservice_msgs__rosidl_typesupport_c.so /opt/ros/jazzy/lib/libservice_msgs__rosidl_typesupport_introspection_cpp.so /opt/ros/jazzy/lib/libservice_msgs__rosidl_typesupport_cpp.so /opt/ros/jazzy/lib/libservice_msgs__rosidl_generator_py.so /opt/ros/jazzy/lib/librosidl_typesupport_fastrtps_c.so /opt/ros/jazzy/lib/librmw.so /opt/ros/jazzy/lib/librosidl_typesupport_fastrtps_cpp.so /opt/ros/jazzy/lib/librcutils.so -ldl -latomic /opt/ros/jazzy/lib/librcpputils.so /opt/ros/jazzy/lib/librosidl_typesupport_c.so /opt/ros/jazzy/lib/librosidl_typesupport_cpp.so /opt/ros/jazzy/lib/librosidl_runtime_c.so /opt/ros/jazzy/lib/librosidl_typesupport_introspection_c.so /opt/ros/jazzy/lib/librosidl_typesupport_introspection_cpp.so /opt/ros/jazzy/lib/libpcl_msgs__rosidl_generator_c.so /opt/ros/jazzy/lib/libpcl_msgs__rosidl_typesupport_fastrtps_c.so /opt/ros/jazzy/lib/libsensor_msgs__rosidl_typesupport_fastrtps_c.so /opt/ros/jazzy/lib/libpcl_msgs__rosidl_typesupport_introspection_c.so /opt/ros/jazzy/lib/libsensor_msgs__rosidl_typesupport_introspection_c.so /opt/ros/jazzy/lib/libpcl_msgs__rosidl_typesupport_c.so /opt/ros/jazzy/lib/libsensor_msgs__rosidl_typesupport_c.so /opt/ros/jazzy/lib/libpcl_msgs__rosidl_typesupport_fastrtps_cpp.so /opt/ros/jazzy/lib/libsensor_msgs__rosidl_typesupport_fastrtps_cpp.so /opt/ros/jazzy/lib/libpcl_msgs__rosidl_typesupport_introspection_cpp.so /opt/ros/jazzy/lib/libsensor_msgs__rosidl_typesupport_introspection_cpp.so /opt/ros/jazzy/lib/libpcl_msgs__rosidl_typesupport_cpp.so /opt/ros/jazzy/lib/libpcl_msgs__rosidl_generator_c.so /opt/ros/jazzy/lib/libpcl_msgs__rosidl_generator_py.so /opt/ros/jazzy/lib/librclcpp.so /opt/ros/jazzy/lib/libsensor_msgs__rosidl_generator_c.so /opt/ros/jazzy/lib/libsensor_msgs__rosidl_typesupport_fastrtps_c.so /opt/ros/jazzy/lib/libgeometry_msgs__rosidl_typesupport_fastrtps_c.so /opt/ros/jazzy/lib/libsensor_msgs__rosidl_typesupport_fastrtps_cpp.so /opt/ros/jazzy/lib/libgeometry_msgs__rosidl_typesupport_fastrtps_cpp.so /opt/ros/jazzy/lib/libsensor_msgs__rosidl_typesupport_introspection_c.so /opt/ros/jazzy/lib/libgeometry_msgs__rosidl_typesupport_introspection_c.so /opt/ros/jazzy/lib/libsensor_msgs__rosidl_typesupport_c.so /opt/ros/jazzy/lib/libsensor_msgs__rosidl_typesupport_introspection_cpp.so /opt/ros/jazzy/lib/libgeometry_msgs__rosidl_typesupport_introspection_cpp.so /opt/ros/jazzy/lib/libsensor_msgs__rosidl_typesupport_cpp.so /opt/ros/jazzy/lib/libsensor_msgs__rosidl_generator_py.so /opt/ros/jazzy/lib/libstd_msgs__rosidl_generator_c.so /opt/ros/jazzy/lib/libstd_msgs__rosidl_typesupport_fastrtps_c.so /opt/ros/jazzy/lib/libstd_msgs__rosidl_typesupport_fastrtps_cpp.so /opt/ros/jazzy/lib/libstd_msgs__rosidl_typesupport_introspection_c.so /opt/ros/jazzy/lib/libstd_msgs__rosidl_typesupport_c.so /opt/ros/jazzy/lib/libstd_msgs__rosidl_typesupport_introspection_cpp.so /opt/ros/jazzy/lib/libstd_msgs__rosidl_typesupport_cpp.so /opt/ros/jazzy/lib/libstd_msgs__rosidl_generator_py.so /usr/lib/libOpenNI.so /usr/lib/x86_64-linux-gnu/libOpenNI2.so /usr/lib/x86_64-linux-gnu/libusb-1.0.so /usr/lib/x86_64-linux-gnu/libopencv_stitching.so.4.6.0 /usr/lib/x86_64-linux-gnu/libopencv_alphamat.so.4.6.0 /usr/lib/x86_64-linux-gnu/libopencv_aruco.so.4.6.0 /usr/lib/x86_64-linux-gnu/libopencv_barcode.so.4.6.0 /usr/lib/x86_64-linux-gnu/libopencv_bgsegm.so.4.6.0 /usr/lib/x86_64-linux-gnu/libopencv_bioinspired.so.4.6.0 /usr/lib/x86_64-linux-gnu/libopencv_ccalib.so.4.6.0 /usr/lib/x86_64-linux-gnu/libopencv_cvv.so.4.6.0 /usr/lib/x86_64-linux-gnu/libopencv_dnn_objdetect.so.4.6.0 /usr/lib/x86_64-linux-gnu/libopencv_dnn_superres.so.4.6.0 /usr/lib/x86_64-linux-gnu/libopencv_dpm.so.4.6.0 /usr/lib/x86_64-linux-gnu/libopencv_face.so.4.6.0 /usr/lib/x86_64-linux-gnu/libopencv_freetype.so.4.6.0 /usr/lib/x86_64-linux-gnu/libopencv_fuzzy.so.4.6.0 /usr/lib/x86_64-linux-gnu/libopencv_hdf.so.4.6.0 /usr/lib/x86_64-linux-gnu/libopencv_hfs.so.4.6.0 /usr/lib/x86_64-linux-gnu/libopencv_img_hash.so.4.6.0 /usr/lib/x86_64-linux-gnu/libopencv_intensity_transform.so.4.6.0 /usr/lib/x86_64-linux-gnu/libopencv_line_descriptor.so.4.6.0 /usr/lib/x86_64-linux-gnu/libopencv_mcc.so.4.6.0 /usr/lib/x86_64-linux-gnu/libopencv_quality.so.4.6.0 /usr/lib/x86_64-linux-gnu/libopencv_rapid.so.4.6.0 /usr/lib/x86_64-linux-gnu/libopencv_reg.so.4.6.0 /usr/lib/x86_64-linux-gnu/libopencv_rgbd.so.4.6.0 /usr/lib/x86_64-linux-gnu/libopencv_saliency.so.4.6.0 /usr/lib/x86_64-linux-gnu/libopencv_shape.so.4.6.0 /usr/lib/x86_64-linux-gnu/libopencv_stereo.so.4.6.0 /usr/lib/x86_64-linux-gnu/libopencv_structured_light.so.4.6.0 /usr/lib/x86_64-linux-gnu/libopencv_superres.so.4.6.0 /usr/lib/x86_64-linux-gnu/libopencv_surface_matching.so.4.6.0 /usr/lib/x86_64-linux-gnu/libopencv_tracking.so.4.6.0 /usr/lib/x86_64-linux-gnu/libopencv_videostab.so.4.6.0 /usr/lib/x86_64-linux-gnu/libopencv_viz.so.4.6.0 /usr/lib/x86_64-linux-gnu/libopencv_wechat_qrcode.so.4.6.0 /usr/lib/x86_64-linux-gnu/libopencv_xobjdetect.so.4.6.0 /usr/lib/x86_64-linux-gnu/libopencv_xphoto.so.4.6.0 /usr/lib/x86_64-linux-gnu/libpcl_apps.so /usr/lib/x86_64-linux-gnu/libpcl_outofcore.so /usr/lib/x86_64-linux-gnu/libpcl_people.so /usr/lib/libOpenNI.so /usr/lib/x86_64-linux-gnu/libusb-1.0.so /usr/lib/x86_64-linux-gnu/libOpenNI2.so /usr/lib/x86_64-linux-gnu/libusb-1.0.so /usr/lib/x86_64-linux-gnu/libflann_cpp.so.1.9.2 -lMechEyeApi libmecheye_ros_interface__rosidl_typesupport_cpp.so /opt/ros/jazzy/lib/libmessage_filters.so /opt/ros/jazzy/lib/librclcpp.so /opt/ros/jazzy/lib/liblibstatistics_collector.so /opt/ros/jazzy/lib/librcl.so /opt/ros/jazzy/lib/librmw_implementation.so /opt/ros/jazzy/lib/libtype_description_interfaces__rosidl_typesupport_fastrtps_c.so /opt/ros/jazzy/lib/libtype_description_interfaces__rosidl_typesupport_introspection_c.so /opt/ros/jazzy/lib/libtype_description_interfaces__rosidl_typesupport_fastrtps_cpp.so /opt/ros/jazzy/lib/libtype_description_interfaces__rosidl_typesupport_introspection_cpp.so /opt/ros/jazzy/lib/libtype_description_interfaces__rosidl_typesupport_cpp.so /opt/ros/jazzy/lib/libtype_description_interfaces__rosidl_generator_py.so /opt/ros/jazzy/lib/libtype_description_interfaces__rosidl_typesupport_c.so /opt/ros/jazzy/lib/libtype_description_interfaces__rosidl_generator_c.so /opt/ros/jazzy/lib/librcl_interfaces__rosidl_typesupport_fastrtps_c.so /opt/ros/jazzy/lib/librcl_interfaces__rosidl_typesupport_introspection_c.so /opt/ros/jazzy/lib/librcl_interfaces__rosidl_typesupport_fastrtps_cpp.so /opt/ros/jazzy/lib/librcl_interfaces__rosidl_typesupport_introspection_cpp.so /opt/ros/jazzy/lib/librcl_interfaces__rosidl_typesupport_cpp.so /opt/ros/jazzy/lib/librcl_interfaces__rosidl_generator_py.so /opt/ros/jazzy/lib/librcl_interfaces__rosidl_typesupport_c.so /opt/ros/jazzy/lib/librcl_interfaces__rosidl_generator_c.so /opt/ros/jazzy/lib/libservice_msgs__rosidl_typesupport_fastrtps_c.so /opt/ros/jazzy/lib/libservice_msgs__rosidl_typesupport_fastrtps_cpp.so /opt/ros/jazzy/lib/libservice_msgs__rosidl_typesupport_introspection_c.so /opt/ros/jazzy/lib/libservice_msgs__rosidl_typesupport_introspection_cpp.so /opt/ros/jazzy/lib/libservice_msgs__rosidl_typesupport_c.so /opt/ros/jazzy/lib/librcl_yaml_param_parser.so /opt/ros/jazzy/lib/librosgraph_msgs__rosidl_typesupport_fastrtps_c.so /opt/ros/jazzy/lib/librosgraph_msgs__rosidl_typesupport_fastrtps_cpp.so /opt/ros/jazzy/lib/librosgraph_msgs__rosidl_typesupport_introspection_c.so /opt/ros/jazzy/lib/librosgraph_msgs__rosidl_typesupport_introspection_cpp.so /opt/ros/jazzy/lib/librosgraph_msgs__rosidl_typesupport_cpp.so /opt/ros/jazzy/lib/librosgraph_msgs__rosidl_generator_py.so /opt/ros/jazzy/lib/librosgraph_msgs__rosidl_typesupport_c.so /opt/ros/jazzy/lib/librosgraph_msgs__rosidl_generator_c.so /opt/ros/jazzy/lib/libstatistics_msgs__rosidl_typesupport_fastrtps_c.so /opt/ros/jazzy/lib/libstatistics_msgs__rosidl_typesupport_fastrtps_cpp.so /opt/ros/jazzy/lib/libstatistics_msgs__rosidl_typesupport_introspection_c.so /opt/ros/jazzy/lib/libstatistics_msgs__rosidl_typesupport_introspection_cpp.so /opt/ros/jazzy/lib/libstatistics_msgs__rosidl_typesupport_cpp.so /opt/ros/jazzy/lib/libstatistics_msgs__rosidl_generator_py.so /opt/ros/jazzy/lib/libstatistics_msgs__rosidl_typesupport_c.so /opt/ros/jazzy/lib/libstatistics_msgs__rosidl_generator_c.so /opt/ros/jazzy/lib/libtracetools.so -llttng-ust -llttng-ust-common -rdynamic -ldl /opt/ros/jazzy/lib/librcl_logging_interface.so /opt/ros/jazzy/lib/libgeometry_msgs__rosidl_generator_py.so /opt/ros/jazzy/lib/libstd_msgs__rosidl_typesupport_fastrtps_c.so /opt/ros/jazzy/lib/libstd_msgs__rosidl_typesupport_fastrtps_cpp.so /opt/ros/jazzy/lib/libstd_msgs__rosidl_typesupport_introspection_c.so /opt/ros/jazzy/lib/libstd_msgs__rosidl_typesupport_introspection_cpp.so /opt/ros/jazzy/lib/libstd_msgs__rosidl_generator_py.so /opt/ros/jazzy/lib/libbuiltin_interfaces__rosidl_generator_py.so /opt/ros/jazzy/lib/libgeometry_msgs__rosidl_typesupport_c.so /opt/ros/jazzy/lib/libstd_msgs__rosidl_typesupport_c.so /opt/ros/jazzy/lib/libbuiltin_interfaces__rosidl_typesupport_fastrtps_c.so /opt/ros/jazzy/lib/librosidl_typesupport_fastrtps_c.so /opt/ros/jazzy/lib/libbuiltin_interfaces__rosidl_typesupport_fastrtps_cpp.so /opt/ros/jazzy/lib/librosidl_typesupport_fastrtps_cpp.so /opt/ros/jazzy/lib/libfastcdr.so.2.2.5 /opt/ros/jazzy/lib/librmw.so /opt/ros/jazzy/lib/librosidl_dynamic_typesupport.so /opt/ros/jazzy/lib/libbuiltin_interfaces__rosidl_typesupport_introspection_c.so /opt/ros/jazzy/lib/libbuiltin_interfaces__rosidl_typesupport_c.so /opt/ros/jazzy/lib/libbuiltin_interfaces__rosidl_typesupport_introspection_cpp.so /opt/ros/jazzy/lib/librosidl_typesupport_introspection_cpp.so /opt/ros/jazzy/lib/librosidl_typesupport_introspection_c.so /usr/lib/x86_64-linux-gnu/libpcl_surface.so /usr/lib/x86_64-linux-gnu/libpcl_keypoints.so /usr/lib/x86_64-linux-gnu/libpcl_tracking.so /usr/lib/x86_64-linux-gnu/libpcl_recognition.so /usr/lib/x86_64-linux-gnu/libpcl_registration.so /usr/lib/x86_64-linux-gnu/libpcl_stereo.so /usr/lib/x86_64-linux-gnu/libpcl_segmentation.so /usr/lib/x86_64-linux-gnu/libpcl_features.so /usr/lib/x86_64-linux-gnu/libpcl_filters.so /usr/lib/x86_64-linux-gnu/libpcl_sample_consensus.so /usr/lib/x86_64-linux-gnu/libpcl_ml.so /usr/lib/x86_64-linux-gnu/libpcl_visualization.so /usr/lib/x86_64-linux-gnu/libpcl_search.so /usr/lib/x86_64-linux-gnu/libpcl_kdtree.so /usr/lib/x86_64-linux-gnu/libpcl_io.so /usr/lib/x86_64-linux-gnu/libpcl_octree.so /usr/lib/gcc/x86_64-linux-gnu/13/libgomp.so /usr/lib/x86_64-linux-gnu/libpthread.a /usr/lib/x86_64-linux-gnu/libpng.so /usr/lib/x86_64-linux-gnu/libz.so /usr/lib/libOpenNI.so /usr/lib/x86_64-linux-gnu/libOpenNI2.so /usr/lib/x86_64-linux-gnu/libusb-1.0.so /usr/lib/x86_64-linux-gnu/libvtkChartsCore-9.1.so.9.1.0 /usr/lib/x86_64-linux-gnu/libvtkInteractionImage-9.1.so.9.1.0 /usr/lib/x86_64-linux-gnu/libvtkViewsContext2D-9.1.so.9.1.0 /usr/lib/x86_64-linux-gnu/libvtkViewsCore-9.1.so.9.1.0 /usr/lib/x86_64-linux-gnu/libvtkRenderingContextOpenGL2-9.1.so.9.1.0 /usr/lib/x86_64-linux-gnu/libvtkGUISupportQt-9.1.so.9.1.0 /usr/lib/x86_64-linux-gnu/libvtkInteractionWidgets-9.1.so.9.1.0 /usr/lib/x86_64-linux-gnu/libvtkRenderingAnnotation-9.1.so.9.1.0 /usr/lib/x86_64-linux-gnu/libpcl_common.so /usr/lib/x86_64-linux-gnu/libboost_system.so.1.83.0 /usr/lib/x86_64-linux-gnu/libboost_filesystem.so.1.83.0 /usr/lib/x86_64-linux-gnu/libboost_atomic.so.1.83.0 /usr/lib/x86_64-linux-gnu/libboost_iostreams.so.1.83.0 /usr/lib/x86_64-linux-gnu/libboost_serialization.so.1.83.0 -Wl,-whole-archive /usr/lib/x86_64-linux-gnu/libflann_cpp_s.a /usr/lib/x86_64-linux-gnu/liblz4.so -Wl,-no-whole-archive /usr/lib/x86_64-linux-gnu/libqhull_r.so.8.0.2 -lm /usr/lib/x86_64-linux-gnu/libopencv_highgui.so.4.6.0 /usr/lib/x86_64-linux-gnu/libQt5OpenGL.so.5.15.13 /usr/lib/x86_64-linux-gnu/libQt5Widgets.so.5.15.13 /usr/lib/x86_64-linux-gnu/libQt5Gui.so.5.15.13 /usr/lib/x86_64-linux-gnu/libQt5Core.so.5.15.13 /usr/lib/x86_64-linux-gnu/libopencv_datasets.so.4.6.0 /usr/lib/x86_64-linux-gnu/libopencv_plot.so.4.6.0 /usr/lib/x86_64-linux-gnu/libopencv_text.so.4.6.0 /usr/lib/x86_64-linux-gnu/libopencv_ml.so.4.6.0 /usr/lib/x86_64-linux-gnu/libopencv_phase_unwrapping.so.4.6.0 /usr/lib/x86_64-linux-gnu/libvtkInteractionStyle-9.1.so.9.1.0 /usr/lib/x86_64-linux-gnu/libvtkFiltersExtraction-9.1.so.9.1.0 /usr/lib/x86_64-linux-gnu/libvtkIOPLY-9.1.so.9.1.0 /usr/lib/x86_64-linux-gnu/libvtkRenderingLOD-9.1.so.9.1.0 /usr/lib/x86_64-linux-gnu/libvtkFiltersModeling-9.1.so.9.1.0 /usr/lib/x86_64-linux-gnu/libvtkIOGeometry-9.1.so.9.1.0 /usr/lib/x86_64-linux-gnu/libvtkIOLegacy-9.1.so.9.1.0 /usr/lib/x86_64-linux-gnu/libvtkImagingSources-9.1.so.9.1.0 /usr/lib/x86_64-linux-gnu/libvtkIOImage-9.1.so.9.1.0 /usr/lib/x86_64-linux-gnu/libvtkImagingCore-9.1.so.9.1.0 /usr/lib/x86_64-linux-gnu/libvtkRenderingContext2D-9.1.so.9.1.0 /usr/lib/x86_64-linux-gnu/libvtkRenderingFreeType-9.1.so.9.1.0 /usr/lib/x86_64-linux-gnu/libfreetype.so /usr/lib/x86_64-linux-gnu/libvtkIOCore-9.1.so.9.1.0 /usr/lib/x86_64-linux-gnu/libvtkRenderingOpenGL2-9.1.so.9.1.0 /usr/lib/x86_64-linux-gnu/libvtkRenderingUI-9.1.so.9.1.0 /usr/lib/x86_64-linux-gnu/libGLEW.so /usr/lib/x86_64-linux-gnu/libX11.so /usr/lib/x86_64-linux-gnu/libjsoncpp.so /usr/lib/x86_64-linux-gnu/libvtkRenderingCore-9.1.so.9.1.0 /usr/lib/x86_64-linux-gnu/libvtkCommonColor-9.1.so.9.1.0 /usr/lib/x86_64-linux-gnu/libvtkFiltersGeometry-9.1.so.9.1.0 /usr/lib/x86_64-linux-gnu/libvtkFiltersSources-9.1.so.9.1.0 /usr/lib/x86_64-linux-gnu/libvtkFiltersGeneral-9.1.so.9.1.0 /usr/lib/x86_64-linux-gnu/libvtkCommonComputationalGeometry-9.1.so.9.1.0 /usr/lib/x86_64-linux-gnu/libvtkFiltersCore-9.1.so.9.1.0 /usr/lib/x86_64-linux-gnu/libvtkCommonExecutionModel-9.1.so.9.1.0 /usr/lib/x86_64-linux-gnu/libvtkCommonDataModel-9.1.so.9.1.0 /usr/lib/x86_64-linux-gnu/libvtkCommonMisc-9.1.so.9.1.0 /usr/lib/x86_64-linux-gnu/libvtkCommonTransforms-9.1.so.9.1.0 /usr/lib/x86_64-linux-gnu/libvtkCommonMath-9.1.so.9.1.0 /usr/lib/x86_64-linux-gnu/libvtkkissfft-9.1.so.9.1.0 /usr/lib/x86_64-linux-gnu/libvtkCommonCore-9.1.so.9.1.0 /usr/lib/x86_64-linux-gnu/libtbb.so.12.11 /usr/lib/x86_64-linux-gnu/libvtksys-9.1.so.9.1.0 /usr/lib/x86_64-linux-gnu/libopencv_optflow.so.4.6.0 /usr/lib/x86_64-linux-gnu/libopencv_ximgproc.so.4.6.0 /usr/lib/x86_64-linux-gnu/libopencv_video.so.4.6.0 /usr/lib/x86_64-linux-gnu/libopencv_videoio.so.4.6.0 /usr/lib/x86_64-linux-gnu/libopencv_imgcodecs.so.4.6.0 /usr/lib/x86_64-linux-gnu/libopencv_objdetect.so.4.6.0 /usr/lib/x86_64-linux-gnu/libopencv_calib3d.so.4.6.0 /usr/lib/x86_64-linux-gnu/libopencv_dnn.so.4.6.0 /usr/lib/x86_64-linux-gnu/libopencv_features2d.so.4.6.0 /usr/lib/x86_64-linux-gnu/libopencv_flann.so.4.6.0 /usr/lib/x86_64-linux-gnu/libopencv_photo.so.4.6.0 /usr/lib/x86_64-linux-gnu/libopencv_imgproc.so.4.6.0 /usr/lib/x86_64-linux-gnu/libopencv_core.so.4.6.0 /opt/ros/jazzy/lib/libsensor_msgs__rosidl_typesupport_cpp.so /opt/ros/jazzy/lib/libgeometry_msgs__rosidl_typesupport_cpp.so /opt/ros/jazzy/lib/libstd_msgs__rosidl_typesupport_cpp.so /opt/ros/jazzy/lib/libservice_msgs__rosidl_typesupport_cpp.so /opt/ros/jazzy/lib/libbuiltin_interfaces__rosidl_typesupport_cpp.so /opt/ros/jazzy/lib/librosidl_typesupport_cpp.so /opt/ros/jazzy/lib/librosidl_typesupport_c.so /opt/ros/jazzy/lib/librcpputils.so libmecheye_ros_interface__rosidl_generator_c.so /opt/ros/jazzy/lib/libsensor_msgs__rosidl_generator_c.so /opt/ros/jazzy/lib/libgeometry_msgs__rosidl_generator_c.so /opt/ros/jazzy/lib/libstd_msgs__rosidl_generator_c.so /opt/ros/jazzy/lib/libservice_msgs__rosidl_generator_c.so /opt/ros/jazzy/lib/libbuiltin_interfaces__rosidl_generator_c.so /opt/ros/jazzy/lib/librosidl_runtime_c.so /opt/ros/jazzy/lib/librcutils.so -ldl -latomic -Wl,-rpath-link,/opt/ros/jazzy/lib 
gmake[2]: Leaving directory '/home/inauenma/git/mecheye_ros2_interface/build/mecheye_ros_interface'
[100%] Built target start
gmake[1]: Leaving directory '/home/inauenma/git/mecheye_ros2_interface/build/mecheye_ros_interface'
/usr/bin/cmake -E cmake_progress_start /home/inauenma/git/mecheye_ros2_interface/build/mecheye_ros_interface/CMakeFiles 0
-- Install configuration: ""
-- Installing: /home/inauenma/git/mecheye_ros2_interface/install/mecheye_ros_interface/share/ament_index/resource_index/rosidl_interfaces/mecheye_ros_interface
-- Installing: /home/inauenma/git/mecheye_ros2_interface/install/mecheye_ros_interface/share/mecheye_ros_interface/srv/SetCurrentUserSet.json
-- Installing: /home/inauenma/git/mecheye_ros2_interface/install/mecheye_ros_interface/share/mecheye_ros_interface/srv/SaveAllSettingsToUserSets.json
-- Installing: /home/inauenma/git/mecheye_ros2_interface/install/mecheye_ros_interface/share/mecheye_ros_interface/srv/AddUserSet.json
-- Installing: /home/inauenma/git/mecheye_ros2_interface/install/mecheye_ros_interface/share/mecheye_ros_interface/srv/CaptureColorImage.json
-- Installing: /home/inauenma/git/mecheye_ros2_interface/install/mecheye_ros_interface/share/mecheye_ros_interface/srv/CaptureStereoColorImages.json
-- Installing: /home/inauenma/git/mecheye_ros2_interface/install/mecheye_ros_interface/share/mecheye_ros_interface/srv/CaptureTexturedPointCloud.json
-- Installing: /home/inauenma/git/mecheye_ros2_interface/install/mecheye_ros_interface/share/mecheye_ros_interface/srv/CaptureDepthMap.json
-- Installing: /home/inauenma/git/mecheye_ros2_interface/install/mecheye_ros_interface/share/mecheye_ros_interface/srv/CapturePointCloud.json
-- Installing: /home/inauenma/git/mecheye_ros2_interface/install/mecheye_ros_interface/share/mecheye_ros_interface/srv/DeleteUserSet.json
-- Installing: /home/inauenma/git/mecheye_ros2_interface/install/mecheye_ros_interface/share/mecheye_ros_interface/srv/DeviceInfo.json
-- Installing: /home/inauenma/git/mecheye_ros2_interface/install/mecheye_ros_interface/share/mecheye_ros_interface/srv/GetAllUserSets.json
-- Installing: /home/inauenma/git/mecheye_ros2_interface/install/mecheye_ros_interface/share/mecheye_ros_interface/srv/GetCurrentUserSet.json
-- Installing: /home/inauenma/git/mecheye_ros2_interface/install/mecheye_ros_interface/share/mecheye_ros_interface/srv/SetIntParameter.json
-- Installing: /home/inauenma/git/mecheye_ros2_interface/install/mecheye_ros_interface/share/mecheye_ros_interface/srv/GetIntParameter.json
-- Installing: /home/inauenma/git/mecheye_ros2_interface/install/mecheye_ros_interface/share/mecheye_ros_interface/srv/SetRangeParameter.json
-- Installing: /home/inauenma/git/mecheye_ros2_interface/install/mecheye_ros_interface/share/mecheye_ros_interface/srv/GetRangeParameter.json
-- Installing: /home/inauenma/git/mecheye_ros2_interface/install/mecheye_ros_interface/share/mecheye_ros_interface/srv/SetBoolParameter.json
-- Installing: /home/inauenma/git/mecheye_ros2_interface/install/mecheye_ros_interface/share/mecheye_ros_interface/srv/GetBoolParameter.json
-- Installing: /home/inauenma/git/mecheye_ros2_interface/install/mecheye_ros_interface/share/mecheye_ros_interface/srv/SetEnumParameter.json
-- Installing: /home/inauenma/git/mecheye_ros2_interface/install/mecheye_ros_interface/share/mecheye_ros_interface/srv/GetEnumParameter.json
-- Installing: /home/inauenma/git/mecheye_ros2_interface/install/mecheye_ros_interface/share/mecheye_ros_interface/srv/SetFloatParameter.json
-- Installing: /home/inauenma/git/mecheye_ros2_interface/install/mecheye_ros_interface/share/mecheye_ros_interface/srv/GetFloatParameter.json
-- Installing: /home/inauenma/git/mecheye_ros2_interface/install/mecheye_ros_interface/share/mecheye_ros_interface/srv/SetFloatArrayParameter.json
-- Installing: /home/inauenma/git/mecheye_ros2_interface/install/mecheye_ros_interface/share/mecheye_ros_interface/srv/GetFloatArrayParameter.json
-- Installing: /home/inauenma/git/mecheye_ros2_interface/install/mecheye_ros_interface/share/mecheye_ros_interface/srv/SetROIParameter.json
-- Installing: /home/inauenma/git/mecheye_ros2_interface/install/mecheye_ros_interface/share/mecheye_ros_interface/srv/GetROIParameter.json
-- Installing: /home/inauenma/git/mecheye_ros2_interface/install/mecheye_ros_interface/include/mecheye_ros_interface/mecheye_ros_interface
-- Installing: /home/inauenma/git/mecheye_ros2_interface/install/mecheye_ros_interface/include/mecheye_ros_interface/mecheye_ros_interface/srv
-- Installing: /home/inauenma/git/mecheye_ros2_interface/install/mecheye_ros_interface/include/mecheye_ros_interface/mecheye_ros_interface/srv/capture_point_cloud.h
-- Installing: /home/inauenma/git/mecheye_ros2_interface/install/mecheye_ros_interface/include/mecheye_ros_interface/mecheye_ros_interface/srv/set_current_user_set.h
-- Installing: /home/inauenma/git/mecheye_ros2_interface/install/mecheye_ros_interface/include/mecheye_ros_interface/mecheye_ros_interface/srv/capture_depth_map.h
-- Installing: /home/inauenma/git/mecheye_ros2_interface/install/mecheye_ros_interface/include/mecheye_ros_interface/mecheye_ros_interface/srv/set_float_array_parameter.h
-- Installing: /home/inauenma/git/mecheye_ros2_interface/install/mecheye_ros_interface/include/mecheye_ros_interface/mecheye_ros_interface/srv/save_all_settings_to_user_sets.h
-- Installing: /home/inauenma/git/mecheye_ros2_interface/install/mecheye_ros_interface/include/mecheye_ros_interface/mecheye_ros_interface/srv/get_enum_parameter.h
-- Installing: /home/inauenma/git/mecheye_ros2_interface/install/mecheye_ros_interface/include/mecheye_ros_interface/mecheye_ros_interface/srv/set_range_parameter.h
-- Installing: /home/inauenma/git/mecheye_ros2_interface/install/mecheye_ros_interface/include/mecheye_ros_interface/mecheye_ros_interface/srv/capture_textured_point_cloud.h
-- Installing: /home/inauenma/git/mecheye_ros2_interface/install/mecheye_ros_interface/include/mecheye_ros_interface/mecheye_ros_interface/srv/set_int_parameter.h
-- Installing: /home/inauenma/git/mecheye_ros2_interface/install/mecheye_ros_interface/include/mecheye_ros_interface/mecheye_ros_interface/srv/set_roi_parameter.h
-- Installing: /home/inauenma/git/mecheye_ros2_interface/install/mecheye_ros_interface/include/mecheye_ros_interface/mecheye_ros_interface/srv/get_float_array_parameter.h
-- Installing: /home/inauenma/git/mecheye_ros2_interface/install/mecheye_ros_interface/include/mecheye_ros_interface/mecheye_ros_interface/srv/get_current_user_set.h
-- Installing: /home/inauenma/git/mecheye_ros2_interface/install/mecheye_ros_interface/include/mecheye_ros_interface/mecheye_ros_interface/srv/set_float_parameter.h
-- Installing: /home/inauenma/git/mecheye_ros2_interface/install/mecheye_ros_interface/include/mecheye_ros_interface/mecheye_ros_interface/srv/device_info.h
-- Installing: /home/inauenma/git/mecheye_ros2_interface/install/mecheye_ros_interface/include/mecheye_ros_interface/mecheye_ros_interface/srv/capture_color_image.h
-- Installing: /home/inauenma/git/mecheye_ros2_interface/install/mecheye_ros_interface/include/mecheye_ros_interface/mecheye_ros_interface/srv/get_int_parameter.h
-- Installing: /home/inauenma/git/mecheye_ros2_interface/install/mecheye_ros_interface/include/mecheye_ros_interface/mecheye_ros_interface/srv/get_float_parameter.h
-- Installing: /home/inauenma/git/mecheye_ros2_interface/install/mecheye_ros_interface/include/mecheye_ros_interface/mecheye_ros_interface/srv/get_range_parameter.h
-- Installing: /home/inauenma/git/mecheye_ros2_interface/install/mecheye_ros_interface/include/mecheye_ros_interface/mecheye_ros_interface/srv/set_bool_parameter.h
-- Installing: /home/inauenma/git/mecheye_ros2_interface/install/mecheye_ros_interface/include/mecheye_ros_interface/mecheye_ros_interface/srv/get_bool_parameter.h
-- Installing: /home/inauenma/git/mecheye_ros2_interface/install/mecheye_ros_interface/include/mecheye_ros_interface/mecheye_ros_interface/srv/get_roi_parameter.h
-- Installing: /home/inauenma/git/mecheye_ros2_interface/install/mecheye_ros_interface/include/mecheye_ros_interface/mecheye_ros_interface/srv/delete_user_set.h
-- Installing: /home/inauenma/git/mecheye_ros2_interface/install/mecheye_ros_interface/include/mecheye_ros_interface/mecheye_ros_interface/srv/get_all_user_sets.h
-- Installing: /home/inauenma/git/mecheye_ros2_interface/install/mecheye_ros_interface/include/mecheye_ros_interface/mecheye_ros_interface/srv/detail
-- Installing: /home/inauenma/git/mecheye_ros2_interface/install/mecheye_ros_interface/include/mecheye_ros_interface/mecheye_ros_interface/srv/detail/get_current_user_set__functions.c
-- Installing: /home/inauenma/git/mecheye_ros2_interface/install/mecheye_ros_interface/include/mecheye_ros_interface/mecheye_ros_interface/srv/detail/get_current_user_set__struct.h
-- Installing: /home/inauenma/git/mecheye_ros2_interface/install/mecheye_ros_interface/include/mecheye_ros_interface/mecheye_ros_interface/srv/detail/get_roi_parameter__functions.c
-- Installing: /home/inauenma/git/mecheye_ros2_interface/install/mecheye_ros_interface/include/mecheye_ros_interface/mecheye_ros_interface/srv/detail/get_int_parameter__type_support.h
-- Installing: /home/inauenma/git/mecheye_ros2_interface/install/mecheye_ros_interface/include/mecheye_ros_interface/mecheye_ros_interface/srv/detail/capture_depth_map__type_support.c
-- Installing: /home/inauenma/git/mecheye_ros2_interface/install/mecheye_ros_interface/include/mecheye_ros_interface/mecheye_ros_interface/srv/detail/capture_textured_point_cloud__type_support.h
-- Installing: /home/inauenma/git/mecheye_ros2_interface/install/mecheye_ros_interface/include/mecheye_ros_interface/mecheye_ros_interface/srv/detail/set_current_user_set__description.c
-- Installing: /home/inauenma/git/mecheye_ros2_interface/install/mecheye_ros_interface/include/mecheye_ros_interface/mecheye_ros_interface/srv/detail/get_float_array_parameter__struct.h
-- Installing: /home/inauenma/git/mecheye_ros2_interface/install/mecheye_ros_interface/include/mecheye_ros_interface/mecheye_ros_interface/srv/detail/capture_color_image__functions.c
-- Installing: /home/inauenma/git/mecheye_ros2_interface/install/mecheye_ros_interface/include/mecheye_ros_interface/mecheye_ros_interface/srv/detail/save_all_settings_to_user_sets__struct.h
-- Installing: /home/inauenma/git/mecheye_ros2_interface/install/mecheye_ros_interface/include/mecheye_ros_interface/mecheye_ros_interface/srv/detail/set_range_parameter__type_support.c
-- Installing: /home/inauenma/git/mecheye_ros2_interface/install/mecheye_ros_interface/include/mecheye_ros_interface/mecheye_ros_interface/srv/detail/set_enum_parameter__functions.h
-- Installing: /home/inauenma/git/mecheye_ros2_interface/install/mecheye_ros_interface/include/mecheye_ros_interface/mecheye_ros_interface/srv/detail/get_roi_parameter__description.c
-- Installing: /home/inauenma/git/mecheye_ros2_interface/install/mecheye_ros_interface/include/mecheye_ros_interface/mecheye_ros_interface/srv/detail/set_range_parameter__description.c
-- Installing: /home/inauenma/git/mecheye_ros2_interface/install/mecheye_ros_interface/include/mecheye_ros_interface/mecheye_ros_interface/srv/detail/get_int_parameter__type_support.c
-- Installing: /home/inauenma/git/mecheye_ros2_interface/install/mecheye_ros_interface/include/mecheye_ros_interface/mecheye_ros_interface/srv/detail/set_enum_parameter__type_support.c
-- Installing: /home/inauenma/git/mecheye_ros2_interface/install/mecheye_ros_interface/include/mecheye_ros_interface/mecheye_ros_interface/srv/detail/capture_color_image__type_support.h
-- Installing: /home/inauenma/git/mecheye_ros2_interface/install/mecheye_ros_interface/include/mecheye_ros_interface/mecheye_ros_interface/srv/detail/capture_stereo_color_images__struct.h
-- Installing: /home/inauenma/git/mecheye_ros2_interface/install/mecheye_ros_interface/include/mecheye_ros_interface/mecheye_ros_interface/srv/detail/get_enum_parameter__type_support.c
-- Installing: /home/inauenma/git/mecheye_ros2_interface/install/mecheye_ros_interface/include/mecheye_ros_interface/mecheye_ros_interface/srv/detail/get_current_user_set__type_support.c
-- Installing: /home/inauenma/git/mecheye_ros2_interface/install/mecheye_ros_interface/include/mecheye_ros_interface/mecheye_ros_interface/srv/detail/capture_textured_point_cloud__type_support.c
-- Installing: /home/inauenma/git/mecheye_ros2_interface/install/mecheye_ros_interface/include/mecheye_ros_interface/mecheye_ros_interface/srv/detail/set_float_parameter__struct.h
-- Installing: /home/inauenma/git/mecheye_ros2_interface/install/mecheye_ros_interface/include/mecheye_ros_interface/mecheye_ros_interface/srv/detail/device_info__type_support.c
-- Installing: /home/inauenma/git/mecheye_ros2_interface/install/mecheye_ros_interface/include/mecheye_ros_interface/mecheye_ros_interface/srv/detail/set_float_array_parameter__functions.c
-- Installing: /home/inauenma/git/mecheye_ros2_interface/install/mecheye_ros_interface/include/mecheye_ros_interface/mecheye_ros_interface/srv/detail/get_float_parameter__struct.h
-- Installing: /home/inauenma/git/mecheye_ros2_interface/install/mecheye_ros_interface/include/mecheye_ros_interface/mecheye_ros_interface/srv/detail/get_bool_parameter__type_support.h
-- Installing: /home/inauenma/git/mecheye_ros2_interface/install/mecheye_ros_interface/include/mecheye_ros_interface/mecheye_ros_interface/srv/detail/capture_stereo_color_images__functions.h
-- Installing: /home/inauenma/git/mecheye_ros2_interface/install/mecheye_ros_interface/include/mecheye_ros_interface/mecheye_ros_interface/srv/detail/delete_user_set__description.c
-- Installing: /home/inauenma/git/mecheye_ros2_interface/install/mecheye_ros_interface/include/mecheye_ros_interface/mecheye_ros_interface/srv/detail/set_roi_parameter__type_support.h
-- Installing: /home/inauenma/git/mecheye_ros2_interface/install/mecheye_ros_interface/include/mecheye_ros_interface/mecheye_ros_interface/srv/detail/get_int_parameter__functions.h
-- Installing: /home/inauenma/git/mecheye_ros2_interface/install/mecheye_ros_interface/include/mecheye_ros_interface/mecheye_ros_interface/srv/detail/get_float_array_parameter__functions.h
-- Installing: /home/inauenma/git/mecheye_ros2_interface/install/mecheye_ros_interface/include/mecheye_ros_interface/mecheye_ros_interface/srv/detail/get_enum_parameter__functions.h
-- Installing: /home/inauenma/git/mecheye_ros2_interface/install/mecheye_ros_interface/include/mecheye_ros_interface/mecheye_ros_interface/srv/detail/get_bool_parameter__functions.h
-- Installing: /home/inauenma/git/mecheye_ros2_interface/install/mecheye_ros_interface/include/mecheye_ros_interface/mecheye_ros_interface/srv/detail/get_float_parameter__description.c
-- Installing: /home/inauenma/git/mecheye_ros2_interface/install/mecheye_ros_interface/include/mecheye_ros_interface/mecheye_ros_interface/srv/detail/set_bool_parameter__functions.h
-- Installing: /home/inauenma/git/mecheye_ros2_interface/install/mecheye_ros_interface/include/mecheye_ros_interface/mecheye_ros_interface/srv/detail/get_roi_parameter__functions.h
-- Installing: /home/inauenma/git/mecheye_ros2_interface/install/mecheye_ros_interface/include/mecheye_ros_interface/mecheye_ros_interface/srv/detail/get_enum_parameter__functions.c
-- Installing: /home/inauenma/git/mecheye_ros2_interface/install/mecheye_ros_interface/include/mecheye_ros_interface/mecheye_ros_interface/srv/detail/set_enum_parameter__description.c
-- Installing: /home/inauenma/git/mecheye_ros2_interface/install/mecheye_ros_interface/include/mecheye_ros_interface/mecheye_ros_interface/srv/detail/save_all_settings_to_user_sets__functions.h
-- Installing: /home/inauenma/git/mecheye_ros2_interface/install/mecheye_ros_interface/include/mecheye_ros_interface/mecheye_ros_interface/srv/detail/device_info__type_support.h
-- Installing: /home/inauenma/git/mecheye_ros2_interface/install/mecheye_ros_interface/include/mecheye_ros_interface/mecheye_ros_interface/srv/detail/get_all_user_sets__type_support.c
-- Installing: /home/inauenma/git/mecheye_ros2_interface/install/mecheye_ros_interface/include/mecheye_ros_interface/mecheye_ros_interface/srv/detail/set_range_parameter__type_support.h
-- Installing: /home/inauenma/git/mecheye_ros2_interface/install/mecheye_ros_interface/include/mecheye_ros_interface/mecheye_ros_interface/srv/detail/set_bool_parameter__type_support.h
-- Installing: /home/inauenma/git/mecheye_ros2_interface/install/mecheye_ros_interface/include/mecheye_ros_interface/mecheye_ros_interface/srv/detail/set_current_user_set__functions.h
-- Installing: /home/inauenma/git/mecheye_ros2_interface/install/mecheye_ros_interface/include/mecheye_ros_interface/mecheye_ros_interface/srv/detail/set_int_parameter__functions.c
-- Installing: /home/inauenma/git/mecheye_ros2_interface/install/mecheye_ros_interface/include/mecheye_ros_interface/mecheye_ros_interface/srv/detail/get_float_array_parameter__description.c
-- Installing: /home/inauenma/git/mecheye_ros2_interface/install/mecheye_ros_interface/include/mecheye_ros_interface/mecheye_ros_interface/srv/detail/set_current_user_set__struct.h
-- Installing: /home/inauenma/git/mecheye_ros2_interface/install/mecheye_ros_interface/include/mecheye_ros_interface/mecheye_ros_interface/srv/detail/set_range_parameter__functions.h
-- Installing: /home/inauenma/git/mecheye_ros2_interface/install/mecheye_ros_interface/include/mecheye_ros_interface/mecheye_ros_interface/srv/detail/capture_color_image__functions.h
-- Installing: /home/inauenma/git/mecheye_ros2_interface/install/mecheye_ros_interface/include/mecheye_ros_interface/mecheye_ros_interface/srv/detail/add_user_set__type_support.c
-- Installing: /home/inauenma/git/mecheye_ros2_interface/install/mecheye_ros_interface/include/mecheye_ros_interface/mecheye_ros_interface/srv/detail/set_int_parameter__struct.h
-- Installing: /home/inauenma/git/mecheye_ros2_interface/install/mecheye_ros_interface/include/mecheye_ros_interface/mecheye_ros_interface/srv/detail/capture_point_cloud__functions.h
-- Installing: /home/inauenma/git/mecheye_ros2_interface/install/mecheye_ros_interface/include/mecheye_ros_interface/mecheye_ros_interface/srv/detail/set_roi_parameter__description.c
-- Installing: /home/inauenma/git/mecheye_ros2_interface/install/mecheye_ros_interface/include/mecheye_ros_interface/mecheye_ros_interface/srv/detail/capture_stereo_color_images__type_support.h
-- Installing: /home/inauenma/git/mecheye_ros2_interface/install/mecheye_ros_interface/include/mecheye_ros_interface/mecheye_ros_interface/srv/detail/set_float_array_parameter__struct.h
-- Installing: /home/inauenma/git/mecheye_ros2_interface/install/mecheye_ros_interface/include/mecheye_ros_interface/mecheye_ros_interface/srv/detail/capture_color_image__type_support.c
-- Installing: /home/inauenma/git/mecheye_ros2_interface/install/mecheye_ros_interface/include/mecheye_ros_interface/mecheye_ros_interface/srv/detail/get_enum_parameter__struct.h
-- Installing: /home/inauenma/git/mecheye_ros2_interface/install/mecheye_ros_interface/include/mecheye_ros_interface/mecheye_ros_interface/srv/detail/set_roi_parameter__functions.h
-- Installing: /home/inauenma/git/mecheye_ros2_interface/install/mecheye_ros_interface/include/mecheye_ros_interface/mecheye_ros_interface/srv/detail/get_bool_parameter__description.c
-- Installing: /home/inauenma/git/mecheye_ros2_interface/install/mecheye_ros_interface/include/mecheye_ros_interface/mecheye_ros_interface/srv/detail/get_int_parameter__struct.h
-- Installing: /home/inauenma/git/mecheye_ros2_interface/install/mecheye_ros_interface/include/mecheye_ros_interface/mecheye_ros_interface/srv/detail/set_float_array_parameter__functions.h
-- Installing: /home/inauenma/git/mecheye_ros2_interface/install/mecheye_ros_interface/include/mecheye_ros_interface/mecheye_ros_interface/srv/detail/device_info__description.c
-- Installing: /home/inauenma/git/mecheye_ros2_interface/install/mecheye_ros_interface/include/mecheye_ros_interface/mecheye_ros_interface/srv/detail/delete_user_set__functions.c
-- Installing: /home/inauenma/git/mecheye_ros2_interface/install/mecheye_ros_interface/include/mecheye_ros_interface/mecheye_ros_interface/srv/detail/set_int_parameter__type_support.c
-- Installing: /home/inauenma/git/mecheye_ros2_interface/install/mecheye_ros_interface/include/mecheye_ros_interface/mecheye_ros_interface/srv/detail/device_info__functions.c
-- Installing: /home/inauenma/git/mecheye_ros2_interface/install/mecheye_ros_interface/include/mecheye_ros_interface/mecheye_ros_interface/srv/detail/get_bool_parameter__type_support.c
-- Installing: /home/inauenma/git/mecheye_ros2_interface/install/mecheye_ros_interface/include/mecheye_ros_interface/mecheye_ros_interface/srv/detail/set_enum_parameter__struct.h
-- Installing: /home/inauenma/git/mecheye_ros2_interface/install/mecheye_ros_interface/include/mecheye_ros_interface/mecheye_ros_interface/srv/detail/set_int_parameter__type_support.h
-- Installing: /home/inauenma/git/mecheye_ros2_interface/install/mecheye_ros_interface/include/mecheye_ros_interface/mecheye_ros_interface/srv/detail/save_all_settings_to_user_sets__functions.c
-- Installing: /home/inauenma/git/mecheye_ros2_interface/install/mecheye_ros_interface/include/mecheye_ros_interface/mecheye_ros_interface/srv/detail/get_current_user_set__type_support.h
-- Installing: /home/inauenma/git/mecheye_ros2_interface/install/mecheye_ros_interface/include/mecheye_ros_interface/mecheye_ros_interface/srv/detail/get_bool_parameter__struct.h
-- Installing: /home/inauenma/git/mecheye_ros2_interface/install/mecheye_ros_interface/include/mecheye_ros_interface/mecheye_ros_interface/srv/detail/set_float_parameter__type_support.h
-- Installing: /home/inauenma/git/mecheye_ros2_interface/install/mecheye_ros_interface/include/mecheye_ros_interface/mecheye_ros_interface/srv/detail/set_float_parameter__functions.c
-- Installing: /home/inauenma/git/mecheye_ros2_interface/install/mecheye_ros_interface/include/mecheye_ros_interface/mecheye_ros_interface/srv/detail/get_float_array_parameter__type_support.c
-- Installing: /home/inauenma/git/mecheye_ros2_interface/install/mecheye_ros_interface/include/mecheye_ros_interface/mecheye_ros_interface/srv/detail/capture_textured_point_cloud__functions.h
-- Installing: /home/inauenma/git/mecheye_ros2_interface/install/mecheye_ros_interface/include/mecheye_ros_interface/mecheye_ros_interface/srv/detail/save_all_settings_to_user_sets__description.c
-- Installing: /home/inauenma/git/mecheye_ros2_interface/install/mecheye_ros_interface/include/mecheye_ros_interface/mecheye_ros_interface/srv/detail/set_range_parameter__functions.c
-- Installing: /home/inauenma/git/mecheye_ros2_interface/install/mecheye_ros_interface/include/mecheye_ros_interface/mecheye_ros_interface/srv/detail/get_current_user_set__description.c
-- Installing: /home/inauenma/git/mecheye_ros2_interface/install/mecheye_ros_interface/include/mecheye_ros_interface/mecheye_ros_interface/srv/detail/capture_color_image__struct.h
-- Installing: /home/inauenma/git/mecheye_ros2_interface/install/mecheye_ros_interface/include/mecheye_ros_interface/mecheye_ros_interface/srv/detail/add_user_set__functions.c
-- Installing: /home/inauenma/git/mecheye_ros2_interface/install/mecheye_ros_interface/include/mecheye_ros_interface/mecheye_ros_interface/srv/detail/set_bool_parameter__functions.c
-- Installing: /home/inauenma/git/mecheye_ros2_interface/install/mecheye_ros_interface/include/mecheye_ros_interface/mecheye_ros_interface/srv/detail/set_enum_parameter__type_support.h
-- Installing: /home/inauenma/git/mecheye_ros2_interface/install/mecheye_ros_interface/include/mecheye_ros_interface/mecheye_ros_interface/srv/detail/device_info__functions.h
-- Installing: /home/inauenma/git/mecheye_ros2_interface/install/mecheye_ros_interface/include/mecheye_ros_interface/mecheye_ros_interface/srv/detail/get_enum_parameter__description.c
-- Installing: /home/inauenma/git/mecheye_ros2_interface/install/mecheye_ros_interface/include/mecheye_ros_interface/mecheye_ros_interface/srv/detail/set_bool_parameter__description.c
-- Installing: /home/inauenma/git/mecheye_ros2_interface/install/mecheye_ros_interface/include/mecheye_ros_interface/mecheye_ros_interface/srv/detail/get_bool_parameter__functions.c
-- Installing: /home/inauenma/git/mecheye_ros2_interface/install/mecheye_ros_interface/include/mecheye_ros_interface/mecheye_ros_interface/srv/detail/get_roi_parameter__type_support.c
-- Installing: /home/inauenma/git/mecheye_ros2_interface/install/mecheye_ros_interface/include/mecheye_ros_interface/mecheye_ros_interface/srv/detail/capture_point_cloud__functions.c
-- Installing: /home/inauenma/git/mecheye_ros2_interface/install/mecheye_ros_interface/include/mecheye_ros_interface/mecheye_ros_interface/srv/detail/capture_textured_point_cloud__description.c
-- Installing: /home/inauenma/git/mecheye_ros2_interface/install/mecheye_ros_interface/include/mecheye_ros_interface/mecheye_ros_interface/srv/detail/get_all_user_sets__type_support.h
-- Installing: /home/inauenma/git/mecheye_ros2_interface/install/mecheye_ros_interface/include/mecheye_ros_interface/mecheye_ros_interface/srv/detail/set_bool_parameter__type_support.c
-- Installing: /home/inauenma/git/mecheye_ros2_interface/install/mecheye_ros_interface/include/mecheye_ros_interface/mecheye_ros_interface/srv/detail/save_all_settings_to_user_sets__type_support.c
-- Installing: /home/inauenma/git/mecheye_ros2_interface/install/mecheye_ros_interface/include/mecheye_ros_interface/mecheye_ros_interface/srv/detail/capture_depth_map__description.c
-- Installing: /home/inauenma/git/mecheye_ros2_interface/install/mecheye_ros_interface/include/mecheye_ros_interface/mecheye_ros_interface/srv/detail/capture_color_image__description.c
-- Installing: /home/inauenma/git/mecheye_ros2_interface/install/mecheye_ros_interface/include/mecheye_ros_interface/mecheye_ros_interface/srv/detail/get_range_parameter__description.c
-- Installing: /home/inauenma/git/mecheye_ros2_interface/install/mecheye_ros_interface/include/mecheye_ros_interface/mecheye_ros_interface/srv/detail/set_float_parameter__description.c
-- Installing: /home/inauenma/git/mecheye_ros2_interface/install/mecheye_ros_interface/include/mecheye_ros_interface/mecheye_ros_interface/srv/detail/capture_stereo_color_images__functions.c
-- Installing: /home/inauenma/git/mecheye_ros2_interface/install/mecheye_ros_interface/include/mecheye_ros_interface/mecheye_ros_interface/srv/detail/save_all_settings_to_user_sets__type_support.h
-- Installing: /home/inauenma/git/mecheye_ros2_interface/install/mecheye_ros_interface/include/mecheye_ros_interface/mecheye_ros_interface/srv/detail/get_roi_parameter__type_support.h
-- Installing: /home/inauenma/git/mecheye_ros2_interface/install/mecheye_ros_interface/include/mecheye_ros_interface/mecheye_ros_interface/srv/detail/set_int_parameter__functions.h
-- Installing: /home/inauenma/git/mecheye_ros2_interface/install/mecheye_ros_interface/include/mecheye_ros_interface/mecheye_ros_interface/srv/detail/capture_textured_point_cloud__functions.c
-- Installing: /home/inauenma/git/mecheye_ros2_interface/install/mecheye_ros_interface/include/mecheye_ros_interface/mecheye_ros_interface/srv/detail/capture_point_cloud__type_support.c
-- Installing: /home/inauenma/git/mecheye_ros2_interface/install/mecheye_ros_interface/include/mecheye_ros_interface/mecheye_ros_interface/srv/detail/get_float_parameter__type_support.h
-- Installing: /home/inauenma/git/mecheye_ros2_interface/install/mecheye_ros_interface/include/mecheye_ros_interface/mecheye_ros_interface/srv/detail/get_float_array_parameter__type_support.h
-- Installing: /home/inauenma/git/mecheye_ros2_interface/install/mecheye_ros_interface/include/mecheye_ros_interface/mecheye_ros_interface/srv/detail/device_info__struct.h
-- Installing: /home/inauenma/git/mecheye_ros2_interface/install/mecheye_ros_interface/include/mecheye_ros_interface/mecheye_ros_interface/srv/detail/add_user_set__description.c
-- Installing: /home/inauenma/git/mecheye_ros2_interface/install/mecheye_ros_interface/include/mecheye_ros_interface/mecheye_ros_interface/srv/detail/get_all_user_sets__description.c
-- Installing: /home/inauenma/git/mecheye_ros2_interface/install/mecheye_ros_interface/include/mecheye_ros_interface/mecheye_ros_interface/srv/detail/get_float_parameter__functions.c
-- Installing: /home/inauenma/git/mecheye_ros2_interface/install/mecheye_ros_interface/include/mecheye_ros_interface/mecheye_ros_interface/srv/detail/get_range_parameter__type_support.h
-- Installing: /home/inauenma/git/mecheye_ros2_interface/install/mecheye_ros_interface/include/mecheye_ros_interface/mecheye_ros_interface/srv/detail/set_float_parameter__functions.h
-- Installing: /home/inauenma/git/mecheye_ros2_interface/install/mecheye_ros_interface/include/mecheye_ros_interface/mecheye_ros_interface/srv/detail/set_roi_parameter__type_support.c
-- Installing: /home/inauenma/git/mecheye_ros2_interface/install/mecheye_ros_interface/include/mecheye_ros_interface/mecheye_ros_interface/srv/detail/get_all_user_sets__functions.h
-- Installing: /home/inauenma/git/mecheye_ros2_interface/install/mecheye_ros_interface/include/mecheye_ros_interface/mecheye_ros_interface/srv/detail/get_all_user_sets__functions.c
-- Installing: /home/inauenma/git/mecheye_ros2_interface/install/mecheye_ros_interface/include/mecheye_ros_interface/mecheye_ros_interface/srv/detail/capture_depth_map__type_support.h
-- Installing: /home/inauenma/git/mecheye_ros2_interface/install/mecheye_ros_interface/include/mecheye_ros_interface/mecheye_ros_interface/srv/detail/get_range_parameter__functions.h
-- Installing: /home/inauenma/git/mecheye_ros2_interface/install/mecheye_ros_interface/include/mecheye_ros_interface/mecheye_ros_interface/srv/detail/capture_point_cloud__description.c
-- Installing: /home/inauenma/git/mecheye_ros2_interface/install/mecheye_ros_interface/include/mecheye_ros_interface/mecheye_ros_interface/srv/detail/set_current_user_set__type_support.c
-- Installing: /home/inauenma/git/mecheye_ros2_interface/install/mecheye_ros_interface/include/mecheye_ros_interface/mecheye_ros_interface/srv/detail/get_int_parameter__description.c
-- Installing: /home/inauenma/git/mecheye_ros2_interface/install/mecheye_ros_interface/include/mecheye_ros_interface/mecheye_ros_interface/srv/detail/capture_depth_map__functions.h
-- Installing: /home/inauenma/git/mecheye_ros2_interface/install/mecheye_ros_interface/include/mecheye_ros_interface/mecheye_ros_interface/srv/detail/capture_point_cloud__struct.h
-- Installing: /home/inauenma/git/mecheye_ros2_interface/install/mecheye_ros_interface/include/mecheye_ros_interface/mecheye_ros_interface/srv/detail/get_enum_parameter__type_support.h
-- Installing: /home/inauenma/git/mecheye_ros2_interface/install/mecheye_ros_interface/include/mecheye_ros_interface/mecheye_ros_interface/srv/detail/get_float_parameter__functions.h
-- Installing: /home/inauenma/git/mecheye_ros2_interface/install/mecheye_ros_interface/include/mecheye_ros_interface/mecheye_ros_interface/srv/detail/get_range_parameter__type_support.c
-- Installing: /home/inauenma/git/mecheye_ros2_interface/install/mecheye_ros_interface/include/mecheye_ros_interface/mecheye_ros_interface/srv/detail/delete_user_set__struct.h
-- Installing: /home/inauenma/git/mecheye_ros2_interface/install/mecheye_ros_interface/include/mecheye_ros_interface/mecheye_ros_interface/srv/detail/capture_depth_map__functions.c
-- Installing: /home/inauenma/git/mecheye_ros2_interface/install/mecheye_ros_interface/include/mecheye_ros_interface/mecheye_ros_interface/srv/detail/capture_textured_point_cloud__struct.h
-- Installing: /home/inauenma/git/mecheye_ros2_interface/install/mecheye_ros_interface/include/mecheye_ros_interface/mecheye_ros_interface/srv/detail/get_range_parameter__struct.h
-- Installing: /home/inauenma/git/mecheye_ros2_interface/install/mecheye_ros_interface/include/mecheye_ros_interface/mecheye_ros_interface/srv/detail/get_roi_parameter__struct.h
-- Installing: /home/inauenma/git/mecheye_ros2_interface/install/mecheye_ros_interface/include/mecheye_ros_interface/mecheye_ros_interface/srv/detail/capture_stereo_color_images__description.c
-- Installing: /home/inauenma/git/mecheye_ros2_interface/install/mecheye_ros_interface/include/mecheye_ros_interface/mecheye_ros_interface/srv/detail/add_user_set__functions.h
-- Installing: /home/inauenma/git/mecheye_ros2_interface/install/mecheye_ros_interface/include/mecheye_ros_interface/mecheye_ros_interface/srv/detail/delete_user_set__type_support.h
-- Installing: /home/inauenma/git/mecheye_ros2_interface/install/mecheye_ros_interface/include/mecheye_ros_interface/mecheye_ros_interface/srv/detail/get_int_parameter__functions.c
-- Installing: /home/inauenma/git/mecheye_ros2_interface/install/mecheye_ros_interface/include/mecheye_ros_interface/mecheye_ros_interface/srv/detail/set_roi_parameter__functions.c
-- Installing: /home/inauenma/git/mecheye_ros2_interface/install/mecheye_ros_interface/include/mecheye_ros_interface/mecheye_ros_interface/srv/detail/get_all_user_sets__struct.h
-- Installing: /home/inauenma/git/mecheye_ros2_interface/install/mecheye_ros_interface/include/mecheye_ros_interface/mecheye_ros_interface/srv/detail/get_float_parameter__type_support.c
-- Installing: /home/inauenma/git/mecheye_ros2_interface/install/mecheye_ros_interface/include/mecheye_ros_interface/mecheye_ros_interface/srv/detail/set_float_array_parameter__description.c
-- Installing: /home/inauenma/git/mecheye_ros2_interface/install/mecheye_ros_interface/include/mecheye_ros_interface/mecheye_ros_interface/srv/detail/set_int_parameter__description.c
-- Installing: /home/inauenma/git/mecheye_ros2_interface/install/mecheye_ros_interface/include/mecheye_ros_interface/mecheye_ros_interface/srv/detail/capture_stereo_color_images__type_support.c
-- Installing: /home/inauenma/git/mecheye_ros2_interface/install/mecheye_ros_interface/include/mecheye_ros_interface/mecheye_ros_interface/srv/detail/set_float_array_parameter__type_support.c
-- Installing: /home/inauenma/git/mecheye_ros2_interface/install/mecheye_ros_interface/include/mecheye_ros_interface/mecheye_ros_interface/srv/detail/set_roi_parameter__struct.h
-- Installing: /home/inauenma/git/mecheye_ros2_interface/install/mecheye_ros_interface/include/mecheye_ros_interface/mecheye_ros_interface/srv/detail/get_float_array_parameter__functions.c
-- Installing: /home/inauenma/git/mecheye_ros2_interface/install/mecheye_ros_interface/include/mecheye_ros_interface/mecheye_ros_interface/srv/detail/add_user_set__type_support.h
-- Installing: /home/inauenma/git/mecheye_ros2_interface/install/mecheye_ros_interface/include/mecheye_ros_interface/mecheye_ros_interface/srv/detail/set_current_user_set__type_support.h
-- Installing: /home/inauenma/git/mecheye_ros2_interface/install/mecheye_ros_interface/include/mecheye_ros_interface/mecheye_ros_interface/srv/detail/add_user_set__struct.h
-- Installing: /home/inauenma/git/mecheye_ros2_interface/install/mecheye_ros_interface/include/mecheye_ros_interface/mecheye_ros_interface/srv/detail/delete_user_set__type_support.c
-- Installing: /home/inauenma/git/mecheye_ros2_interface/install/mecheye_ros_interface/include/mecheye_ros_interface/mecheye_ros_interface/srv/detail/delete_user_set__functions.h
-- Installing: /home/inauenma/git/mecheye_ros2_interface/install/mecheye_ros_interface/include/mecheye_ros_interface/mecheye_ros_interface/srv/detail/set_range_parameter__struct.h
-- Installing: /home/inauenma/git/mecheye_ros2_interface/install/mecheye_ros_interface/include/mecheye_ros_interface/mecheye_ros_interface/srv/detail/set_current_user_set__functions.c
-- Installing: /home/inauenma/git/mecheye_ros2_interface/install/mecheye_ros_interface/include/mecheye_ros_interface/mecheye_ros_interface/srv/detail/get_range_parameter__functions.c
-- Installing: /home/inauenma/git/mecheye_ros2_interface/install/mecheye_ros_interface/include/mecheye_ros_interface/mecheye_ros_interface/srv/detail/set_enum_parameter__functions.c
-- Installing: /home/inauenma/git/mecheye_ros2_interface/install/mecheye_ros_interface/include/mecheye_ros_interface/mecheye_ros_interface/srv/detail/set_bool_parameter__struct.h
-- Installing: /home/inauenma/git/mecheye_ros2_interface/install/mecheye_ros_interface/include/mecheye_ros_interface/mecheye_ros_interface/srv/detail/capture_depth_map__struct.h
-- Installing: /home/inauenma/git/mecheye_ros2_interface/install/mecheye_ros_interface/include/mecheye_ros_interface/mecheye_ros_interface/srv/detail/set_float_array_parameter__type_support.h
-- Installing: /home/inauenma/git/mecheye_ros2_interface/install/mecheye_ros_interface/include/mecheye_ros_interface/mecheye_ros_interface/srv/detail/get_current_user_set__functions.h
-- Installing: /home/inauenma/git/mecheye_ros2_interface/install/mecheye_ros_interface/include/mecheye_ros_interface/mecheye_ros_interface/srv/detail/capture_point_cloud__type_support.h
-- Installing: /home/inauenma/git/mecheye_ros2_interface/install/mecheye_ros_interface/include/mecheye_ros_interface/mecheye_ros_interface/srv/detail/set_float_parameter__type_support.c
-- Installing: /home/inauenma/git/mecheye_ros2_interface/install/mecheye_ros_interface/include/mecheye_ros_interface/mecheye_ros_interface/srv/capture_stereo_color_images.h
-- Installing: /home/inauenma/git/mecheye_ros2_interface/install/mecheye_ros_interface/include/mecheye_ros_interface/mecheye_ros_interface/srv/add_user_set.h
-- Installing: /home/inauenma/git/mecheye_ros2_interface/install/mecheye_ros_interface/include/mecheye_ros_interface/mecheye_ros_interface/srv/set_enum_parameter.h
-- Installing: /home/inauenma/git/mecheye_ros2_interface/install/mecheye_ros_interface/include/mecheye_ros_interface/mecheye_ros_interface/msg
-- Installing: /home/inauenma/git/mecheye_ros2_interface/install/mecheye_ros_interface/include/mecheye_ros_interface/mecheye_ros_interface/msg/rosidl_generator_c__visibility_control.h
-- Installing: /home/inauenma/git/mecheye_ros2_interface/install/mecheye_ros_interface/share/mecheye_ros_interface/environment/library_path.sh
-- Installing: /home/inauenma/git/mecheye_ros2_interface/install/mecheye_ros_interface/share/mecheye_ros_interface/environment/library_path.dsv
-- Installing: /home/inauenma/git/mecheye_ros2_interface/install/mecheye_ros_interface/lib/libmecheye_ros_interface__rosidl_generator_c.so
-- Set non-toolchain portion of runtime path of "/home/inauenma/git/mecheye_ros2_interface/install/mecheye_ros_interface/lib/libmecheye_ros_interface__rosidl_generator_c.so" to ""
-- Up-to-date: /home/inauenma/git/mecheye_ros2_interface/install/mecheye_ros_interface/include/mecheye_ros_interface/mecheye_ros_interface
-- Up-to-date: /home/inauenma/git/mecheye_ros2_interface/install/mecheye_ros_interface/include/mecheye_ros_interface/mecheye_ros_interface/srv
-- Up-to-date: /home/inauenma/git/mecheye_ros2_interface/install/mecheye_ros_interface/include/mecheye_ros_interface/mecheye_ros_interface/srv/detail
-- Installing: /home/inauenma/git/mecheye_ros2_interface/install/mecheye_ros_interface/include/mecheye_ros_interface/mecheye_ros_interface/srv/detail/device_info__rosidl_typesupport_fastrtps_c.h
-- Installing: /home/inauenma/git/mecheye_ros2_interface/install/mecheye_ros_interface/include/mecheye_ros_interface/mecheye_ros_interface/srv/detail/get_roi_parameter__rosidl_typesupport_fastrtps_c.h
-- Installing: /home/inauenma/git/mecheye_ros2_interface/install/mecheye_ros_interface/include/mecheye_ros_interface/mecheye_ros_interface/srv/detail/capture_point_cloud__rosidl_typesupport_fastrtps_c.h
-- Installing: /home/inauenma/git/mecheye_ros2_interface/install/mecheye_ros_interface/include/mecheye_ros_interface/mecheye_ros_interface/srv/detail/get_enum_parameter__rosidl_typesupport_fastrtps_c.h
-- Installing: /home/inauenma/git/mecheye_ros2_interface/install/mecheye_ros_interface/include/mecheye_ros_interface/mecheye_ros_interface/srv/detail/save_all_settings_to_user_sets__rosidl_typesupport_fastrtps_c.h
-- Installing: /home/inauenma/git/mecheye_ros2_interface/install/mecheye_ros_interface/include/mecheye_ros_interface/mecheye_ros_interface/srv/detail/get_all_user_sets__rosidl_typesupport_fastrtps_c.h
-- Installing: /home/inauenma/git/mecheye_ros2_interface/install/mecheye_ros_interface/include/mecheye_ros_interface/mecheye_ros_interface/srv/detail/capture_depth_map__rosidl_typesupport_fastrtps_c.h
-- Installing: /home/inauenma/git/mecheye_ros2_interface/install/mecheye_ros_interface/include/mecheye_ros_interface/mecheye_ros_interface/srv/detail/set_float_array_parameter__rosidl_typesupport_fastrtps_c.h
-- Installing: /home/inauenma/git/mecheye_ros2_interface/install/mecheye_ros_interface/include/mecheye_ros_interface/mecheye_ros_interface/srv/detail/capture_textured_point_cloud__rosidl_typesupport_fastrtps_c.h
-- Installing: /home/inauenma/git/mecheye_ros2_interface/install/mecheye_ros_interface/include/mecheye_ros_interface/mecheye_ros_interface/srv/detail/get_bool_parameter__rosidl_typesupport_fastrtps_c.h
-- Installing: /home/inauenma/git/mecheye_ros2_interface/install/mecheye_ros_interface/include/mecheye_ros_interface/mecheye_ros_interface/srv/detail/get_range_parameter__rosidl_typesupport_fastrtps_c.h
-- Installing: /home/inauenma/git/mecheye_ros2_interface/install/mecheye_ros_interface/include/mecheye_ros_interface/mecheye_ros_interface/srv/detail/get_current_user_set__rosidl_typesupport_fastrtps_c.h
-- Installing: /home/inauenma/git/mecheye_ros2_interface/install/mecheye_ros_interface/include/mecheye_ros_interface/mecheye_ros_interface/srv/detail/get_float_array_parameter__rosidl_typesupport_fastrtps_c.h
-- Installing: /home/inauenma/git/mecheye_ros2_interface/install/mecheye_ros_interface/include/mecheye_ros_interface/mecheye_ros_interface/srv/detail/capture_stereo_color_images__rosidl_typesupport_fastrtps_c.h
-- Installing: /home/inauenma/git/mecheye_ros2_interface/install/mecheye_ros_interface/include/mecheye_ros_interface/mecheye_ros_interface/srv/detail/set_bool_parameter__rosidl_typesupport_fastrtps_c.h
-- Installing: /home/inauenma/git/mecheye_ros2_interface/install/mecheye_ros_interface/include/mecheye_ros_interface/mecheye_ros_interface/srv/detail/add_user_set__rosidl_typesupport_fastrtps_c.h
-- Installing: /home/inauenma/git/mecheye_ros2_interface/install/mecheye_ros_interface/include/mecheye_ros_interface/mecheye_ros_interface/srv/detail/set_float_parameter__rosidl_typesupport_fastrtps_c.h
-- Installing: /home/inauenma/git/mecheye_ros2_interface/install/mecheye_ros_interface/include/mecheye_ros_interface/mecheye_ros_interface/srv/detail/set_current_user_set__rosidl_typesupport_fastrtps_c.h
-- Installing: /home/inauenma/git/mecheye_ros2_interface/install/mecheye_ros_interface/include/mecheye_ros_interface/mecheye_ros_interface/srv/detail/set_int_parameter__rosidl_typesupport_fastrtps_c.h
-- Installing: /home/inauenma/git/mecheye_ros2_interface/install/mecheye_ros_interface/include/mecheye_ros_interface/mecheye_ros_interface/srv/detail/capture_color_image__rosidl_typesupport_fastrtps_c.h
-- Installing: /home/inauenma/git/mecheye_ros2_interface/install/mecheye_ros_interface/include/mecheye_ros_interface/mecheye_ros_interface/srv/detail/get_int_parameter__rosidl_typesupport_fastrtps_c.h
-- Installing: /home/inauenma/git/mecheye_ros2_interface/install/mecheye_ros_interface/include/mecheye_ros_interface/mecheye_ros_interface/srv/detail/set_roi_parameter__rosidl_typesupport_fastrtps_c.h
-- Installing: /home/inauenma/git/mecheye_ros2_interface/install/mecheye_ros_interface/include/mecheye_ros_interface/mecheye_ros_interface/srv/detail/get_float_parameter__rosidl_typesupport_fastrtps_c.h
-- Installing: /home/inauenma/git/mecheye_ros2_interface/install/mecheye_ros_interface/include/mecheye_ros_interface/mecheye_ros_interface/srv/detail/set_range_parameter__rosidl_typesupport_fastrtps_c.h
-- Installing: /home/inauenma/git/mecheye_ros2_interface/install/mecheye_ros_interface/include/mecheye_ros_interface/mecheye_ros_interface/srv/detail/set_enum_parameter__rosidl_typesupport_fastrtps_c.h
-- Installing: /home/inauenma/git/mecheye_ros2_interface/install/mecheye_ros_interface/include/mecheye_ros_interface/mecheye_ros_interface/srv/detail/delete_user_set__rosidl_typesupport_fastrtps_c.h
-- Up-to-date: /home/inauenma/git/mecheye_ros2_interface/install/mecheye_ros_interface/include/mecheye_ros_interface/mecheye_ros_interface/msg
-- Installing: /home/inauenma/git/mecheye_ros2_interface/install/mecheye_ros_interface/include/mecheye_ros_interface/mecheye_ros_interface/msg/rosidl_typesupport_fastrtps_c__visibility_control.h
-- Installing: /home/inauenma/git/mecheye_ros2_interface/install/mecheye_ros_interface/lib/libmecheye_ros_interface__rosidl_typesupport_fastrtps_c.so
-- Set non-toolchain portion of runtime path of "/home/inauenma/git/mecheye_ros2_interface/install/mecheye_ros_interface/lib/libmecheye_ros_interface__rosidl_typesupport_fastrtps_c.so" to ""
-- Up-to-date: /home/inauenma/git/mecheye_ros2_interface/install/mecheye_ros_interface/include/mecheye_ros_interface/mecheye_ros_interface
-- Up-to-date: /home/inauenma/git/mecheye_ros2_interface/install/mecheye_ros_interface/include/mecheye_ros_interface/mecheye_ros_interface/srv
-- Installing: /home/inauenma/git/mecheye_ros2_interface/install/mecheye_ros_interface/include/mecheye_ros_interface/mecheye_ros_interface/srv/capture_depth_map.hpp
-- Installing: /home/inauenma/git/mecheye_ros2_interface/install/mecheye_ros_interface/include/mecheye_ros_interface/mecheye_ros_interface/srv/get_current_user_set.hpp
-- Installing: /home/inauenma/git/mecheye_ros2_interface/install/mecheye_ros_interface/include/mecheye_ros_interface/mecheye_ros_interface/srv/get_float_array_parameter.hpp
-- Installing: /home/inauenma/git/mecheye_ros2_interface/install/mecheye_ros_interface/include/mecheye_ros_interface/mecheye_ros_interface/srv/get_roi_parameter.hpp
-- Installing: /home/inauenma/git/mecheye_ros2_interface/install/mecheye_ros_interface/include/mecheye_ros_interface/mecheye_ros_interface/srv/set_roi_parameter.hpp
-- Installing: /home/inauenma/git/mecheye_ros2_interface/install/mecheye_ros_interface/include/mecheye_ros_interface/mecheye_ros_interface/srv/add_user_set.hpp
-- Installing: /home/inauenma/git/mecheye_ros2_interface/install/mecheye_ros_interface/include/mecheye_ros_interface/mecheye_ros_interface/srv/get_float_parameter.hpp
-- Installing: /home/inauenma/git/mecheye_ros2_interface/install/mecheye_ros_interface/include/mecheye_ros_interface/mecheye_ros_interface/srv/set_bool_parameter.hpp
-- Installing: /home/inauenma/git/mecheye_ros2_interface/install/mecheye_ros_interface/include/mecheye_ros_interface/mecheye_ros_interface/srv/capture_color_image.hpp
-- Installing: /home/inauenma/git/mecheye_ros2_interface/install/mecheye_ros_interface/include/mecheye_ros_interface/mecheye_ros_interface/srv/set_float_array_parameter.hpp
-- Installing: /home/inauenma/git/mecheye_ros2_interface/install/mecheye_ros_interface/include/mecheye_ros_interface/mecheye_ros_interface/srv/set_range_parameter.hpp
-- Installing: /home/inauenma/git/mecheye_ros2_interface/install/mecheye_ros_interface/include/mecheye_ros_interface/mecheye_ros_interface/srv/device_info.hpp
-- Installing: /home/inauenma/git/mecheye_ros2_interface/install/mecheye_ros_interface/include/mecheye_ros_interface/mecheye_ros_interface/srv/save_all_settings_to_user_sets.hpp
-- Installing: /home/inauenma/git/mecheye_ros2_interface/install/mecheye_ros_interface/include/mecheye_ros_interface/mecheye_ros_interface/srv/get_enum_parameter.hpp
-- Installing: /home/inauenma/git/mecheye_ros2_interface/install/mecheye_ros_interface/include/mecheye_ros_interface/mecheye_ros_interface/srv/capture_point_cloud.hpp
-- Installing: /home/inauenma/git/mecheye_ros2_interface/install/mecheye_ros_interface/include/mecheye_ros_interface/mecheye_ros_interface/srv/get_int_parameter.hpp
-- Installing: /home/inauenma/git/mecheye_ros2_interface/install/mecheye_ros_interface/include/mecheye_ros_interface/mecheye_ros_interface/srv/get_all_user_sets.hpp
-- Installing: /home/inauenma/git/mecheye_ros2_interface/install/mecheye_ros_interface/include/mecheye_ros_interface/mecheye_ros_interface/srv/capture_textured_point_cloud.hpp
-- Installing: /home/inauenma/git/mecheye_ros2_interface/install/mecheye_ros_interface/include/mecheye_ros_interface/mecheye_ros_interface/srv/delete_user_set.hpp
-- Installing: /home/inauenma/git/mecheye_ros2_interface/install/mecheye_ros_interface/include/mecheye_ros_interface/mecheye_ros_interface/srv/set_current_user_set.hpp
-- Installing: /home/inauenma/git/mecheye_ros2_interface/install/mecheye_ros_interface/include/mecheye_ros_interface/mecheye_ros_interface/srv/set_float_parameter.hpp
-- Installing: /home/inauenma/git/mecheye_ros2_interface/install/mecheye_ros_interface/include/mecheye_ros_interface/mecheye_ros_interface/srv/set_int_parameter.hpp
-- Installing: /home/inauenma/git/mecheye_ros2_interface/install/mecheye_ros_interface/include/mecheye_ros_interface/mecheye_ros_interface/srv/set_enum_parameter.hpp
-- Up-to-date: /home/inauenma/git/mecheye_ros2_interface/install/mecheye_ros_interface/include/mecheye_ros_interface/mecheye_ros_interface/srv/detail
-- Installing: /home/inauenma/git/mecheye_ros2_interface/install/mecheye_ros_interface/include/mecheye_ros_interface/mecheye_ros_interface/srv/detail/capture_color_image__type_support.hpp
-- Installing: /home/inauenma/git/mecheye_ros2_interface/install/mecheye_ros_interface/include/mecheye_ros_interface/mecheye_ros_interface/srv/detail/set_float_array_parameter__builder.hpp
-- Installing: /home/inauenma/git/mecheye_ros2_interface/install/mecheye_ros_interface/include/mecheye_ros_interface/mecheye_ros_interface/srv/detail/get_roi_parameter__type_support.hpp
-- Installing: /home/inauenma/git/mecheye_ros2_interface/install/mecheye_ros_interface/include/mecheye_ros_interface/mecheye_ros_interface/srv/detail/set_roi_parameter__builder.hpp
-- Installing: /home/inauenma/git/mecheye_ros2_interface/install/mecheye_ros_interface/include/mecheye_ros_interface/mecheye_ros_interface/srv/detail/get_all_user_sets__struct.hpp
-- Installing: /home/inauenma/git/mecheye_ros2_interface/install/mecheye_ros_interface/include/mecheye_ros_interface/mecheye_ros_interface/srv/detail/save_all_settings_to_user_sets__type_support.hpp
-- Installing: /home/inauenma/git/mecheye_ros2_interface/install/mecheye_ros_interface/include/mecheye_ros_interface/mecheye_ros_interface/srv/detail/delete_user_set__type_support.hpp
-- Installing: /home/inauenma/git/mecheye_ros2_interface/install/mecheye_ros_interface/include/mecheye_ros_interface/mecheye_ros_interface/srv/detail/set_int_parameter__traits.hpp
-- Installing: /home/inauenma/git/mecheye_ros2_interface/install/mecheye_ros_interface/include/mecheye_ros_interface/mecheye_ros_interface/srv/detail/get_float_parameter__traits.hpp
-- Installing: /home/inauenma/git/mecheye_ros2_interface/install/mecheye_ros_interface/include/mecheye_ros_interface/mecheye_ros_interface/srv/detail/capture_depth_map__builder.hpp
-- Installing: /home/inauenma/git/mecheye_ros2_interface/install/mecheye_ros_interface/include/mecheye_ros_interface/mecheye_ros_interface/srv/detail/capture_stereo_color_images__struct.hpp
-- Installing: /home/inauenma/git/mecheye_ros2_interface/install/mecheye_ros_interface/include/mecheye_ros_interface/mecheye_ros_interface/srv/detail/set_range_parameter__traits.hpp
-- Installing: /home/inauenma/git/mecheye_ros2_interface/install/mecheye_ros_interface/include/mecheye_ros_interface/mecheye_ros_interface/srv/detail/set_float_array_parameter__type_support.hpp
-- Installing: /home/inauenma/git/mecheye_ros2_interface/install/mecheye_ros_interface/include/mecheye_ros_interface/mecheye_ros_interface/srv/detail/get_float_parameter__builder.hpp
-- Installing: /home/inauenma/git/mecheye_ros2_interface/install/mecheye_ros_interface/include/mecheye_ros_interface/mecheye_ros_interface/srv/detail/capture_color_image__traits.hpp
-- Installing: /home/inauenma/git/mecheye_ros2_interface/install/mecheye_ros_interface/include/mecheye_ros_interface/mecheye_ros_interface/srv/detail/set_roi_parameter__struct.hpp
-- Installing: /home/inauenma/git/mecheye_ros2_interface/install/mecheye_ros_interface/include/mecheye_ros_interface/mecheye_ros_interface/srv/detail/get_bool_parameter__builder.hpp
-- Installing: /home/inauenma/git/mecheye_ros2_interface/install/mecheye_ros_interface/include/mecheye_ros_interface/mecheye_ros_interface/srv/detail/set_enum_parameter__struct.hpp
-- Installing: /home/inauenma/git/mecheye_ros2_interface/install/mecheye_ros_interface/include/mecheye_ros_interface/mecheye_ros_interface/srv/detail/set_bool_parameter__type_support.hpp
-- Installing: /home/inauenma/git/mecheye_ros2_interface/install/mecheye_ros_interface/include/mecheye_ros_interface/mecheye_ros_interface/srv/detail/capture_point_cloud__struct.hpp
-- Installing: /home/inauenma/git/mecheye_ros2_interface/install/mecheye_ros_interface/include/mecheye_ros_interface/mecheye_ros_interface/srv/detail/get_enum_parameter__type_support.hpp
-- Installing: /home/inauenma/git/mecheye_ros2_interface/install/mecheye_ros_interface/include/mecheye_ros_interface/mecheye_ros_interface/srv/detail/add_user_set__struct.hpp
-- Installing: /home/inauenma/git/mecheye_ros2_interface/install/mecheye_ros_interface/include/mecheye_ros_interface/mecheye_ros_interface/srv/detail/get_current_user_set__struct.hpp
-- Installing: /home/inauenma/git/mecheye_ros2_interface/install/mecheye_ros_interface/include/mecheye_ros_interface/mecheye_ros_interface/srv/detail/get_float_array_parameter__type_support.hpp
-- Installing: /home/inauenma/git/mecheye_ros2_interface/install/mecheye_ros_interface/include/mecheye_ros_interface/mecheye_ros_interface/srv/detail/add_user_set__builder.hpp
-- Installing: /home/inauenma/git/mecheye_ros2_interface/install/mecheye_ros_interface/include/mecheye_ros_interface/mecheye_ros_interface/srv/detail/set_float_parameter__type_support.hpp
-- Installing: /home/inauenma/git/mecheye_ros2_interface/install/mecheye_ros_interface/include/mecheye_ros_interface/mecheye_ros_interface/srv/detail/capture_point_cloud__type_support.hpp
-- Installing: /home/inauenma/git/mecheye_ros2_interface/install/mecheye_ros_interface/include/mecheye_ros_interface/mecheye_ros_interface/srv/detail/set_float_array_parameter__struct.hpp
-- Installing: /home/inauenma/git/mecheye_ros2_interface/install/mecheye_ros_interface/include/mecheye_ros_interface/mecheye_ros_interface/srv/detail/device_info__builder.hpp
-- Installing: /home/inauenma/git/mecheye_ros2_interface/install/mecheye_ros_interface/include/mecheye_ros_interface/mecheye_ros_interface/srv/detail/capture_stereo_color_images__traits.hpp
-- Installing: /home/inauenma/git/mecheye_ros2_interface/install/mecheye_ros_interface/include/mecheye_ros_interface/mecheye_ros_interface/srv/detail/capture_textured_point_cloud__builder.hpp
-- Installing: /home/inauenma/git/mecheye_ros2_interface/install/mecheye_ros_interface/include/mecheye_ros_interface/mecheye_ros_interface/srv/detail/set_bool_parameter__traits.hpp
-- Installing: /home/inauenma/git/mecheye_ros2_interface/install/mecheye_ros_interface/include/mecheye_ros_interface/mecheye_ros_interface/srv/detail/get_int_parameter__type_support.hpp
-- Installing: /home/inauenma/git/mecheye_ros2_interface/install/mecheye_ros_interface/include/mecheye_ros_interface/mecheye_ros_interface/srv/detail/capture_depth_map__traits.hpp
-- Installing: /home/inauenma/git/mecheye_ros2_interface/install/mecheye_ros_interface/include/mecheye_ros_interface/mecheye_ros_interface/srv/detail/set_enum_parameter__builder.hpp
-- Installing: /home/inauenma/git/mecheye_ros2_interface/install/mecheye_ros_interface/include/mecheye_ros_interface/mecheye_ros_interface/srv/detail/capture_stereo_color_images__builder.hpp
-- Installing: /home/inauenma/git/mecheye_ros2_interface/install/mecheye_ros_interface/include/mecheye_ros_interface/mecheye_ros_interface/srv/detail/set_current_user_set__struct.hpp
-- Installing: /home/inauenma/git/mecheye_ros2_interface/install/mecheye_ros_interface/include/mecheye_ros_interface/mecheye_ros_interface/srv/detail/device_info__type_support.hpp
-- Installing: /home/inauenma/git/mecheye_ros2_interface/install/mecheye_ros_interface/include/mecheye_ros_interface/mecheye_ros_interface/srv/detail/capture_point_cloud__traits.hpp
-- Installing: /home/inauenma/git/mecheye_ros2_interface/install/mecheye_ros_interface/include/mecheye_ros_interface/mecheye_ros_interface/srv/detail/get_all_user_sets__traits.hpp
-- Installing: /home/inauenma/git/mecheye_ros2_interface/install/mecheye_ros_interface/include/mecheye_ros_interface/mecheye_ros_interface/srv/detail/get_enum_parameter__builder.hpp
-- Installing: /home/inauenma/git/mecheye_ros2_interface/install/mecheye_ros_interface/include/mecheye_ros_interface/mecheye_ros_interface/srv/detail/set_bool_parameter__builder.hpp
-- Installing: /home/inauenma/git/mecheye_ros2_interface/install/mecheye_ros_interface/include/mecheye_ros_interface/mecheye_ros_interface/srv/detail/set_range_parameter__struct.hpp
-- Installing: /home/inauenma/git/mecheye_ros2_interface/install/mecheye_ros_interface/include/mecheye_ros_interface/mecheye_ros_interface/srv/detail/get_enum_parameter__struct.hpp
-- Installing: /home/inauenma/git/mecheye_ros2_interface/install/mecheye_ros_interface/include/mecheye_ros_interface/mecheye_ros_interface/srv/detail/get_all_user_sets__builder.hpp
-- Installing: /home/inauenma/git/mecheye_ros2_interface/install/mecheye_ros_interface/include/mecheye_ros_interface/mecheye_ros_interface/srv/detail/set_current_user_set__traits.hpp
-- Installing: /home/inauenma/git/mecheye_ros2_interface/install/mecheye_ros_interface/include/mecheye_ros_interface/mecheye_ros_interface/srv/detail/get_bool_parameter__type_support.hpp
-- Installing: /home/inauenma/git/mecheye_ros2_interface/install/mecheye_ros_interface/include/mecheye_ros_interface/mecheye_ros_interface/srv/detail/set_current_user_set__builder.hpp
-- Installing: /home/inauenma/git/mecheye_ros2_interface/install/mecheye_ros_interface/include/mecheye_ros_interface/mecheye_ros_interface/srv/detail/get_range_parameter__traits.hpp
-- Installing: /home/inauenma/git/mecheye_ros2_interface/install/mecheye_ros_interface/include/mecheye_ros_interface/mecheye_ros_interface/srv/detail/set_float_parameter__builder.hpp
-- Installing: /home/inauenma/git/mecheye_ros2_interface/install/mecheye_ros_interface/include/mecheye_ros_interface/mecheye_ros_interface/srv/detail/get_float_parameter__struct.hpp
-- Installing: /home/inauenma/git/mecheye_ros2_interface/install/mecheye_ros_interface/include/mecheye_ros_interface/mecheye_ros_interface/srv/detail/capture_color_image__builder.hpp
-- Installing: /home/inauenma/git/mecheye_ros2_interface/install/mecheye_ros_interface/include/mecheye_ros_interface/mecheye_ros_interface/srv/detail/get_bool_parameter__struct.hpp
-- Installing: /home/inauenma/git/mecheye_ros2_interface/install/mecheye_ros_interface/include/mecheye_ros_interface/mecheye_ros_interface/srv/detail/set_float_parameter__struct.hpp
-- Installing: /home/inauenma/git/mecheye_ros2_interface/install/mecheye_ros_interface/include/mecheye_ros_interface/mecheye_ros_interface/srv/detail/get_float_array_parameter__traits.hpp
-- Installing: /home/inauenma/git/mecheye_ros2_interface/install/mecheye_ros_interface/include/mecheye_ros_interface/mecheye_ros_interface/srv/detail/delete_user_set__struct.hpp
-- Installing: /home/inauenma/git/mecheye_ros2_interface/install/mecheye_ros_interface/include/mecheye_ros_interface/mecheye_ros_interface/srv/detail/set_enum_parameter__traits.hpp
-- Installing: /home/inauenma/git/mecheye_ros2_interface/install/mecheye_ros_interface/include/mecheye_ros_interface/mecheye_ros_interface/srv/detail/get_roi_parameter__struct.hpp
-- Installing: /home/inauenma/git/mecheye_ros2_interface/install/mecheye_ros_interface/include/mecheye_ros_interface/mecheye_ros_interface/srv/detail/get_all_user_sets__type_support.hpp
-- Installing: /home/inauenma/git/mecheye_ros2_interface/install/mecheye_ros_interface/include/mecheye_ros_interface/mecheye_ros_interface/srv/detail/add_user_set__type_support.hpp
-- Installing: /home/inauenma/git/mecheye_ros2_interface/install/mecheye_ros_interface/include/mecheye_ros_interface/mecheye_ros_interface/srv/detail/get_roi_parameter__traits.hpp
-- Installing: /home/inauenma/git/mecheye_ros2_interface/install/mecheye_ros_interface/include/mecheye_ros_interface/mecheye_ros_interface/srv/detail/get_roi_parameter__builder.hpp
-- Installing: /home/inauenma/git/mecheye_ros2_interface/install/mecheye_ros_interface/include/mecheye_ros_interface/mecheye_ros_interface/srv/detail/capture_color_image__struct.hpp
-- Installing: /home/inauenma/git/mecheye_ros2_interface/install/mecheye_ros_interface/include/mecheye_ros_interface/mecheye_ros_interface/srv/detail/capture_textured_point_cloud__type_support.hpp
-- Installing: /home/inauenma/git/mecheye_ros2_interface/install/mecheye_ros_interface/include/mecheye_ros_interface/mecheye_ros_interface/srv/detail/capture_textured_point_cloud__struct.hpp
-- Installing: /home/inauenma/git/mecheye_ros2_interface/install/mecheye_ros_interface/include/mecheye_ros_interface/mecheye_ros_interface/srv/detail/device_info__traits.hpp
-- Installing: /home/inauenma/git/mecheye_ros2_interface/install/mecheye_ros_interface/include/mecheye_ros_interface/mecheye_ros_interface/srv/detail/get_range_parameter__type_support.hpp
-- Installing: /home/inauenma/git/mecheye_ros2_interface/install/mecheye_ros_interface/include/mecheye_ros_interface/mecheye_ros_interface/srv/detail/get_int_parameter__builder.hpp
-- Installing: /home/inauenma/git/mecheye_ros2_interface/install/mecheye_ros_interface/include/mecheye_ros_interface/mecheye_ros_interface/srv/detail/get_enum_parameter__traits.hpp
-- Installing: /home/inauenma/git/mecheye_ros2_interface/install/mecheye_ros_interface/include/mecheye_ros_interface/mecheye_ros_interface/srv/detail/get_current_user_set__builder.hpp
-- Installing: /home/inauenma/git/mecheye_ros2_interface/install/mecheye_ros_interface/include/mecheye_ros_interface/mecheye_ros_interface/srv/detail/capture_depth_map__struct.hpp
-- Installing: /home/inauenma/git/mecheye_ros2_interface/install/mecheye_ros_interface/include/mecheye_ros_interface/mecheye_ros_interface/srv/detail/add_user_set__traits.hpp
-- Installing: /home/inauenma/git/mecheye_ros2_interface/install/mecheye_ros_interface/include/mecheye_ros_interface/mecheye_ros_interface/srv/detail/save_all_settings_to_user_sets__struct.hpp
-- Installing: /home/inauenma/git/mecheye_ros2_interface/install/mecheye_ros_interface/include/mecheye_ros_interface/mecheye_ros_interface/srv/detail/set_int_parameter__struct.hpp
-- Installing: /home/inauenma/git/mecheye_ros2_interface/install/mecheye_ros_interface/include/mecheye_ros_interface/mecheye_ros_interface/srv/detail/get_float_parameter__type_support.hpp
-- Installing: /home/inauenma/git/mecheye_ros2_interface/install/mecheye_ros_interface/include/mecheye_ros_interface/mecheye_ros_interface/srv/detail/save_all_settings_to_user_sets__traits.hpp
-- Installing: /home/inauenma/git/mecheye_ros2_interface/install/mecheye_ros_interface/include/mecheye_ros_interface/mecheye_ros_interface/srv/detail/get_range_parameter__builder.hpp
-- Installing: /home/inauenma/git/mecheye_ros2_interface/install/mecheye_ros_interface/include/mecheye_ros_interface/mecheye_ros_interface/srv/detail/delete_user_set__traits.hpp
-- Installing: /home/inauenma/git/mecheye_ros2_interface/install/mecheye_ros_interface/include/mecheye_ros_interface/mecheye_ros_interface/srv/detail/get_int_parameter__struct.hpp
-- Installing: /home/inauenma/git/mecheye_ros2_interface/install/mecheye_ros_interface/include/mecheye_ros_interface/mecheye_ros_interface/srv/detail/set_float_array_parameter__traits.hpp
-- Installing: /home/inauenma/git/mecheye_ros2_interface/install/mecheye_ros_interface/include/mecheye_ros_interface/mecheye_ros_interface/srv/detail/set_bool_parameter__struct.hpp
-- Installing: /home/inauenma/git/mecheye_ros2_interface/install/mecheye_ros_interface/include/mecheye_ros_interface/mecheye_ros_interface/srv/detail/device_info__struct.hpp
-- Installing: /home/inauenma/git/mecheye_ros2_interface/install/mecheye_ros_interface/include/mecheye_ros_interface/mecheye_ros_interface/srv/detail/set_range_parameter__builder.hpp
-- Installing: /home/inauenma/git/mecheye_ros2_interface/install/mecheye_ros_interface/include/mecheye_ros_interface/mecheye_ros_interface/srv/detail/get_range_parameter__struct.hpp
-- Installing: /home/inauenma/git/mecheye_ros2_interface/install/mecheye_ros_interface/include/mecheye_ros_interface/mecheye_ros_interface/srv/detail/set_range_parameter__type_support.hpp
-- Installing: /home/inauenma/git/mecheye_ros2_interface/install/mecheye_ros_interface/include/mecheye_ros_interface/mecheye_ros_interface/srv/detail/get_current_user_set__type_support.hpp
-- Installing: /home/inauenma/git/mecheye_ros2_interface/install/mecheye_ros_interface/include/mecheye_ros_interface/mecheye_ros_interface/srv/detail/get_bool_parameter__traits.hpp
-- Installing: /home/inauenma/git/mecheye_ros2_interface/install/mecheye_ros_interface/include/mecheye_ros_interface/mecheye_ros_interface/srv/detail/set_enum_parameter__type_support.hpp
-- Installing: /home/inauenma/git/mecheye_ros2_interface/install/mecheye_ros_interface/include/mecheye_ros_interface/mecheye_ros_interface/srv/detail/set_int_parameter__builder.hpp
-- Installing: /home/inauenma/git/mecheye_ros2_interface/install/mecheye_ros_interface/include/mecheye_ros_interface/mecheye_ros_interface/srv/detail/get_int_parameter__traits.hpp
-- Installing: /home/inauenma/git/mecheye_ros2_interface/install/mecheye_ros_interface/include/mecheye_ros_interface/mecheye_ros_interface/srv/detail/capture_depth_map__type_support.hpp
-- Installing: /home/inauenma/git/mecheye_ros2_interface/install/mecheye_ros_interface/include/mecheye_ros_interface/mecheye_ros_interface/srv/detail/set_roi_parameter__traits.hpp
-- Installing: /home/inauenma/git/mecheye_ros2_interface/install/mecheye_ros_interface/include/mecheye_ros_interface/mecheye_ros_interface/srv/detail/set_current_user_set__type_support.hpp
-- Installing: /home/inauenma/git/mecheye_ros2_interface/install/mecheye_ros_interface/include/mecheye_ros_interface/mecheye_ros_interface/srv/detail/get_float_array_parameter__struct.hpp
-- Installing: /home/inauenma/git/mecheye_ros2_interface/install/mecheye_ros_interface/include/mecheye_ros_interface/mecheye_ros_interface/srv/detail/set_float_parameter__traits.hpp
-- Installing: /home/inauenma/git/mecheye_ros2_interface/install/mecheye_ros_interface/include/mecheye_ros_interface/mecheye_ros_interface/srv/detail/set_roi_parameter__type_support.hpp
-- Installing: /home/inauenma/git/mecheye_ros2_interface/install/mecheye_ros_interface/include/mecheye_ros_interface/mecheye_ros_interface/srv/detail/capture_textured_point_cloud__traits.hpp
-- Installing: /home/inauenma/git/mecheye_ros2_interface/install/mecheye_ros_interface/include/mecheye_ros_interface/mecheye_ros_interface/srv/detail/set_int_parameter__type_support.hpp
-- Installing: /home/inauenma/git/mecheye_ros2_interface/install/mecheye_ros_interface/include/mecheye_ros_interface/mecheye_ros_interface/srv/detail/get_current_user_set__traits.hpp
-- Installing: /home/inauenma/git/mecheye_ros2_interface/install/mecheye_ros_interface/include/mecheye_ros_interface/mecheye_ros_interface/srv/detail/capture_stereo_color_images__type_support.hpp
-- Installing: /home/inauenma/git/mecheye_ros2_interface/install/mecheye_ros_interface/include/mecheye_ros_interface/mecheye_ros_interface/srv/detail/save_all_settings_to_user_sets__builder.hpp
-- Installing: /home/inauenma/git/mecheye_ros2_interface/install/mecheye_ros_interface/include/mecheye_ros_interface/mecheye_ros_interface/srv/detail/capture_point_cloud__builder.hpp
-- Installing: /home/inauenma/git/mecheye_ros2_interface/install/mecheye_ros_interface/include/mecheye_ros_interface/mecheye_ros_interface/srv/detail/get_float_array_parameter__builder.hpp
-- Installing: /home/inauenma/git/mecheye_ros2_interface/install/mecheye_ros_interface/include/mecheye_ros_interface/mecheye_ros_interface/srv/detail/delete_user_set__builder.hpp
-- Installing: /home/inauenma/git/mecheye_ros2_interface/install/mecheye_ros_interface/include/mecheye_ros_interface/mecheye_ros_interface/srv/get_bool_parameter.hpp
-- Installing: /home/inauenma/git/mecheye_ros2_interface/install/mecheye_ros_interface/include/mecheye_ros_interface/mecheye_ros_interface/srv/get_range_parameter.hpp
-- Installing: /home/inauenma/git/mecheye_ros2_interface/install/mecheye_ros_interface/include/mecheye_ros_interface/mecheye_ros_interface/srv/capture_stereo_color_images.hpp
-- Up-to-date: /home/inauenma/git/mecheye_ros2_interface/install/mecheye_ros_interface/include/mecheye_ros_interface/mecheye_ros_interface/msg
-- Installing: /home/inauenma/git/mecheye_ros2_interface/install/mecheye_ros_interface/include/mecheye_ros_interface/mecheye_ros_interface/msg/rosidl_generator_cpp__visibility_control.hpp
-- Up-to-date: /home/inauenma/git/mecheye_ros2_interface/install/mecheye_ros_interface/include/mecheye_ros_interface/mecheye_ros_interface
-- Up-to-date: /home/inauenma/git/mecheye_ros2_interface/install/mecheye_ros_interface/include/mecheye_ros_interface/mecheye_ros_interface/srv
-- Up-to-date: /home/inauenma/git/mecheye_ros2_interface/install/mecheye_ros_interface/include/mecheye_ros_interface/mecheye_ros_interface/srv/detail
-- Installing: /home/inauenma/git/mecheye_ros2_interface/install/mecheye_ros_interface/include/mecheye_ros_interface/mecheye_ros_interface/srv/detail/set_float_array_parameter__rosidl_typesupport_fastrtps_cpp.hpp
-- Installing: /home/inauenma/git/mecheye_ros2_interface/install/mecheye_ros_interface/include/mecheye_ros_interface/mecheye_ros_interface/srv/detail/set_range_parameter__rosidl_typesupport_fastrtps_cpp.hpp
-- Installing: /home/inauenma/git/mecheye_ros2_interface/install/mecheye_ros_interface/include/mecheye_ros_interface/mecheye_ros_interface/srv/detail/set_enum_parameter__rosidl_typesupport_fastrtps_cpp.hpp
-- Installing: /home/inauenma/git/mecheye_ros2_interface/install/mecheye_ros_interface/include/mecheye_ros_interface/mecheye_ros_interface/srv/detail/capture_point_cloud__rosidl_typesupport_fastrtps_cpp.hpp
-- Installing: /home/inauenma/git/mecheye_ros2_interface/install/mecheye_ros_interface/include/mecheye_ros_interface/mecheye_ros_interface/srv/detail/capture_color_image__rosidl_typesupport_fastrtps_cpp.hpp
-- Installing: /home/inauenma/git/mecheye_ros2_interface/install/mecheye_ros_interface/include/mecheye_ros_interface/mecheye_ros_interface/srv/detail/set_roi_parameter__rosidl_typesupport_fastrtps_cpp.hpp
-- Installing: /home/inauenma/git/mecheye_ros2_interface/install/mecheye_ros_interface/include/mecheye_ros_interface/mecheye_ros_interface/srv/detail/delete_user_set__rosidl_typesupport_fastrtps_cpp.hpp
-- Installing: /home/inauenma/git/mecheye_ros2_interface/install/mecheye_ros_interface/include/mecheye_ros_interface/mecheye_ros_interface/srv/detail/capture_textured_point_cloud__rosidl_typesupport_fastrtps_cpp.hpp
-- Installing: /home/inauenma/git/mecheye_ros2_interface/install/mecheye_ros_interface/include/mecheye_ros_interface/mecheye_ros_interface/srv/detail/get_roi_parameter__rosidl_typesupport_fastrtps_cpp.hpp
-- Installing: /home/inauenma/git/mecheye_ros2_interface/install/mecheye_ros_interface/include/mecheye_ros_interface/mecheye_ros_interface/srv/detail/get_current_user_set__rosidl_typesupport_fastrtps_cpp.hpp
-- Installing: /home/inauenma/git/mecheye_ros2_interface/install/mecheye_ros_interface/include/mecheye_ros_interface/mecheye_ros_interface/srv/detail/get_bool_parameter__rosidl_typesupport_fastrtps_cpp.hpp
-- Installing: /home/inauenma/git/mecheye_ros2_interface/install/mecheye_ros_interface/include/mecheye_ros_interface/mecheye_ros_interface/srv/detail/get_all_user_sets__rosidl_typesupport_fastrtps_cpp.hpp
-- Installing: /home/inauenma/git/mecheye_ros2_interface/install/mecheye_ros_interface/include/mecheye_ros_interface/mecheye_ros_interface/srv/detail/get_float_parameter__rosidl_typesupport_fastrtps_cpp.hpp
-- Installing: /home/inauenma/git/mecheye_ros2_interface/install/mecheye_ros_interface/include/mecheye_ros_interface/mecheye_ros_interface/srv/detail/get_enum_parameter__rosidl_typesupport_fastrtps_cpp.hpp
-- Installing: /home/inauenma/git/mecheye_ros2_interface/install/mecheye_ros_interface/include/mecheye_ros_interface/mecheye_ros_interface/srv/detail/capture_depth_map__rosidl_typesupport_fastrtps_cpp.hpp
-- Installing: /home/inauenma/git/mecheye_ros2_interface/install/mecheye_ros_interface/include/mecheye_ros_interface/mecheye_ros_interface/srv/detail/set_float_parameter__rosidl_typesupport_fastrtps_cpp.hpp
-- Installing: /home/inauenma/git/mecheye_ros2_interface/install/mecheye_ros_interface/include/mecheye_ros_interface/mecheye_ros_interface/srv/detail/save_all_settings_to_user_sets__rosidl_typesupport_fastrtps_cpp.hpp
-- Installing: /home/inauenma/git/mecheye_ros2_interface/install/mecheye_ros_interface/include/mecheye_ros_interface/mecheye_ros_interface/srv/detail/get_float_array_parameter__rosidl_typesupport_fastrtps_cpp.hpp
-- Installing: /home/inauenma/git/mecheye_ros2_interface/install/mecheye_ros_interface/include/mecheye_ros_interface/mecheye_ros_interface/srv/detail/device_info__rosidl_typesupport_fastrtps_cpp.hpp
-- Installing: /home/inauenma/git/mecheye_ros2_interface/install/mecheye_ros_interface/include/mecheye_ros_interface/mecheye_ros_interface/srv/detail/add_user_set__rosidl_typesupport_fastrtps_cpp.hpp
-- Installing: /home/inauenma/git/mecheye_ros2_interface/install/mecheye_ros_interface/include/mecheye_ros_interface/mecheye_ros_interface/srv/detail/get_range_parameter__rosidl_typesupport_fastrtps_cpp.hpp
-- Installing: /home/inauenma/git/mecheye_ros2_interface/install/mecheye_ros_interface/include/mecheye_ros_interface/mecheye_ros_interface/srv/detail/get_int_parameter__rosidl_typesupport_fastrtps_cpp.hpp
-- Installing: /home/inauenma/git/mecheye_ros2_interface/install/mecheye_ros_interface/include/mecheye_ros_interface/mecheye_ros_interface/srv/detail/capture_stereo_color_images__rosidl_typesupport_fastrtps_cpp.hpp
-- Installing: /home/inauenma/git/mecheye_ros2_interface/install/mecheye_ros_interface/include/mecheye_ros_interface/mecheye_ros_interface/srv/detail/set_current_user_set__rosidl_typesupport_fastrtps_cpp.hpp
-- Installing: /home/inauenma/git/mecheye_ros2_interface/install/mecheye_ros_interface/include/mecheye_ros_interface/mecheye_ros_interface/srv/detail/set_bool_parameter__rosidl_typesupport_fastrtps_cpp.hpp
-- Installing: /home/inauenma/git/mecheye_ros2_interface/install/mecheye_ros_interface/include/mecheye_ros_interface/mecheye_ros_interface/srv/detail/set_int_parameter__rosidl_typesupport_fastrtps_cpp.hpp
-- Installing: /home/inauenma/git/mecheye_ros2_interface/install/mecheye_ros_interface/include/mecheye_ros_interface/mecheye_ros_interface/srv/detail/dds_fastrtps
-- Up-to-date: /home/inauenma/git/mecheye_ros2_interface/install/mecheye_ros_interface/include/mecheye_ros_interface/mecheye_ros_interface/msg
-- Installing: /home/inauenma/git/mecheye_ros2_interface/install/mecheye_ros_interface/include/mecheye_ros_interface/mecheye_ros_interface/msg/rosidl_typesupport_fastrtps_cpp__visibility_control.h
-- Installing: /home/inauenma/git/mecheye_ros2_interface/install/mecheye_ros_interface/lib/libmecheye_ros_interface__rosidl_typesupport_fastrtps_cpp.so
-- Set non-toolchain portion of runtime path of "/home/inauenma/git/mecheye_ros2_interface/install/mecheye_ros_interface/lib/libmecheye_ros_interface__rosidl_typesupport_fastrtps_cpp.so" to ""
-- Up-to-date: /home/inauenma/git/mecheye_ros2_interface/install/mecheye_ros_interface/include/mecheye_ros_interface/mecheye_ros_interface
-- Up-to-date: /home/inauenma/git/mecheye_ros2_interface/install/mecheye_ros_interface/include/mecheye_ros_interface/mecheye_ros_interface/srv
-- Up-to-date: /home/inauenma/git/mecheye_ros2_interface/install/mecheye_ros_interface/include/mecheye_ros_interface/mecheye_ros_interface/srv/detail
-- Installing: /home/inauenma/git/mecheye_ros2_interface/install/mecheye_ros_interface/include/mecheye_ros_interface/mecheye_ros_interface/srv/detail/set_float_parameter__rosidl_typesupport_introspection_c.h
-- Installing: /home/inauenma/git/mecheye_ros2_interface/install/mecheye_ros_interface/include/mecheye_ros_interface/mecheye_ros_interface/srv/detail/capture_depth_map__type_support.c
-- Installing: /home/inauenma/git/mecheye_ros2_interface/install/mecheye_ros_interface/include/mecheye_ros_interface/mecheye_ros_interface/srv/detail/capture_stereo_color_images__rosidl_typesupport_introspection_c.h
-- Installing: /home/inauenma/git/mecheye_ros2_interface/install/mecheye_ros_interface/include/mecheye_ros_interface/mecheye_ros_interface/srv/detail/set_range_parameter__type_support.c
-- Installing: /home/inauenma/git/mecheye_ros2_interface/install/mecheye_ros_interface/include/mecheye_ros_interface/mecheye_ros_interface/srv/detail/device_info__rosidl_typesupport_introspection_c.h
-- Installing: /home/inauenma/git/mecheye_ros2_interface/install/mecheye_ros_interface/include/mecheye_ros_interface/mecheye_ros_interface/srv/detail/get_int_parameter__type_support.c
-- Installing: /home/inauenma/git/mecheye_ros2_interface/install/mecheye_ros_interface/include/mecheye_ros_interface/mecheye_ros_interface/srv/detail/set_enum_parameter__type_support.c
-- Installing: /home/inauenma/git/mecheye_ros2_interface/install/mecheye_ros_interface/include/mecheye_ros_interface/mecheye_ros_interface/srv/detail/get_enum_parameter__type_support.c
-- Installing: /home/inauenma/git/mecheye_ros2_interface/install/mecheye_ros_interface/include/mecheye_ros_interface/mecheye_ros_interface/srv/detail/get_current_user_set__type_support.c
-- Installing: /home/inauenma/git/mecheye_ros2_interface/install/mecheye_ros_interface/include/mecheye_ros_interface/mecheye_ros_interface/srv/detail/delete_user_set__rosidl_typesupport_introspection_c.h
-- Installing: /home/inauenma/git/mecheye_ros2_interface/install/mecheye_ros_interface/include/mecheye_ros_interface/mecheye_ros_interface/srv/detail/capture_textured_point_cloud__type_support.c
-- Installing: /home/inauenma/git/mecheye_ros2_interface/install/mecheye_ros_interface/include/mecheye_ros_interface/mecheye_ros_interface/srv/detail/device_info__type_support.c
-- Installing: /home/inauenma/git/mecheye_ros2_interface/install/mecheye_ros_interface/include/mecheye_ros_interface/mecheye_ros_interface/srv/detail/get_float_parameter__rosidl_typesupport_introspection_c.h
-- Installing: /home/inauenma/git/mecheye_ros2_interface/install/mecheye_ros_interface/include/mecheye_ros_interface/mecheye_ros_interface/srv/detail/get_int_parameter__rosidl_typesupport_introspection_c.h
-- Installing: /home/inauenma/git/mecheye_ros2_interface/install/mecheye_ros_interface/include/mecheye_ros_interface/mecheye_ros_interface/srv/detail/get_range_parameter__rosidl_typesupport_introspection_c.h
-- Installing: /home/inauenma/git/mecheye_ros2_interface/install/mecheye_ros_interface/include/mecheye_ros_interface/mecheye_ros_interface/srv/detail/get_all_user_sets__type_support.c
-- Installing: /home/inauenma/git/mecheye_ros2_interface/install/mecheye_ros_interface/include/mecheye_ros_interface/mecheye_ros_interface/srv/detail/add_user_set__type_support.c
-- Installing: /home/inauenma/git/mecheye_ros2_interface/install/mecheye_ros_interface/include/mecheye_ros_interface/mecheye_ros_interface/srv/detail/capture_depth_map__rosidl_typesupport_introspection_c.h
-- Installing: /home/inauenma/git/mecheye_ros2_interface/install/mecheye_ros_interface/include/mecheye_ros_interface/mecheye_ros_interface/srv/detail/set_enum_parameter__rosidl_typesupport_introspection_c.h
-- Installing: /home/inauenma/git/mecheye_ros2_interface/install/mecheye_ros_interface/include/mecheye_ros_interface/mecheye_ros_interface/srv/detail/capture_color_image__type_support.c
-- Installing: /home/inauenma/git/mecheye_ros2_interface/install/mecheye_ros_interface/include/mecheye_ros_interface/mecheye_ros_interface/srv/detail/set_bool_parameter__rosidl_typesupport_introspection_c.h
-- Installing: /home/inauenma/git/mecheye_ros2_interface/install/mecheye_ros_interface/include/mecheye_ros_interface/mecheye_ros_interface/srv/detail/set_float_array_parameter__rosidl_typesupport_introspection_c.h
-- Installing: /home/inauenma/git/mecheye_ros2_interface/install/mecheye_ros_interface/include/mecheye_ros_interface/mecheye_ros_interface/srv/detail/set_int_parameter__type_support.c
-- Installing: /home/inauenma/git/mecheye_ros2_interface/install/mecheye_ros_interface/include/mecheye_ros_interface/mecheye_ros_interface/srv/detail/get_all_user_sets__rosidl_typesupport_introspection_c.h
-- Installing: /home/inauenma/git/mecheye_ros2_interface/install/mecheye_ros_interface/include/mecheye_ros_interface/mecheye_ros_interface/srv/detail/get_bool_parameter__type_support.c
-- Installing: /home/inauenma/git/mecheye_ros2_interface/install/mecheye_ros_interface/include/mecheye_ros_interface/mecheye_ros_interface/srv/detail/capture_textured_point_cloud__rosidl_typesupport_introspection_c.h
-- Installing: /home/inauenma/git/mecheye_ros2_interface/install/mecheye_ros_interface/include/mecheye_ros_interface/mecheye_ros_interface/srv/detail/get_float_array_parameter__type_support.c
-- Installing: /home/inauenma/git/mecheye_ros2_interface/install/mecheye_ros_interface/include/mecheye_ros_interface/mecheye_ros_interface/srv/detail/get_bool_parameter__rosidl_typesupport_introspection_c.h
-- Installing: /home/inauenma/git/mecheye_ros2_interface/install/mecheye_ros_interface/include/mecheye_ros_interface/mecheye_ros_interface/srv/detail/get_float_array_parameter__rosidl_typesupport_introspection_c.h
-- Installing: /home/inauenma/git/mecheye_ros2_interface/install/mecheye_ros_interface/include/mecheye_ros_interface/mecheye_ros_interface/srv/detail/get_roi_parameter__type_support.c
-- Installing: /home/inauenma/git/mecheye_ros2_interface/install/mecheye_ros_interface/include/mecheye_ros_interface/mecheye_ros_interface/srv/detail/capture_color_image__rosidl_typesupport_introspection_c.h
-- Installing: /home/inauenma/git/mecheye_ros2_interface/install/mecheye_ros_interface/include/mecheye_ros_interface/mecheye_ros_interface/srv/detail/set_bool_parameter__type_support.c
-- Installing: /home/inauenma/git/mecheye_ros2_interface/install/mecheye_ros_interface/include/mecheye_ros_interface/mecheye_ros_interface/srv/detail/save_all_settings_to_user_sets__type_support.c
-- Installing: /home/inauenma/git/mecheye_ros2_interface/install/mecheye_ros_interface/include/mecheye_ros_interface/mecheye_ros_interface/srv/detail/set_range_parameter__rosidl_typesupport_introspection_c.h
-- Installing: /home/inauenma/git/mecheye_ros2_interface/install/mecheye_ros_interface/include/mecheye_ros_interface/mecheye_ros_interface/srv/detail/get_enum_parameter__rosidl_typesupport_introspection_c.h
-- Installing: /home/inauenma/git/mecheye_ros2_interface/install/mecheye_ros_interface/include/mecheye_ros_interface/mecheye_ros_interface/srv/detail/set_int_parameter__rosidl_typesupport_introspection_c.h
-- Installing: /home/inauenma/git/mecheye_ros2_interface/install/mecheye_ros_interface/include/mecheye_ros_interface/mecheye_ros_interface/srv/detail/capture_point_cloud__type_support.c
-- Installing: /home/inauenma/git/mecheye_ros2_interface/install/mecheye_ros_interface/include/mecheye_ros_interface/mecheye_ros_interface/srv/detail/save_all_settings_to_user_sets__rosidl_typesupport_introspection_c.h
-- Installing: /home/inauenma/git/mecheye_ros2_interface/install/mecheye_ros_interface/include/mecheye_ros_interface/mecheye_ros_interface/srv/detail/capture_point_cloud__rosidl_typesupport_introspection_c.h
-- Installing: /home/inauenma/git/mecheye_ros2_interface/install/mecheye_ros_interface/include/mecheye_ros_interface/mecheye_ros_interface/srv/detail/set_roi_parameter__type_support.c
-- Installing: /home/inauenma/git/mecheye_ros2_interface/install/mecheye_ros_interface/include/mecheye_ros_interface/mecheye_ros_interface/srv/detail/get_roi_parameter__rosidl_typesupport_introspection_c.h
-- Installing: /home/inauenma/git/mecheye_ros2_interface/install/mecheye_ros_interface/include/mecheye_ros_interface/mecheye_ros_interface/srv/detail/set_roi_parameter__rosidl_typesupport_introspection_c.h
-- Installing: /home/inauenma/git/mecheye_ros2_interface/install/mecheye_ros_interface/include/mecheye_ros_interface/mecheye_ros_interface/srv/detail/set_current_user_set__type_support.c
-- Installing: /home/inauenma/git/mecheye_ros2_interface/install/mecheye_ros_interface/include/mecheye_ros_interface/mecheye_ros_interface/srv/detail/set_current_user_set__rosidl_typesupport_introspection_c.h
-- Installing: /home/inauenma/git/mecheye_ros2_interface/install/mecheye_ros_interface/include/mecheye_ros_interface/mecheye_ros_interface/srv/detail/get_current_user_set__rosidl_typesupport_introspection_c.h
-- Installing: /home/inauenma/git/mecheye_ros2_interface/install/mecheye_ros_interface/include/mecheye_ros_interface/mecheye_ros_interface/srv/detail/get_range_parameter__type_support.c
-- Installing: /home/inauenma/git/mecheye_ros2_interface/install/mecheye_ros_interface/include/mecheye_ros_interface/mecheye_ros_interface/srv/detail/get_float_parameter__type_support.c
-- Installing: /home/inauenma/git/mecheye_ros2_interface/install/mecheye_ros_interface/include/mecheye_ros_interface/mecheye_ros_interface/srv/detail/capture_stereo_color_images__type_support.c
-- Installing: /home/inauenma/git/mecheye_ros2_interface/install/mecheye_ros_interface/include/mecheye_ros_interface/mecheye_ros_interface/srv/detail/set_float_array_parameter__type_support.c
-- Installing: /home/inauenma/git/mecheye_ros2_interface/install/mecheye_ros_interface/include/mecheye_ros_interface/mecheye_ros_interface/srv/detail/delete_user_set__type_support.c
-- Installing: /home/inauenma/git/mecheye_ros2_interface/install/mecheye_ros_interface/include/mecheye_ros_interface/mecheye_ros_interface/srv/detail/add_user_set__rosidl_typesupport_introspection_c.h
-- Installing: /home/inauenma/git/mecheye_ros2_interface/install/mecheye_ros_interface/include/mecheye_ros_interface/mecheye_ros_interface/srv/detail/set_float_parameter__type_support.c
-- Up-to-date: /home/inauenma/git/mecheye_ros2_interface/install/mecheye_ros_interface/include/mecheye_ros_interface/mecheye_ros_interface/msg
-- Installing: /home/inauenma/git/mecheye_ros2_interface/install/mecheye_ros_interface/include/mecheye_ros_interface/mecheye_ros_interface/msg/rosidl_typesupport_introspection_c__visibility_control.h
-- Installing: /home/inauenma/git/mecheye_ros2_interface/install/mecheye_ros_interface/lib/libmecheye_ros_interface__rosidl_typesupport_introspection_c.so
-- Set non-toolchain portion of runtime path of "/home/inauenma/git/mecheye_ros2_interface/install/mecheye_ros_interface/lib/libmecheye_ros_interface__rosidl_typesupport_introspection_c.so" to ""
-- Installing: /home/inauenma/git/mecheye_ros2_interface/install/mecheye_ros_interface/lib/libmecheye_ros_interface__rosidl_typesupport_c.so
-- Set non-toolchain portion of runtime path of "/home/inauenma/git/mecheye_ros2_interface/install/mecheye_ros_interface/lib/libmecheye_ros_interface__rosidl_typesupport_c.so" to ""
-- Up-to-date: /home/inauenma/git/mecheye_ros2_interface/install/mecheye_ros_interface/include/mecheye_ros_interface/mecheye_ros_interface
-- Up-to-date: /home/inauenma/git/mecheye_ros2_interface/install/mecheye_ros_interface/include/mecheye_ros_interface/mecheye_ros_interface/srv
-- Up-to-date: /home/inauenma/git/mecheye_ros2_interface/install/mecheye_ros_interface/include/mecheye_ros_interface/mecheye_ros_interface/srv/detail
-- Installing: /home/inauenma/git/mecheye_ros2_interface/install/mecheye_ros_interface/include/mecheye_ros_interface/mecheye_ros_interface/srv/detail/get_all_user_sets__type_support.cpp
-- Installing: /home/inauenma/git/mecheye_ros2_interface/install/mecheye_ros_interface/include/mecheye_ros_interface/mecheye_ros_interface/srv/detail/delete_user_set__type_support.cpp
-- Installing: /home/inauenma/git/mecheye_ros2_interface/install/mecheye_ros_interface/include/mecheye_ros_interface/mecheye_ros_interface/srv/detail/capture_depth_map__type_support.cpp
-- Installing: /home/inauenma/git/mecheye_ros2_interface/install/mecheye_ros_interface/include/mecheye_ros_interface/mecheye_ros_interface/srv/detail/device_info__rosidl_typesupport_introspection_cpp.hpp
-- Installing: /home/inauenma/git/mecheye_ros2_interface/install/mecheye_ros_interface/include/mecheye_ros_interface/mecheye_ros_interface/srv/detail/get_bool_parameter__type_support.cpp
-- Installing: /home/inauenma/git/mecheye_ros2_interface/install/mecheye_ros_interface/include/mecheye_ros_interface/mecheye_ros_interface/srv/detail/set_range_parameter__rosidl_typesupport_introspection_cpp.hpp
-- Installing: /home/inauenma/git/mecheye_ros2_interface/install/mecheye_ros_interface/include/mecheye_ros_interface/mecheye_ros_interface/srv/detail/get_float_parameter__rosidl_typesupport_introspection_cpp.hpp
-- Installing: /home/inauenma/git/mecheye_ros2_interface/install/mecheye_ros_interface/include/mecheye_ros_interface/mecheye_ros_interface/srv/detail/get_current_user_set__type_support.cpp
-- Installing: /home/inauenma/git/mecheye_ros2_interface/install/mecheye_ros_interface/include/mecheye_ros_interface/mecheye_ros_interface/srv/detail/get_roi_parameter__type_support.cpp
-- Installing: /home/inauenma/git/mecheye_ros2_interface/install/mecheye_ros_interface/include/mecheye_ros_interface/mecheye_ros_interface/srv/detail/capture_point_cloud__rosidl_typesupport_introspection_cpp.hpp
-- Installing: /home/inauenma/git/mecheye_ros2_interface/install/mecheye_ros_interface/include/mecheye_ros_interface/mecheye_ros_interface/srv/detail/get_range_parameter__rosidl_typesupport_introspection_cpp.hpp
-- Installing: /home/inauenma/git/mecheye_ros2_interface/install/mecheye_ros_interface/include/mecheye_ros_interface/mecheye_ros_interface/srv/detail/set_float_array_parameter__type_support.cpp
-- Installing: /home/inauenma/git/mecheye_ros2_interface/install/mecheye_ros_interface/include/mecheye_ros_interface/mecheye_ros_interface/srv/detail/save_all_settings_to_user_sets__type_support.cpp
-- Installing: /home/inauenma/git/mecheye_ros2_interface/install/mecheye_ros_interface/include/mecheye_ros_interface/mecheye_ros_interface/srv/detail/add_user_set__rosidl_typesupport_introspection_cpp.hpp
-- Installing: /home/inauenma/git/mecheye_ros2_interface/install/mecheye_ros_interface/include/mecheye_ros_interface/mecheye_ros_interface/srv/detail/get_int_parameter__type_support.cpp
-- Installing: /home/inauenma/git/mecheye_ros2_interface/install/mecheye_ros_interface/include/mecheye_ros_interface/mecheye_ros_interface/srv/detail/set_current_user_set__type_support.cpp
-- Installing: /home/inauenma/git/mecheye_ros2_interface/install/mecheye_ros_interface/include/mecheye_ros_interface/mecheye_ros_interface/srv/detail/set_float_parameter__rosidl_typesupport_introspection_cpp.hpp
-- Installing: /home/inauenma/git/mecheye_ros2_interface/install/mecheye_ros_interface/include/mecheye_ros_interface/mecheye_ros_interface/srv/detail/set_int_parameter__rosidl_typesupport_introspection_cpp.hpp
-- Installing: /home/inauenma/git/mecheye_ros2_interface/install/mecheye_ros_interface/include/mecheye_ros_interface/mecheye_ros_interface/srv/detail/get_float_parameter__type_support.cpp
-- Installing: /home/inauenma/git/mecheye_ros2_interface/install/mecheye_ros_interface/include/mecheye_ros_interface/mecheye_ros_interface/srv/detail/capture_textured_point_cloud__type_support.cpp
-- Installing: /home/inauenma/git/mecheye_ros2_interface/install/mecheye_ros_interface/include/mecheye_ros_interface/mecheye_ros_interface/srv/detail/add_user_set__type_support.cpp
-- Installing: /home/inauenma/git/mecheye_ros2_interface/install/mecheye_ros_interface/include/mecheye_ros_interface/mecheye_ros_interface/srv/detail/set_roi_parameter__type_support.cpp
-- Installing: /home/inauenma/git/mecheye_ros2_interface/install/mecheye_ros_interface/include/mecheye_ros_interface/mecheye_ros_interface/srv/detail/set_roi_parameter__rosidl_typesupport_introspection_cpp.hpp
-- Installing: /home/inauenma/git/mecheye_ros2_interface/install/mecheye_ros_interface/include/mecheye_ros_interface/mecheye_ros_interface/srv/detail/get_current_user_set__rosidl_typesupport_introspection_cpp.hpp
-- Installing: /home/inauenma/git/mecheye_ros2_interface/install/mecheye_ros_interface/include/mecheye_ros_interface/mecheye_ros_interface/srv/detail/capture_color_image__type_support.cpp
-- Installing: /home/inauenma/git/mecheye_ros2_interface/install/mecheye_ros_interface/include/mecheye_ros_interface/mecheye_ros_interface/srv/detail/get_int_parameter__rosidl_typesupport_introspection_cpp.hpp
-- Installing: /home/inauenma/git/mecheye_ros2_interface/install/mecheye_ros_interface/include/mecheye_ros_interface/mecheye_ros_interface/srv/detail/save_all_settings_to_user_sets__rosidl_typesupport_introspection_cpp.hpp
-- Installing: /home/inauenma/git/mecheye_ros2_interface/install/mecheye_ros_interface/include/mecheye_ros_interface/mecheye_ros_interface/srv/detail/get_float_array_parameter__type_support.cpp
-- Installing: /home/inauenma/git/mecheye_ros2_interface/install/mecheye_ros_interface/include/mecheye_ros_interface/mecheye_ros_interface/srv/detail/capture_stereo_color_images__type_support.cpp
-- Installing: /home/inauenma/git/mecheye_ros2_interface/install/mecheye_ros_interface/include/mecheye_ros_interface/mecheye_ros_interface/srv/detail/capture_depth_map__rosidl_typesupport_introspection_cpp.hpp
-- Installing: /home/inauenma/git/mecheye_ros2_interface/install/mecheye_ros_interface/include/mecheye_ros_interface/mecheye_ros_interface/srv/detail/set_float_parameter__type_support.cpp
-- Installing: /home/inauenma/git/mecheye_ros2_interface/install/mecheye_ros_interface/include/mecheye_ros_interface/mecheye_ros_interface/srv/detail/capture_color_image__rosidl_typesupport_introspection_cpp.hpp
-- Installing: /home/inauenma/git/mecheye_ros2_interface/install/mecheye_ros_interface/include/mecheye_ros_interface/mecheye_ros_interface/srv/detail/set_float_array_parameter__rosidl_typesupport_introspection_cpp.hpp
-- Installing: /home/inauenma/git/mecheye_ros2_interface/install/mecheye_ros_interface/include/mecheye_ros_interface/mecheye_ros_interface/srv/detail/get_all_user_sets__rosidl_typesupport_introspection_cpp.hpp
-- Installing: /home/inauenma/git/mecheye_ros2_interface/install/mecheye_ros_interface/include/mecheye_ros_interface/mecheye_ros_interface/srv/detail/get_float_array_parameter__rosidl_typesupport_introspection_cpp.hpp
-- Installing: /home/inauenma/git/mecheye_ros2_interface/install/mecheye_ros_interface/include/mecheye_ros_interface/mecheye_ros_interface/srv/detail/capture_textured_point_cloud__rosidl_typesupport_introspection_cpp.hpp
-- Installing: /home/inauenma/git/mecheye_ros2_interface/install/mecheye_ros_interface/include/mecheye_ros_interface/mecheye_ros_interface/srv/detail/set_range_parameter__type_support.cpp
-- Installing: /home/inauenma/git/mecheye_ros2_interface/install/mecheye_ros_interface/include/mecheye_ros_interface/mecheye_ros_interface/srv/detail/set_int_parameter__type_support.cpp
-- Installing: /home/inauenma/git/mecheye_ros2_interface/install/mecheye_ros_interface/include/mecheye_ros_interface/mecheye_ros_interface/srv/detail/set_bool_parameter__type_support.cpp
-- Installing: /home/inauenma/git/mecheye_ros2_interface/install/mecheye_ros_interface/include/mecheye_ros_interface/mecheye_ros_interface/srv/detail/get_bool_parameter__rosidl_typesupport_introspection_cpp.hpp
-- Installing: /home/inauenma/git/mecheye_ros2_interface/install/mecheye_ros_interface/include/mecheye_ros_interface/mecheye_ros_interface/srv/detail/set_current_user_set__rosidl_typesupport_introspection_cpp.hpp
-- Installing: /home/inauenma/git/mecheye_ros2_interface/install/mecheye_ros_interface/include/mecheye_ros_interface/mecheye_ros_interface/srv/detail/set_enum_parameter__rosidl_typesupport_introspection_cpp.hpp
-- Installing: /home/inauenma/git/mecheye_ros2_interface/install/mecheye_ros_interface/include/mecheye_ros_interface/mecheye_ros_interface/srv/detail/capture_stereo_color_images__rosidl_typesupport_introspection_cpp.hpp
-- Installing: /home/inauenma/git/mecheye_ros2_interface/install/mecheye_ros_interface/include/mecheye_ros_interface/mecheye_ros_interface/srv/detail/set_enum_parameter__type_support.cpp
-- Installing: /home/inauenma/git/mecheye_ros2_interface/install/mecheye_ros_interface/include/mecheye_ros_interface/mecheye_ros_interface/srv/detail/delete_user_set__rosidl_typesupport_introspection_cpp.hpp
-- Installing: /home/inauenma/git/mecheye_ros2_interface/install/mecheye_ros_interface/include/mecheye_ros_interface/mecheye_ros_interface/srv/detail/set_bool_parameter__rosidl_typesupport_introspection_cpp.hpp
-- Installing: /home/inauenma/git/mecheye_ros2_interface/install/mecheye_ros_interface/include/mecheye_ros_interface/mecheye_ros_interface/srv/detail/get_enum_parameter__rosidl_typesupport_introspection_cpp.hpp
-- Installing: /home/inauenma/git/mecheye_ros2_interface/install/mecheye_ros_interface/include/mecheye_ros_interface/mecheye_ros_interface/srv/detail/capture_point_cloud__type_support.cpp
-- Installing: /home/inauenma/git/mecheye_ros2_interface/install/mecheye_ros_interface/include/mecheye_ros_interface/mecheye_ros_interface/srv/detail/get_range_parameter__type_support.cpp
-- Installing: /home/inauenma/git/mecheye_ros2_interface/install/mecheye_ros_interface/include/mecheye_ros_interface/mecheye_ros_interface/srv/detail/device_info__type_support.cpp
-- Installing: /home/inauenma/git/mecheye_ros2_interface/install/mecheye_ros_interface/include/mecheye_ros_interface/mecheye_ros_interface/srv/detail/get_roi_parameter__rosidl_typesupport_introspection_cpp.hpp
-- Installing: /home/inauenma/git/mecheye_ros2_interface/install/mecheye_ros_interface/include/mecheye_ros_interface/mecheye_ros_interface/srv/detail/get_enum_parameter__type_support.cpp
-- Installing: /home/inauenma/git/mecheye_ros2_interface/install/mecheye_ros_interface/lib/libmecheye_ros_interface__rosidl_typesupport_introspection_cpp.so
-- Set non-toolchain portion of runtime path of "/home/inauenma/git/mecheye_ros2_interface/install/mecheye_ros_interface/lib/libmecheye_ros_interface__rosidl_typesupport_introspection_cpp.so" to ""
-- Installing: /home/inauenma/git/mecheye_ros2_interface/install/mecheye_ros_interface/lib/libmecheye_ros_interface__rosidl_typesupport_cpp.so
-- Set non-toolchain portion of runtime path of "/home/inauenma/git/mecheye_ros2_interface/install/mecheye_ros_interface/lib/libmecheye_ros_interface__rosidl_typesupport_cpp.so" to ""
-- Installing: /home/inauenma/git/mecheye_ros2_interface/install/mecheye_ros_interface/share/mecheye_ros_interface/environment/pythonpath.sh
-- Installing: /home/inauenma/git/mecheye_ros2_interface/install/mecheye_ros_interface/share/mecheye_ros_interface/environment/pythonpath.dsv
-- Installing: /home/inauenma/git/mecheye_ros2_interface/install/mecheye_ros_interface/lib/python3.12/site-packages/mecheye_ros_interface-0.0.2-py3.12.egg-info
-- Installing: /home/inauenma/git/mecheye_ros2_interface/install/mecheye_ros_interface/lib/python3.12/site-packages/mecheye_ros_interface-0.0.2-py3.12.egg-info/SOURCES.txt
-- Installing: /home/inauenma/git/mecheye_ros2_interface/install/mecheye_ros_interface/lib/python3.12/site-packages/mecheye_ros_interface-0.0.2-py3.12.egg-info/PKG-INFO
-- Installing: /home/inauenma/git/mecheye_ros2_interface/install/mecheye_ros_interface/lib/python3.12/site-packages/mecheye_ros_interface-0.0.2-py3.12.egg-info/top_level.txt
-- Installing: /home/inauenma/git/mecheye_ros2_interface/install/mecheye_ros_interface/lib/python3.12/site-packages/mecheye_ros_interface-0.0.2-py3.12.egg-info/dependency_links.txt
-- Installing: /home/inauenma/git/mecheye_ros2_interface/install/mecheye_ros_interface/lib/python3.12/site-packages/mecheye_ros_interface
-- Installing: /home/inauenma/git/mecheye_ros2_interface/install/mecheye_ros_interface/lib/python3.12/site-packages/mecheye_ros_interface/_mecheye_ros_interface_s.ep.rosidl_typesupport_fastrtps_c.c
-- Installing: /home/inauenma/git/mecheye_ros2_interface/install/mecheye_ros_interface/lib/python3.12/site-packages/mecheye_ros_interface/mecheye_ros_interface_s__rosidl_typesupport_c.so
-- Installing: /home/inauenma/git/mecheye_ros2_interface/install/mecheye_ros_interface/lib/python3.12/site-packages/mecheye_ros_interface/mecheye_ros_interface_s__rosidl_typesupport_introspection_c.so
-- Installing: /home/inauenma/git/mecheye_ros2_interface/install/mecheye_ros_interface/lib/python3.12/site-packages/mecheye_ros_interface/mecheye_ros_interface_s__rosidl_typesupport_fastrtps_c.so
-- Installing: /home/inauenma/git/mecheye_ros2_interface/install/mecheye_ros_interface/lib/python3.12/site-packages/mecheye_ros_interface/srv
-- Installing: /home/inauenma/git/mecheye_ros2_interface/install/mecheye_ros_interface/lib/python3.12/site-packages/mecheye_ros_interface/srv/_capture_textured_point_cloud_s.c
-- Installing: /home/inauenma/git/mecheye_ros2_interface/install/mecheye_ros_interface/lib/python3.12/site-packages/mecheye_ros_interface/srv/_set_range_parameter_s.c
-- Installing: /home/inauenma/git/mecheye_ros2_interface/install/mecheye_ros_interface/lib/python3.12/site-packages/mecheye_ros_interface/srv/_get_float_parameter_s.c
-- Installing: /home/inauenma/git/mecheye_ros2_interface/install/mecheye_ros_interface/lib/python3.12/site-packages/mecheye_ros_interface/srv/_capture_depth_map_s.c
-- Installing: /home/inauenma/git/mecheye_ros2_interface/install/mecheye_ros_interface/lib/python3.12/site-packages/mecheye_ros_interface/srv/_get_all_user_sets_s.c
-- Installing: /home/inauenma/git/mecheye_ros2_interface/install/mecheye_ros_interface/lib/python3.12/site-packages/mecheye_ros_interface/srv/_get_float_array_parameter.py
-- Installing: /home/inauenma/git/mecheye_ros2_interface/install/mecheye_ros_interface/lib/python3.12/site-packages/mecheye_ros_interface/srv/_get_current_user_set.py
-- Installing: /home/inauenma/git/mecheye_ros2_interface/install/mecheye_ros_interface/lib/python3.12/site-packages/mecheye_ros_interface/srv/_set_bool_parameter_s.c
-- Installing: /home/inauenma/git/mecheye_ros2_interface/install/mecheye_ros_interface/lib/python3.12/site-packages/mecheye_ros_interface/srv/_device_info_s.c
-- Installing: /home/inauenma/git/mecheye_ros2_interface/install/mecheye_ros_interface/lib/python3.12/site-packages/mecheye_ros_interface/srv/_capture_depth_map.py
-- Installing: /home/inauenma/git/mecheye_ros2_interface/install/mecheye_ros_interface/lib/python3.12/site-packages/mecheye_ros_interface/srv/_add_user_set.py
-- Installing: /home/inauenma/git/mecheye_ros2_interface/install/mecheye_ros_interface/lib/python3.12/site-packages/mecheye_ros_interface/srv/_set_roi_parameter_s.c
-- Installing: /home/inauenma/git/mecheye_ros2_interface/install/mecheye_ros_interface/lib/python3.12/site-packages/mecheye_ros_interface/srv/_set_current_user_set_s.c
-- Installing: /home/inauenma/git/mecheye_ros2_interface/install/mecheye_ros_interface/lib/python3.12/site-packages/mecheye_ros_interface/srv/_capture_stereo_color_images_s.c
-- Installing: /home/inauenma/git/mecheye_ros2_interface/install/mecheye_ros_interface/lib/python3.12/site-packages/mecheye_ros_interface/srv/_save_all_settings_to_user_sets_s.c
-- Installing: /home/inauenma/git/mecheye_ros2_interface/install/mecheye_ros_interface/lib/python3.12/site-packages/mecheye_ros_interface/srv/_set_range_parameter.py
-- Installing: /home/inauenma/git/mecheye_ros2_interface/install/mecheye_ros_interface/lib/python3.12/site-packages/mecheye_ros_interface/srv/_capture_textured_point_cloud.py
-- Installing: /home/inauenma/git/mecheye_ros2_interface/install/mecheye_ros_interface/lib/python3.12/site-packages/mecheye_ros_interface/srv/_get_range_parameter_s.c
-- Installing: /home/inauenma/git/mecheye_ros2_interface/install/mecheye_ros_interface/lib/python3.12/site-packages/mecheye_ros_interface/srv/_set_roi_parameter.py
-- Installing: /home/inauenma/git/mecheye_ros2_interface/install/mecheye_ros_interface/lib/python3.12/site-packages/mecheye_ros_interface/srv/_get_enum_parameter.py
-- Installing: /home/inauenma/git/mecheye_ros2_interface/install/mecheye_ros_interface/lib/python3.12/site-packages/mecheye_ros_interface/srv/_capture_color_image_s.c
-- Installing: /home/inauenma/git/mecheye_ros2_interface/install/mecheye_ros_interface/lib/python3.12/site-packages/mecheye_ros_interface/srv/_get_current_user_set_s.c
-- Installing: /home/inauenma/git/mecheye_ros2_interface/install/mecheye_ros_interface/lib/python3.12/site-packages/mecheye_ros_interface/srv/__init__.py
-- Installing: /home/inauenma/git/mecheye_ros2_interface/install/mecheye_ros_interface/lib/python3.12/site-packages/mecheye_ros_interface/srv/_capture_point_cloud_s.c
-- Installing: /home/inauenma/git/mecheye_ros2_interface/install/mecheye_ros_interface/lib/python3.12/site-packages/mecheye_ros_interface/srv/_set_float_array_parameter_s.c
-- Installing: /home/inauenma/git/mecheye_ros2_interface/install/mecheye_ros_interface/lib/python3.12/site-packages/mecheye_ros_interface/srv/_get_roi_parameter_s.c
-- Installing: /home/inauenma/git/mecheye_ros2_interface/install/mecheye_ros_interface/lib/python3.12/site-packages/mecheye_ros_interface/srv/_device_info.py
-- Installing: /home/inauenma/git/mecheye_ros2_interface/install/mecheye_ros_interface/lib/python3.12/site-packages/mecheye_ros_interface/srv/_delete_user_set_s.c
-- Installing: /home/inauenma/git/mecheye_ros2_interface/install/mecheye_ros_interface/lib/python3.12/site-packages/mecheye_ros_interface/srv/_set_current_user_set.py
-- Installing: /home/inauenma/git/mecheye_ros2_interface/install/mecheye_ros_interface/lib/python3.12/site-packages/mecheye_ros_interface/srv/_capture_color_image.py
-- Installing: /home/inauenma/git/mecheye_ros2_interface/install/mecheye_ros_interface/lib/python3.12/site-packages/mecheye_ros_interface/srv/_set_int_parameter_s.c
-- Installing: /home/inauenma/git/mecheye_ros2_interface/install/mecheye_ros_interface/lib/python3.12/site-packages/mecheye_ros_interface/srv/_capture_stereo_color_images.py
-- Installing: /home/inauenma/git/mecheye_ros2_interface/install/mecheye_ros_interface/lib/python3.12/site-packages/mecheye_ros_interface/srv/_get_bool_parameter_s.c
-- Installing: /home/inauenma/git/mecheye_ros2_interface/install/mecheye_ros_interface/lib/python3.12/site-packages/mecheye_ros_interface/srv/_set_float_parameter.py
-- Installing: /home/inauenma/git/mecheye_ros2_interface/install/mecheye_ros_interface/lib/python3.12/site-packages/mecheye_ros_interface/srv/_add_user_set_s.c
-- Installing: /home/inauenma/git/mecheye_ros2_interface/install/mecheye_ros_interface/lib/python3.12/site-packages/mecheye_ros_interface/srv/_delete_user_set.py
-- Installing: /home/inauenma/git/mecheye_ros2_interface/install/mecheye_ros_interface/lib/python3.12/site-packages/mecheye_ros_interface/srv/_get_int_parameter_s.c
-- Installing: /home/inauenma/git/mecheye_ros2_interface/install/mecheye_ros_interface/lib/python3.12/site-packages/mecheye_ros_interface/srv/_set_bool_parameter.py
-- Installing: /home/inauenma/git/mecheye_ros2_interface/install/mecheye_ros_interface/lib/python3.12/site-packages/mecheye_ros_interface/srv/_set_enum_parameter.py
-- Installing: /home/inauenma/git/mecheye_ros2_interface/install/mecheye_ros_interface/lib/python3.12/site-packages/mecheye_ros_interface/srv/_get_all_user_sets.py
-- Installing: /home/inauenma/git/mecheye_ros2_interface/install/mecheye_ros_interface/lib/python3.12/site-packages/mecheye_ros_interface/srv/_get_int_parameter.py
-- Installing: /home/inauenma/git/mecheye_ros2_interface/install/mecheye_ros_interface/lib/python3.12/site-packages/mecheye_ros_interface/srv/_set_float_parameter_s.c
-- Installing: /home/inauenma/git/mecheye_ros2_interface/install/mecheye_ros_interface/lib/python3.12/site-packages/mecheye_ros_interface/srv/_set_enum_parameter_s.c
-- Installing: /home/inauenma/git/mecheye_ros2_interface/install/mecheye_ros_interface/lib/python3.12/site-packages/mecheye_ros_interface/srv/_get_range_parameter.py
-- Installing: /home/inauenma/git/mecheye_ros2_interface/install/mecheye_ros_interface/lib/python3.12/site-packages/mecheye_ros_interface/srv/_get_enum_parameter_s.c
-- Installing: /home/inauenma/git/mecheye_ros2_interface/install/mecheye_ros_interface/lib/python3.12/site-packages/mecheye_ros_interface/srv/_get_roi_parameter.py
-- Installing: /home/inauenma/git/mecheye_ros2_interface/install/mecheye_ros_interface/lib/python3.12/site-packages/mecheye_ros_interface/srv/_get_float_array_parameter_s.c
-- Installing: /home/inauenma/git/mecheye_ros2_interface/install/mecheye_ros_interface/lib/python3.12/site-packages/mecheye_ros_interface/srv/_set_int_parameter.py
-- Installing: /home/inauenma/git/mecheye_ros2_interface/install/mecheye_ros_interface/lib/python3.12/site-packages/mecheye_ros_interface/srv/_get_bool_parameter.py
-- Installing: /home/inauenma/git/mecheye_ros2_interface/install/mecheye_ros_interface/lib/python3.12/site-packages/mecheye_ros_interface/srv/_save_all_settings_to_user_sets.py
-- Installing: /home/inauenma/git/mecheye_ros2_interface/install/mecheye_ros_interface/lib/python3.12/site-packages/mecheye_ros_interface/srv/_capture_point_cloud.py
-- Installing: /home/inauenma/git/mecheye_ros2_interface/install/mecheye_ros_interface/lib/python3.12/site-packages/mecheye_ros_interface/srv/_get_float_parameter.py
-- Installing: /home/inauenma/git/mecheye_ros2_interface/install/mecheye_ros_interface/lib/python3.12/site-packages/mecheye_ros_interface/srv/_set_float_array_parameter.py
-- Installing: /home/inauenma/git/mecheye_ros2_interface/install/mecheye_ros_interface/lib/python3.12/site-packages/mecheye_ros_interface/__init__.py
-- Installing: /home/inauenma/git/mecheye_ros2_interface/install/mecheye_ros_interface/lib/python3.12/site-packages/mecheye_ros_interface/_mecheye_ros_interface_s.ep.rosidl_typesupport_introspection_c.c
-- Installing: /home/inauenma/git/mecheye_ros2_interface/install/mecheye_ros_interface/lib/python3.12/site-packages/mecheye_ros_interface/_mecheye_ros_interface_s.ep.rosidl_typesupport_c.c
Listing '/home/inauenma/git/mecheye_ros2_interface/install/mecheye_ros_interface/lib/python3.12/site-packages/mecheye_ros_interface'...
Compiling '/home/inauenma/git/mecheye_ros2_interface/install/mecheye_ros_interface/lib/python3.12/site-packages/mecheye_ros_interface/__init__.py'...
Listing '/home/inauenma/git/mecheye_ros2_interface/install/mecheye_ros_interface/lib/python3.12/site-packages/mecheye_ros_interface/srv'...
Compiling '/home/inauenma/git/mecheye_ros2_interface/install/mecheye_ros_interface/lib/python3.12/site-packages/mecheye_ros_interface/srv/__init__.py'...
Compiling '/home/inauenma/git/mecheye_ros2_interface/install/mecheye_ros_interface/lib/python3.12/site-packages/mecheye_ros_interface/srv/_add_user_set.py'...
Compiling '/home/inauenma/git/mecheye_ros2_interface/install/mecheye_ros_interface/lib/python3.12/site-packages/mecheye_ros_interface/srv/_capture_color_image.py'...
Compiling '/home/inauenma/git/mecheye_ros2_interface/install/mecheye_ros_interface/lib/python3.12/site-packages/mecheye_ros_interface/srv/_capture_depth_map.py'...
Compiling '/home/inauenma/git/mecheye_ros2_interface/install/mecheye_ros_interface/lib/python3.12/site-packages/mecheye_ros_interface/srv/_capture_point_cloud.py'...
Compiling '/home/inauenma/git/mecheye_ros2_interface/install/mecheye_ros_interface/lib/python3.12/site-packages/mecheye_ros_interface/srv/_capture_stereo_color_images.py'...
Compiling '/home/inauenma/git/mecheye_ros2_interface/install/mecheye_ros_interface/lib/python3.12/site-packages/mecheye_ros_interface/srv/_capture_textured_point_cloud.py'...
Compiling '/home/inauenma/git/mecheye_ros2_interface/install/mecheye_ros_interface/lib/python3.12/site-packages/mecheye_ros_interface/srv/_delete_user_set.py'...
Compiling '/home/inauenma/git/mecheye_ros2_interface/install/mecheye_ros_interface/lib/python3.12/site-packages/mecheye_ros_interface/srv/_device_info.py'...
Compiling '/home/inauenma/git/mecheye_ros2_interface/install/mecheye_ros_interface/lib/python3.12/site-packages/mecheye_ros_interface/srv/_get_all_user_sets.py'...
Compiling '/home/inauenma/git/mecheye_ros2_interface/install/mecheye_ros_interface/lib/python3.12/site-packages/mecheye_ros_interface/srv/_get_bool_parameter.py'...
Compiling '/home/inauenma/git/mecheye_ros2_interface/install/mecheye_ros_interface/lib/python3.12/site-packages/mecheye_ros_interface/srv/_get_current_user_set.py'...
Compiling '/home/inauenma/git/mecheye_ros2_interface/install/mecheye_ros_interface/lib/python3.12/site-packages/mecheye_ros_interface/srv/_get_enum_parameter.py'...
Compiling '/home/inauenma/git/mecheye_ros2_interface/install/mecheye_ros_interface/lib/python3.12/site-packages/mecheye_ros_interface/srv/_get_float_array_parameter.py'...
Compiling '/home/inauenma/git/mecheye_ros2_interface/install/mecheye_ros_interface/lib/python3.12/site-packages/mecheye_ros_interface/srv/_get_float_parameter.py'...
Compiling '/home/inauenma/git/mecheye_ros2_interface/install/mecheye_ros_interface/lib/python3.12/site-packages/mecheye_ros_interface/srv/_get_int_parameter.py'...
Compiling '/home/inauenma/git/mecheye_ros2_interface/install/mecheye_ros_interface/lib/python3.12/site-packages/mecheye_ros_interface/srv/_get_range_parameter.py'...
Compiling '/home/inauenma/git/mecheye_ros2_interface/install/mecheye_ros_interface/lib/python3.12/site-packages/mecheye_ros_interface/srv/_get_roi_parameter.py'...
Compiling '/home/inauenma/git/mecheye_ros2_interface/install/mecheye_ros_interface/lib/python3.12/site-packages/mecheye_ros_interface/srv/_save_all_settings_to_user_sets.py'...
Compiling '/home/inauenma/git/mecheye_ros2_interface/install/mecheye_ros_interface/lib/python3.12/site-packages/mecheye_ros_interface/srv/_set_bool_parameter.py'...
Compiling '/home/inauenma/git/mecheye_ros2_interface/install/mecheye_ros_interface/lib/python3.12/site-packages/mecheye_ros_interface/srv/_set_current_user_set.py'...
Compiling '/home/inauenma/git/mecheye_ros2_interface/install/mecheye_ros_interface/lib/python3.12/site-packages/mecheye_ros_interface/srv/_set_enum_parameter.py'...
Compiling '/home/inauenma/git/mecheye_ros2_interface/install/mecheye_ros_interface/lib/python3.12/site-packages/mecheye_ros_interface/srv/_set_float_array_parameter.py'...
Compiling '/home/inauenma/git/mecheye_ros2_interface/install/mecheye_ros_interface/lib/python3.12/site-packages/mecheye_ros_interface/srv/_set_float_parameter.py'...
Compiling '/home/inauenma/git/mecheye_ros2_interface/install/mecheye_ros_interface/lib/python3.12/site-packages/mecheye_ros_interface/srv/_set_int_parameter.py'...
Compiling '/home/inauenma/git/mecheye_ros2_interface/install/mecheye_ros_interface/lib/python3.12/site-packages/mecheye_ros_interface/srv/_set_range_parameter.py'...
Compiling '/home/inauenma/git/mecheye_ros2_interface/install/mecheye_ros_interface/lib/python3.12/site-packages/mecheye_ros_interface/srv/_set_roi_parameter.py'...
-- Installing: /home/inauenma/git/mecheye_ros2_interface/install/mecheye_ros_interface/lib/python3.12/site-packages/mecheye_ros_interface/mecheye_ros_interface_s__rosidl_typesupport_fastrtps_c.so
-- Set non-toolchain portion of runtime path of "/home/inauenma/git/mecheye_ros2_interface/install/mecheye_ros_interface/lib/python3.12/site-packages/mecheye_ros_interface/mecheye_ros_interface_s__rosidl_typesupport_fastrtps_c.so" to ""
-- Installing: /home/inauenma/git/mecheye_ros2_interface/install/mecheye_ros_interface/lib/python3.12/site-packages/mecheye_ros_interface/mecheye_ros_interface_s__rosidl_typesupport_introspection_c.so
-- Set non-toolchain portion of runtime path of "/home/inauenma/git/mecheye_ros2_interface/install/mecheye_ros_interface/lib/python3.12/site-packages/mecheye_ros_interface/mecheye_ros_interface_s__rosidl_typesupport_introspection_c.so" to ""
-- Installing: /home/inauenma/git/mecheye_ros2_interface/install/mecheye_ros_interface/lib/python3.12/site-packages/mecheye_ros_interface/mecheye_ros_interface_s__rosidl_typesupport_c.so
-- Set non-toolchain portion of runtime path of "/home/inauenma/git/mecheye_ros2_interface/install/mecheye_ros_interface/lib/python3.12/site-packages/mecheye_ros_interface/mecheye_ros_interface_s__rosidl_typesupport_c.so" to ""
-- Installing: /home/inauenma/git/mecheye_ros2_interface/install/mecheye_ros_interface/lib/libmecheye_ros_interface__rosidl_generator_py.so
-- Set non-toolchain portion of runtime path of "/home/inauenma/git/mecheye_ros2_interface/install/mecheye_ros_interface/lib/libmecheye_ros_interface__rosidl_generator_py.so" to ""
-- Installing: /home/inauenma/git/mecheye_ros2_interface/install/mecheye_ros_interface/share/mecheye_ros_interface/srv/SetCurrentUserSet.idl
-- Installing: /home/inauenma/git/mecheye_ros2_interface/install/mecheye_ros_interface/share/mecheye_ros_interface/srv/SaveAllSettingsToUserSets.idl
-- Installing: /home/inauenma/git/mecheye_ros2_interface/install/mecheye_ros_interface/share/mecheye_ros_interface/srv/AddUserSet.idl
-- Installing: /home/inauenma/git/mecheye_ros2_interface/install/mecheye_ros_interface/share/mecheye_ros_interface/srv/CaptureColorImage.idl
-- Installing: /home/inauenma/git/mecheye_ros2_interface/install/mecheye_ros_interface/share/mecheye_ros_interface/srv/CaptureStereoColorImages.idl
-- Installing: /home/inauenma/git/mecheye_ros2_interface/install/mecheye_ros_interface/share/mecheye_ros_interface/srv/CaptureTexturedPointCloud.idl
-- Installing: /home/inauenma/git/mecheye_ros2_interface/install/mecheye_ros_interface/share/mecheye_ros_interface/srv/CaptureDepthMap.idl
-- Installing: /home/inauenma/git/mecheye_ros2_interface/install/mecheye_ros_interface/share/mecheye_ros_interface/srv/CapturePointCloud.idl
-- Installing: /home/inauenma/git/mecheye_ros2_interface/install/mecheye_ros_interface/share/mecheye_ros_interface/srv/DeleteUserSet.idl
-- Installing: /home/inauenma/git/mecheye_ros2_interface/install/mecheye_ros_interface/share/mecheye_ros_interface/srv/DeviceInfo.idl
-- Installing: /home/inauenma/git/mecheye_ros2_interface/install/mecheye_ros_interface/share/mecheye_ros_interface/srv/GetAllUserSets.idl
-- Installing: /home/inauenma/git/mecheye_ros2_interface/install/mecheye_ros_interface/share/mecheye_ros_interface/srv/GetCurrentUserSet.idl
-- Installing: /home/inauenma/git/mecheye_ros2_interface/install/mecheye_ros_interface/share/mecheye_ros_interface/srv/SetIntParameter.idl
-- Installing: /home/inauenma/git/mecheye_ros2_interface/install/mecheye_ros_interface/share/mecheye_ros_interface/srv/GetIntParameter.idl
-- Installing: /home/inauenma/git/mecheye_ros2_interface/install/mecheye_ros_interface/share/mecheye_ros_interface/srv/SetRangeParameter.idl
-- Installing: /home/inauenma/git/mecheye_ros2_interface/install/mecheye_ros_interface/share/mecheye_ros_interface/srv/GetRangeParameter.idl
-- Installing: /home/inauenma/git/mecheye_ros2_interface/install/mecheye_ros_interface/share/mecheye_ros_interface/srv/SetBoolParameter.idl
-- Installing: /home/inauenma/git/mecheye_ros2_interface/install/mecheye_ros_interface/share/mecheye_ros_interface/srv/GetBoolParameter.idl
-- Installing: /home/inauenma/git/mecheye_ros2_interface/install/mecheye_ros_interface/share/mecheye_ros_interface/srv/SetEnumParameter.idl
-- Installing: /home/inauenma/git/mecheye_ros2_interface/install/mecheye_ros_interface/share/mecheye_ros_interface/srv/GetEnumParameter.idl
-- Installing: /home/inauenma/git/mecheye_ros2_interface/install/mecheye_ros_interface/share/mecheye_ros_interface/srv/SetFloatParameter.idl
-- Installing: /home/inauenma/git/mecheye_ros2_interface/install/mecheye_ros_interface/share/mecheye_ros_interface/srv/GetFloatParameter.idl
-- Installing: /home/inauenma/git/mecheye_ros2_interface/install/mecheye_ros_interface/share/mecheye_ros_interface/srv/SetFloatArrayParameter.idl
-- Installing: /home/inauenma/git/mecheye_ros2_interface/install/mecheye_ros_interface/share/mecheye_ros_interface/srv/GetFloatArrayParameter.idl
-- Installing: /home/inauenma/git/mecheye_ros2_interface/install/mecheye_ros_interface/share/mecheye_ros_interface/srv/SetROIParameter.idl
-- Installing: /home/inauenma/git/mecheye_ros2_interface/install/mecheye_ros_interface/share/mecheye_ros_interface/srv/GetROIParameter.idl
-- Installing: /home/inauenma/git/mecheye_ros2_interface/install/mecheye_ros_interface/share/mecheye_ros_interface/srv/SetCurrentUserSet.srv
-- Installing: /home/inauenma/git/mecheye_ros2_interface/install/mecheye_ros_interface/share/mecheye_ros_interface/srv/SaveAllSettingsToUserSets.srv
-- Installing: /home/inauenma/git/mecheye_ros2_interface/install/mecheye_ros_interface/share/mecheye_ros_interface/srv/AddUserSet.srv
-- Installing: /home/inauenma/git/mecheye_ros2_interface/install/mecheye_ros_interface/share/mecheye_ros_interface/srv/CaptureColorImage.srv
-- Installing: /home/inauenma/git/mecheye_ros2_interface/install/mecheye_ros_interface/share/mecheye_ros_interface/srv/CaptureStereoColorImages.srv
-- Installing: /home/inauenma/git/mecheye_ros2_interface/install/mecheye_ros_interface/share/mecheye_ros_interface/srv/CaptureTexturedPointCloud.srv
-- Installing: /home/inauenma/git/mecheye_ros2_interface/install/mecheye_ros_interface/share/mecheye_ros_interface/srv/CaptureDepthMap.srv
-- Installing: /home/inauenma/git/mecheye_ros2_interface/install/mecheye_ros_interface/share/mecheye_ros_interface/srv/CapturePointCloud.srv
-- Installing: /home/inauenma/git/mecheye_ros2_interface/install/mecheye_ros_interface/share/mecheye_ros_interface/srv/DeleteUserSet.srv
-- Installing: /home/inauenma/git/mecheye_ros2_interface/install/mecheye_ros_interface/share/mecheye_ros_interface/srv/DeviceInfo.srv
-- Installing: /home/inauenma/git/mecheye_ros2_interface/install/mecheye_ros_interface/share/mecheye_ros_interface/srv/GetAllUserSets.srv
-- Installing: /home/inauenma/git/mecheye_ros2_interface/install/mecheye_ros_interface/share/mecheye_ros_interface/srv/GetCurrentUserSet.srv
-- Installing: /home/inauenma/git/mecheye_ros2_interface/install/mecheye_ros_interface/share/mecheye_ros_interface/srv/SetIntParameter.srv
-- Installing: /home/inauenma/git/mecheye_ros2_interface/install/mecheye_ros_interface/share/mecheye_ros_interface/srv/GetIntParameter.srv
-- Installing: /home/inauenma/git/mecheye_ros2_interface/install/mecheye_ros_interface/share/mecheye_ros_interface/srv/SetRangeParameter.srv
-- Installing: /home/inauenma/git/mecheye_ros2_interface/install/mecheye_ros_interface/share/mecheye_ros_interface/srv/GetRangeParameter.srv
-- Installing: /home/inauenma/git/mecheye_ros2_interface/install/mecheye_ros_interface/share/mecheye_ros_interface/srv/SetBoolParameter.srv
-- Installing: /home/inauenma/git/mecheye_ros2_interface/install/mecheye_ros_interface/share/mecheye_ros_interface/srv/GetBoolParameter.srv
-- Installing: /home/inauenma/git/mecheye_ros2_interface/install/mecheye_ros_interface/share/mecheye_ros_interface/srv/SetEnumParameter.srv
-- Installing: /home/inauenma/git/mecheye_ros2_interface/install/mecheye_ros_interface/share/mecheye_ros_interface/srv/GetEnumParameter.srv
-- Installing: /home/inauenma/git/mecheye_ros2_interface/install/mecheye_ros_interface/share/mecheye_ros_interface/srv/SetFloatParameter.srv
-- Installing: /home/inauenma/git/mecheye_ros2_interface/install/mecheye_ros_interface/share/mecheye_ros_interface/srv/GetFloatParameter.srv
-- Installing: /home/inauenma/git/mecheye_ros2_interface/install/mecheye_ros_interface/share/mecheye_ros_interface/srv/SetFloatArrayParameter.srv
-- Installing: /home/inauenma/git/mecheye_ros2_interface/install/mecheye_ros_interface/share/mecheye_ros_interface/srv/GetFloatArrayParameter.srv
-- Installing: /home/inauenma/git/mecheye_ros2_interface/install/mecheye_ros_interface/share/mecheye_ros_interface/srv/SetROIParameter.srv
-- Installing: /home/inauenma/git/mecheye_ros2_interface/install/mecheye_ros_interface/share/mecheye_ros_interface/srv/GetROIParameter.srv
-- Installing: /home/inauenma/git/mecheye_ros2_interface/install/mecheye_ros_interface/lib/mecheye_ros_interface/start
-- Set non-toolchain portion of runtime path of "/home/inauenma/git/mecheye_ros2_interface/install/mecheye_ros_interface/lib/mecheye_ros_interface/start" to ""
-- Up-to-date: /home/inauenma/git/mecheye_ros2_interface/install/mecheye_ros_interface/include/mecheye_ros_interface
-- Installing: /home/inauenma/git/mecheye_ros2_interface/install/mecheye_ros_interface/include/mecheye_ros_interface/MechMindCamera.h
-- Installing: /home/inauenma/git/mecheye_ros2_interface/install/mecheye_ros_interface/share/mecheye_ros_interface/launch/start_camera.py
-- Installing: /home/inauenma/git/mecheye_ros2_interface/install/mecheye_ros_interface/share/ament_index/resource_index/package_run_dependencies/mecheye_ros_interface
-- Installing: /home/inauenma/git/mecheye_ros2_interface/install/mecheye_ros_interface/share/ament_index/resource_index/parent_prefix_path/mecheye_ros_interface
-- Installing: /home/inauenma/git/mecheye_ros2_interface/install/mecheye_ros_interface/share/mecheye_ros_interface/environment/ament_prefix_path.sh
-- Installing: /home/inauenma/git/mecheye_ros2_interface/install/mecheye_ros_interface/share/mecheye_ros_interface/environment/ament_prefix_path.dsv
-- Installing: /home/inauenma/git/mecheye_ros2_interface/install/mecheye_ros_interface/share/mecheye_ros_interface/environment/path.sh
-- Installing: /home/inauenma/git/mecheye_ros2_interface/install/mecheye_ros_interface/share/mecheye_ros_interface/environment/path.dsv
-- Installing: /home/inauenma/git/mecheye_ros2_interface/install/mecheye_ros_interface/share/mecheye_ros_interface/local_setup.bash
-- Installing: /home/inauenma/git/mecheye_ros2_interface/install/mecheye_ros_interface/share/mecheye_ros_interface/local_setup.sh
-- Installing: /home/inauenma/git/mecheye_ros2_interface/install/mecheye_ros_interface/share/mecheye_ros_interface/local_setup.zsh
-- Installing: /home/inauenma/git/mecheye_ros2_interface/install/mecheye_ros_interface/share/mecheye_ros_interface/local_setup.dsv
-- Installing: /home/inauenma/git/mecheye_ros2_interface/install/mecheye_ros_interface/share/mecheye_ros_interface/package.dsv
-- Installing: /home/inauenma/git/mecheye_ros2_interface/install/mecheye_ros_interface/share/ament_index/resource_index/packages/mecheye_ros_interface
-- Installing: /home/inauenma/git/mecheye_ros2_interface/install/mecheye_ros_interface/share/mecheye_ros_interface/cmake/export_mecheye_ros_interface__rosidl_generator_cExport.cmake
-- Installing: /home/inauenma/git/mecheye_ros2_interface/install/mecheye_ros_interface/share/mecheye_ros_interface/cmake/export_mecheye_ros_interface__rosidl_generator_cExport-noconfig.cmake
-- Installing: /home/inauenma/git/mecheye_ros2_interface/install/mecheye_ros_interface/share/mecheye_ros_interface/cmake/export_mecheye_ros_interface__rosidl_typesupport_fastrtps_cExport.cmake
-- Installing: /home/inauenma/git/mecheye_ros2_interface/install/mecheye_ros_interface/share/mecheye_ros_interface/cmake/export_mecheye_ros_interface__rosidl_typesupport_fastrtps_cExport-noconfig.cmake
-- Installing: /home/inauenma/git/mecheye_ros2_interface/install/mecheye_ros_interface/share/mecheye_ros_interface/cmake/export_mecheye_ros_interface__rosidl_generator_cppExport.cmake
-- Installing: /home/inauenma/git/mecheye_ros2_interface/install/mecheye_ros_interface/share/mecheye_ros_interface/cmake/export_mecheye_ros_interface__rosidl_typesupport_fastrtps_cppExport.cmake
-- Installing: /home/inauenma/git/mecheye_ros2_interface/install/mecheye_ros_interface/share/mecheye_ros_interface/cmake/export_mecheye_ros_interface__rosidl_typesupport_fastrtps_cppExport-noconfig.cmake
-- Installing: /home/inauenma/git/mecheye_ros2_interface/install/mecheye_ros_interface/share/mecheye_ros_interface/cmake/mecheye_ros_interface__rosidl_typesupport_introspection_cExport.cmake
-- Installing: /home/inauenma/git/mecheye_ros2_interface/install/mecheye_ros_interface/share/mecheye_ros_interface/cmake/mecheye_ros_interface__rosidl_typesupport_introspection_cExport-noconfig.cmake
-- Installing: /home/inauenma/git/mecheye_ros2_interface/install/mecheye_ros_interface/share/mecheye_ros_interface/cmake/mecheye_ros_interface__rosidl_typesupport_cExport.cmake
-- Installing: /home/inauenma/git/mecheye_ros2_interface/install/mecheye_ros_interface/share/mecheye_ros_interface/cmake/mecheye_ros_interface__rosidl_typesupport_cExport-noconfig.cmake
-- Installing: /home/inauenma/git/mecheye_ros2_interface/install/mecheye_ros_interface/share/mecheye_ros_interface/cmake/mecheye_ros_interface__rosidl_typesupport_introspection_cppExport.cmake
-- Installing: /home/inauenma/git/mecheye_ros2_interface/install/mecheye_ros_interface/share/mecheye_ros_interface/cmake/mecheye_ros_interface__rosidl_typesupport_introspection_cppExport-noconfig.cmake
-- Installing: /home/inauenma/git/mecheye_ros2_interface/install/mecheye_ros_interface/share/mecheye_ros_interface/cmake/mecheye_ros_interface__rosidl_typesupport_cppExport.cmake
-- Installing: /home/inauenma/git/mecheye_ros2_interface/install/mecheye_ros_interface/share/mecheye_ros_interface/cmake/mecheye_ros_interface__rosidl_typesupport_cppExport-noconfig.cmake
-- Installing: /home/inauenma/git/mecheye_ros2_interface/install/mecheye_ros_interface/share/mecheye_ros_interface/cmake/export_mecheye_ros_interface__rosidl_generator_pyExport.cmake
-- Installing: /home/inauenma/git/mecheye_ros2_interface/install/mecheye_ros_interface/share/mecheye_ros_interface/cmake/export_mecheye_ros_interface__rosidl_generator_pyExport-noconfig.cmake
-- Installing: /home/inauenma/git/mecheye_ros2_interface/install/mecheye_ros_interface/share/mecheye_ros_interface/cmake/rosidl_cmake-extras.cmake
-- Installing: /home/inauenma/git/mecheye_ros2_interface/install/mecheye_ros_interface/share/mecheye_ros_interface/cmake/ament_cmake_export_dependencies-extras.cmake
-- Installing: /home/inauenma/git/mecheye_ros2_interface/install/mecheye_ros_interface/share/mecheye_ros_interface/cmake/ament_cmake_export_include_directories-extras.cmake
-- Installing: /home/inauenma/git/mecheye_ros2_interface/install/mecheye_ros_interface/share/mecheye_ros_interface/cmake/ament_cmake_export_libraries-extras.cmake
-- Installing: /home/inauenma/git/mecheye_ros2_interface/install/mecheye_ros_interface/share/mecheye_ros_interface/cmake/ament_cmake_export_targets-extras.cmake
-- Installing: /home/inauenma/git/mecheye_ros2_interface/install/mecheye_ros_interface/share/mecheye_ros_interface/cmake/rosidl_cmake_export_typesupport_targets-extras.cmake
-- Installing: /home/inauenma/git/mecheye_ros2_interface/install/mecheye_ros_interface/share/mecheye_ros_interface/cmake/rosidl_cmake_export_typesupport_libraries-extras.cmake
-- Installing: /home/inauenma/git/mecheye_ros2_interface/install/mecheye_ros_interface/share/mecheye_ros_interface/cmake/mecheye_ros_interfaceConfig.cmake
-- Installing: /home/inauenma/git/mecheye_ros2_interface/install/mecheye_ros_interface/share/mecheye_ros_interface/cmake/mecheye_ros_interfaceConfig-version.cmake
-- Installing: /home/inauenma/git/mecheye_ros2_interface/install/mecheye_ros_interface/share/mecheye_ros_interface/package.xml
