[0.018s] Invoking command in '/home/inauenma/git/mecheye_ros2_interface/build/mecheye_ros_interface': CMAKE_PREFIX_PATH=${CMAKE_PREFIX_PATH}:/home/inauenma/ros2_ws/install/mesh_control_ros:/home/inauenma/moveit_ws/install/moveit_configs_utils:/opt/ros/jazzy DEBUGINFOD_URLS=https://debuginfod.ubuntu.com /usr/bin/cmake /home/inauenma/git/mecheye_ros2_interface -DCMAKE_INSTALL_PREFIX=/home/inauenma/git/mecheye_ros2_interface/install/mecheye_ros_interface
[0.040s] -- Found ament_cmake: 2.5.5 (/opt/ros/jazzy/share/ament_cmake/cmake)
[0.068s] -- Found Python3: /usr/bin/python3 (found version "3.12.3") found components: Interpreter 
[0.151s] -- Found Boost: /usr/lib/x86_64-linux-gnu/cmake/Boost-1.83.0/BoostConfig.cmake (found version "1.83.0")  
[0.152s] -- Found cv_bridge: 4.1.0 (/opt/ros/jazzy/share/cv_bridge/cmake)
[0.280s] -- Found rosidl_generator_c: 4.6.7 (/opt/ros/jazzy/share/rosidl_generator_c/cmake)
[0.287s] -- Found rosidl_generator_cpp: 4.6.7 (/opt/ros/jazzy/share/rosidl_generator_cpp/cmake)
[0.297s] -- Using all available rosidl_typesupport_c: rosidl_typesupport_fastrtps_c;rosidl_typesupport_introspection_c
[0.308s] -- Using all available rosidl_typesupport_cpp: rosidl_typesupport_fastrtps_cpp;rosidl_typesupport_introspection_cpp
[0.399s] -- Found rmw_implementation_cmake: 7.3.3 (/opt/ros/jazzy/share/rmw_implementation_cmake/cmake)
[0.402s] -- Found rmw_fastrtps_cpp: 8.4.3 (/opt/ros/jazzy/share/rmw_fastrtps_cpp/cmake)
[0.615s] -- Using RMW implementation 'rmw_fastrtps_cpp' as default
[0.770s] -- Found image_transport: 5.1.7 (/opt/ros/jazzy/share/image_transport/cmake)
[0.801s] -- Found Boost: /usr/lib/x86_64-linux-gnu/cmake/Boost-1.83.0/BoostConfig.cmake (found suitable version "1.83.0", minimum required is "1.65.0") found components: system filesystem iostreams serialization 
[0.802s] CMake Warning (dev) at /usr/lib/x86_64-linux-gnu/cmake/pcl/Modules/FindFLANN.cmake:45 (find_package):
[0.802s]   Policy CMP0144 is not set: find_package uses upper-case <PACKAGENAME>_ROOT
[0.802s]   variables.  Run "cmake --help-policy CMP0144" for policy details.  Use the
[0.802s]   cmake_policy command to set the policy and suppress this warning.
[0.802s] 
[0.803s]   CMake variable FLANN_ROOT is set to:
[0.803s] 
[0.803s]     /usr
[0.803s] 
[0.803s]   For compatibility, find_package is ignoring the variable, but code in a
[0.803s]   .cmake module might still use it.
[0.803s] Call Stack (most recent call first):
[0.803s]   /usr/lib/x86_64-linux-gnu/cmake/pcl/PCLConfig.cmake:261 (find_package)
[0.803s]   /usr/lib/x86_64-linux-gnu/cmake/pcl/PCLConfig.cmake:306 (find_flann)
[0.803s]   /usr/lib/x86_64-linux-gnu/cmake/pcl/PCLConfig.cmake:570 (find_external_library)
[0.803s]   CMakeLists.txt:19 (find_package)
[0.804s] This warning is for project developers.  Use -Wno-dev to suppress it.
[0.804s] 
[0.804s] -- Found flann version 1.9.2
[8.616s] -- OpenNI found (version: 1.5.4.0, include: /usr/include/ni, lib: /usr/lib/libOpenNI.so;libusb::libusb)
[8.625s] -- OpenNI2 found (version: 2.2.0.33, include: /usr/include/openni2, lib: /usr/lib/x86_64-linux-gnu/libOpenNI2.so;libusb::libusb)
[8.730s] -- Could NOT find Pcap (missing: PCAP_LIBRARIES PCAP_INCLUDE_DIRS) 
[8.730s] ** WARNING ** io features related to pcap will be disabled
[17.636s] -- OpenNI found (version: 1.5.4.0, include: /usr/include/ni, lib: /usr/lib/libOpenNI.so;libusb::libusb)
[17.643s] -- OpenNI2 found (version: 2.2.0.33, include: /usr/include/openni2, lib: /usr/lib/x86_64-linux-gnu/libOpenNI2.so;libusb::libusb)
[25.446s] -- Found Qhull version 8.0.2
[33.125s] -- OpenNI found (version: 1.5.4.0, include: /usr/include/ni, lib: /usr/lib/libOpenNI.so;libusb::libusb)
[40.856s] -- looking for PCL_COMMON
[40.856s] -- looking for PCL_KDTREE
[40.857s] -- looking for PCL_OCTREE
[40.857s] -- looking for PCL_SEARCH
[40.857s] -- looking for PCL_SAMPLE_CONSENSUS
[40.857s] -- looking for PCL_FILTERS
[40.858s] -- looking for PCL_2D
[40.858s] -- looking for PCL_GEOMETRY
[40.859s] -- looking for PCL_IO
[40.859s] -- looking for PCL_FEATURES
[40.859s] -- looking for PCL_ML
[40.859s] -- looking for PCL_SEGMENTATION
[40.859s] -- looking for PCL_VISUALIZATION
[40.860s] -- looking for PCL_SURFACE
[40.862s] -- looking for PCL_REGISTRATION
[40.862s] -- looking for PCL_KEYPOINTS
[40.862s] -- looking for PCL_TRACKING
[40.863s] -- looking for PCL_RECOGNITION
[40.863s] -- looking for PCL_STEREO
[40.863s] -- looking for PCL_APPS
[40.864s] -- looking for PCL_IN_HAND_SCANNER
[40.864s] -- looking for PCL_MODELER
[40.865s] -- looking for PCL_POINT_CLOUD_EDITOR
[40.865s] -- looking for PCL_OUTOFCORE
[40.865s] -- looking for PCL_PEOPLE
[40.867s] -- Found pcl_conversions: 2.6.2 (/opt/ros/jazzy/share/pcl_conversions/cmake)
[40.891s] -- Found rosidl_default_generators: 1.6.0 (/opt/ros/jazzy/share/rosidl_default_generators/cmake)
[40.903s] -- Found rosidl_adapter: 4.6.7 (/opt/ros/jazzy/share/rosidl_adapter/cmake)
[40.904s] -- Found tf2: 0.36.19 (/opt/ros/jazzy/share/tf2/cmake)
[41.292s] -- Found ament_cmake_ros: 0.12.0 (/opt/ros/jazzy/share/ament_cmake_ros/cmake)
[41.619s] -- Using all available rosidl_typesupport_c: rosidl_typesupport_fastrtps_c;rosidl_typesupport_introspection_c
[41.742s] -- Using all available rosidl_typesupport_cpp: rosidl_typesupport_fastrtps_cpp;rosidl_typesupport_introspection_cpp
[41.743s] -- Found python_cmake_module: 0.11.1 (/opt/ros/jazzy/share/python_cmake_module/cmake)
[41.995s] -- Found Python3: /usr/bin/python3 (found version "3.12.3") found components: Interpreter Development NumPy Development.Module Development.Embed 
[42.073s] -- Configuring done (42.0s)
[42.233s] -- Generating done (0.1s)
[42.252s] -- Build files have been written to: /home/inauenma/git/mecheye_ros2_interface/build/mecheye_ros_interface
[42.283s] Invoked command in '/home/inauenma/git/mecheye_ros2_interface/build/mecheye_ros_interface' returned '0': CMAKE_PREFIX_PATH=${CMAKE_PREFIX_PATH}:/home/inauenma/ros2_ws/install/mesh_control_ros:/home/inauenma/moveit_ws/install/moveit_configs_utils:/opt/ros/jazzy DEBUGINFOD_URLS=https://debuginfod.ubuntu.com /usr/bin/cmake /home/inauenma/git/mecheye_ros2_interface -DCMAKE_INSTALL_PREFIX=/home/inauenma/git/mecheye_ros2_interface/install/mecheye_ros_interface
[42.284s] Invoking command in '/home/inauenma/git/mecheye_ros2_interface/build/mecheye_ros_interface': CMAKE_PREFIX_PATH=${CMAKE_PREFIX_PATH}:/home/inauenma/ros2_ws/install/mesh_control_ros:/home/inauenma/moveit_ws/install/moveit_configs_utils:/opt/ros/jazzy DEBUGINFOD_URLS=https://debuginfod.ubuntu.com /usr/bin/cmake --build /home/inauenma/git/mecheye_ros2_interface/build/mecheye_ros_interface -- -j16 -l16
[42.317s] /usr/bin/cmake -S/home/inauenma/git/mecheye_ros2_interface -B/home/inauenma/git/mecheye_ros2_interface/build/mecheye_ros_interface --check-build-system CMakeFiles/Makefile.cmake 0
[42.340s] /usr/bin/cmake -E cmake_progress_start /home/inauenma/git/mecheye_ros2_interface/build/mecheye_ros_interface/CMakeFiles /home/inauenma/git/mecheye_ros2_interface/build/mecheye_ros_interface//CMakeFiles/progress.marks
[42.357s] /usr/bin/gmake  -f CMakeFiles/Makefile2 all
[42.361s] gmake[1]: Entering directory '/home/inauenma/git/mecheye_ros2_interface/build/mecheye_ros_interface'
[42.361s] /usr/bin/gmake  -f CMakeFiles/mecheye_ros_interface__rosidl_generator_type_description.dir/build.make CMakeFiles/mecheye_ros_interface__rosidl_generator_type_description.dir/depend
[42.362s] /usr/bin/gmake  -f CMakeFiles/ament_cmake_python_copy_mecheye_ros_interface.dir/build.make CMakeFiles/ament_cmake_python_copy_mecheye_ros_interface.dir/depend
[42.364s] gmake[2]: Entering directory '/home/inauenma/git/mecheye_ros2_interface/build/mecheye_ros_interface'
[42.364s] cd /home/inauenma/git/mecheye_ros2_interface/build/mecheye_ros_interface && /usr/bin/cmake -E cmake_depends "Unix Makefiles" /home/inauenma/git/mecheye_ros2_interface /home/inauenma/git/mecheye_ros2_interface /home/inauenma/git/mecheye_ros2_interface/build/mecheye_ros_interface /home/inauenma/git/mecheye_ros2_interface/build/mecheye_ros_interface /home/inauenma/git/mecheye_ros2_interface/build/mecheye_ros_interface/CMakeFiles/ament_cmake_python_copy_mecheye_ros_interface.dir/DependInfo.cmake "--color="
[42.364s] gmake[2]: Entering directory '/home/inauenma/git/mecheye_ros2_interface/build/mecheye_ros_interface'
[42.364s] cd /home/inauenma/git/mecheye_ros2_interface/build/mecheye_ros_interface && /usr/bin/cmake -E cmake_depends "Unix Makefiles" /home/inauenma/git/mecheye_ros2_interface /home/inauenma/git/mecheye_ros2_interface /home/inauenma/git/mecheye_ros2_interface/build/mecheye_ros_interface /home/inauenma/git/mecheye_ros2_interface/build/mecheye_ros_interface /home/inauenma/git/mecheye_ros2_interface/build/mecheye_ros_interface/CMakeFiles/mecheye_ros_interface__rosidl_generator_type_description.dir/DependInfo.cmake "--color="
[42.382s] gmake[2]: Leaving directory '/home/inauenma/git/mecheye_ros2_interface/build/mecheye_ros_interface'
[42.383s] gmake[2]: Leaving directory '/home/inauenma/git/mecheye_ros2_interface/build/mecheye_ros_interface'
[42.383s] /usr/bin/gmake  -f CMakeFiles/ament_cmake_python_copy_mecheye_ros_interface.dir/build.make CMakeFiles/ament_cmake_python_copy_mecheye_ros_interface.dir/build
[42.383s] /usr/bin/gmake  -f CMakeFiles/mecheye_ros_interface__rosidl_generator_type_description.dir/build.make CMakeFiles/mecheye_ros_interface__rosidl_generator_type_description.dir/build
[42.385s] gmake[2]: Entering directory '/home/inauenma/git/mecheye_ros2_interface/build/mecheye_ros_interface'
[42.385s] /usr/bin/cmake -E copy_directory /home/inauenma/git/mecheye_ros2_interface/build/mecheye_ros_interface/rosidl_generator_py/mecheye_ros_interface /home/inauenma/git/mecheye_ros2_interface/build/mecheye_ros_interface/ament_cmake_python/mecheye_ros_interface/mecheye_ros_interface
[42.385s] gmake[2]: Entering directory '/home/inauenma/git/mecheye_ros2_interface/build/mecheye_ros_interface'
[42.402s] [  1%] Generating type hashes for ROS interfaces
[42.403s] /usr/bin/python3 /opt/ros/jazzy/lib/rosidl_generator_type_description/rosidl_generator_type_description --generator-arguments-file /home/inauenma/git/mecheye_ros2_interface/build/mecheye_ros_interface/rosidl_generator_type_description__arguments.json
[42.403s] gmake[2]: Leaving directory '/home/inauenma/git/mecheye_ros2_interface/build/mecheye_ros_interface'
[42.420s] [  1%] Built target ament_cmake_python_copy_mecheye_ros_interface
[42.422s] /usr/bin/gmake  -f CMakeFiles/ament_cmake_python_build_mecheye_ros_interface_egg.dir/build.make CMakeFiles/ament_cmake_python_build_mecheye_ros_interface_egg.dir/depend
[42.424s] gmake[2]: Entering directory '/home/inauenma/git/mecheye_ros2_interface/build/mecheye_ros_interface'
[42.424s] cd /home/inauenma/git/mecheye_ros2_interface/build/mecheye_ros_interface && /usr/bin/cmake -E cmake_depends "Unix Makefiles" /home/inauenma/git/mecheye_ros2_interface /home/inauenma/git/mecheye_ros2_interface /home/inauenma/git/mecheye_ros2_interface/build/mecheye_ros_interface /home/inauenma/git/mecheye_ros2_interface/build/mecheye_ros_interface /home/inauenma/git/mecheye_ros2_interface/build/mecheye_ros_interface/CMakeFiles/ament_cmake_python_build_mecheye_ros_interface_egg.dir/DependInfo.cmake "--color="
[42.445s] gmake[2]: Leaving directory '/home/inauenma/git/mecheye_ros2_interface/build/mecheye_ros_interface'
[42.445s] /usr/bin/gmake  -f CMakeFiles/ament_cmake_python_build_mecheye_ros_interface_egg.dir/build.make CMakeFiles/ament_cmake_python_build_mecheye_ros_interface_egg.dir/build
[42.448s] gmake[2]: Entering directory '/home/inauenma/git/mecheye_ros2_interface/build/mecheye_ros_interface'
[42.448s] cd /home/inauenma/git/mecheye_ros2_interface/build/mecheye_ros_interface/ament_cmake_python/mecheye_ros_interface && /usr/bin/python3 setup.py egg_info
[42.627s] running egg_info
[42.627s] creating mecheye_ros_interface.egg-info
[42.642s] writing mecheye_ros_interface.egg-info/PKG-INFO
[42.642s] writing dependency_links to mecheye_ros_interface.egg-info/dependency_links.txt
[42.642s] writing top-level names to mecheye_ros_interface.egg-info/top_level.txt
[42.643s] writing manifest file 'mecheye_ros_interface.egg-info/SOURCES.txt'
[42.685s] reading manifest file 'mecheye_ros_interface.egg-info/SOURCES.txt'
[42.686s] writing manifest file 'mecheye_ros_interface.egg-info/SOURCES.txt'
[42.714s] gmake[2]: Leaving directory '/home/inauenma/git/mecheye_ros2_interface/build/mecheye_ros_interface'
[42.733s] [  1%] Built target ament_cmake_python_build_mecheye_ros_interface_egg
[42.782s] gmake[2]: Leaving directory '/home/inauenma/git/mecheye_ros2_interface/build/mecheye_ros_interface'
[42.805s] [  1%] Built target mecheye_ros_interface__rosidl_generator_type_description
[42.806s] /usr/bin/gmake  -f CMakeFiles/mecheye_ros_interface__cpp.dir/build.make CMakeFiles/mecheye_ros_interface__cpp.dir/depend
[42.806s] /usr/bin/gmake  -f CMakeFiles/mecheye_ros_interface__rosidl_generator_c.dir/build.make CMakeFiles/mecheye_ros_interface__rosidl_generator_c.dir/depend
[42.810s] gmake[2]: Entering directory '/home/inauenma/git/mecheye_ros2_interface/build/mecheye_ros_interface'
[42.810s] cd /home/inauenma/git/mecheye_ros2_interface/build/mecheye_ros_interface && /usr/bin/cmake -E cmake_depends "Unix Makefiles" /home/inauenma/git/mecheye_ros2_interface /home/inauenma/git/mecheye_ros2_interface /home/inauenma/git/mecheye_ros2_interface/build/mecheye_ros_interface /home/inauenma/git/mecheye_ros2_interface/build/mecheye_ros_interface /home/inauenma/git/mecheye_ros2_interface/build/mecheye_ros_interface/CMakeFiles/mecheye_ros_interface__cpp.dir/DependInfo.cmake "--color="
[42.812s] gmake[2]: Entering directory '/home/inauenma/git/mecheye_ros2_interface/build/mecheye_ros_interface'
[42.828s] [  2%] Generating C code for ROS interfaces
[42.829s] /usr/bin/python3 /opt/ros/jazzy/share/rosidl_generator_c/cmake/../../../lib/rosidl_generator_c/rosidl_generator_c --generator-arguments-file /home/inauenma/git/mecheye_ros2_interface/build/mecheye_ros_interface/rosidl_generator_c__arguments.json
[42.830s] gmake[2]: Leaving directory '/home/inauenma/git/mecheye_ros2_interface/build/mecheye_ros_interface'
[42.831s] /usr/bin/gmake  -f CMakeFiles/mecheye_ros_interface__cpp.dir/build.make CMakeFiles/mecheye_ros_interface__cpp.dir/build
[42.834s] gmake[2]: Entering directory '/home/inauenma/git/mecheye_ros2_interface/build/mecheye_ros_interface'
[42.855s] [  2%] Generating C++ code for ROS interfaces
[42.856s] /usr/bin/python3 /opt/ros/jazzy/share/rosidl_generator_cpp/cmake/../../../lib/rosidl_generator_cpp/rosidl_generator_cpp --generator-arguments-file /home/inauenma/git/mecheye_ros2_interface/build/mecheye_ros_interface/rosidl_generator_cpp__arguments.json
[44.506s] gmake[2]: Leaving directory '/home/inauenma/git/mecheye_ros2_interface/build/mecheye_ros_interface'
[44.529s] [  2%] Built target mecheye_ros_interface__cpp
[45.042s] cd /home/inauenma/git/mecheye_ros2_interface/build/mecheye_ros_interface && /usr/bin/cmake -E cmake_depends "Unix Makefiles" /home/inauenma/git/mecheye_ros2_interface /home/inauenma/git/mecheye_ros2_interface /home/inauenma/git/mecheye_ros2_interface/build/mecheye_ros_interface /home/inauenma/git/mecheye_ros2_interface/build/mecheye_ros_interface /home/inauenma/git/mecheye_ros2_interface/build/mecheye_ros_interface/CMakeFiles/mecheye_ros_interface__rosidl_generator_c.dir/DependInfo.cmake "--color="
[45.069s] gmake[2]: Leaving directory '/home/inauenma/git/mecheye_ros2_interface/build/mecheye_ros_interface'
[45.069s] /usr/bin/gmake  -f CMakeFiles/mecheye_ros_interface__rosidl_generator_c.dir/build.make CMakeFiles/mecheye_ros_interface__rosidl_generator_c.dir/build
[45.076s] gmake[2]: Entering directory '/home/inauenma/git/mecheye_ros2_interface/build/mecheye_ros_interface'
[45.102s] [  3%] Building C object CMakeFiles/mecheye_ros_interface__rosidl_generator_c.dir/rosidl_generator_c/mecheye_ros_interface/srv/detail/add_user_set__description.c.o
[45.102s] [  3%] Building C object CMakeFiles/mecheye_ros_interface__rosidl_generator_c.dir/rosidl_generator_c/mecheye_ros_interface/srv/detail/set_current_user_set__description.c.o
[45.102s] [  3%] Building C object CMakeFiles/mecheye_ros_interface__rosidl_generator_c.dir/rosidl_generator_c/mecheye_ros_interface/srv/detail/save_all_settings_to_user_sets__description.c.o
[45.103s] [  3%] Building C object CMakeFiles/mecheye_ros_interface__rosidl_generator_c.dir/rosidl_generator_c/mecheye_ros_interface/srv/detail/set_current_user_set__functions.c.o
[45.103s] [  3%] Building C object CMakeFiles/mecheye_ros_interface__rosidl_generator_c.dir/rosidl_generator_c/mecheye_ros_interface/srv/detail/set_current_user_set__type_support.c.o
[45.103s] [  3%] Building C object CMakeFiles/mecheye_ros_interface__rosidl_generator_c.dir/rosidl_generator_c/mecheye_ros_interface/srv/detail/save_all_settings_to_user_sets__functions.c.o
[45.103s] [  5%] Building C object CMakeFiles/mecheye_ros_interface__rosidl_generator_c.dir/rosidl_generator_c/mecheye_ros_interface/srv/detail/add_user_set__type_support.c.o
[45.104s] [  5%] Building C object CMakeFiles/mecheye_ros_interface__rosidl_generator_c.dir/rosidl_generator_c/mecheye_ros_interface/srv/detail/save_all_settings_to_user_sets__type_support.c.o
[45.104s] /usr/bin/cc -DROSIDL_GENERATOR_C_BUILDING_DLL_mecheye_ros_interface -DROS_PACKAGE_NAME=\"mecheye_ros_interface\" -I/usr/include/eigen3 -I/home/inauenma/git/mecheye_ros2_interface/build/mecheye_ros_interface/rosidl_generator_c -isystem /opt/ros/jazzy/include/std_msgs -isystem /opt/ros/jazzy/include/builtin_interfaces -isystem /opt/ros/jazzy/include/rosidl_runtime_c -isystem /opt/ros/jazzy/include/rcutils -isystem /opt/ros/jazzy/include/rosidl_typesupport_interface -isystem /opt/ros/jazzy/include/sensor_msgs -isystem /opt/ros/jazzy/include/geometry_msgs -isystem /opt/ros/jazzy/include/service_msgs -std=gnu11 -fPIC -Wall -MD -MT CMakeFiles/mecheye_ros_interface__rosidl_generator_c.dir/rosidl_generator_c/mecheye_ros_interface/srv/detail/set_current_user_set__description.c.o -MF CMakeFiles/mecheye_ros_interface__rosidl_generator_c.dir/rosidl_generator_c/mecheye_ros_interface/srv/detail/set_current_user_set__description.c.o.d -o CMakeFiles/mecheye_ros_interface__rosidl_generator_c.dir/rosidl_generator_c/mecheye_ros_interface/srv/detail/set_current_user_set__description.c.o -c /home/inauenma/git/mecheye_ros2_interface/build/mecheye_ros_interface/rosidl_generator_c/mecheye_ros_interface/srv/detail/set_current_user_set__description.c
[45.104s] [  5%] Building C object CMakeFiles/mecheye_ros_interface__rosidl_generator_c.dir/rosidl_generator_c/mecheye_ros_interface/srv/detail/add_user_set__functions.c.o
[45.104s] [  5%] Building C object CMakeFiles/mecheye_ros_interface__rosidl_generator_c.dir/rosidl_generator_c/mecheye_ros_interface/srv/detail/capture_color_image__description.c.o
[45.104s] /usr/bin/cc -DROSIDL_GENERATOR_C_BUILDING_DLL_mecheye_ros_interface -DROS_PACKAGE_NAME=\"mecheye_ros_interface\" -I/usr/include/eigen3 -I/home/inauenma/git/mecheye_ros2_interface/build/mecheye_ros_interface/rosidl_generator_c -isystem /opt/ros/jazzy/include/std_msgs -isystem /opt/ros/jazzy/include/builtin_interfaces -isystem /opt/ros/jazzy/include/rosidl_runtime_c -isystem /opt/ros/jazzy/include/rcutils -isystem /opt/ros/jazzy/include/rosidl_typesupport_interface -isystem /opt/ros/jazzy/include/sensor_msgs -isystem /opt/ros/jazzy/include/geometry_msgs -isystem /opt/ros/jazzy/include/service_msgs -std=gnu11 -fPIC -Wall -MD -MT CMakeFiles/mecheye_ros_interface__rosidl_generator_c.dir/rosidl_generator_c/mecheye_ros_interface/srv/detail/set_current_user_set__functions.c.o -MF CMakeFiles/mecheye_ros_interface__rosidl_generator_c.dir/rosidl_generator_c/mecheye_ros_interface/srv/detail/set_current_user_set__functions.c.o.d -o CMakeFiles/mecheye_ros_interface__rosidl_generator_c.dir/rosidl_generator_c/mecheye_ros_interface/srv/detail/set_current_user_set__functions.c.o -c /home/inauenma/git/mecheye_ros2_interface/build/mecheye_ros_interface/rosidl_generator_c/mecheye_ros_interface/srv/detail/set_current_user_set__functions.c
[45.105s] [  6%] Building C object CMakeFiles/mecheye_ros_interface__rosidl_generator_c.dir/rosidl_generator_c/mecheye_ros_interface/srv/detail/capture_color_image__type_support.c.o
[45.105s] /usr/bin/cc -DROSIDL_GENERATOR_C_BUILDING_DLL_mecheye_ros_interface -DROS_PACKAGE_NAME=\"mecheye_ros_interface\" -I/usr/include/eigen3 -I/home/inauenma/git/mecheye_ros2_interface/build/mecheye_ros_interface/rosidl_generator_c -isystem /opt/ros/jazzy/include/std_msgs -isystem /opt/ros/jazzy/include/builtin_interfaces -isystem /opt/ros/jazzy/include/rosidl_runtime_c -isystem /opt/ros/jazzy/include/rcutils -isystem /opt/ros/jazzy/include/rosidl_typesupport_interface -isystem /opt/ros/jazzy/include/sensor_msgs -isystem /opt/ros/jazzy/include/geometry_msgs -isystem /opt/ros/jazzy/include/service_msgs -std=gnu11 -fPIC -Wall -MD -MT CMakeFiles/mecheye_ros_interface__rosidl_generator_c.dir/rosidl_generator_c/mecheye_ros_interface/srv/detail/set_current_user_set__type_support.c.o -MF CMakeFiles/mecheye_ros_interface__rosidl_generator_c.dir/rosidl_generator_c/mecheye_ros_interface/srv/detail/set_current_user_set__type_support.c.o.d -o CMakeFiles/mecheye_ros_interface__rosidl_generator_c.dir/rosidl_generator_c/mecheye_ros_interface/srv/detail/set_current_user_set__type_support.c.o -c /home/inauenma/git/mecheye_ros2_interface/build/mecheye_ros_interface/rosidl_generator_c/mecheye_ros_interface/srv/detail/set_current_user_set__type_support.c
[45.105s] /usr/bin/cc -DROSIDL_GENERATOR_C_BUILDING_DLL_mecheye_ros_interface -DROS_PACKAGE_NAME=\"mecheye_ros_interface\" -I/usr/include/eigen3 -I/home/inauenma/git/mecheye_ros2_interface/build/mecheye_ros_interface/rosidl_generator_c -isystem /opt/ros/jazzy/include/std_msgs -isystem /opt/ros/jazzy/include/builtin_interfaces -isystem /opt/ros/jazzy/include/rosidl_runtime_c -isystem /opt/ros/jazzy/include/rcutils -isystem /opt/ros/jazzy/include/rosidl_typesupport_interface -isystem /opt/ros/jazzy/include/sensor_msgs -isystem /opt/ros/jazzy/include/geometry_msgs -isystem /opt/ros/jazzy/include/service_msgs -std=gnu11 -fPIC -Wall -MD -MT CMakeFiles/mecheye_ros_interface__rosidl_generator_c.dir/rosidl_generator_c/mecheye_ros_interface/srv/detail/save_all_settings_to_user_sets__description.c.o -MF CMakeFiles/mecheye_ros_interface__rosidl_generator_c.dir/rosidl_generator_c/mecheye_ros_interface/srv/detail/save_all_settings_to_user_sets__description.c.o.d -o CMakeFiles/mecheye_ros_interface__rosidl_generator_c.dir/rosidl_generator_c/mecheye_ros_interface/srv/detail/save_all_settings_to_user_sets__description.c.o -c /home/inauenma/git/mecheye_ros2_interface/build/mecheye_ros_interface/rosidl_generator_c/mecheye_ros_interface/srv/detail/save_all_settings_to_user_sets__description.c
[45.106s] /usr/bin/cc -DROSIDL_GENERATOR_C_BUILDING_DLL_mecheye_ros_interface -DROS_PACKAGE_NAME=\"mecheye_ros_interface\" -I/usr/include/eigen3 -I/home/inauenma/git/mecheye_ros2_interface/build/mecheye_ros_interface/rosidl_generator_c -isystem /opt/ros/jazzy/include/std_msgs -isystem /opt/ros/jazzy/include/builtin_interfaces -isystem /opt/ros/jazzy/include/rosidl_runtime_c -isystem /opt/ros/jazzy/include/rcutils -isystem /opt/ros/jazzy/include/rosidl_typesupport_interface -isystem /opt/ros/jazzy/include/sensor_msgs -isystem /opt/ros/jazzy/include/geometry_msgs -isystem /opt/ros/jazzy/include/service_msgs -std=gnu11 -fPIC -Wall -MD -MT CMakeFiles/mecheye_ros_interface__rosidl_generator_c.dir/rosidl_generator_c/mecheye_ros_interface/srv/detail/save_all_settings_to_user_sets__functions.c.o -MF CMakeFiles/mecheye_ros_interface__rosidl_generator_c.dir/rosidl_generator_c/mecheye_ros_interface/srv/detail/save_all_settings_to_user_sets__functions.c.o.d -o CMakeFiles/mecheye_ros_interface__rosidl_generator_c.dir/rosidl_generator_c/mecheye_ros_interface/srv/detail/save_all_settings_to_user_sets__functions.c.o -c /home/inauenma/git/mecheye_ros2_interface/build/mecheye_ros_interface/rosidl_generator_c/mecheye_ros_interface/srv/detail/save_all_settings_to_user_sets__functions.c
[45.106s] /usr/bin/cc -DROSIDL_GENERATOR_C_BUILDING_DLL_mecheye_ros_interface -DROS_PACKAGE_NAME=\"mecheye_ros_interface\" -I/usr/include/eigen3 -I/home/inauenma/git/mecheye_ros2_interface/build/mecheye_ros_interface/rosidl_generator_c -isystem /opt/ros/jazzy/include/std_msgs -isystem /opt/ros/jazzy/include/builtin_interfaces -isystem /opt/ros/jazzy/include/rosidl_runtime_c -isystem /opt/ros/jazzy/include/rcutils -isystem /opt/ros/jazzy/include/rosidl_typesupport_interface -isystem /opt/ros/jazzy/include/sensor_msgs -isystem /opt/ros/jazzy/include/geometry_msgs -isystem /opt/ros/jazzy/include/service_msgs -std=gnu11 -fPIC -Wall -MD -MT CMakeFiles/mecheye_ros_interface__rosidl_generator_c.dir/rosidl_generator_c/mecheye_ros_interface/srv/detail/save_all_settings_to_user_sets__type_support.c.o -MF CMakeFiles/mecheye_ros_interface__rosidl_generator_c.dir/rosidl_generator_c/mecheye_ros_interface/srv/detail/save_all_settings_to_user_sets__type_support.c.o.d -o CMakeFiles/mecheye_ros_interface__rosidl_generator_c.dir/rosidl_generator_c/mecheye_ros_interface/srv/detail/save_all_settings_to_user_sets__type_support.c.o -c /home/inauenma/git/mecheye_ros2_interface/build/mecheye_ros_interface/rosidl_generator_c/mecheye_ros_interface/srv/detail/save_all_settings_to_user_sets__type_support.c
[45.107s] /usr/bin/cc -DROSIDL_GENERATOR_C_BUILDING_DLL_mecheye_ros_interface -DROS_PACKAGE_NAME=\"mecheye_ros_interface\" -I/usr/include/eigen3 -I/home/inauenma/git/mecheye_ros2_interface/build/mecheye_ros_interface/rosidl_generator_c -isystem /opt/ros/jazzy/include/std_msgs -isystem /opt/ros/jazzy/include/builtin_interfaces -isystem /opt/ros/jazzy/include/rosidl_runtime_c -isystem /opt/ros/jazzy/include/rcutils -isystem /opt/ros/jazzy/include/rosidl_typesupport_interface -isystem /opt/ros/jazzy/include/sensor_msgs -isystem /opt/ros/jazzy/include/geometry_msgs -isystem /opt/ros/jazzy/include/service_msgs -std=gnu11 -fPIC -Wall -MD -MT CMakeFiles/mecheye_ros_interface__rosidl_generator_c.dir/rosidl_generator_c/mecheye_ros_interface/srv/detail/add_user_set__description.c.o -MF CMakeFiles/mecheye_ros_interface__rosidl_generator_c.dir/rosidl_generator_c/mecheye_ros_interface/srv/detail/add_user_set__description.c.o.d -o CMakeFiles/mecheye_ros_interface__rosidl_generator_c.dir/rosidl_generator_c/mecheye_ros_interface/srv/detail/add_user_set__description.c.o -c /home/inauenma/git/mecheye_ros2_interface/build/mecheye_ros_interface/rosidl_generator_c/mecheye_ros_interface/srv/detail/add_user_set__description.c
[45.108s] /usr/bin/cc -DROSIDL_GENERATOR_C_BUILDING_DLL_mecheye_ros_interface -DROS_PACKAGE_NAME=\"mecheye_ros_interface\" -I/usr/include/eigen3 -I/home/inauenma/git/mecheye_ros2_interface/build/mecheye_ros_interface/rosidl_generator_c -isystem /opt/ros/jazzy/include/std_msgs -isystem /opt/ros/jazzy/include/builtin_interfaces -isystem /opt/ros/jazzy/include/rosidl_runtime_c -isystem /opt/ros/jazzy/include/rcutils -isystem /opt/ros/jazzy/include/rosidl_typesupport_interface -isystem /opt/ros/jazzy/include/sensor_msgs -isystem /opt/ros/jazzy/include/geometry_msgs -isystem /opt/ros/jazzy/include/service_msgs -std=gnu11 -fPIC -Wall -MD -MT CMakeFiles/mecheye_ros_interface__rosidl_generator_c.dir/rosidl_generator_c/mecheye_ros_interface/srv/detail/add_user_set__functions.c.o -MF CMakeFiles/mecheye_ros_interface__rosidl_generator_c.dir/rosidl_generator_c/mecheye_ros_interface/srv/detail/add_user_set__functions.c.o.d -o CMakeFiles/mecheye_ros_interface__rosidl_generator_c.dir/rosidl_generator_c/mecheye_ros_interface/srv/detail/add_user_set__functions.c.o -c /home/inauenma/git/mecheye_ros2_interface/build/mecheye_ros_interface/rosidl_generator_c/mecheye_ros_interface/srv/detail/add_user_set__functions.c
[45.108s] [  6%] Building C object CMakeFiles/mecheye_ros_interface__rosidl_generator_c.dir/rosidl_generator_c/mecheye_ros_interface/srv/detail/capture_stereo_color_images__functions.c.o
[45.108s] [  6%] Building C object CMakeFiles/mecheye_ros_interface__rosidl_generator_c.dir/rosidl_generator_c/mecheye_ros_interface/srv/detail/capture_color_image__functions.c.o
[45.108s] [  7%] Building C object CMakeFiles/mecheye_ros_interface__rosidl_generator_c.dir/rosidl_generator_c/mecheye_ros_interface/srv/detail/capture_stereo_color_images__type_support.c.o
[45.108s] /usr/bin/cc -DROSIDL_GENERATOR_C_BUILDING_DLL_mecheye_ros_interface -DROS_PACKAGE_NAME=\"mecheye_ros_interface\" -I/usr/include/eigen3 -I/home/inauenma/git/mecheye_ros2_interface/build/mecheye_ros_interface/rosidl_generator_c -isystem /opt/ros/jazzy/include/std_msgs -isystem /opt/ros/jazzy/include/builtin_interfaces -isystem /opt/ros/jazzy/include/rosidl_runtime_c -isystem /opt/ros/jazzy/include/rcutils -isystem /opt/ros/jazzy/include/rosidl_typesupport_interface -isystem /opt/ros/jazzy/include/sensor_msgs -isystem /opt/ros/jazzy/include/geometry_msgs -isystem /opt/ros/jazzy/include/service_msgs -std=gnu11 -fPIC -Wall -MD -MT CMakeFiles/mecheye_ros_interface__rosidl_generator_c.dir/rosidl_generator_c/mecheye_ros_interface/srv/detail/add_user_set__type_support.c.o -MF CMakeFiles/mecheye_ros_interface__rosidl_generator_c.dir/rosidl_generator_c/mecheye_ros_interface/srv/detail/add_user_set__type_support.c.o.d -o CMakeFiles/mecheye_ros_interface__rosidl_generator_c.dir/rosidl_generator_c/mecheye_ros_interface/srv/detail/add_user_set__type_support.c.o -c /home/inauenma/git/mecheye_ros2_interface/build/mecheye_ros_interface/rosidl_generator_c/mecheye_ros_interface/srv/detail/add_user_set__type_support.c
[45.108s] [  7%] Building C object CMakeFiles/mecheye_ros_interface__rosidl_generator_c.dir/rosidl_generator_c/mecheye_ros_interface/srv/detail/capture_textured_point_cloud__description.c.o
[45.111s] /usr/bin/cc -DROSIDL_GENERATOR_C_BUILDING_DLL_mecheye_ros_interface -DROS_PACKAGE_NAME=\"mecheye_ros_interface\" -I/usr/include/eigen3 -I/home/inauenma/git/mecheye_ros2_interface/build/mecheye_ros_interface/rosidl_generator_c -isystem /opt/ros/jazzy/include/std_msgs -isystem /opt/ros/jazzy/include/builtin_interfaces -isystem /opt/ros/jazzy/include/rosidl_runtime_c -isystem /opt/ros/jazzy/include/rcutils -isystem /opt/ros/jazzy/include/rosidl_typesupport_interface -isystem /opt/ros/jazzy/include/sensor_msgs -isystem /opt/ros/jazzy/include/geometry_msgs -isystem /opt/ros/jazzy/include/service_msgs -std=gnu11 -fPIC -Wall -MD -MT CMakeFiles/mecheye_ros_interface__rosidl_generator_c.dir/rosidl_generator_c/mecheye_ros_interface/srv/detail/capture_color_image__description.c.o -MF CMakeFiles/mecheye_ros_interface__rosidl_generator_c.dir/rosidl_generator_c/mecheye_ros_interface/srv/detail/capture_color_image__description.c.o.d -o CMakeFiles/mecheye_ros_interface__rosidl_generator_c.dir/rosidl_generator_c/mecheye_ros_interface/srv/detail/capture_color_image__description.c.o -c /home/inauenma/git/mecheye_ros2_interface/build/mecheye_ros_interface/rosidl_generator_c/mecheye_ros_interface/srv/detail/capture_color_image__description.c
[45.111s] /usr/bin/cc -DROSIDL_GENERATOR_C_BUILDING_DLL_mecheye_ros_interface -DROS_PACKAGE_NAME=\"mecheye_ros_interface\" -I/usr/include/eigen3 -I/home/inauenma/git/mecheye_ros2_interface/build/mecheye_ros_interface/rosidl_generator_c -isystem /opt/ros/jazzy/include/std_msgs -isystem /opt/ros/jazzy/include/builtin_interfaces -isystem /opt/ros/jazzy/include/rosidl_runtime_c -isystem /opt/ros/jazzy/include/rcutils -isystem /opt/ros/jazzy/include/rosidl_typesupport_interface -isystem /opt/ros/jazzy/include/sensor_msgs -isystem /opt/ros/jazzy/include/geometry_msgs -isystem /opt/ros/jazzy/include/service_msgs -std=gnu11 -fPIC -Wall -MD -MT CMakeFiles/mecheye_ros_interface__rosidl_generator_c.dir/rosidl_generator_c/mecheye_ros_interface/srv/detail/capture_color_image__functions.c.o -MF CMakeFiles/mecheye_ros_interface__rosidl_generator_c.dir/rosidl_generator_c/mecheye_ros_interface/srv/detail/capture_color_image__functions.c.o.d -o CMakeFiles/mecheye_ros_interface__rosidl_generator_c.dir/rosidl_generator_c/mecheye_ros_interface/srv/detail/capture_color_image__functions.c.o -c /home/inauenma/git/mecheye_ros2_interface/build/mecheye_ros_interface/rosidl_generator_c/mecheye_ros_interface/srv/detail/capture_color_image__functions.c
[45.112s] /usr/bin/cc -DROSIDL_GENERATOR_C_BUILDING_DLL_mecheye_ros_interface -DROS_PACKAGE_NAME=\"mecheye_ros_interface\" -I/usr/include/eigen3 -I/home/inauenma/git/mecheye_ros2_interface/build/mecheye_ros_interface/rosidl_generator_c -isystem /opt/ros/jazzy/include/std_msgs -isystem /opt/ros/jazzy/include/builtin_interfaces -isystem /opt/ros/jazzy/include/rosidl_runtime_c -isystem /opt/ros/jazzy/include/rcutils -isystem /opt/ros/jazzy/include/rosidl_typesupport_interface -isystem /opt/ros/jazzy/include/sensor_msgs -isystem /opt/ros/jazzy/include/geometry_msgs -isystem /opt/ros/jazzy/include/service_msgs -std=gnu11 -fPIC -Wall -MD -MT CMakeFiles/mecheye_ros_interface__rosidl_generator_c.dir/rosidl_generator_c/mecheye_ros_interface/srv/detail/capture_color_image__type_support.c.o -MF CMakeFiles/mecheye_ros_interface__rosidl_generator_c.dir/rosidl_generator_c/mecheye_ros_interface/srv/detail/capture_color_image__type_support.c.o.d -o CMakeFiles/mecheye_ros_interface__rosidl_generator_c.dir/rosidl_generator_c/mecheye_ros_interface/srv/detail/capture_color_image__type_support.c.o -c /home/inauenma/git/mecheye_ros2_interface/build/mecheye_ros_interface/rosidl_generator_c/mecheye_ros_interface/srv/detail/capture_color_image__type_support.c
[45.116s] /usr/bin/cc -DROSIDL_GENERATOR_C_BUILDING_DLL_mecheye_ros_interface -DROS_PACKAGE_NAME=\"mecheye_ros_interface\" -I/usr/include/eigen3 -I/home/inauenma/git/mecheye_ros2_interface/build/mecheye_ros_interface/rosidl_generator_c -isystem /opt/ros/jazzy/include/std_msgs -isystem /opt/ros/jazzy/include/builtin_interfaces -isystem /opt/ros/jazzy/include/rosidl_runtime_c -isystem /opt/ros/jazzy/include/rcutils -isystem /opt/ros/jazzy/include/rosidl_typesupport_interface -isystem /opt/ros/jazzy/include/sensor_msgs -isystem /opt/ros/jazzy/include/geometry_msgs -isystem /opt/ros/jazzy/include/service_msgs -std=gnu11 -fPIC -Wall -MD -MT CMakeFiles/mecheye_ros_interface__rosidl_generator_c.dir/rosidl_generator_c/mecheye_ros_interface/srv/detail/capture_stereo_color_images__functions.c.o -MF CMakeFiles/mecheye_ros_interface__rosidl_generator_c.dir/rosidl_generator_c/mecheye_ros_interface/srv/detail/capture_stereo_color_images__functions.c.o.d -o CMakeFiles/mecheye_ros_interface__rosidl_generator_c.dir/rosidl_generator_c/mecheye_ros_interface/srv/detail/capture_stereo_color_images__functions.c.o -c /home/inauenma/git/mecheye_ros2_interface/build/mecheye_ros_interface/rosidl_generator_c/mecheye_ros_interface/srv/detail/capture_stereo_color_images__functions.c
[45.116s] /usr/bin/cc -DROSIDL_GENERATOR_C_BUILDING_DLL_mecheye_ros_interface -DROS_PACKAGE_NAME=\"mecheye_ros_interface\" -I/usr/include/eigen3 -I/home/inauenma/git/mecheye_ros2_interface/build/mecheye_ros_interface/rosidl_generator_c -isystem /opt/ros/jazzy/include/std_msgs -isystem /opt/ros/jazzy/include/builtin_interfaces -isystem /opt/ros/jazzy/include/rosidl_runtime_c -isystem /opt/ros/jazzy/include/rcutils -isystem /opt/ros/jazzy/include/rosidl_typesupport_interface -isystem /opt/ros/jazzy/include/sensor_msgs -isystem /opt/ros/jazzy/include/geometry_msgs -isystem /opt/ros/jazzy/include/service_msgs -std=gnu11 -fPIC -Wall -MD -MT CMakeFiles/mecheye_ros_interface__rosidl_generator_c.dir/rosidl_generator_c/mecheye_ros_interface/srv/detail/capture_textured_point_cloud__description.c.o -MF CMakeFiles/mecheye_ros_interface__rosidl_generator_c.dir/rosidl_generator_c/mecheye_ros_interface/srv/detail/capture_textured_point_cloud__description.c.o.d -o CMakeFiles/mecheye_ros_interface__rosidl_generator_c.dir/rosidl_generator_c/mecheye_ros_interface/srv/detail/capture_textured_point_cloud__description.c.o -c /home/inauenma/git/mecheye_ros2_interface/build/mecheye_ros_interface/rosidl_generator_c/mecheye_ros_interface/srv/detail/capture_textured_point_cloud__description.c
[45.119s] /usr/bin/cc -DROSIDL_GENERATOR_C_BUILDING_DLL_mecheye_ros_interface -DROS_PACKAGE_NAME=\"mecheye_ros_interface\" -I/usr/include/eigen3 -I/home/inauenma/git/mecheye_ros2_interface/build/mecheye_ros_interface/rosidl_generator_c -isystem /opt/ros/jazzy/include/std_msgs -isystem /opt/ros/jazzy/include/builtin_interfaces -isystem /opt/ros/jazzy/include/rosidl_runtime_c -isystem /opt/ros/jazzy/include/rcutils -isystem /opt/ros/jazzy/include/rosidl_typesupport_interface -isystem /opt/ros/jazzy/include/sensor_msgs -isystem /opt/ros/jazzy/include/geometry_msgs -isystem /opt/ros/jazzy/include/service_msgs -std=gnu11 -fPIC -Wall -MD -MT CMakeFiles/mecheye_ros_interface__rosidl_generator_c.dir/rosidl_generator_c/mecheye_ros_interface/srv/detail/capture_stereo_color_images__type_support.c.o -MF CMakeFiles/mecheye_ros_interface__rosidl_generator_c.dir/rosidl_generator_c/mecheye_ros_interface/srv/detail/capture_stereo_color_images__type_support.c.o.d -o CMakeFiles/mecheye_ros_interface__rosidl_generator_c.dir/rosidl_generator_c/mecheye_ros_interface/srv/detail/capture_stereo_color_images__type_support.c.o -c /home/inauenma/git/mecheye_ros2_interface/build/mecheye_ros_interface/rosidl_generator_c/mecheye_ros_interface/srv/detail/capture_stereo_color_images__type_support.c
[45.119s] [  7%] Building C object CMakeFiles/mecheye_ros_interface__rosidl_generator_c.dir/rosidl_generator_c/mecheye_ros_interface/srv/detail/capture_stereo_color_images__description.c.o
[45.127s] /usr/bin/cc -DROSIDL_GENERATOR_C_BUILDING_DLL_mecheye_ros_interface -DROS_PACKAGE_NAME=\"mecheye_ros_interface\" -I/usr/include/eigen3 -I/home/inauenma/git/mecheye_ros2_interface/build/mecheye_ros_interface/rosidl_generator_c -isystem /opt/ros/jazzy/include/std_msgs -isystem /opt/ros/jazzy/include/builtin_interfaces -isystem /opt/ros/jazzy/include/rosidl_runtime_c -isystem /opt/ros/jazzy/include/rcutils -isystem /opt/ros/jazzy/include/rosidl_typesupport_interface -isystem /opt/ros/jazzy/include/sensor_msgs -isystem /opt/ros/jazzy/include/geometry_msgs -isystem /opt/ros/jazzy/include/service_msgs -std=gnu11 -fPIC -Wall -MD -MT CMakeFiles/mecheye_ros_interface__rosidl_generator_c.dir/rosidl_generator_c/mecheye_ros_interface/srv/detail/capture_stereo_color_images__description.c.o -MF CMakeFiles/mecheye_ros_interface__rosidl_generator_c.dir/rosidl_generator_c/mecheye_ros_interface/srv/detail/capture_stereo_color_images__description.c.o.d -o CMakeFiles/mecheye_ros_interface__rosidl_generator_c.dir/rosidl_generator_c/mecheye_ros_interface/srv/detail/capture_stereo_color_images__description.c.o -c /home/inauenma/git/mecheye_ros2_interface/build/mecheye_ros_interface/rosidl_generator_c/mecheye_ros_interface/srv/detail/capture_stereo_color_images__description.c
[45.211s] [  7%] Building C object CMakeFiles/mecheye_ros_interface__rosidl_generator_c.dir/rosidl_generator_c/mecheye_ros_interface/srv/detail/capture_textured_point_cloud__functions.c.o
[45.216s] /usr/bin/cc -DROSIDL_GENERATOR_C_BUILDING_DLL_mecheye_ros_interface -DROS_PACKAGE_NAME=\"mecheye_ros_interface\" -I/usr/include/eigen3 -I/home/inauenma/git/mecheye_ros2_interface/build/mecheye_ros_interface/rosidl_generator_c -isystem /opt/ros/jazzy/include/std_msgs -isystem /opt/ros/jazzy/include/builtin_interfaces -isystem /opt/ros/jazzy/include/rosidl_runtime_c -isystem /opt/ros/jazzy/include/rcutils -isystem /opt/ros/jazzy/include/rosidl_typesupport_interface -isystem /opt/ros/jazzy/include/sensor_msgs -isystem /opt/ros/jazzy/include/geometry_msgs -isystem /opt/ros/jazzy/include/service_msgs -std=gnu11 -fPIC -Wall -MD -MT CMakeFiles/mecheye_ros_interface__rosidl_generator_c.dir/rosidl_generator_c/mecheye_ros_interface/srv/detail/capture_textured_point_cloud__functions.c.o -MF CMakeFiles/mecheye_ros_interface__rosidl_generator_c.dir/rosidl_generator_c/mecheye_ros_interface/srv/detail/capture_textured_point_cloud__functions.c.o.d -o CMakeFiles/mecheye_ros_interface__rosidl_generator_c.dir/rosidl_generator_c/mecheye_ros_interface/srv/detail/capture_textured_point_cloud__functions.c.o -c /home/inauenma/git/mecheye_ros2_interface/build/mecheye_ros_interface/rosidl_generator_c/mecheye_ros_interface/srv/detail/capture_textured_point_cloud__functions.c
[45.221s] [  8%] Building C object CMakeFiles/mecheye_ros_interface__rosidl_generator_c.dir/rosidl_generator_c/mecheye_ros_interface/srv/detail/capture_textured_point_cloud__type_support.c.o
[45.222s] [  8%] Building C object CMakeFiles/mecheye_ros_interface__rosidl_generator_c.dir/rosidl_generator_c/mecheye_ros_interface/srv/detail/capture_depth_map__description.c.o
[45.224s] /usr/bin/cc -DROSIDL_GENERATOR_C_BUILDING_DLL_mecheye_ros_interface -DROS_PACKAGE_NAME=\"mecheye_ros_interface\" -I/usr/include/eigen3 -I/home/inauenma/git/mecheye_ros2_interface/build/mecheye_ros_interface/rosidl_generator_c -isystem /opt/ros/jazzy/include/std_msgs -isystem /opt/ros/jazzy/include/builtin_interfaces -isystem /opt/ros/jazzy/include/rosidl_runtime_c -isystem /opt/ros/jazzy/include/rcutils -isystem /opt/ros/jazzy/include/rosidl_typesupport_interface -isystem /opt/ros/jazzy/include/sensor_msgs -isystem /opt/ros/jazzy/include/geometry_msgs -isystem /opt/ros/jazzy/include/service_msgs -std=gnu11 -fPIC -Wall -MD -MT CMakeFiles/mecheye_ros_interface__rosidl_generator_c.dir/rosidl_generator_c/mecheye_ros_interface/srv/detail/capture_textured_point_cloud__type_support.c.o -MF CMakeFiles/mecheye_ros_interface__rosidl_generator_c.dir/rosidl_generator_c/mecheye_ros_interface/srv/detail/capture_textured_point_cloud__type_support.c.o.d -o CMakeFiles/mecheye_ros_interface__rosidl_generator_c.dir/rosidl_generator_c/mecheye_ros_interface/srv/detail/capture_textured_point_cloud__type_support.c.o -c /home/inauenma/git/mecheye_ros2_interface/build/mecheye_ros_interface/rosidl_generator_c/mecheye_ros_interface/srv/detail/capture_textured_point_cloud__type_support.c
[45.228s] /usr/bin/cc -DROSIDL_GENERATOR_C_BUILDING_DLL_mecheye_ros_interface -DROS_PACKAGE_NAME=\"mecheye_ros_interface\" -I/usr/include/eigen3 -I/home/inauenma/git/mecheye_ros2_interface/build/mecheye_ros_interface/rosidl_generator_c -isystem /opt/ros/jazzy/include/std_msgs -isystem /opt/ros/jazzy/include/builtin_interfaces -isystem /opt/ros/jazzy/include/rosidl_runtime_c -isystem /opt/ros/jazzy/include/rcutils -isystem /opt/ros/jazzy/include/rosidl_typesupport_interface -isystem /opt/ros/jazzy/include/sensor_msgs -isystem /opt/ros/jazzy/include/geometry_msgs -isystem /opt/ros/jazzy/include/service_msgs -std=gnu11 -fPIC -Wall -MD -MT CMakeFiles/mecheye_ros_interface__rosidl_generator_c.dir/rosidl_generator_c/mecheye_ros_interface/srv/detail/capture_depth_map__description.c.o -MF CMakeFiles/mecheye_ros_interface__rosidl_generator_c.dir/rosidl_generator_c/mecheye_ros_interface/srv/detail/capture_depth_map__description.c.o.d -o CMakeFiles/mecheye_ros_interface__rosidl_generator_c.dir/rosidl_generator_c/mecheye_ros_interface/srv/detail/capture_depth_map__description.c.o -c /home/inauenma/git/mecheye_ros2_interface/build/mecheye_ros_interface/rosidl_generator_c/mecheye_ros_interface/srv/detail/capture_depth_map__description.c
[45.232s] [  9%] Building C object CMakeFiles/mecheye_ros_interface__rosidl_generator_c.dir/rosidl_generator_c/mecheye_ros_interface/srv/detail/capture_depth_map__functions.c.o
[45.233s] [  9%] Building C object CMakeFiles/mecheye_ros_interface__rosidl_generator_c.dir/rosidl_generator_c/mecheye_ros_interface/srv/detail/capture_point_cloud__description.c.o
[45.234s] [  9%] Building C object CMakeFiles/mecheye_ros_interface__rosidl_generator_c.dir/rosidl_generator_c/mecheye_ros_interface/srv/detail/capture_depth_map__type_support.c.o
[45.236s] /usr/bin/cc -DROSIDL_GENERATOR_C_BUILDING_DLL_mecheye_ros_interface -DROS_PACKAGE_NAME=\"mecheye_ros_interface\" -I/usr/include/eigen3 -I/home/inauenma/git/mecheye_ros2_interface/build/mecheye_ros_interface/rosidl_generator_c -isystem /opt/ros/jazzy/include/std_msgs -isystem /opt/ros/jazzy/include/builtin_interfaces -isystem /opt/ros/jazzy/include/rosidl_runtime_c -isystem /opt/ros/jazzy/include/rcutils -isystem /opt/ros/jazzy/include/rosidl_typesupport_interface -isystem /opt/ros/jazzy/include/sensor_msgs -isystem /opt/ros/jazzy/include/geometry_msgs -isystem /opt/ros/jazzy/include/service_msgs -std=gnu11 -fPIC -Wall -MD -MT CMakeFiles/mecheye_ros_interface__rosidl_generator_c.dir/rosidl_generator_c/mecheye_ros_interface/srv/detail/capture_depth_map__functions.c.o -MF CMakeFiles/mecheye_ros_interface__rosidl_generator_c.dir/rosidl_generator_c/mecheye_ros_interface/srv/detail/capture_depth_map__functions.c.o.d -o CMakeFiles/mecheye_ros_interface__rosidl_generator_c.dir/rosidl_generator_c/mecheye_ros_interface/srv/detail/capture_depth_map__functions.c.o -c /home/inauenma/git/mecheye_ros2_interface/build/mecheye_ros_interface/rosidl_generator_c/mecheye_ros_interface/srv/detail/capture_depth_map__functions.c
[45.239s] /usr/bin/cc -DROSIDL_GENERATOR_C_BUILDING_DLL_mecheye_ros_interface -DROS_PACKAGE_NAME=\"mecheye_ros_interface\" -I/usr/include/eigen3 -I/home/inauenma/git/mecheye_ros2_interface/build/mecheye_ros_interface/rosidl_generator_c -isystem /opt/ros/jazzy/include/std_msgs -isystem /opt/ros/jazzy/include/builtin_interfaces -isystem /opt/ros/jazzy/include/rosidl_runtime_c -isystem /opt/ros/jazzy/include/rcutils -isystem /opt/ros/jazzy/include/rosidl_typesupport_interface -isystem /opt/ros/jazzy/include/sensor_msgs -isystem /opt/ros/jazzy/include/geometry_msgs -isystem /opt/ros/jazzy/include/service_msgs -std=gnu11 -fPIC -Wall -MD -MT CMakeFiles/mecheye_ros_interface__rosidl_generator_c.dir/rosidl_generator_c/mecheye_ros_interface/srv/detail/capture_depth_map__type_support.c.o -MF CMakeFiles/mecheye_ros_interface__rosidl_generator_c.dir/rosidl_generator_c/mecheye_ros_interface/srv/detail/capture_depth_map__type_support.c.o.d -o CMakeFiles/mecheye_ros_interface__rosidl_generator_c.dir/rosidl_generator_c/mecheye_ros_interface/srv/detail/capture_depth_map__type_support.c.o -c /home/inauenma/git/mecheye_ros2_interface/build/mecheye_ros_interface/rosidl_generator_c/mecheye_ros_interface/srv/detail/capture_depth_map__type_support.c
[45.240s] /usr/bin/cc -DROSIDL_GENERATOR_C_BUILDING_DLL_mecheye_ros_interface -DROS_PACKAGE_NAME=\"mecheye_ros_interface\" -I/usr/include/eigen3 -I/home/inauenma/git/mecheye_ros2_interface/build/mecheye_ros_interface/rosidl_generator_c -isystem /opt/ros/jazzy/include/std_msgs -isystem /opt/ros/jazzy/include/builtin_interfaces -isystem /opt/ros/jazzy/include/rosidl_runtime_c -isystem /opt/ros/jazzy/include/rcutils -isystem /opt/ros/jazzy/include/rosidl_typesupport_interface -isystem /opt/ros/jazzy/include/sensor_msgs -isystem /opt/ros/jazzy/include/geometry_msgs -isystem /opt/ros/jazzy/include/service_msgs -std=gnu11 -fPIC -Wall -MD -MT CMakeFiles/mecheye_ros_interface__rosidl_generator_c.dir/rosidl_generator_c/mecheye_ros_interface/srv/detail/capture_point_cloud__description.c.o -MF CMakeFiles/mecheye_ros_interface__rosidl_generator_c.dir/rosidl_generator_c/mecheye_ros_interface/srv/detail/capture_point_cloud__description.c.o.d -o CMakeFiles/mecheye_ros_interface__rosidl_generator_c.dir/rosidl_generator_c/mecheye_ros_interface/srv/detail/capture_point_cloud__description.c.o -c /home/inauenma/git/mecheye_ros2_interface/build/mecheye_ros_interface/rosidl_generator_c/mecheye_ros_interface/srv/detail/capture_point_cloud__description.c
[45.240s] [ 10%] Building C object CMakeFiles/mecheye_ros_interface__rosidl_generator_c.dir/rosidl_generator_c/mecheye_ros_interface/srv/detail/capture_point_cloud__functions.c.o
[45.241s] /usr/bin/cc -DROSIDL_GENERATOR_C_BUILDING_DLL_mecheye_ros_interface -DROS_PACKAGE_NAME=\"mecheye_ros_interface\" -I/usr/include/eigen3 -I/home/inauenma/git/mecheye_ros2_interface/build/mecheye_ros_interface/rosidl_generator_c -isystem /opt/ros/jazzy/include/std_msgs -isystem /opt/ros/jazzy/include/builtin_interfaces -isystem /opt/ros/jazzy/include/rosidl_runtime_c -isystem /opt/ros/jazzy/include/rcutils -isystem /opt/ros/jazzy/include/rosidl_typesupport_interface -isystem /opt/ros/jazzy/include/sensor_msgs -isystem /opt/ros/jazzy/include/geometry_msgs -isystem /opt/ros/jazzy/include/service_msgs -std=gnu11 -fPIC -Wall -MD -MT CMakeFiles/mecheye_ros_interface__rosidl_generator_c.dir/rosidl_generator_c/mecheye_ros_interface/srv/detail/capture_point_cloud__functions.c.o -MF CMakeFiles/mecheye_ros_interface__rosidl_generator_c.dir/rosidl_generator_c/mecheye_ros_interface/srv/detail/capture_point_cloud__functions.c.o.d -o CMakeFiles/mecheye_ros_interface__rosidl_generator_c.dir/rosidl_generator_c/mecheye_ros_interface/srv/detail/capture_point_cloud__functions.c.o -c /home/inauenma/git/mecheye_ros2_interface/build/mecheye_ros_interface/rosidl_generator_c/mecheye_ros_interface/srv/detail/capture_point_cloud__functions.c
[45.241s] [ 10%] Building C object CMakeFiles/mecheye_ros_interface__rosidl_generator_c.dir/rosidl_generator_c/mecheye_ros_interface/srv/detail/capture_point_cloud__type_support.c.o
[45.245s] [ 11%] Building C object CMakeFiles/mecheye_ros_interface__rosidl_generator_c.dir/rosidl_generator_c/mecheye_ros_interface/srv/detail/delete_user_set__functions.c.o
[45.245s] /usr/bin/cc -DROSIDL_GENERATOR_C_BUILDING_DLL_mecheye_ros_interface -DROS_PACKAGE_NAME=\"mecheye_ros_interface\" -I/usr/include/eigen3 -I/home/inauenma/git/mecheye_ros2_interface/build/mecheye_ros_interface/rosidl_generator_c -isystem /opt/ros/jazzy/include/std_msgs -isystem /opt/ros/jazzy/include/builtin_interfaces -isystem /opt/ros/jazzy/include/rosidl_runtime_c -isystem /opt/ros/jazzy/include/rcutils -isystem /opt/ros/jazzy/include/rosidl_typesupport_interface -isystem /opt/ros/jazzy/include/sensor_msgs -isystem /opt/ros/jazzy/include/geometry_msgs -isystem /opt/ros/jazzy/include/service_msgs -std=gnu11 -fPIC -Wall -MD -MT CMakeFiles/mecheye_ros_interface__rosidl_generator_c.dir/rosidl_generator_c/mecheye_ros_interface/srv/detail/capture_point_cloud__type_support.c.o -MF CMakeFiles/mecheye_ros_interface__rosidl_generator_c.dir/rosidl_generator_c/mecheye_ros_interface/srv/detail/capture_point_cloud__type_support.c.o.d -o CMakeFiles/mecheye_ros_interface__rosidl_generator_c.dir/rosidl_generator_c/mecheye_ros_interface/srv/detail/capture_point_cloud__type_support.c.o -c /home/inauenma/git/mecheye_ros2_interface/build/mecheye_ros_interface/rosidl_generator_c/mecheye_ros_interface/srv/detail/capture_point_cloud__type_support.c
[45.247s] /usr/bin/cc -DROSIDL_GENERATOR_C_BUILDING_DLL_mecheye_ros_interface -DROS_PACKAGE_NAME=\"mecheye_ros_interface\" -I/usr/include/eigen3 -I/home/inauenma/git/mecheye_ros2_interface/build/mecheye_ros_interface/rosidl_generator_c -isystem /opt/ros/jazzy/include/std_msgs -isystem /opt/ros/jazzy/include/builtin_interfaces -isystem /opt/ros/jazzy/include/rosidl_runtime_c -isystem /opt/ros/jazzy/include/rcutils -isystem /opt/ros/jazzy/include/rosidl_typesupport_interface -isystem /opt/ros/jazzy/include/sensor_msgs -isystem /opt/ros/jazzy/include/geometry_msgs -isystem /opt/ros/jazzy/include/service_msgs -std=gnu11 -fPIC -Wall -MD -MT CMakeFiles/mecheye_ros_interface__rosidl_generator_c.dir/rosidl_generator_c/mecheye_ros_interface/srv/detail/delete_user_set__functions.c.o -MF CMakeFiles/mecheye_ros_interface__rosidl_generator_c.dir/rosidl_generator_c/mecheye_ros_interface/srv/detail/delete_user_set__functions.c.o.d -o CMakeFiles/mecheye_ros_interface__rosidl_generator_c.dir/rosidl_generator_c/mecheye_ros_interface/srv/detail/delete_user_set__functions.c.o -c /home/inauenma/git/mecheye_ros2_interface/build/mecheye_ros_interface/rosidl_generator_c/mecheye_ros_interface/srv/detail/delete_user_set__functions.c
[45.249s] [ 11%] Building C object CMakeFiles/mecheye_ros_interface__rosidl_generator_c.dir/rosidl_generator_c/mecheye_ros_interface/srv/detail/delete_user_set__description.c.o
[45.250s] /usr/bin/cc -DROSIDL_GENERATOR_C_BUILDING_DLL_mecheye_ros_interface -DROS_PACKAGE_NAME=\"mecheye_ros_interface\" -I/usr/include/eigen3 -I/home/inauenma/git/mecheye_ros2_interface/build/mecheye_ros_interface/rosidl_generator_c -isystem /opt/ros/jazzy/include/std_msgs -isystem /opt/ros/jazzy/include/builtin_interfaces -isystem /opt/ros/jazzy/include/rosidl_runtime_c -isystem /opt/ros/jazzy/include/rcutils -isystem /opt/ros/jazzy/include/rosidl_typesupport_interface -isystem /opt/ros/jazzy/include/sensor_msgs -isystem /opt/ros/jazzy/include/geometry_msgs -isystem /opt/ros/jazzy/include/service_msgs -std=gnu11 -fPIC -Wall -MD -MT CMakeFiles/mecheye_ros_interface__rosidl_generator_c.dir/rosidl_generator_c/mecheye_ros_interface/srv/detail/delete_user_set__description.c.o -MF CMakeFiles/mecheye_ros_interface__rosidl_generator_c.dir/rosidl_generator_c/mecheye_ros_interface/srv/detail/delete_user_set__description.c.o.d -o CMakeFiles/mecheye_ros_interface__rosidl_generator_c.dir/rosidl_generator_c/mecheye_ros_interface/srv/detail/delete_user_set__description.c.o -c /home/inauenma/git/mecheye_ros2_interface/build/mecheye_ros_interface/rosidl_generator_c/mecheye_ros_interface/srv/detail/delete_user_set__description.c
[45.270s] [ 12%] Building C object CMakeFiles/mecheye_ros_interface__rosidl_generator_c.dir/rosidl_generator_c/mecheye_ros_interface/srv/detail/device_info__functions.c.o
[45.271s] [ 12%] Building C object CMakeFiles/mecheye_ros_interface__rosidl_generator_c.dir/rosidl_generator_c/mecheye_ros_interface/srv/detail/device_info__description.c.o
[45.271s] [ 12%] Building C object CMakeFiles/mecheye_ros_interface__rosidl_generator_c.dir/rosidl_generator_c/mecheye_ros_interface/srv/detail/delete_user_set__type_support.c.o
[45.272s] /usr/bin/cc -DROSIDL_GENERATOR_C_BUILDING_DLL_mecheye_ros_interface -DROS_PACKAGE_NAME=\"mecheye_ros_interface\" -I/usr/include/eigen3 -I/home/inauenma/git/mecheye_ros2_interface/build/mecheye_ros_interface/rosidl_generator_c -isystem /opt/ros/jazzy/include/std_msgs -isystem /opt/ros/jazzy/include/builtin_interfaces -isystem /opt/ros/jazzy/include/rosidl_runtime_c -isystem /opt/ros/jazzy/include/rcutils -isystem /opt/ros/jazzy/include/rosidl_typesupport_interface -isystem /opt/ros/jazzy/include/sensor_msgs -isystem /opt/ros/jazzy/include/geometry_msgs -isystem /opt/ros/jazzy/include/service_msgs -std=gnu11 -fPIC -Wall -MD -MT CMakeFiles/mecheye_ros_interface__rosidl_generator_c.dir/rosidl_generator_c/mecheye_ros_interface/srv/detail/delete_user_set__type_support.c.o -MF CMakeFiles/mecheye_ros_interface__rosidl_generator_c.dir/rosidl_generator_c/mecheye_ros_interface/srv/detail/delete_user_set__type_support.c.o.d -o CMakeFiles/mecheye_ros_interface__rosidl_generator_c.dir/rosidl_generator_c/mecheye_ros_interface/srv/detail/delete_user_set__type_support.c.o -c /home/inauenma/git/mecheye_ros2_interface/build/mecheye_ros_interface/rosidl_generator_c/mecheye_ros_interface/srv/detail/delete_user_set__type_support.c
[45.274s] [ 12%] Building C object CMakeFiles/mecheye_ros_interface__rosidl_generator_c.dir/rosidl_generator_c/mecheye_ros_interface/srv/detail/device_info__type_support.c.o
[45.275s] /usr/bin/cc -DROSIDL_GENERATOR_C_BUILDING_DLL_mecheye_ros_interface -DROS_PACKAGE_NAME=\"mecheye_ros_interface\" -I/usr/include/eigen3 -I/home/inauenma/git/mecheye_ros2_interface/build/mecheye_ros_interface/rosidl_generator_c -isystem /opt/ros/jazzy/include/std_msgs -isystem /opt/ros/jazzy/include/builtin_interfaces -isystem /opt/ros/jazzy/include/rosidl_runtime_c -isystem /opt/ros/jazzy/include/rcutils -isystem /opt/ros/jazzy/include/rosidl_typesupport_interface -isystem /opt/ros/jazzy/include/sensor_msgs -isystem /opt/ros/jazzy/include/geometry_msgs -isystem /opt/ros/jazzy/include/service_msgs -std=gnu11 -fPIC -Wall -MD -MT CMakeFiles/mecheye_ros_interface__rosidl_generator_c.dir/rosidl_generator_c/mecheye_ros_interface/srv/detail/device_info__description.c.o -MF CMakeFiles/mecheye_ros_interface__rosidl_generator_c.dir/rosidl_generator_c/mecheye_ros_interface/srv/detail/device_info__description.c.o.d -o CMakeFiles/mecheye_ros_interface__rosidl_generator_c.dir/rosidl_generator_c/mecheye_ros_interface/srv/detail/device_info__description.c.o -c /home/inauenma/git/mecheye_ros2_interface/build/mecheye_ros_interface/rosidl_generator_c/mecheye_ros_interface/srv/detail/device_info__description.c
[45.275s] /usr/bin/cc -DROSIDL_GENERATOR_C_BUILDING_DLL_mecheye_ros_interface -DROS_PACKAGE_NAME=\"mecheye_ros_interface\" -I/usr/include/eigen3 -I/home/inauenma/git/mecheye_ros2_interface/build/mecheye_ros_interface/rosidl_generator_c -isystem /opt/ros/jazzy/include/std_msgs -isystem /opt/ros/jazzy/include/builtin_interfaces -isystem /opt/ros/jazzy/include/rosidl_runtime_c -isystem /opt/ros/jazzy/include/rcutils -isystem /opt/ros/jazzy/include/rosidl_typesupport_interface -isystem /opt/ros/jazzy/include/sensor_msgs -isystem /opt/ros/jazzy/include/geometry_msgs -isystem /opt/ros/jazzy/include/service_msgs -std=gnu11 -fPIC -Wall -MD -MT CMakeFiles/mecheye_ros_interface__rosidl_generator_c.dir/rosidl_generator_c/mecheye_ros_interface/srv/detail/device_info__functions.c.o -MF CMakeFiles/mecheye_ros_interface__rosidl_generator_c.dir/rosidl_generator_c/mecheye_ros_interface/srv/detail/device_info__functions.c.o.d -o CMakeFiles/mecheye_ros_interface__rosidl_generator_c.dir/rosidl_generator_c/mecheye_ros_interface/srv/detail/device_info__functions.c.o -c /home/inauenma/git/mecheye_ros2_interface/build/mecheye_ros_interface/rosidl_generator_c/mecheye_ros_interface/srv/detail/device_info__functions.c
[45.279s] /usr/bin/cc -DROSIDL_GENERATOR_C_BUILDING_DLL_mecheye_ros_interface -DROS_PACKAGE_NAME=\"mecheye_ros_interface\" -I/usr/include/eigen3 -I/home/inauenma/git/mecheye_ros2_interface/build/mecheye_ros_interface/rosidl_generator_c -isystem /opt/ros/jazzy/include/std_msgs -isystem /opt/ros/jazzy/include/builtin_interfaces -isystem /opt/ros/jazzy/include/rosidl_runtime_c -isystem /opt/ros/jazzy/include/rcutils -isystem /opt/ros/jazzy/include/rosidl_typesupport_interface -isystem /opt/ros/jazzy/include/sensor_msgs -isystem /opt/ros/jazzy/include/geometry_msgs -isystem /opt/ros/jazzy/include/service_msgs -std=gnu11 -fPIC -Wall -MD -MT CMakeFiles/mecheye_ros_interface__rosidl_generator_c.dir/rosidl_generator_c/mecheye_ros_interface/srv/detail/device_info__type_support.c.o -MF CMakeFiles/mecheye_ros_interface__rosidl_generator_c.dir/rosidl_generator_c/mecheye_ros_interface/srv/detail/device_info__type_support.c.o.d -o CMakeFiles/mecheye_ros_interface__rosidl_generator_c.dir/rosidl_generator_c/mecheye_ros_interface/srv/detail/device_info__type_support.c.o -c /home/inauenma/git/mecheye_ros2_interface/build/mecheye_ros_interface/rosidl_generator_c/mecheye_ros_interface/srv/detail/device_info__type_support.c
[45.284s] [ 12%] Building C object CMakeFiles/mecheye_ros_interface__rosidl_generator_c.dir/rosidl_generator_c/mecheye_ros_interface/srv/detail/get_all_user_sets__description.c.o
[45.294s] [ 13%] Building C object CMakeFiles/mecheye_ros_interface__rosidl_generator_c.dir/rosidl_generator_c/mecheye_ros_interface/srv/detail/get_all_user_sets__functions.c.o
[45.294s] /usr/bin/cc -DROSIDL_GENERATOR_C_BUILDING_DLL_mecheye_ros_interface -DROS_PACKAGE_NAME=\"mecheye_ros_interface\" -I/usr/include/eigen3 -I/home/inauenma/git/mecheye_ros2_interface/build/mecheye_ros_interface/rosidl_generator_c -isystem /opt/ros/jazzy/include/std_msgs -isystem /opt/ros/jazzy/include/builtin_interfaces -isystem /opt/ros/jazzy/include/rosidl_runtime_c -isystem /opt/ros/jazzy/include/rcutils -isystem /opt/ros/jazzy/include/rosidl_typesupport_interface -isystem /opt/ros/jazzy/include/sensor_msgs -isystem /opt/ros/jazzy/include/geometry_msgs -isystem /opt/ros/jazzy/include/service_msgs -std=gnu11 -fPIC -Wall -MD -MT CMakeFiles/mecheye_ros_interface__rosidl_generator_c.dir/rosidl_generator_c/mecheye_ros_interface/srv/detail/get_all_user_sets__description.c.o -MF CMakeFiles/mecheye_ros_interface__rosidl_generator_c.dir/rosidl_generator_c/mecheye_ros_interface/srv/detail/get_all_user_sets__description.c.o.d -o CMakeFiles/mecheye_ros_interface__rosidl_generator_c.dir/rosidl_generator_c/mecheye_ros_interface/srv/detail/get_all_user_sets__description.c.o -c /home/inauenma/git/mecheye_ros2_interface/build/mecheye_ros_interface/rosidl_generator_c/mecheye_ros_interface/srv/detail/get_all_user_sets__description.c
[45.294s] /usr/bin/cc -DROSIDL_GENERATOR_C_BUILDING_DLL_mecheye_ros_interface -DROS_PACKAGE_NAME=\"mecheye_ros_interface\" -I/usr/include/eigen3 -I/home/inauenma/git/mecheye_ros2_interface/build/mecheye_ros_interface/rosidl_generator_c -isystem /opt/ros/jazzy/include/std_msgs -isystem /opt/ros/jazzy/include/builtin_interfaces -isystem /opt/ros/jazzy/include/rosidl_runtime_c -isystem /opt/ros/jazzy/include/rcutils -isystem /opt/ros/jazzy/include/rosidl_typesupport_interface -isystem /opt/ros/jazzy/include/sensor_msgs -isystem /opt/ros/jazzy/include/geometry_msgs -isystem /opt/ros/jazzy/include/service_msgs -std=gnu11 -fPIC -Wall -MD -MT CMakeFiles/mecheye_ros_interface__rosidl_generator_c.dir/rosidl_generator_c/mecheye_ros_interface/srv/detail/get_all_user_sets__functions.c.o -MF CMakeFiles/mecheye_ros_interface__rosidl_generator_c.dir/rosidl_generator_c/mecheye_ros_interface/srv/detail/get_all_user_sets__functions.c.o.d -o CMakeFiles/mecheye_ros_interface__rosidl_generator_c.dir/rosidl_generator_c/mecheye_ros_interface/srv/detail/get_all_user_sets__functions.c.o -c /home/inauenma/git/mecheye_ros2_interface/build/mecheye_ros_interface/rosidl_generator_c/mecheye_ros_interface/srv/detail/get_all_user_sets__functions.c
[45.345s] [ 13%] Building C object CMakeFiles/mecheye_ros_interface__rosidl_generator_c.dir/rosidl_generator_c/mecheye_ros_interface/srv/detail/get_all_user_sets__type_support.c.o
[45.347s] /usr/bin/cc -DROSIDL_GENERATOR_C_BUILDING_DLL_mecheye_ros_interface -DROS_PACKAGE_NAME=\"mecheye_ros_interface\" -I/usr/include/eigen3 -I/home/inauenma/git/mecheye_ros2_interface/build/mecheye_ros_interface/rosidl_generator_c -isystem /opt/ros/jazzy/include/std_msgs -isystem /opt/ros/jazzy/include/builtin_interfaces -isystem /opt/ros/jazzy/include/rosidl_runtime_c -isystem /opt/ros/jazzy/include/rcutils -isystem /opt/ros/jazzy/include/rosidl_typesupport_interface -isystem /opt/ros/jazzy/include/sensor_msgs -isystem /opt/ros/jazzy/include/geometry_msgs -isystem /opt/ros/jazzy/include/service_msgs -std=gnu11 -fPIC -Wall -MD -MT CMakeFiles/mecheye_ros_interface__rosidl_generator_c.dir/rosidl_generator_c/mecheye_ros_interface/srv/detail/get_all_user_sets__type_support.c.o -MF CMakeFiles/mecheye_ros_interface__rosidl_generator_c.dir/rosidl_generator_c/mecheye_ros_interface/srv/detail/get_all_user_sets__type_support.c.o.d -o CMakeFiles/mecheye_ros_interface__rosidl_generator_c.dir/rosidl_generator_c/mecheye_ros_interface/srv/detail/get_all_user_sets__type_support.c.o -c /home/inauenma/git/mecheye_ros2_interface/build/mecheye_ros_interface/rosidl_generator_c/mecheye_ros_interface/srv/detail/get_all_user_sets__type_support.c
[45.356s] [ 13%] Building C object CMakeFiles/mecheye_ros_interface__rosidl_generator_c.dir/rosidl_generator_c/mecheye_ros_interface/srv/detail/get_current_user_set__description.c.o
[45.360s] [ 14%] Building C object CMakeFiles/mecheye_ros_interface__rosidl_generator_c.dir/rosidl_generator_c/mecheye_ros_interface/srv/detail/get_current_user_set__functions.c.o
[45.361s] /usr/bin/cc -DROSIDL_GENERATOR_C_BUILDING_DLL_mecheye_ros_interface -DROS_PACKAGE_NAME=\"mecheye_ros_interface\" -I/usr/include/eigen3 -I/home/inauenma/git/mecheye_ros2_interface/build/mecheye_ros_interface/rosidl_generator_c -isystem /opt/ros/jazzy/include/std_msgs -isystem /opt/ros/jazzy/include/builtin_interfaces -isystem /opt/ros/jazzy/include/rosidl_runtime_c -isystem /opt/ros/jazzy/include/rcutils -isystem /opt/ros/jazzy/include/rosidl_typesupport_interface -isystem /opt/ros/jazzy/include/sensor_msgs -isystem /opt/ros/jazzy/include/geometry_msgs -isystem /opt/ros/jazzy/include/service_msgs -std=gnu11 -fPIC -Wall -MD -MT CMakeFiles/mecheye_ros_interface__rosidl_generator_c.dir/rosidl_generator_c/mecheye_ros_interface/srv/detail/get_current_user_set__description.c.o -MF CMakeFiles/mecheye_ros_interface__rosidl_generator_c.dir/rosidl_generator_c/mecheye_ros_interface/srv/detail/get_current_user_set__description.c.o.d -o CMakeFiles/mecheye_ros_interface__rosidl_generator_c.dir/rosidl_generator_c/mecheye_ros_interface/srv/detail/get_current_user_set__description.c.o -c /home/inauenma/git/mecheye_ros2_interface/build/mecheye_ros_interface/rosidl_generator_c/mecheye_ros_interface/srv/detail/get_current_user_set__description.c
[45.367s] /usr/bin/cc -DROSIDL_GENERATOR_C_BUILDING_DLL_mecheye_ros_interface -DROS_PACKAGE_NAME=\"mecheye_ros_interface\" -I/usr/include/eigen3 -I/home/inauenma/git/mecheye_ros2_interface/build/mecheye_ros_interface/rosidl_generator_c -isystem /opt/ros/jazzy/include/std_msgs -isystem /opt/ros/jazzy/include/builtin_interfaces -isystem /opt/ros/jazzy/include/rosidl_runtime_c -isystem /opt/ros/jazzy/include/rcutils -isystem /opt/ros/jazzy/include/rosidl_typesupport_interface -isystem /opt/ros/jazzy/include/sensor_msgs -isystem /opt/ros/jazzy/include/geometry_msgs -isystem /opt/ros/jazzy/include/service_msgs -std=gnu11 -fPIC -Wall -MD -MT CMakeFiles/mecheye_ros_interface__rosidl_generator_c.dir/rosidl_generator_c/mecheye_ros_interface/srv/detail/get_current_user_set__functions.c.o -MF CMakeFiles/mecheye_ros_interface__rosidl_generator_c.dir/rosidl_generator_c/mecheye_ros_interface/srv/detail/get_current_user_set__functions.c.o.d -o CMakeFiles/mecheye_ros_interface__rosidl_generator_c.dir/rosidl_generator_c/mecheye_ros_interface/srv/detail/get_current_user_set__functions.c.o -c /home/inauenma/git/mecheye_ros2_interface/build/mecheye_ros_interface/rosidl_generator_c/mecheye_ros_interface/srv/detail/get_current_user_set__functions.c
[45.375s] [ 14%] Building C object CMakeFiles/mecheye_ros_interface__rosidl_generator_c.dir/rosidl_generator_c/mecheye_ros_interface/srv/detail/get_current_user_set__type_support.c.o
[45.378s] /usr/bin/cc -DROSIDL_GENERATOR_C_BUILDING_DLL_mecheye_ros_interface -DROS_PACKAGE_NAME=\"mecheye_ros_interface\" -I/usr/include/eigen3 -I/home/inauenma/git/mecheye_ros2_interface/build/mecheye_ros_interface/rosidl_generator_c -isystem /opt/ros/jazzy/include/std_msgs -isystem /opt/ros/jazzy/include/builtin_interfaces -isystem /opt/ros/jazzy/include/rosidl_runtime_c -isystem /opt/ros/jazzy/include/rcutils -isystem /opt/ros/jazzy/include/rosidl_typesupport_interface -isystem /opt/ros/jazzy/include/sensor_msgs -isystem /opt/ros/jazzy/include/geometry_msgs -isystem /opt/ros/jazzy/include/service_msgs -std=gnu11 -fPIC -Wall -MD -MT CMakeFiles/mecheye_ros_interface__rosidl_generator_c.dir/rosidl_generator_c/mecheye_ros_interface/srv/detail/get_current_user_set__type_support.c.o -MF CMakeFiles/mecheye_ros_interface__rosidl_generator_c.dir/rosidl_generator_c/mecheye_ros_interface/srv/detail/get_current_user_set__type_support.c.o.d -o CMakeFiles/mecheye_ros_interface__rosidl_generator_c.dir/rosidl_generator_c/mecheye_ros_interface/srv/detail/get_current_user_set__type_support.c.o -c /home/inauenma/git/mecheye_ros2_interface/build/mecheye_ros_interface/rosidl_generator_c/mecheye_ros_interface/srv/detail/get_current_user_set__type_support.c
[45.395s] [ 14%] Building C object CMakeFiles/mecheye_ros_interface__rosidl_generator_c.dir/rosidl_generator_c/mecheye_ros_interface/srv/detail/set_int_parameter__type_support.c.o
[45.396s] [ 15%] Building C object CMakeFiles/mecheye_ros_interface__rosidl_generator_c.dir/rosidl_generator_c/mecheye_ros_interface/srv/detail/set_int_parameter__functions.c.o
[45.396s] /usr/bin/cc -DROSIDL_GENERATOR_C_BUILDING_DLL_mecheye_ros_interface -DROS_PACKAGE_NAME=\"mecheye_ros_interface\" -I/usr/include/eigen3 -I/home/inauenma/git/mecheye_ros2_interface/build/mecheye_ros_interface/rosidl_generator_c -isystem /opt/ros/jazzy/include/std_msgs -isystem /opt/ros/jazzy/include/builtin_interfaces -isystem /opt/ros/jazzy/include/rosidl_runtime_c -isystem /opt/ros/jazzy/include/rcutils -isystem /opt/ros/jazzy/include/rosidl_typesupport_interface -isystem /opt/ros/jazzy/include/sensor_msgs -isystem /opt/ros/jazzy/include/geometry_msgs -isystem /opt/ros/jazzy/include/service_msgs -std=gnu11 -fPIC -Wall -MD -MT CMakeFiles/mecheye_ros_interface__rosidl_generator_c.dir/rosidl_generator_c/mecheye_ros_interface/srv/detail/set_int_parameter__type_support.c.o -MF CMakeFiles/mecheye_ros_interface__rosidl_generator_c.dir/rosidl_generator_c/mecheye_ros_interface/srv/detail/set_int_parameter__type_support.c.o.d -o CMakeFiles/mecheye_ros_interface__rosidl_generator_c.dir/rosidl_generator_c/mecheye_ros_interface/srv/detail/set_int_parameter__type_support.c.o -c /home/inauenma/git/mecheye_ros2_interface/build/mecheye_ros_interface/rosidl_generator_c/mecheye_ros_interface/srv/detail/set_int_parameter__type_support.c
[45.396s] [ 15%] Building C object CMakeFiles/mecheye_ros_interface__rosidl_generator_c.dir/rosidl_generator_c/mecheye_ros_interface/srv/detail/set_int_parameter__description.c.o
[45.397s] /usr/bin/cc -DROSIDL_GENERATOR_C_BUILDING_DLL_mecheye_ros_interface -DROS_PACKAGE_NAME=\"mecheye_ros_interface\" -I/usr/include/eigen3 -I/home/inauenma/git/mecheye_ros2_interface/build/mecheye_ros_interface/rosidl_generator_c -isystem /opt/ros/jazzy/include/std_msgs -isystem /opt/ros/jazzy/include/builtin_interfaces -isystem /opt/ros/jazzy/include/rosidl_runtime_c -isystem /opt/ros/jazzy/include/rcutils -isystem /opt/ros/jazzy/include/rosidl_typesupport_interface -isystem /opt/ros/jazzy/include/sensor_msgs -isystem /opt/ros/jazzy/include/geometry_msgs -isystem /opt/ros/jazzy/include/service_msgs -std=gnu11 -fPIC -Wall -MD -MT CMakeFiles/mecheye_ros_interface__rosidl_generator_c.dir/rosidl_generator_c/mecheye_ros_interface/srv/detail/set_int_parameter__functions.c.o -MF CMakeFiles/mecheye_ros_interface__rosidl_generator_c.dir/rosidl_generator_c/mecheye_ros_interface/srv/detail/set_int_parameter__functions.c.o.d -o CMakeFiles/mecheye_ros_interface__rosidl_generator_c.dir/rosidl_generator_c/mecheye_ros_interface/srv/detail/set_int_parameter__functions.c.o -c /home/inauenma/git/mecheye_ros2_interface/build/mecheye_ros_interface/rosidl_generator_c/mecheye_ros_interface/srv/detail/set_int_parameter__functions.c
[45.399s] /usr/bin/cc -DROSIDL_GENERATOR_C_BUILDING_DLL_mecheye_ros_interface -DROS_PACKAGE_NAME=\"mecheye_ros_interface\" -I/usr/include/eigen3 -I/home/inauenma/git/mecheye_ros2_interface/build/mecheye_ros_interface/rosidl_generator_c -isystem /opt/ros/jazzy/include/std_msgs -isystem /opt/ros/jazzy/include/builtin_interfaces -isystem /opt/ros/jazzy/include/rosidl_runtime_c -isystem /opt/ros/jazzy/include/rcutils -isystem /opt/ros/jazzy/include/rosidl_typesupport_interface -isystem /opt/ros/jazzy/include/sensor_msgs -isystem /opt/ros/jazzy/include/geometry_msgs -isystem /opt/ros/jazzy/include/service_msgs -std=gnu11 -fPIC -Wall -MD -MT CMakeFiles/mecheye_ros_interface__rosidl_generator_c.dir/rosidl_generator_c/mecheye_ros_interface/srv/detail/set_int_parameter__description.c.o -MF CMakeFiles/mecheye_ros_interface__rosidl_generator_c.dir/rosidl_generator_c/mecheye_ros_interface/srv/detail/set_int_parameter__description.c.o.d -o CMakeFiles/mecheye_ros_interface__rosidl_generator_c.dir/rosidl_generator_c/mecheye_ros_interface/srv/detail/set_int_parameter__description.c.o -c /home/inauenma/git/mecheye_ros2_interface/build/mecheye_ros_interface/rosidl_generator_c/mecheye_ros_interface/srv/detail/set_int_parameter__description.c
[45.414s] [ 15%] Building C object CMakeFiles/mecheye_ros_interface__rosidl_generator_c.dir/rosidl_generator_c/mecheye_ros_interface/srv/detail/get_int_parameter__type_support.c.o
[45.417s] [ 15%] Building C object CMakeFiles/mecheye_ros_interface__rosidl_generator_c.dir/rosidl_generator_c/mecheye_ros_interface/srv/detail/get_int_parameter__description.c.o
[45.421s] /usr/bin/cc -DROSIDL_GENERATOR_C_BUILDING_DLL_mecheye_ros_interface -DROS_PACKAGE_NAME=\"mecheye_ros_interface\" -I/usr/include/eigen3 -I/home/inauenma/git/mecheye_ros2_interface/build/mecheye_ros_interface/rosidl_generator_c -isystem /opt/ros/jazzy/include/std_msgs -isystem /opt/ros/jazzy/include/builtin_interfaces -isystem /opt/ros/jazzy/include/rosidl_runtime_c -isystem /opt/ros/jazzy/include/rcutils -isystem /opt/ros/jazzy/include/rosidl_typesupport_interface -isystem /opt/ros/jazzy/include/sensor_msgs -isystem /opt/ros/jazzy/include/geometry_msgs -isystem /opt/ros/jazzy/include/service_msgs -std=gnu11 -fPIC -Wall -MD -MT CMakeFiles/mecheye_ros_interface__rosidl_generator_c.dir/rosidl_generator_c/mecheye_ros_interface/srv/detail/get_int_parameter__type_support.c.o -MF CMakeFiles/mecheye_ros_interface__rosidl_generator_c.dir/rosidl_generator_c/mecheye_ros_interface/srv/detail/get_int_parameter__type_support.c.o.d -o CMakeFiles/mecheye_ros_interface__rosidl_generator_c.dir/rosidl_generator_c/mecheye_ros_interface/srv/detail/get_int_parameter__type_support.c.o -c /home/inauenma/git/mecheye_ros2_interface/build/mecheye_ros_interface/rosidl_generator_c/mecheye_ros_interface/srv/detail/get_int_parameter__type_support.c
[45.421s] [ 16%] Building C object CMakeFiles/mecheye_ros_interface__rosidl_generator_c.dir/rosidl_generator_c/mecheye_ros_interface/srv/detail/get_int_parameter__functions.c.o
[45.424s] /usr/bin/cc -DROSIDL_GENERATOR_C_BUILDING_DLL_mecheye_ros_interface -DROS_PACKAGE_NAME=\"mecheye_ros_interface\" -I/usr/include/eigen3 -I/home/inauenma/git/mecheye_ros2_interface/build/mecheye_ros_interface/rosidl_generator_c -isystem /opt/ros/jazzy/include/std_msgs -isystem /opt/ros/jazzy/include/builtin_interfaces -isystem /opt/ros/jazzy/include/rosidl_runtime_c -isystem /opt/ros/jazzy/include/rcutils -isystem /opt/ros/jazzy/include/rosidl_typesupport_interface -isystem /opt/ros/jazzy/include/sensor_msgs -isystem /opt/ros/jazzy/include/geometry_msgs -isystem /opt/ros/jazzy/include/service_msgs -std=gnu11 -fPIC -Wall -MD -MT CMakeFiles/mecheye_ros_interface__rosidl_generator_c.dir/rosidl_generator_c/mecheye_ros_interface/srv/detail/get_int_parameter__description.c.o -MF CMakeFiles/mecheye_ros_interface__rosidl_generator_c.dir/rosidl_generator_c/mecheye_ros_interface/srv/detail/get_int_parameter__description.c.o.d -o CMakeFiles/mecheye_ros_interface__rosidl_generator_c.dir/rosidl_generator_c/mecheye_ros_interface/srv/detail/get_int_parameter__description.c.o -c /home/inauenma/git/mecheye_ros2_interface/build/mecheye_ros_interface/rosidl_generator_c/mecheye_ros_interface/srv/detail/get_int_parameter__description.c
[45.425s] [ 17%] Building C object CMakeFiles/mecheye_ros_interface__rosidl_generator_c.dir/rosidl_generator_c/mecheye_ros_interface/srv/detail/set_range_parameter__description.c.o
[45.429s] /usr/bin/cc -DROSIDL_GENERATOR_C_BUILDING_DLL_mecheye_ros_interface -DROS_PACKAGE_NAME=\"mecheye_ros_interface\" -I/usr/include/eigen3 -I/home/inauenma/git/mecheye_ros2_interface/build/mecheye_ros_interface/rosidl_generator_c -isystem /opt/ros/jazzy/include/std_msgs -isystem /opt/ros/jazzy/include/builtin_interfaces -isystem /opt/ros/jazzy/include/rosidl_runtime_c -isystem /opt/ros/jazzy/include/rcutils -isystem /opt/ros/jazzy/include/rosidl_typesupport_interface -isystem /opt/ros/jazzy/include/sensor_msgs -isystem /opt/ros/jazzy/include/geometry_msgs -isystem /opt/ros/jazzy/include/service_msgs -std=gnu11 -fPIC -Wall -MD -MT CMakeFiles/mecheye_ros_interface__rosidl_generator_c.dir/rosidl_generator_c/mecheye_ros_interface/srv/detail/get_int_parameter__functions.c.o -MF CMakeFiles/mecheye_ros_interface__rosidl_generator_c.dir/rosidl_generator_c/mecheye_ros_interface/srv/detail/get_int_parameter__functions.c.o.d -o CMakeFiles/mecheye_ros_interface__rosidl_generator_c.dir/rosidl_generator_c/mecheye_ros_interface/srv/detail/get_int_parameter__functions.c.o -c /home/inauenma/git/mecheye_ros2_interface/build/mecheye_ros_interface/rosidl_generator_c/mecheye_ros_interface/srv/detail/get_int_parameter__functions.c
[45.437s] /usr/bin/cc -DROSIDL_GENERATOR_C_BUILDING_DLL_mecheye_ros_interface -DROS_PACKAGE_NAME=\"mecheye_ros_interface\" -I/usr/include/eigen3 -I/home/inauenma/git/mecheye_ros2_interface/build/mecheye_ros_interface/rosidl_generator_c -isystem /opt/ros/jazzy/include/std_msgs -isystem /opt/ros/jazzy/include/builtin_interfaces -isystem /opt/ros/jazzy/include/rosidl_runtime_c -isystem /opt/ros/jazzy/include/rcutils -isystem /opt/ros/jazzy/include/rosidl_typesupport_interface -isystem /opt/ros/jazzy/include/sensor_msgs -isystem /opt/ros/jazzy/include/geometry_msgs -isystem /opt/ros/jazzy/include/service_msgs -std=gnu11 -fPIC -Wall -MD -MT CMakeFiles/mecheye_ros_interface__rosidl_generator_c.dir/rosidl_generator_c/mecheye_ros_interface/srv/detail/set_range_parameter__description.c.o -MF CMakeFiles/mecheye_ros_interface__rosidl_generator_c.dir/rosidl_generator_c/mecheye_ros_interface/srv/detail/set_range_parameter__description.c.o.d -o CMakeFiles/mecheye_ros_interface__rosidl_generator_c.dir/rosidl_generator_c/mecheye_ros_interface/srv/detail/set_range_parameter__description.c.o -c /home/inauenma/git/mecheye_ros2_interface/build/mecheye_ros_interface/rosidl_generator_c/mecheye_ros_interface/srv/detail/set_range_parameter__description.c
[45.443s] [ 18%] Building C object CMakeFiles/mecheye_ros_interface__rosidl_generator_c.dir/rosidl_generator_c/mecheye_ros_interface/srv/detail/get_range_parameter__description.c.o
[45.448s] /usr/bin/cc -DROSIDL_GENERATOR_C_BUILDING_DLL_mecheye_ros_interface -DROS_PACKAGE_NAME=\"mecheye_ros_interface\" -I/usr/include/eigen3 -I/home/inauenma/git/mecheye_ros2_interface/build/mecheye_ros_interface/rosidl_generator_c -isystem /opt/ros/jazzy/include/std_msgs -isystem /opt/ros/jazzy/include/builtin_interfaces -isystem /opt/ros/jazzy/include/rosidl_runtime_c -isystem /opt/ros/jazzy/include/rcutils -isystem /opt/ros/jazzy/include/rosidl_typesupport_interface -isystem /opt/ros/jazzy/include/sensor_msgs -isystem /opt/ros/jazzy/include/geometry_msgs -isystem /opt/ros/jazzy/include/service_msgs -std=gnu11 -fPIC -Wall -MD -MT CMakeFiles/mecheye_ros_interface__rosidl_generator_c.dir/rosidl_generator_c/mecheye_ros_interface/srv/detail/get_range_parameter__description.c.o -MF CMakeFiles/mecheye_ros_interface__rosidl_generator_c.dir/rosidl_generator_c/mecheye_ros_interface/srv/detail/get_range_parameter__description.c.o.d -o CMakeFiles/mecheye_ros_interface__rosidl_generator_c.dir/rosidl_generator_c/mecheye_ros_interface/srv/detail/get_range_parameter__description.c.o -c /home/inauenma/git/mecheye_ros2_interface/build/mecheye_ros_interface/rosidl_generator_c/mecheye_ros_interface/srv/detail/get_range_parameter__description.c
[45.450s] [ 18%] Building C object CMakeFiles/mecheye_ros_interface__rosidl_generator_c.dir/rosidl_generator_c/mecheye_ros_interface/srv/detail/set_range_parameter__functions.c.o
[45.452s] /usr/bin/cc -DROSIDL_GENERATOR_C_BUILDING_DLL_mecheye_ros_interface -DROS_PACKAGE_NAME=\"mecheye_ros_interface\" -I/usr/include/eigen3 -I/home/inauenma/git/mecheye_ros2_interface/build/mecheye_ros_interface/rosidl_generator_c -isystem /opt/ros/jazzy/include/std_msgs -isystem /opt/ros/jazzy/include/builtin_interfaces -isystem /opt/ros/jazzy/include/rosidl_runtime_c -isystem /opt/ros/jazzy/include/rcutils -isystem /opt/ros/jazzy/include/rosidl_typesupport_interface -isystem /opt/ros/jazzy/include/sensor_msgs -isystem /opt/ros/jazzy/include/geometry_msgs -isystem /opt/ros/jazzy/include/service_msgs -std=gnu11 -fPIC -Wall -MD -MT CMakeFiles/mecheye_ros_interface__rosidl_generator_c.dir/rosidl_generator_c/mecheye_ros_interface/srv/detail/set_range_parameter__functions.c.o -MF CMakeFiles/mecheye_ros_interface__rosidl_generator_c.dir/rosidl_generator_c/mecheye_ros_interface/srv/detail/set_range_parameter__functions.c.o.d -o CMakeFiles/mecheye_ros_interface__rosidl_generator_c.dir/rosidl_generator_c/mecheye_ros_interface/srv/detail/set_range_parameter__functions.c.o -c /home/inauenma/git/mecheye_ros2_interface/build/mecheye_ros_interface/rosidl_generator_c/mecheye_ros_interface/srv/detail/set_range_parameter__functions.c
[45.460s] [ 18%] Building C object CMakeFiles/mecheye_ros_interface__rosidl_generator_c.dir/rosidl_generator_c/mecheye_ros_interface/srv/detail/set_range_parameter__type_support.c.o
[45.462s] /usr/bin/cc -DROSIDL_GENERATOR_C_BUILDING_DLL_mecheye_ros_interface -DROS_PACKAGE_NAME=\"mecheye_ros_interface\" -I/usr/include/eigen3 -I/home/inauenma/git/mecheye_ros2_interface/build/mecheye_ros_interface/rosidl_generator_c -isystem /opt/ros/jazzy/include/std_msgs -isystem /opt/ros/jazzy/include/builtin_interfaces -isystem /opt/ros/jazzy/include/rosidl_runtime_c -isystem /opt/ros/jazzy/include/rcutils -isystem /opt/ros/jazzy/include/rosidl_typesupport_interface -isystem /opt/ros/jazzy/include/sensor_msgs -isystem /opt/ros/jazzy/include/geometry_msgs -isystem /opt/ros/jazzy/include/service_msgs -std=gnu11 -fPIC -Wall -MD -MT CMakeFiles/mecheye_ros_interface__rosidl_generator_c.dir/rosidl_generator_c/mecheye_ros_interface/srv/detail/set_range_parameter__type_support.c.o -MF CMakeFiles/mecheye_ros_interface__rosidl_generator_c.dir/rosidl_generator_c/mecheye_ros_interface/srv/detail/set_range_parameter__type_support.c.o.d -o CMakeFiles/mecheye_ros_interface__rosidl_generator_c.dir/rosidl_generator_c/mecheye_ros_interface/srv/detail/set_range_parameter__type_support.c.o -c /home/inauenma/git/mecheye_ros2_interface/build/mecheye_ros_interface/rosidl_generator_c/mecheye_ros_interface/srv/detail/set_range_parameter__type_support.c
[45.496s] [ 18%] Building C object CMakeFiles/mecheye_ros_interface__rosidl_generator_c.dir/rosidl_generator_c/mecheye_ros_interface/srv/detail/get_range_parameter__functions.c.o
[45.496s] /usr/bin/cc -DROSIDL_GENERATOR_C_BUILDING_DLL_mecheye_ros_interface -DROS_PACKAGE_NAME=\"mecheye_ros_interface\" -I/usr/include/eigen3 -I/home/inauenma/git/mecheye_ros2_interface/build/mecheye_ros_interface/rosidl_generator_c -isystem /opt/ros/jazzy/include/std_msgs -isystem /opt/ros/jazzy/include/builtin_interfaces -isystem /opt/ros/jazzy/include/rosidl_runtime_c -isystem /opt/ros/jazzy/include/rcutils -isystem /opt/ros/jazzy/include/rosidl_typesupport_interface -isystem /opt/ros/jazzy/include/sensor_msgs -isystem /opt/ros/jazzy/include/geometry_msgs -isystem /opt/ros/jazzy/include/service_msgs -std=gnu11 -fPIC -Wall -MD -MT CMakeFiles/mecheye_ros_interface__rosidl_generator_c.dir/rosidl_generator_c/mecheye_ros_interface/srv/detail/get_range_parameter__functions.c.o -MF CMakeFiles/mecheye_ros_interface__rosidl_generator_c.dir/rosidl_generator_c/mecheye_ros_interface/srv/detail/get_range_parameter__functions.c.o.d -o CMakeFiles/mecheye_ros_interface__rosidl_generator_c.dir/rosidl_generator_c/mecheye_ros_interface/srv/detail/get_range_parameter__functions.c.o -c /home/inauenma/git/mecheye_ros2_interface/build/mecheye_ros_interface/rosidl_generator_c/mecheye_ros_interface/srv/detail/get_range_parameter__functions.c
[45.505s] [ 18%] Building C object CMakeFiles/mecheye_ros_interface__rosidl_generator_c.dir/rosidl_generator_c/mecheye_ros_interface/srv/detail/get_range_parameter__type_support.c.o
[45.505s] /usr/bin/cc -DROSIDL_GENERATOR_C_BUILDING_DLL_mecheye_ros_interface -DROS_PACKAGE_NAME=\"mecheye_ros_interface\" -I/usr/include/eigen3 -I/home/inauenma/git/mecheye_ros2_interface/build/mecheye_ros_interface/rosidl_generator_c -isystem /opt/ros/jazzy/include/std_msgs -isystem /opt/ros/jazzy/include/builtin_interfaces -isystem /opt/ros/jazzy/include/rosidl_runtime_c -isystem /opt/ros/jazzy/include/rcutils -isystem /opt/ros/jazzy/include/rosidl_typesupport_interface -isystem /opt/ros/jazzy/include/sensor_msgs -isystem /opt/ros/jazzy/include/geometry_msgs -isystem /opt/ros/jazzy/include/service_msgs -std=gnu11 -fPIC -Wall -MD -MT CMakeFiles/mecheye_ros_interface__rosidl_generator_c.dir/rosidl_generator_c/mecheye_ros_interface/srv/detail/get_range_parameter__type_support.c.o -MF CMakeFiles/mecheye_ros_interface__rosidl_generator_c.dir/rosidl_generator_c/mecheye_ros_interface/srv/detail/get_range_parameter__type_support.c.o.d -o CMakeFiles/mecheye_ros_interface__rosidl_generator_c.dir/rosidl_generator_c/mecheye_ros_interface/srv/detail/get_range_parameter__type_support.c.o -c /home/inauenma/git/mecheye_ros2_interface/build/mecheye_ros_interface/rosidl_generator_c/mecheye_ros_interface/srv/detail/get_range_parameter__type_support.c
[45.511s] [ 18%] Building C object CMakeFiles/mecheye_ros_interface__rosidl_generator_c.dir/rosidl_generator_c/mecheye_ros_interface/srv/detail/set_bool_parameter__functions.c.o
[45.512s] [ 18%] Building C object CMakeFiles/mecheye_ros_interface__rosidl_generator_c.dir/rosidl_generator_c/mecheye_ros_interface/srv/detail/set_bool_parameter__type_support.c.o
[45.519s] /usr/bin/cc -DROSIDL_GENERATOR_C_BUILDING_DLL_mecheye_ros_interface -DROS_PACKAGE_NAME=\"mecheye_ros_interface\" -I/usr/include/eigen3 -I/home/inauenma/git/mecheye_ros2_interface/build/mecheye_ros_interface/rosidl_generator_c -isystem /opt/ros/jazzy/include/std_msgs -isystem /opt/ros/jazzy/include/builtin_interfaces -isystem /opt/ros/jazzy/include/rosidl_runtime_c -isystem /opt/ros/jazzy/include/rcutils -isystem /opt/ros/jazzy/include/rosidl_typesupport_interface -isystem /opt/ros/jazzy/include/sensor_msgs -isystem /opt/ros/jazzy/include/geometry_msgs -isystem /opt/ros/jazzy/include/service_msgs -std=gnu11 -fPIC -Wall -MD -MT CMakeFiles/mecheye_ros_interface__rosidl_generator_c.dir/rosidl_generator_c/mecheye_ros_interface/srv/detail/set_bool_parameter__functions.c.o -MF CMakeFiles/mecheye_ros_interface__rosidl_generator_c.dir/rosidl_generator_c/mecheye_ros_interface/srv/detail/set_bool_parameter__functions.c.o.d -o CMakeFiles/mecheye_ros_interface__rosidl_generator_c.dir/rosidl_generator_c/mecheye_ros_interface/srv/detail/set_bool_parameter__functions.c.o -c /home/inauenma/git/mecheye_ros2_interface/build/mecheye_ros_interface/rosidl_generator_c/mecheye_ros_interface/srv/detail/set_bool_parameter__functions.c
[45.522s] /usr/bin/cc -DROSIDL_GENERATOR_C_BUILDING_DLL_mecheye_ros_interface -DROS_PACKAGE_NAME=\"mecheye_ros_interface\" -I/usr/include/eigen3 -I/home/inauenma/git/mecheye_ros2_interface/build/mecheye_ros_interface/rosidl_generator_c -isystem /opt/ros/jazzy/include/std_msgs -isystem /opt/ros/jazzy/include/builtin_interfaces -isystem /opt/ros/jazzy/include/rosidl_runtime_c -isystem /opt/ros/jazzy/include/rcutils -isystem /opt/ros/jazzy/include/rosidl_typesupport_interface -isystem /opt/ros/jazzy/include/sensor_msgs -isystem /opt/ros/jazzy/include/geometry_msgs -isystem /opt/ros/jazzy/include/service_msgs -std=gnu11 -fPIC -Wall -MD -MT CMakeFiles/mecheye_ros_interface__rosidl_generator_c.dir/rosidl_generator_c/mecheye_ros_interface/srv/detail/set_bool_parameter__type_support.c.o -MF CMakeFiles/mecheye_ros_interface__rosidl_generator_c.dir/rosidl_generator_c/mecheye_ros_interface/srv/detail/set_bool_parameter__type_support.c.o.d -o CMakeFiles/mecheye_ros_interface__rosidl_generator_c.dir/rosidl_generator_c/mecheye_ros_interface/srv/detail/set_bool_parameter__type_support.c.o -c /home/inauenma/git/mecheye_ros2_interface/build/mecheye_ros_interface/rosidl_generator_c/mecheye_ros_interface/srv/detail/set_bool_parameter__type_support.c
[45.528s] [ 19%] Building C object CMakeFiles/mecheye_ros_interface__rosidl_generator_c.dir/rosidl_generator_c/mecheye_ros_interface/srv/detail/set_bool_parameter__description.c.o
[45.538s] /usr/bin/cc -DROSIDL_GENERATOR_C_BUILDING_DLL_mecheye_ros_interface -DROS_PACKAGE_NAME=\"mecheye_ros_interface\" -I/usr/include/eigen3 -I/home/inauenma/git/mecheye_ros2_interface/build/mecheye_ros_interface/rosidl_generator_c -isystem /opt/ros/jazzy/include/std_msgs -isystem /opt/ros/jazzy/include/builtin_interfaces -isystem /opt/ros/jazzy/include/rosidl_runtime_c -isystem /opt/ros/jazzy/include/rcutils -isystem /opt/ros/jazzy/include/rosidl_typesupport_interface -isystem /opt/ros/jazzy/include/sensor_msgs -isystem /opt/ros/jazzy/include/geometry_msgs -isystem /opt/ros/jazzy/include/service_msgs -std=gnu11 -fPIC -Wall -MD -MT CMakeFiles/mecheye_ros_interface__rosidl_generator_c.dir/rosidl_generator_c/mecheye_ros_interface/srv/detail/set_bool_parameter__description.c.o -MF CMakeFiles/mecheye_ros_interface__rosidl_generator_c.dir/rosidl_generator_c/mecheye_ros_interface/srv/detail/set_bool_parameter__description.c.o.d -o CMakeFiles/mecheye_ros_interface__rosidl_generator_c.dir/rosidl_generator_c/mecheye_ros_interface/srv/detail/set_bool_parameter__description.c.o -c /home/inauenma/git/mecheye_ros2_interface/build/mecheye_ros_interface/rosidl_generator_c/mecheye_ros_interface/srv/detail/set_bool_parameter__description.c
[45.538s] [ 20%] Building C object CMakeFiles/mecheye_ros_interface__rosidl_generator_c.dir/rosidl_generator_c/mecheye_ros_interface/srv/detail/get_bool_parameter__description.c.o
[45.539s] /usr/bin/cc -DROSIDL_GENERATOR_C_BUILDING_DLL_mecheye_ros_interface -DROS_PACKAGE_NAME=\"mecheye_ros_interface\" -I/usr/include/eigen3 -I/home/inauenma/git/mecheye_ros2_interface/build/mecheye_ros_interface/rosidl_generator_c -isystem /opt/ros/jazzy/include/std_msgs -isystem /opt/ros/jazzy/include/builtin_interfaces -isystem /opt/ros/jazzy/include/rosidl_runtime_c -isystem /opt/ros/jazzy/include/rcutils -isystem /opt/ros/jazzy/include/rosidl_typesupport_interface -isystem /opt/ros/jazzy/include/sensor_msgs -isystem /opt/ros/jazzy/include/geometry_msgs -isystem /opt/ros/jazzy/include/service_msgs -std=gnu11 -fPIC -Wall -MD -MT CMakeFiles/mecheye_ros_interface__rosidl_generator_c.dir/rosidl_generator_c/mecheye_ros_interface/srv/detail/get_bool_parameter__description.c.o -MF CMakeFiles/mecheye_ros_interface__rosidl_generator_c.dir/rosidl_generator_c/mecheye_ros_interface/srv/detail/get_bool_parameter__description.c.o.d -o CMakeFiles/mecheye_ros_interface__rosidl_generator_c.dir/rosidl_generator_c/mecheye_ros_interface/srv/detail/get_bool_parameter__description.c.o -c /home/inauenma/git/mecheye_ros2_interface/build/mecheye_ros_interface/rosidl_generator_c/mecheye_ros_interface/srv/detail/get_bool_parameter__description.c
[45.561s] [ 20%] Building C object CMakeFiles/mecheye_ros_interface__rosidl_generator_c.dir/rosidl_generator_c/mecheye_ros_interface/srv/detail/get_bool_parameter__type_support.c.o
[45.565s] [ 20%] Building C object CMakeFiles/mecheye_ros_interface__rosidl_generator_c.dir/rosidl_generator_c/mecheye_ros_interface/srv/detail/get_bool_parameter__functions.c.o
[45.565s] /usr/bin/cc -DROSIDL_GENERATOR_C_BUILDING_DLL_mecheye_ros_interface -DROS_PACKAGE_NAME=\"mecheye_ros_interface\" -I/usr/include/eigen3 -I/home/inauenma/git/mecheye_ros2_interface/build/mecheye_ros_interface/rosidl_generator_c -isystem /opt/ros/jazzy/include/std_msgs -isystem /opt/ros/jazzy/include/builtin_interfaces -isystem /opt/ros/jazzy/include/rosidl_runtime_c -isystem /opt/ros/jazzy/include/rcutils -isystem /opt/ros/jazzy/include/rosidl_typesupport_interface -isystem /opt/ros/jazzy/include/sensor_msgs -isystem /opt/ros/jazzy/include/geometry_msgs -isystem /opt/ros/jazzy/include/service_msgs -std=gnu11 -fPIC -Wall -MD -MT CMakeFiles/mecheye_ros_interface__rosidl_generator_c.dir/rosidl_generator_c/mecheye_ros_interface/srv/detail/get_bool_parameter__type_support.c.o -MF CMakeFiles/mecheye_ros_interface__rosidl_generator_c.dir/rosidl_generator_c/mecheye_ros_interface/srv/detail/get_bool_parameter__type_support.c.o.d -o CMakeFiles/mecheye_ros_interface__rosidl_generator_c.dir/rosidl_generator_c/mecheye_ros_interface/srv/detail/get_bool_parameter__type_support.c.o -c /home/inauenma/git/mecheye_ros2_interface/build/mecheye_ros_interface/rosidl_generator_c/mecheye_ros_interface/srv/detail/get_bool_parameter__type_support.c
[45.570s] /usr/bin/cc -DROSIDL_GENERATOR_C_BUILDING_DLL_mecheye_ros_interface -DROS_PACKAGE_NAME=\"mecheye_ros_interface\" -I/usr/include/eigen3 -I/home/inauenma/git/mecheye_ros2_interface/build/mecheye_ros_interface/rosidl_generator_c -isystem /opt/ros/jazzy/include/std_msgs -isystem /opt/ros/jazzy/include/builtin_interfaces -isystem /opt/ros/jazzy/include/rosidl_runtime_c -isystem /opt/ros/jazzy/include/rcutils -isystem /opt/ros/jazzy/include/rosidl_typesupport_interface -isystem /opt/ros/jazzy/include/sensor_msgs -isystem /opt/ros/jazzy/include/geometry_msgs -isystem /opt/ros/jazzy/include/service_msgs -std=gnu11 -fPIC -Wall -MD -MT CMakeFiles/mecheye_ros_interface__rosidl_generator_c.dir/rosidl_generator_c/mecheye_ros_interface/srv/detail/get_bool_parameter__functions.c.o -MF CMakeFiles/mecheye_ros_interface__rosidl_generator_c.dir/rosidl_generator_c/mecheye_ros_interface/srv/detail/get_bool_parameter__functions.c.o.d -o CMakeFiles/mecheye_ros_interface__rosidl_generator_c.dir/rosidl_generator_c/mecheye_ros_interface/srv/detail/get_bool_parameter__functions.c.o -c /home/inauenma/git/mecheye_ros2_interface/build/mecheye_ros_interface/rosidl_generator_c/mecheye_ros_interface/srv/detail/get_bool_parameter__functions.c
[45.576s] [ 21%] Building C object CMakeFiles/mecheye_ros_interface__rosidl_generator_c.dir/rosidl_generator_c/mecheye_ros_interface/srv/detail/set_enum_parameter__description.c.o
[45.580s] /usr/bin/cc -DROSIDL_GENERATOR_C_BUILDING_DLL_mecheye_ros_interface -DROS_PACKAGE_NAME=\"mecheye_ros_interface\" -I/usr/include/eigen3 -I/home/inauenma/git/mecheye_ros2_interface/build/mecheye_ros_interface/rosidl_generator_c -isystem /opt/ros/jazzy/include/std_msgs -isystem /opt/ros/jazzy/include/builtin_interfaces -isystem /opt/ros/jazzy/include/rosidl_runtime_c -isystem /opt/ros/jazzy/include/rcutils -isystem /opt/ros/jazzy/include/rosidl_typesupport_interface -isystem /opt/ros/jazzy/include/sensor_msgs -isystem /opt/ros/jazzy/include/geometry_msgs -isystem /opt/ros/jazzy/include/service_msgs -std=gnu11 -fPIC -Wall -MD -MT CMakeFiles/mecheye_ros_interface__rosidl_generator_c.dir/rosidl_generator_c/mecheye_ros_interface/srv/detail/set_enum_parameter__description.c.o -MF CMakeFiles/mecheye_ros_interface__rosidl_generator_c.dir/rosidl_generator_c/mecheye_ros_interface/srv/detail/set_enum_parameter__description.c.o.d -o CMakeFiles/mecheye_ros_interface__rosidl_generator_c.dir/rosidl_generator_c/mecheye_ros_interface/srv/detail/set_enum_parameter__description.c.o -c /home/inauenma/git/mecheye_ros2_interface/build/mecheye_ros_interface/rosidl_generator_c/mecheye_ros_interface/srv/detail/set_enum_parameter__description.c
[45.585s] [ 22%] Building C object CMakeFiles/mecheye_ros_interface__rosidl_generator_c.dir/rosidl_generator_c/mecheye_ros_interface/srv/detail/get_enum_parameter__description.c.o
[45.587s] [ 22%] Building C object CMakeFiles/mecheye_ros_interface__rosidl_generator_c.dir/rosidl_generator_c/mecheye_ros_interface/srv/detail/set_enum_parameter__functions.c.o
[45.587s] /usr/bin/cc -DROSIDL_GENERATOR_C_BUILDING_DLL_mecheye_ros_interface -DROS_PACKAGE_NAME=\"mecheye_ros_interface\" -I/usr/include/eigen3 -I/home/inauenma/git/mecheye_ros2_interface/build/mecheye_ros_interface/rosidl_generator_c -isystem /opt/ros/jazzy/include/std_msgs -isystem /opt/ros/jazzy/include/builtin_interfaces -isystem /opt/ros/jazzy/include/rosidl_runtime_c -isystem /opt/ros/jazzy/include/rcutils -isystem /opt/ros/jazzy/include/rosidl_typesupport_interface -isystem /opt/ros/jazzy/include/sensor_msgs -isystem /opt/ros/jazzy/include/geometry_msgs -isystem /opt/ros/jazzy/include/service_msgs -std=gnu11 -fPIC -Wall -MD -MT CMakeFiles/mecheye_ros_interface__rosidl_generator_c.dir/rosidl_generator_c/mecheye_ros_interface/srv/detail/get_enum_parameter__description.c.o -MF CMakeFiles/mecheye_ros_interface__rosidl_generator_c.dir/rosidl_generator_c/mecheye_ros_interface/srv/detail/get_enum_parameter__description.c.o.d -o CMakeFiles/mecheye_ros_interface__rosidl_generator_c.dir/rosidl_generator_c/mecheye_ros_interface/srv/detail/get_enum_parameter__description.c.o -c /home/inauenma/git/mecheye_ros2_interface/build/mecheye_ros_interface/rosidl_generator_c/mecheye_ros_interface/srv/detail/get_enum_parameter__description.c
[45.596s] /usr/bin/cc -DROSIDL_GENERATOR_C_BUILDING_DLL_mecheye_ros_interface -DROS_PACKAGE_NAME=\"mecheye_ros_interface\" -I/usr/include/eigen3 -I/home/inauenma/git/mecheye_ros2_interface/build/mecheye_ros_interface/rosidl_generator_c -isystem /opt/ros/jazzy/include/std_msgs -isystem /opt/ros/jazzy/include/builtin_interfaces -isystem /opt/ros/jazzy/include/rosidl_runtime_c -isystem /opt/ros/jazzy/include/rcutils -isystem /opt/ros/jazzy/include/rosidl_typesupport_interface -isystem /opt/ros/jazzy/include/sensor_msgs -isystem /opt/ros/jazzy/include/geometry_msgs -isystem /opt/ros/jazzy/include/service_msgs -std=gnu11 -fPIC -Wall -MD -MT CMakeFiles/mecheye_ros_interface__rosidl_generator_c.dir/rosidl_generator_c/mecheye_ros_interface/srv/detail/set_enum_parameter__functions.c.o -MF CMakeFiles/mecheye_ros_interface__rosidl_generator_c.dir/rosidl_generator_c/mecheye_ros_interface/srv/detail/set_enum_parameter__functions.c.o.d -o CMakeFiles/mecheye_ros_interface__rosidl_generator_c.dir/rosidl_generator_c/mecheye_ros_interface/srv/detail/set_enum_parameter__functions.c.o -c /home/inauenma/git/mecheye_ros2_interface/build/mecheye_ros_interface/rosidl_generator_c/mecheye_ros_interface/srv/detail/set_enum_parameter__functions.c
[45.597s] [ 22%] Building C object CMakeFiles/mecheye_ros_interface__rosidl_generator_c.dir/rosidl_generator_c/mecheye_ros_interface/srv/detail/set_enum_parameter__type_support.c.o
[45.598s] [ 22%] Building C object CMakeFiles/mecheye_ros_interface__rosidl_generator_c.dir/rosidl_generator_c/mecheye_ros_interface/srv/detail/get_enum_parameter__functions.c.o
[45.598s] /usr/bin/cc -DROSIDL_GENERATOR_C_BUILDING_DLL_mecheye_ros_interface -DROS_PACKAGE_NAME=\"mecheye_ros_interface\" -I/usr/include/eigen3 -I/home/inauenma/git/mecheye_ros2_interface/build/mecheye_ros_interface/rosidl_generator_c -isystem /opt/ros/jazzy/include/std_msgs -isystem /opt/ros/jazzy/include/builtin_interfaces -isystem /opt/ros/jazzy/include/rosidl_runtime_c -isystem /opt/ros/jazzy/include/rcutils -isystem /opt/ros/jazzy/include/rosidl_typesupport_interface -isystem /opt/ros/jazzy/include/sensor_msgs -isystem /opt/ros/jazzy/include/geometry_msgs -isystem /opt/ros/jazzy/include/service_msgs -std=gnu11 -fPIC -Wall -MD -MT CMakeFiles/mecheye_ros_interface__rosidl_generator_c.dir/rosidl_generator_c/mecheye_ros_interface/srv/detail/set_enum_parameter__type_support.c.o -MF CMakeFiles/mecheye_ros_interface__rosidl_generator_c.dir/rosidl_generator_c/mecheye_ros_interface/srv/detail/set_enum_parameter__type_support.c.o.d -o CMakeFiles/mecheye_ros_interface__rosidl_generator_c.dir/rosidl_generator_c/mecheye_ros_interface/srv/detail/set_enum_parameter__type_support.c.o -c /home/inauenma/git/mecheye_ros2_interface/build/mecheye_ros_interface/rosidl_generator_c/mecheye_ros_interface/srv/detail/set_enum_parameter__type_support.c
[45.603s] /usr/bin/cc -DROSIDL_GENERATOR_C_BUILDING_DLL_mecheye_ros_interface -DROS_PACKAGE_NAME=\"mecheye_ros_interface\" -I/usr/include/eigen3 -I/home/inauenma/git/mecheye_ros2_interface/build/mecheye_ros_interface/rosidl_generator_c -isystem /opt/ros/jazzy/include/std_msgs -isystem /opt/ros/jazzy/include/builtin_interfaces -isystem /opt/ros/jazzy/include/rosidl_runtime_c -isystem /opt/ros/jazzy/include/rcutils -isystem /opt/ros/jazzy/include/rosidl_typesupport_interface -isystem /opt/ros/jazzy/include/sensor_msgs -isystem /opt/ros/jazzy/include/geometry_msgs -isystem /opt/ros/jazzy/include/service_msgs -std=gnu11 -fPIC -Wall -MD -MT CMakeFiles/mecheye_ros_interface__rosidl_generator_c.dir/rosidl_generator_c/mecheye_ros_interface/srv/detail/get_enum_parameter__functions.c.o -MF CMakeFiles/mecheye_ros_interface__rosidl_generator_c.dir/rosidl_generator_c/mecheye_ros_interface/srv/detail/get_enum_parameter__functions.c.o.d -o CMakeFiles/mecheye_ros_interface__rosidl_generator_c.dir/rosidl_generator_c/mecheye_ros_interface/srv/detail/get_enum_parameter__functions.c.o -c /home/inauenma/git/mecheye_ros2_interface/build/mecheye_ros_interface/rosidl_generator_c/mecheye_ros_interface/srv/detail/get_enum_parameter__functions.c
[45.616s] [ 22%] Building C object CMakeFiles/mecheye_ros_interface__rosidl_generator_c.dir/rosidl_generator_c/mecheye_ros_interface/srv/detail/get_enum_parameter__type_support.c.o
[45.616s] /usr/bin/cc -DROSIDL_GENERATOR_C_BUILDING_DLL_mecheye_ros_interface -DROS_PACKAGE_NAME=\"mecheye_ros_interface\" -I/usr/include/eigen3 -I/home/inauenma/git/mecheye_ros2_interface/build/mecheye_ros_interface/rosidl_generator_c -isystem /opt/ros/jazzy/include/std_msgs -isystem /opt/ros/jazzy/include/builtin_interfaces -isystem /opt/ros/jazzy/include/rosidl_runtime_c -isystem /opt/ros/jazzy/include/rcutils -isystem /opt/ros/jazzy/include/rosidl_typesupport_interface -isystem /opt/ros/jazzy/include/sensor_msgs -isystem /opt/ros/jazzy/include/geometry_msgs -isystem /opt/ros/jazzy/include/service_msgs -std=gnu11 -fPIC -Wall -MD -MT CMakeFiles/mecheye_ros_interface__rosidl_generator_c.dir/rosidl_generator_c/mecheye_ros_interface/srv/detail/get_enum_parameter__type_support.c.o -MF CMakeFiles/mecheye_ros_interface__rosidl_generator_c.dir/rosidl_generator_c/mecheye_ros_interface/srv/detail/get_enum_parameter__type_support.c.o.d -o CMakeFiles/mecheye_ros_interface__rosidl_generator_c.dir/rosidl_generator_c/mecheye_ros_interface/srv/detail/get_enum_parameter__type_support.c.o -c /home/inauenma/git/mecheye_ros2_interface/build/mecheye_ros_interface/rosidl_generator_c/mecheye_ros_interface/srv/detail/get_enum_parameter__type_support.c
[45.628s] [ 23%] Building C object CMakeFiles/mecheye_ros_interface__rosidl_generator_c.dir/rosidl_generator_c/mecheye_ros_interface/srv/detail/set_float_parameter__description.c.o
[45.632s] /usr/bin/cc -DROSIDL_GENERATOR_C_BUILDING_DLL_mecheye_ros_interface -DROS_PACKAGE_NAME=\"mecheye_ros_interface\" -I/usr/include/eigen3 -I/home/inauenma/git/mecheye_ros2_interface/build/mecheye_ros_interface/rosidl_generator_c -isystem /opt/ros/jazzy/include/std_msgs -isystem /opt/ros/jazzy/include/builtin_interfaces -isystem /opt/ros/jazzy/include/rosidl_runtime_c -isystem /opt/ros/jazzy/include/rcutils -isystem /opt/ros/jazzy/include/rosidl_typesupport_interface -isystem /opt/ros/jazzy/include/sensor_msgs -isystem /opt/ros/jazzy/include/geometry_msgs -isystem /opt/ros/jazzy/include/service_msgs -std=gnu11 -fPIC -Wall -MD -MT CMakeFiles/mecheye_ros_interface__rosidl_generator_c.dir/rosidl_generator_c/mecheye_ros_interface/srv/detail/set_float_parameter__description.c.o -MF CMakeFiles/mecheye_ros_interface__rosidl_generator_c.dir/rosidl_generator_c/mecheye_ros_interface/srv/detail/set_float_parameter__description.c.o.d -o CMakeFiles/mecheye_ros_interface__rosidl_generator_c.dir/rosidl_generator_c/mecheye_ros_interface/srv/detail/set_float_parameter__description.c.o -c /home/inauenma/git/mecheye_ros2_interface/build/mecheye_ros_interface/rosidl_generator_c/mecheye_ros_interface/srv/detail/set_float_parameter__description.c
[45.638s] [ 23%] Building C object CMakeFiles/mecheye_ros_interface__rosidl_generator_c.dir/rosidl_generator_c/mecheye_ros_interface/srv/detail/set_float_parameter__functions.c.o
[45.640s] /usr/bin/cc -DROSIDL_GENERATOR_C_BUILDING_DLL_mecheye_ros_interface -DROS_PACKAGE_NAME=\"mecheye_ros_interface\" -I/usr/include/eigen3 -I/home/inauenma/git/mecheye_ros2_interface/build/mecheye_ros_interface/rosidl_generator_c -isystem /opt/ros/jazzy/include/std_msgs -isystem /opt/ros/jazzy/include/builtin_interfaces -isystem /opt/ros/jazzy/include/rosidl_runtime_c -isystem /opt/ros/jazzy/include/rcutils -isystem /opt/ros/jazzy/include/rosidl_typesupport_interface -isystem /opt/ros/jazzy/include/sensor_msgs -isystem /opt/ros/jazzy/include/geometry_msgs -isystem /opt/ros/jazzy/include/service_msgs -std=gnu11 -fPIC -Wall -MD -MT CMakeFiles/mecheye_ros_interface__rosidl_generator_c.dir/rosidl_generator_c/mecheye_ros_interface/srv/detail/set_float_parameter__functions.c.o -MF CMakeFiles/mecheye_ros_interface__rosidl_generator_c.dir/rosidl_generator_c/mecheye_ros_interface/srv/detail/set_float_parameter__functions.c.o.d -o CMakeFiles/mecheye_ros_interface__rosidl_generator_c.dir/rosidl_generator_c/mecheye_ros_interface/srv/detail/set_float_parameter__functions.c.o -c /home/inauenma/git/mecheye_ros2_interface/build/mecheye_ros_interface/rosidl_generator_c/mecheye_ros_interface/srv/detail/set_float_parameter__functions.c
[45.649s] [ 23%] Building C object CMakeFiles/mecheye_ros_interface__rosidl_generator_c.dir/rosidl_generator_c/mecheye_ros_interface/srv/detail/set_float_parameter__type_support.c.o
[45.650s] /usr/bin/cc -DROSIDL_GENERATOR_C_BUILDING_DLL_mecheye_ros_interface -DROS_PACKAGE_NAME=\"mecheye_ros_interface\" -I/usr/include/eigen3 -I/home/inauenma/git/mecheye_ros2_interface/build/mecheye_ros_interface/rosidl_generator_c -isystem /opt/ros/jazzy/include/std_msgs -isystem /opt/ros/jazzy/include/builtin_interfaces -isystem /opt/ros/jazzy/include/rosidl_runtime_c -isystem /opt/ros/jazzy/include/rcutils -isystem /opt/ros/jazzy/include/rosidl_typesupport_interface -isystem /opt/ros/jazzy/include/sensor_msgs -isystem /opt/ros/jazzy/include/geometry_msgs -isystem /opt/ros/jazzy/include/service_msgs -std=gnu11 -fPIC -Wall -MD -MT CMakeFiles/mecheye_ros_interface__rosidl_generator_c.dir/rosidl_generator_c/mecheye_ros_interface/srv/detail/set_float_parameter__type_support.c.o -MF CMakeFiles/mecheye_ros_interface__rosidl_generator_c.dir/rosidl_generator_c/mecheye_ros_interface/srv/detail/set_float_parameter__type_support.c.o.d -o CMakeFiles/mecheye_ros_interface__rosidl_generator_c.dir/rosidl_generator_c/mecheye_ros_interface/srv/detail/set_float_parameter__type_support.c.o -c /home/inauenma/git/mecheye_ros2_interface/build/mecheye_ros_interface/rosidl_generator_c/mecheye_ros_interface/srv/detail/set_float_parameter__type_support.c
[45.665s] [ 24%] Building C object CMakeFiles/mecheye_ros_interface__rosidl_generator_c.dir/rosidl_generator_c/mecheye_ros_interface/srv/detail/get_float_parameter__description.c.o
[45.669s] /usr/bin/cc -DROSIDL_GENERATOR_C_BUILDING_DLL_mecheye_ros_interface -DROS_PACKAGE_NAME=\"mecheye_ros_interface\" -I/usr/include/eigen3 -I/home/inauenma/git/mecheye_ros2_interface/build/mecheye_ros_interface/rosidl_generator_c -isystem /opt/ros/jazzy/include/std_msgs -isystem /opt/ros/jazzy/include/builtin_interfaces -isystem /opt/ros/jazzy/include/rosidl_runtime_c -isystem /opt/ros/jazzy/include/rcutils -isystem /opt/ros/jazzy/include/rosidl_typesupport_interface -isystem /opt/ros/jazzy/include/sensor_msgs -isystem /opt/ros/jazzy/include/geometry_msgs -isystem /opt/ros/jazzy/include/service_msgs -std=gnu11 -fPIC -Wall -MD -MT CMakeFiles/mecheye_ros_interface__rosidl_generator_c.dir/rosidl_generator_c/mecheye_ros_interface/srv/detail/get_float_parameter__description.c.o -MF CMakeFiles/mecheye_ros_interface__rosidl_generator_c.dir/rosidl_generator_c/mecheye_ros_interface/srv/detail/get_float_parameter__description.c.o.d -o CMakeFiles/mecheye_ros_interface__rosidl_generator_c.dir/rosidl_generator_c/mecheye_ros_interface/srv/detail/get_float_parameter__description.c.o -c /home/inauenma/git/mecheye_ros2_interface/build/mecheye_ros_interface/rosidl_generator_c/mecheye_ros_interface/srv/detail/get_float_parameter__description.c
[45.685s] [ 25%] Building C object CMakeFiles/mecheye_ros_interface__rosidl_generator_c.dir/rosidl_generator_c/mecheye_ros_interface/srv/detail/get_float_parameter__type_support.c.o
[45.686s] /usr/bin/cc -DROSIDL_GENERATOR_C_BUILDING_DLL_mecheye_ros_interface -DROS_PACKAGE_NAME=\"mecheye_ros_interface\" -I/usr/include/eigen3 -I/home/inauenma/git/mecheye_ros2_interface/build/mecheye_ros_interface/rosidl_generator_c -isystem /opt/ros/jazzy/include/std_msgs -isystem /opt/ros/jazzy/include/builtin_interfaces -isystem /opt/ros/jazzy/include/rosidl_runtime_c -isystem /opt/ros/jazzy/include/rcutils -isystem /opt/ros/jazzy/include/rosidl_typesupport_interface -isystem /opt/ros/jazzy/include/sensor_msgs -isystem /opt/ros/jazzy/include/geometry_msgs -isystem /opt/ros/jazzy/include/service_msgs -std=gnu11 -fPIC -Wall -MD -MT CMakeFiles/mecheye_ros_interface__rosidl_generator_c.dir/rosidl_generator_c/mecheye_ros_interface/srv/detail/get_float_parameter__type_support.c.o -MF CMakeFiles/mecheye_ros_interface__rosidl_generator_c.dir/rosidl_generator_c/mecheye_ros_interface/srv/detail/get_float_parameter__type_support.c.o.d -o CMakeFiles/mecheye_ros_interface__rosidl_generator_c.dir/rosidl_generator_c/mecheye_ros_interface/srv/detail/get_float_parameter__type_support.c.o -c /home/inauenma/git/mecheye_ros2_interface/build/mecheye_ros_interface/rosidl_generator_c/mecheye_ros_interface/srv/detail/get_float_parameter__type_support.c
[45.691s] [ 25%] Building C object CMakeFiles/mecheye_ros_interface__rosidl_generator_c.dir/rosidl_generator_c/mecheye_ros_interface/srv/detail/set_float_array_parameter__description.c.o
[45.692s] [ 25%] Building C object CMakeFiles/mecheye_ros_interface__rosidl_generator_c.dir/rosidl_generator_c/mecheye_ros_interface/srv/detail/get_float_parameter__functions.c.o
[45.693s] [ 25%] Building C object CMakeFiles/mecheye_ros_interface__rosidl_generator_c.dir/rosidl_generator_c/mecheye_ros_interface/srv/detail/set_float_array_parameter__functions.c.o
[45.695s] /usr/bin/cc -DROSIDL_GENERATOR_C_BUILDING_DLL_mecheye_ros_interface -DROS_PACKAGE_NAME=\"mecheye_ros_interface\" -I/usr/include/eigen3 -I/home/inauenma/git/mecheye_ros2_interface/build/mecheye_ros_interface/rosidl_generator_c -isystem /opt/ros/jazzy/include/std_msgs -isystem /opt/ros/jazzy/include/builtin_interfaces -isystem /opt/ros/jazzy/include/rosidl_runtime_c -isystem /opt/ros/jazzy/include/rcutils -isystem /opt/ros/jazzy/include/rosidl_typesupport_interface -isystem /opt/ros/jazzy/include/sensor_msgs -isystem /opt/ros/jazzy/include/geometry_msgs -isystem /opt/ros/jazzy/include/service_msgs -std=gnu11 -fPIC -Wall -MD -MT CMakeFiles/mecheye_ros_interface__rosidl_generator_c.dir/rosidl_generator_c/mecheye_ros_interface/srv/detail/get_float_parameter__functions.c.o -MF CMakeFiles/mecheye_ros_interface__rosidl_generator_c.dir/rosidl_generator_c/mecheye_ros_interface/srv/detail/get_float_parameter__functions.c.o.d -o CMakeFiles/mecheye_ros_interface__rosidl_generator_c.dir/rosidl_generator_c/mecheye_ros_interface/srv/detail/get_float_parameter__functions.c.o -c /home/inauenma/git/mecheye_ros2_interface/build/mecheye_ros_interface/rosidl_generator_c/mecheye_ros_interface/srv/detail/get_float_parameter__functions.c
[45.696s] /usr/bin/cc -DROSIDL_GENERATOR_C_BUILDING_DLL_mecheye_ros_interface -DROS_PACKAGE_NAME=\"mecheye_ros_interface\" -I/usr/include/eigen3 -I/home/inauenma/git/mecheye_ros2_interface/build/mecheye_ros_interface/rosidl_generator_c -isystem /opt/ros/jazzy/include/std_msgs -isystem /opt/ros/jazzy/include/builtin_interfaces -isystem /opt/ros/jazzy/include/rosidl_runtime_c -isystem /opt/ros/jazzy/include/rcutils -isystem /opt/ros/jazzy/include/rosidl_typesupport_interface -isystem /opt/ros/jazzy/include/sensor_msgs -isystem /opt/ros/jazzy/include/geometry_msgs -isystem /opt/ros/jazzy/include/service_msgs -std=gnu11 -fPIC -Wall -MD -MT CMakeFiles/mecheye_ros_interface__rosidl_generator_c.dir/rosidl_generator_c/mecheye_ros_interface/srv/detail/set_float_array_parameter__description.c.o -MF CMakeFiles/mecheye_ros_interface__rosidl_generator_c.dir/rosidl_generator_c/mecheye_ros_interface/srv/detail/set_float_array_parameter__description.c.o.d -o CMakeFiles/mecheye_ros_interface__rosidl_generator_c.dir/rosidl_generator_c/mecheye_ros_interface/srv/detail/set_float_array_parameter__description.c.o -c /home/inauenma/git/mecheye_ros2_interface/build/mecheye_ros_interface/rosidl_generator_c/mecheye_ros_interface/srv/detail/set_float_array_parameter__description.c
[45.700s] /usr/bin/cc -DROSIDL_GENERATOR_C_BUILDING_DLL_mecheye_ros_interface -DROS_PACKAGE_NAME=\"mecheye_ros_interface\" -I/usr/include/eigen3 -I/home/inauenma/git/mecheye_ros2_interface/build/mecheye_ros_interface/rosidl_generator_c -isystem /opt/ros/jazzy/include/std_msgs -isystem /opt/ros/jazzy/include/builtin_interfaces -isystem /opt/ros/jazzy/include/rosidl_runtime_c -isystem /opt/ros/jazzy/include/rcutils -isystem /opt/ros/jazzy/include/rosidl_typesupport_interface -isystem /opt/ros/jazzy/include/sensor_msgs -isystem /opt/ros/jazzy/include/geometry_msgs -isystem /opt/ros/jazzy/include/service_msgs -std=gnu11 -fPIC -Wall -MD -MT CMakeFiles/mecheye_ros_interface__rosidl_generator_c.dir/rosidl_generator_c/mecheye_ros_interface/srv/detail/set_float_array_parameter__functions.c.o -MF CMakeFiles/mecheye_ros_interface__rosidl_generator_c.dir/rosidl_generator_c/mecheye_ros_interface/srv/detail/set_float_array_parameter__functions.c.o.d -o CMakeFiles/mecheye_ros_interface__rosidl_generator_c.dir/rosidl_generator_c/mecheye_ros_interface/srv/detail/set_float_array_parameter__functions.c.o -c /home/inauenma/git/mecheye_ros2_interface/build/mecheye_ros_interface/rosidl_generator_c/mecheye_ros_interface/srv/detail/set_float_array_parameter__functions.c
[45.711s] [ 26%] Building C object CMakeFiles/mecheye_ros_interface__rosidl_generator_c.dir/rosidl_generator_c/mecheye_ros_interface/srv/detail/set_float_array_parameter__type_support.c.o
[45.711s] [ 26%] Building C object CMakeFiles/mecheye_ros_interface__rosidl_generator_c.dir/rosidl_generator_c/mecheye_ros_interface/srv/detail/get_float_array_parameter__functions.c.o
[45.711s] /usr/bin/cc -DROSIDL_GENERATOR_C_BUILDING_DLL_mecheye_ros_interface -DROS_PACKAGE_NAME=\"mecheye_ros_interface\" -I/usr/include/eigen3 -I/home/inauenma/git/mecheye_ros2_interface/build/mecheye_ros_interface/rosidl_generator_c -isystem /opt/ros/jazzy/include/std_msgs -isystem /opt/ros/jazzy/include/builtin_interfaces -isystem /opt/ros/jazzy/include/rosidl_runtime_c -isystem /opt/ros/jazzy/include/rcutils -isystem /opt/ros/jazzy/include/rosidl_typesupport_interface -isystem /opt/ros/jazzy/include/sensor_msgs -isystem /opt/ros/jazzy/include/geometry_msgs -isystem /opt/ros/jazzy/include/service_msgs -std=gnu11 -fPIC -Wall -MD -MT CMakeFiles/mecheye_ros_interface__rosidl_generator_c.dir/rosidl_generator_c/mecheye_ros_interface/srv/detail/set_float_array_parameter__type_support.c.o -MF CMakeFiles/mecheye_ros_interface__rosidl_generator_c.dir/rosidl_generator_c/mecheye_ros_interface/srv/detail/set_float_array_parameter__type_support.c.o.d -o CMakeFiles/mecheye_ros_interface__rosidl_generator_c.dir/rosidl_generator_c/mecheye_ros_interface/srv/detail/set_float_array_parameter__type_support.c.o -c /home/inauenma/git/mecheye_ros2_interface/build/mecheye_ros_interface/rosidl_generator_c/mecheye_ros_interface/srv/detail/set_float_array_parameter__type_support.c
[45.713s] /usr/bin/cc -DROSIDL_GENERATOR_C_BUILDING_DLL_mecheye_ros_interface -DROS_PACKAGE_NAME=\"mecheye_ros_interface\" -I/usr/include/eigen3 -I/home/inauenma/git/mecheye_ros2_interface/build/mecheye_ros_interface/rosidl_generator_c -isystem /opt/ros/jazzy/include/std_msgs -isystem /opt/ros/jazzy/include/builtin_interfaces -isystem /opt/ros/jazzy/include/rosidl_runtime_c -isystem /opt/ros/jazzy/include/rcutils -isystem /opt/ros/jazzy/include/rosidl_typesupport_interface -isystem /opt/ros/jazzy/include/sensor_msgs -isystem /opt/ros/jazzy/include/geometry_msgs -isystem /opt/ros/jazzy/include/service_msgs -std=gnu11 -fPIC -Wall -MD -MT CMakeFiles/mecheye_ros_interface__rosidl_generator_c.dir/rosidl_generator_c/mecheye_ros_interface/srv/detail/get_float_array_parameter__functions.c.o -MF CMakeFiles/mecheye_ros_interface__rosidl_generator_c.dir/rosidl_generator_c/mecheye_ros_interface/srv/detail/get_float_array_parameter__functions.c.o.d -o CMakeFiles/mecheye_ros_interface__rosidl_generator_c.dir/rosidl_generator_c/mecheye_ros_interface/srv/detail/get_float_array_parameter__functions.c.o -c /home/inauenma/git/mecheye_ros2_interface/build/mecheye_ros_interface/rosidl_generator_c/mecheye_ros_interface/srv/detail/get_float_array_parameter__functions.c
[45.714s] [ 26%] Building C object CMakeFiles/mecheye_ros_interface__rosidl_generator_c.dir/rosidl_generator_c/mecheye_ros_interface/srv/detail/get_float_array_parameter__description.c.o
[45.720s] [ 26%] Building C object CMakeFiles/mecheye_ros_interface__rosidl_generator_c.dir/rosidl_generator_c/mecheye_ros_interface/srv/detail/set_roi_parameter__description.c.o
[45.724s] /usr/bin/cc -DROSIDL_GENERATOR_C_BUILDING_DLL_mecheye_ros_interface -DROS_PACKAGE_NAME=\"mecheye_ros_interface\" -I/usr/include/eigen3 -I/home/inauenma/git/mecheye_ros2_interface/build/mecheye_ros_interface/rosidl_generator_c -isystem /opt/ros/jazzy/include/std_msgs -isystem /opt/ros/jazzy/include/builtin_interfaces -isystem /opt/ros/jazzy/include/rosidl_runtime_c -isystem /opt/ros/jazzy/include/rcutils -isystem /opt/ros/jazzy/include/rosidl_typesupport_interface -isystem /opt/ros/jazzy/include/sensor_msgs -isystem /opt/ros/jazzy/include/geometry_msgs -isystem /opt/ros/jazzy/include/service_msgs -std=gnu11 -fPIC -Wall -MD -MT CMakeFiles/mecheye_ros_interface__rosidl_generator_c.dir/rosidl_generator_c/mecheye_ros_interface/srv/detail/get_float_array_parameter__description.c.o -MF CMakeFiles/mecheye_ros_interface__rosidl_generator_c.dir/rosidl_generator_c/mecheye_ros_interface/srv/detail/get_float_array_parameter__description.c.o.d -o CMakeFiles/mecheye_ros_interface__rosidl_generator_c.dir/rosidl_generator_c/mecheye_ros_interface/srv/detail/get_float_array_parameter__description.c.o -c /home/inauenma/git/mecheye_ros2_interface/build/mecheye_ros_interface/rosidl_generator_c/mecheye_ros_interface/srv/detail/get_float_array_parameter__description.c
[45.729s] [ 27%] Building C object CMakeFiles/mecheye_ros_interface__rosidl_generator_c.dir/rosidl_generator_c/mecheye_ros_interface/srv/detail/get_float_array_parameter__type_support.c.o
[45.731s] /usr/bin/cc -DROSIDL_GENERATOR_C_BUILDING_DLL_mecheye_ros_interface -DROS_PACKAGE_NAME=\"mecheye_ros_interface\" -I/usr/include/eigen3 -I/home/inauenma/git/mecheye_ros2_interface/build/mecheye_ros_interface/rosidl_generator_c -isystem /opt/ros/jazzy/include/std_msgs -isystem /opt/ros/jazzy/include/builtin_interfaces -isystem /opt/ros/jazzy/include/rosidl_runtime_c -isystem /opt/ros/jazzy/include/rcutils -isystem /opt/ros/jazzy/include/rosidl_typesupport_interface -isystem /opt/ros/jazzy/include/sensor_msgs -isystem /opt/ros/jazzy/include/geometry_msgs -isystem /opt/ros/jazzy/include/service_msgs -std=gnu11 -fPIC -Wall -MD -MT CMakeFiles/mecheye_ros_interface__rosidl_generator_c.dir/rosidl_generator_c/mecheye_ros_interface/srv/detail/get_float_array_parameter__type_support.c.o -MF CMakeFiles/mecheye_ros_interface__rosidl_generator_c.dir/rosidl_generator_c/mecheye_ros_interface/srv/detail/get_float_array_parameter__type_support.c.o.d -o CMakeFiles/mecheye_ros_interface__rosidl_generator_c.dir/rosidl_generator_c/mecheye_ros_interface/srv/detail/get_float_array_parameter__type_support.c.o -c /home/inauenma/git/mecheye_ros2_interface/build/mecheye_ros_interface/rosidl_generator_c/mecheye_ros_interface/srv/detail/get_float_array_parameter__type_support.c
[45.734s] /usr/bin/cc -DROSIDL_GENERATOR_C_BUILDING_DLL_mecheye_ros_interface -DROS_PACKAGE_NAME=\"mecheye_ros_interface\" -I/usr/include/eigen3 -I/home/inauenma/git/mecheye_ros2_interface/build/mecheye_ros_interface/rosidl_generator_c -isystem /opt/ros/jazzy/include/std_msgs -isystem /opt/ros/jazzy/include/builtin_interfaces -isystem /opt/ros/jazzy/include/rosidl_runtime_c -isystem /opt/ros/jazzy/include/rcutils -isystem /opt/ros/jazzy/include/rosidl_typesupport_interface -isystem /opt/ros/jazzy/include/sensor_msgs -isystem /opt/ros/jazzy/include/geometry_msgs -isystem /opt/ros/jazzy/include/service_msgs -std=gnu11 -fPIC -Wall -MD -MT CMakeFiles/mecheye_ros_interface__rosidl_generator_c.dir/rosidl_generator_c/mecheye_ros_interface/srv/detail/set_roi_parameter__description.c.o -MF CMakeFiles/mecheye_ros_interface__rosidl_generator_c.dir/rosidl_generator_c/mecheye_ros_interface/srv/detail/set_roi_parameter__description.c.o.d -o CMakeFiles/mecheye_ros_interface__rosidl_generator_c.dir/rosidl_generator_c/mecheye_ros_interface/srv/detail/set_roi_parameter__description.c.o -c /home/inauenma/git/mecheye_ros2_interface/build/mecheye_ros_interface/rosidl_generator_c/mecheye_ros_interface/srv/detail/set_roi_parameter__description.c
[45.788s] [ 27%] Building C object CMakeFiles/mecheye_ros_interface__rosidl_generator_c.dir/rosidl_generator_c/mecheye_ros_interface/srv/detail/set_roi_parameter__functions.c.o
[45.791s] [ 28%] Building C object CMakeFiles/mecheye_ros_interface__rosidl_generator_c.dir/rosidl_generator_c/mecheye_ros_interface/srv/detail/set_roi_parameter__type_support.c.o
[45.795s] /usr/bin/cc -DROSIDL_GENERATOR_C_BUILDING_DLL_mecheye_ros_interface -DROS_PACKAGE_NAME=\"mecheye_ros_interface\" -I/usr/include/eigen3 -I/home/inauenma/git/mecheye_ros2_interface/build/mecheye_ros_interface/rosidl_generator_c -isystem /opt/ros/jazzy/include/std_msgs -isystem /opt/ros/jazzy/include/builtin_interfaces -isystem /opt/ros/jazzy/include/rosidl_runtime_c -isystem /opt/ros/jazzy/include/rcutils -isystem /opt/ros/jazzy/include/rosidl_typesupport_interface -isystem /opt/ros/jazzy/include/sensor_msgs -isystem /opt/ros/jazzy/include/geometry_msgs -isystem /opt/ros/jazzy/include/service_msgs -std=gnu11 -fPIC -Wall -MD -MT CMakeFiles/mecheye_ros_interface__rosidl_generator_c.dir/rosidl_generator_c/mecheye_ros_interface/srv/detail/set_roi_parameter__functions.c.o -MF CMakeFiles/mecheye_ros_interface__rosidl_generator_c.dir/rosidl_generator_c/mecheye_ros_interface/srv/detail/set_roi_parameter__functions.c.o.d -o CMakeFiles/mecheye_ros_interface__rosidl_generator_c.dir/rosidl_generator_c/mecheye_ros_interface/srv/detail/set_roi_parameter__functions.c.o -c /home/inauenma/git/mecheye_ros2_interface/build/mecheye_ros_interface/rosidl_generator_c/mecheye_ros_interface/srv/detail/set_roi_parameter__functions.c
[45.795s] /usr/bin/cc -DROSIDL_GENERATOR_C_BUILDING_DLL_mecheye_ros_interface -DROS_PACKAGE_NAME=\"mecheye_ros_interface\" -I/usr/include/eigen3 -I/home/inauenma/git/mecheye_ros2_interface/build/mecheye_ros_interface/rosidl_generator_c -isystem /opt/ros/jazzy/include/std_msgs -isystem /opt/ros/jazzy/include/builtin_interfaces -isystem /opt/ros/jazzy/include/rosidl_runtime_c -isystem /opt/ros/jazzy/include/rcutils -isystem /opt/ros/jazzy/include/rosidl_typesupport_interface -isystem /opt/ros/jazzy/include/sensor_msgs -isystem /opt/ros/jazzy/include/geometry_msgs -isystem /opt/ros/jazzy/include/service_msgs -std=gnu11 -fPIC -Wall -MD -MT CMakeFiles/mecheye_ros_interface__rosidl_generator_c.dir/rosidl_generator_c/mecheye_ros_interface/srv/detail/set_roi_parameter__type_support.c.o -MF CMakeFiles/mecheye_ros_interface__rosidl_generator_c.dir/rosidl_generator_c/mecheye_ros_interface/srv/detail/set_roi_parameter__type_support.c.o.d -o CMakeFiles/mecheye_ros_interface__rosidl_generator_c.dir/rosidl_generator_c/mecheye_ros_interface/srv/detail/set_roi_parameter__type_support.c.o -c /home/inauenma/git/mecheye_ros2_interface/build/mecheye_ros_interface/rosidl_generator_c/mecheye_ros_interface/srv/detail/set_roi_parameter__type_support.c
[45.809s] [ 28%] Building C object CMakeFiles/mecheye_ros_interface__rosidl_generator_c.dir/rosidl_generator_c/mecheye_ros_interface/srv/detail/get_roi_parameter__functions.c.o
[45.810s] /usr/bin/cc -DROSIDL_GENERATOR_C_BUILDING_DLL_mecheye_ros_interface -DROS_PACKAGE_NAME=\"mecheye_ros_interface\" -I/usr/include/eigen3 -I/home/inauenma/git/mecheye_ros2_interface/build/mecheye_ros_interface/rosidl_generator_c -isystem /opt/ros/jazzy/include/std_msgs -isystem /opt/ros/jazzy/include/builtin_interfaces -isystem /opt/ros/jazzy/include/rosidl_runtime_c -isystem /opt/ros/jazzy/include/rcutils -isystem /opt/ros/jazzy/include/rosidl_typesupport_interface -isystem /opt/ros/jazzy/include/sensor_msgs -isystem /opt/ros/jazzy/include/geometry_msgs -isystem /opt/ros/jazzy/include/service_msgs -std=gnu11 -fPIC -Wall -MD -MT CMakeFiles/mecheye_ros_interface__rosidl_generator_c.dir/rosidl_generator_c/mecheye_ros_interface/srv/detail/get_roi_parameter__functions.c.o -MF CMakeFiles/mecheye_ros_interface__rosidl_generator_c.dir/rosidl_generator_c/mecheye_ros_interface/srv/detail/get_roi_parameter__functions.c.o.d -o CMakeFiles/mecheye_ros_interface__rosidl_generator_c.dir/rosidl_generator_c/mecheye_ros_interface/srv/detail/get_roi_parameter__functions.c.o -c /home/inauenma/git/mecheye_ros2_interface/build/mecheye_ros_interface/rosidl_generator_c/mecheye_ros_interface/srv/detail/get_roi_parameter__functions.c
[45.815s] [ 28%] Building C object CMakeFiles/mecheye_ros_interface__rosidl_generator_c.dir/rosidl_generator_c/mecheye_ros_interface/srv/detail/get_roi_parameter__description.c.o
[45.817s] [ 29%] Building C object CMakeFiles/mecheye_ros_interface__rosidl_generator_c.dir/rosidl_generator_c/mecheye_ros_interface/srv/detail/get_roi_parameter__type_support.c.o
[45.824s] /usr/bin/cc -DROSIDL_GENERATOR_C_BUILDING_DLL_mecheye_ros_interface -DROS_PACKAGE_NAME=\"mecheye_ros_interface\" -I/usr/include/eigen3 -I/home/inauenma/git/mecheye_ros2_interface/build/mecheye_ros_interface/rosidl_generator_c -isystem /opt/ros/jazzy/include/std_msgs -isystem /opt/ros/jazzy/include/builtin_interfaces -isystem /opt/ros/jazzy/include/rosidl_runtime_c -isystem /opt/ros/jazzy/include/rcutils -isystem /opt/ros/jazzy/include/rosidl_typesupport_interface -isystem /opt/ros/jazzy/include/sensor_msgs -isystem /opt/ros/jazzy/include/geometry_msgs -isystem /opt/ros/jazzy/include/service_msgs -std=gnu11 -fPIC -Wall -MD -MT CMakeFiles/mecheye_ros_interface__rosidl_generator_c.dir/rosidl_generator_c/mecheye_ros_interface/srv/detail/get_roi_parameter__description.c.o -MF CMakeFiles/mecheye_ros_interface__rosidl_generator_c.dir/rosidl_generator_c/mecheye_ros_interface/srv/detail/get_roi_parameter__description.c.o.d -o CMakeFiles/mecheye_ros_interface__rosidl_generator_c.dir/rosidl_generator_c/mecheye_ros_interface/srv/detail/get_roi_parameter__description.c.o -c /home/inauenma/git/mecheye_ros2_interface/build/mecheye_ros_interface/rosidl_generator_c/mecheye_ros_interface/srv/detail/get_roi_parameter__description.c
[45.827s] /usr/bin/cc -DROSIDL_GENERATOR_C_BUILDING_DLL_mecheye_ros_interface -DROS_PACKAGE_NAME=\"mecheye_ros_interface\" -I/usr/include/eigen3 -I/home/inauenma/git/mecheye_ros2_interface/build/mecheye_ros_interface/rosidl_generator_c -isystem /opt/ros/jazzy/include/std_msgs -isystem /opt/ros/jazzy/include/builtin_interfaces -isystem /opt/ros/jazzy/include/rosidl_runtime_c -isystem /opt/ros/jazzy/include/rcutils -isystem /opt/ros/jazzy/include/rosidl_typesupport_interface -isystem /opt/ros/jazzy/include/sensor_msgs -isystem /opt/ros/jazzy/include/geometry_msgs -isystem /opt/ros/jazzy/include/service_msgs -std=gnu11 -fPIC -Wall -MD -MT CMakeFiles/mecheye_ros_interface__rosidl_generator_c.dir/rosidl_generator_c/mecheye_ros_interface/srv/detail/get_roi_parameter__type_support.c.o -MF CMakeFiles/mecheye_ros_interface__rosidl_generator_c.dir/rosidl_generator_c/mecheye_ros_interface/srv/detail/get_roi_parameter__type_support.c.o.d -o CMakeFiles/mecheye_ros_interface__rosidl_generator_c.dir/rosidl_generator_c/mecheye_ros_interface/srv/detail/get_roi_parameter__type_support.c.o -c /home/inauenma/git/mecheye_ros2_interface/build/mecheye_ros_interface/rosidl_generator_c/mecheye_ros_interface/srv/detail/get_roi_parameter__type_support.c
[45.928s] [ 29%] Linking C shared library libmecheye_ros_interface__rosidl_generator_c.so
[45.929s] /usr/bin/cmake -E cmake_link_script CMakeFiles/mecheye_ros_interface__rosidl_generator_c.dir/link.txt --verbose=1
[45.946s] /usr/bin/cc -fPIC -shared -Wl,-soname,libmecheye_ros_interface__rosidl_generator_c.so -o libmecheye_ros_interface__rosidl_generator_c.so CMakeFiles/mecheye_ros_interface__rosidl_generator_c.dir/rosidl_generator_c/mecheye_ros_interface/srv/detail/set_current_user_set__description.c.o CMakeFiles/mecheye_ros_interface__rosidl_generator_c.dir/rosidl_generator_c/mecheye_ros_interface/srv/detail/set_current_user_set__functions.c.o CMakeFiles/mecheye_ros_interface__rosidl_generator_c.dir/rosidl_generator_c/mecheye_ros_interface/srv/detail/set_current_user_set__type_support.c.o CMakeFiles/mecheye_ros_interface__rosidl_generator_c.dir/rosidl_generator_c/mecheye_ros_interface/srv/detail/save_all_settings_to_user_sets__description.c.o CMakeFiles/mecheye_ros_interface__rosidl_generator_c.dir/rosidl_generator_c/mecheye_ros_interface/srv/detail/save_all_settings_to_user_sets__functions.c.o CMakeFiles/mecheye_ros_interface__rosidl_generator_c.dir/rosidl_generator_c/mecheye_ros_interface/srv/detail/save_all_settings_to_user_sets__type_support.c.o CMakeFiles/mecheye_ros_interface__rosidl_generator_c.dir/rosidl_generator_c/mecheye_ros_interface/srv/detail/add_user_set__description.c.o CMakeFiles/mecheye_ros_interface__rosidl_generator_c.dir/rosidl_generator_c/mecheye_ros_interface/srv/detail/add_user_set__functions.c.o CMakeFiles/mecheye_ros_interface__rosidl_generator_c.dir/rosidl_generator_c/mecheye_ros_interface/srv/detail/add_user_set__type_support.c.o CMakeFiles/mecheye_ros_interface__rosidl_generator_c.dir/rosidl_generator_c/mecheye_ros_interface/srv/detail/capture_color_image__description.c.o CMakeFiles/mecheye_ros_interface__rosidl_generator_c.dir/rosidl_generator_c/mecheye_ros_interface/srv/detail/capture_color_image__functions.c.o CMakeFiles/mecheye_ros_interface__rosidl_generator_c.dir/rosidl_generator_c/mecheye_ros_interface/srv/detail/capture_color_image__type_support.c.o CMakeFiles/mecheye_ros_interface__rosidl_generator_c.dir/rosidl_generator_c/mecheye_ros_interface/srv/detail/capture_stereo_color_images__description.c.o CMakeFiles/mecheye_ros_interface__rosidl_generator_c.dir/rosidl_generator_c/mecheye_ros_interface/srv/detail/capture_stereo_color_images__functions.c.o CMakeFiles/mecheye_ros_interface__rosidl_generator_c.dir/rosidl_generator_c/mecheye_ros_interface/srv/detail/capture_stereo_color_images__type_support.c.o CMakeFiles/mecheye_ros_interface__rosidl_generator_c.dir/rosidl_generator_c/mecheye_ros_interface/srv/detail/capture_textured_point_cloud__description.c.o CMakeFiles/mecheye_ros_interface__rosidl_generator_c.dir/rosidl_generator_c/mecheye_ros_interface/srv/detail/capture_textured_point_cloud__functions.c.o CMakeFiles/mecheye_ros_interface__rosidl_generator_c.dir/rosidl_generator_c/mecheye_ros_interface/srv/detail/capture_textured_point_cloud__type_support.c.o CMakeFiles/mecheye_ros_interface__rosidl_generator_c.dir/rosidl_generator_c/mecheye_ros_interface/srv/detail/capture_depth_map__description.c.o CMakeFiles/mecheye_ros_interface__rosidl_generator_c.dir/rosidl_generator_c/mecheye_ros_interface/srv/detail/capture_depth_map__functions.c.o CMakeFiles/mecheye_ros_interface__rosidl_generator_c.dir/rosidl_generator_c/mecheye_ros_interface/srv/detail/capture_depth_map__type_support.c.o CMakeFiles/mecheye_ros_interface__rosidl_generator_c.dir/rosidl_generator_c/mecheye_ros_interface/srv/detail/capture_point_cloud__description.c.o CMakeFiles/mecheye_ros_interface__rosidl_generator_c.dir/rosidl_generator_c/mecheye_ros_interface/srv/detail/capture_point_cloud__functions.c.o CMakeFiles/mecheye_ros_interface__rosidl_generator_c.dir/rosidl_generator_c/mecheye_ros_interface/srv/detail/capture_point_cloud__type_support.c.o CMakeFiles/mecheye_ros_interface__rosidl_generator_c.dir/rosidl_generator_c/mecheye_ros_interface/srv/detail/delete_user_set__description.c.o CMakeFiles/mecheye_ros_interface__rosidl_generator_c.dir/rosidl_generator_c/mecheye_ros_interface/srv/detail/delete_user_set__functions.c.o CMakeFiles/mecheye_ros_interface__rosidl_generator_c.dir/rosidl_generator_c/mecheye_ros_interface/srv/detail/delete_user_set__type_support.c.o CMakeFiles/mecheye_ros_interface__rosidl_generator_c.dir/rosidl_generator_c/mecheye_ros_interface/srv/detail/device_info__description.c.o CMakeFiles/mecheye_ros_interface__rosidl_generator_c.dir/rosidl_generator_c/mecheye_ros_interface/srv/detail/device_info__functions.c.o CMakeFiles/mecheye_ros_interface__rosidl_generator_c.dir/rosidl_generator_c/mecheye_ros_interface/srv/detail/device_info__type_support.c.o CMakeFiles/mecheye_ros_interface__rosidl_generator_c.dir/rosidl_generator_c/mecheye_ros_interface/srv/detail/get_all_user_sets__description.c.o CMakeFiles/mecheye_ros_interface__rosidl_generator_c.dir/rosidl_generator_c/mecheye_ros_interface/srv/detail/get_all_user_sets__functions.c.o CMakeFiles/mecheye_ros_interface__rosidl_generator_c.dir/rosidl_generator_c/mecheye_ros_interface/srv/detail/get_all_user_sets__type_support.c.o CMakeFiles/mecheye_ros_interface__rosidl_generator_c.dir/rosidl_generator_c/mecheye_ros_interface/srv/detail/get_current_user_set__description.c.o CMakeFiles/mecheye_ros_interface__rosidl_generator_c.dir/rosidl_generator_c/mecheye_ros_interface/srv/detail/get_current_user_set__functions.c.o CMakeFiles/mecheye_ros_interface__rosidl_generator_c.dir/rosidl_generator_c/mecheye_ros_interface/srv/detail/get_current_user_set__type_support.c.o CMakeFiles/mecheye_ros_interface__rosidl_generator_c.dir/rosidl_generator_c/mecheye_ros_interface/srv/detail/set_int_parameter__description.c.o CMakeFiles/mecheye_ros_interface__rosidl_generator_c.dir/rosidl_generator_c/mecheye_ros_interface/srv/detail/set_int_parameter__functions.c.o CMakeFiles/mecheye_ros_interface__rosidl_generator_c.dir/rosidl_generator_c/mecheye_ros_interface/srv/detail/set_int_parameter__type_support.c.o CMakeFiles/mecheye_ros_interface__rosidl_generator_c.dir/rosidl_generator_c/mecheye_ros_interface/srv/detail/get_int_parameter__description.c.o CMakeFiles/mecheye_ros_interface__rosidl_generator_c.dir/rosidl_generator_c/mecheye_ros_interface/srv/detail/get_int_parameter__functions.c.o CMakeFiles/mecheye_ros_interface__rosidl_generator_c.dir/rosidl_generator_c/mecheye_ros_interface/srv/detail/get_int_parameter__type_support.c.o CMakeFiles/mecheye_ros_interface__rosidl_generator_c.dir/rosidl_generator_c/mecheye_ros_interface/srv/detail/set_range_parameter__description.c.o CMakeFiles/mecheye_ros_interface__rosidl_generator_c.dir/rosidl_generator_c/mecheye_ros_interface/srv/detail/set_range_parameter__functions.c.o CMakeFiles/mecheye_ros_interface__rosidl_generator_c.dir/rosidl_generator_c/mecheye_ros_interface/srv/detail/set_range_parameter__type_support.c.o CMakeFiles/mecheye_ros_interface__rosidl_generator_c.dir/rosidl_generator_c/mecheye_ros_interface/srv/detail/get_range_parameter__description.c.o CMakeFiles/mecheye_ros_interface__rosidl_generator_c.dir/rosidl_generator_c/mecheye_ros_interface/srv/detail/get_range_parameter__functions.c.o CMakeFiles/mecheye_ros_interface__rosidl_generator_c.dir/rosidl_generator_c/mecheye_ros_interface/srv/detail/get_range_parameter__type_support.c.o CMakeFiles/mecheye_ros_interface__rosidl_generator_c.dir/rosidl_generator_c/mecheye_ros_interface/srv/detail/set_bool_parameter__description.c.o CMakeFiles/mecheye_ros_interface__rosidl_generator_c.dir/rosidl_generator_c/mecheye_ros_interface/srv/detail/set_bool_parameter__functions.c.o CMakeFiles/mecheye_ros_interface__rosidl_generator_c.dir/rosidl_generator_c/mecheye_ros_interface/srv/detail/set_bool_parameter__type_support.c.o CMakeFiles/mecheye_ros_interface__rosidl_generator_c.dir/rosidl_generator_c/mecheye_ros_interface/srv/detail/get_bool_parameter__description.c.o CMakeFiles/mecheye_ros_interface__rosidl_generator_c.dir/rosidl_generator_c/mecheye_ros_interface/srv/detail/get_bool_parameter__functions.c.o CMakeFiles/mecheye_ros_interface__rosidl_generator_c.dir/rosidl_generator_c/mecheye_ros_interface/srv/detail/get_bool_parameter__type_support.c.o CMakeFiles/mecheye_ros_interface__rosidl_generator_c.dir/rosidl_generator_c/mecheye_ros_interface/srv/detail/set_enum_parameter__description.c.o CMakeFiles/mecheye_ros_interface__rosidl_generator_c.dir/rosidl_generator_c/mecheye_ros_interface/srv/detail/set_enum_parameter__functions.c.o CMakeFiles/mecheye_ros_interface__rosidl_generator_c.dir/rosidl_generator_c/mecheye_ros_interface/srv/detail/set_enum_parameter__type_support.c.o CMakeFiles/mecheye_ros_interface__rosidl_generator_c.dir/rosidl_generator_c/mecheye_ros_interface/srv/detail/get_enum_parameter__description.c.o CMakeFiles/mecheye_ros_interface__rosidl_generator_c.dir/rosidl_generator_c/mecheye_ros_interface/srv/detail/get_enum_parameter__functions.c.o CMakeFiles/mecheye_ros_interface__rosidl_generator_c.dir/rosidl_generator_c/mecheye_ros_interface/srv/detail/get_enum_parameter__type_support.c.o CMakeFiles/mecheye_ros_interface__rosidl_generator_c.dir/rosidl_generator_c/mecheye_ros_interface/srv/detail/set_float_parameter__description.c.o CMakeFiles/mecheye_ros_interface__rosidl_generator_c.dir/rosidl_generator_c/mecheye_ros_interface/srv/detail/set_float_parameter__functions.c.o CMakeFiles/mecheye_ros_interface__rosidl_generator_c.dir/rosidl_generator_c/mecheye_ros_interface/srv/detail/set_float_parameter__type_support.c.o CMakeFiles/mecheye_ros_interface__rosidl_generator_c.dir/rosidl_generator_c/mecheye_ros_interface/srv/detail/get_float_parameter__description.c.o CMakeFiles/mecheye_ros_interface__rosidl_generator_c.dir/rosidl_generator_c/mecheye_ros_interface/srv/detail/get_float_parameter__functions.c.o CMakeFiles/mecheye_ros_interface__rosidl_generator_c.dir/rosidl_generator_c/mecheye_ros_interface/srv/detail/get_float_parameter__type_support.c.o CMakeFiles/mecheye_ros_interface__rosidl_generator_c.dir/rosidl_generator_c/mecheye_ros_interface/srv/detail/set_float_array_parameter__description.c.o CMakeFiles/mecheye_ros_interface__rosidl_generator_c.dir/rosidl_generator_c/mecheye_ros_interface/srv/detail/set_float_array_parameter__functions.c.o CMakeFiles/mecheye_ros_interface__rosidl_generator_c.dir/rosidl_generator_c/mecheye_ros_interface/srv/detail/set_float_array_parameter__type_support.c.o CMakeFiles/mecheye_ros_interface__rosidl_generator_c.dir/rosidl_generator_c/mecheye_ros_interface/srv/detail/get_float_array_parameter__description.c.o CMakeFiles/mecheye_ros_interface__rosidl_generator_c.dir/rosidl_generator_c/mecheye_ros_interface/srv/detail/get_float_array_parameter__functions.c.o CMakeFiles/mecheye_ros_interface__rosidl_generator_c.dir/rosidl_generator_c/mecheye_ros_interface/srv/detail/get_float_array_parameter__type_support.c.o CMakeFiles/mecheye_ros_interface__rosidl_generator_c.dir/rosidl_generator_c/mecheye_ros_interface/srv/detail/set_roi_parameter__description.c.o CMakeFiles/mecheye_ros_interface__rosidl_generator_c.dir/rosidl_generator_c/mecheye_ros_interface/srv/detail/set_roi_parameter__functions.c.o CMakeFiles/mecheye_ros_interface__rosidl_generator_c.dir/rosidl_generator_c/mecheye_ros_interface/srv/detail/set_roi_parameter__type_support.c.o CMakeFiles/mecheye_ros_interface__rosidl_generator_c.dir/rosidl_generator_c/mecheye_ros_interface/srv/detail/get_roi_parameter__description.c.o CMakeFiles/mecheye_ros_interface__rosidl_generator_c.dir/rosidl_generator_c/mecheye_ros_interface/srv/detail/get_roi_parameter__functions.c.o CMakeFiles/mecheye_ros_interface__rosidl_generator_c.dir/rosidl_generator_c/mecheye_ros_interface/srv/detail/get_roi_parameter__type_support.c.o  -Wl,-rpath,/opt/ros/jazzy/lib: /opt/ros/jazzy/lib/libsensor_msgs__rosidl_generator_c.so /opt/ros/jazzy/lib/libgeometry_msgs__rosidl_generator_c.so /opt/ros/jazzy/lib/libservice_msgs__rosidl_generator_c.so /opt/ros/jazzy/lib/libstd_msgs__rosidl_generator_c.so /opt/ros/jazzy/lib/libbuiltin_interfaces__rosidl_generator_c.so /opt/ros/jazzy/lib/librosidl_runtime_c.so /opt/ros/jazzy/lib/librcutils.so -ldl -latomic 
[46.067s] gmake[2]: Leaving directory '/home/inauenma/git/mecheye_ros2_interface/build/mecheye_ros_interface'
[46.086s] [ 29%] Built target mecheye_ros_interface__rosidl_generator_c
[46.087s] /usr/bin/gmake  -f CMakeFiles/mecheye_ros_interface__rosidl_typesupport_cpp.dir/build.make CMakeFiles/mecheye_ros_interface__rosidl_typesupport_cpp.dir/depend
[46.088s] /usr/bin/gmake  -f CMakeFiles/mecheye_ros_interface__rosidl_typesupport_fastrtps_c.dir/build.make CMakeFiles/mecheye_ros_interface__rosidl_typesupport_fastrtps_c.dir/depend
[46.088s] /usr/bin/gmake  -f CMakeFiles/mecheye_ros_interface__rosidl_typesupport_fastrtps_cpp.dir/build.make CMakeFiles/mecheye_ros_interface__rosidl_typesupport_fastrtps_cpp.dir/depend
[46.088s] /usr/bin/gmake  -f CMakeFiles/mecheye_ros_interface__rosidl_typesupport_introspection_c.dir/build.make CMakeFiles/mecheye_ros_interface__rosidl_typesupport_introspection_c.dir/depend
[46.089s] /usr/bin/gmake  -f CMakeFiles/mecheye_ros_interface__rosidl_typesupport_c.dir/build.make CMakeFiles/mecheye_ros_interface__rosidl_typesupport_c.dir/depend
[46.089s] /usr/bin/gmake  -f CMakeFiles/mecheye_ros_interface__rosidl_typesupport_introspection_cpp.dir/build.make CMakeFiles/mecheye_ros_interface__rosidl_typesupport_introspection_cpp.dir/depend
[46.093s] gmake[2]: Entering directory '/home/inauenma/git/mecheye_ros2_interface/build/mecheye_ros_interface'
[46.094s] gmake[2]: Entering directory '/home/inauenma/git/mecheye_ros2_interface/build/mecheye_ros_interface'
[46.094s] gmake[2]: Entering directory '/home/inauenma/git/mecheye_ros2_interface/build/mecheye_ros_interface'
[46.094s] gmake[2]: Entering directory '/home/inauenma/git/mecheye_ros2_interface/build/mecheye_ros_interface'
[46.094s] gmake[2]: Entering directory '/home/inauenma/git/mecheye_ros2_interface/build/mecheye_ros_interface'
[46.095s] gmake[2]: Entering directory '/home/inauenma/git/mecheye_ros2_interface/build/mecheye_ros_interface'
[46.115s] [ 30%] Generating C++ type support for eProsima Fast-RTPS
[46.115s] [ 30%] Generating C type support dispatch for ROS interfaces
[46.115s] [ 30%] Generating C++ type support dispatch for ROS interfaces
[46.115s] [ 30%] Generating C type support for eProsima Fast-RTPS
[46.115s] [ 30%] Generating C++ introspection for ROS interfaces
[46.115s] [ 30%] Generating C introspection for ROS interfaces
[46.116s] /usr/bin/python3 /opt/ros/jazzy/lib/rosidl_typesupport_fastrtps_cpp/rosidl_typesupport_fastrtps_cpp --generator-arguments-file /home/inauenma/git/mecheye_ros2_interface/build/mecheye_ros_interface/rosidl_typesupport_fastrtps_cpp__arguments.json
[46.116s] /usr/bin/python3 /opt/ros/jazzy/lib/rosidl_typesupport_fastrtps_c/rosidl_typesupport_fastrtps_c --generator-arguments-file /home/inauenma/git/mecheye_ros2_interface/build/mecheye_ros_interface/rosidl_typesupport_fastrtps_c__arguments.json
[46.116s] /usr/bin/python3 /opt/ros/jazzy/lib/rosidl_typesupport_c/rosidl_typesupport_c --generator-arguments-file /home/inauenma/git/mecheye_ros2_interface/build/mecheye_ros_interface/rosidl_typesupport_c__arguments.json --typesupports rosidl_typesupport_fastrtps_c rosidl_typesupport_introspection_c
[46.117s] /usr/bin/python3 /opt/ros/jazzy/lib/rosidl_typesupport_cpp/rosidl_typesupport_cpp --generator-arguments-file /home/inauenma/git/mecheye_ros2_interface/build/mecheye_ros_interface/rosidl_typesupport_cpp__arguments.json --typesupports rosidl_typesupport_fastrtps_cpp rosidl_typesupport_introspection_cpp
[46.117s] /usr/bin/python3 /opt/ros/jazzy/lib/rosidl_typesupport_introspection_cpp/rosidl_typesupport_introspection_cpp --generator-arguments-file /home/inauenma/git/mecheye_ros2_interface/build/mecheye_ros_interface/rosidl_typesupport_introspection_cpp__arguments.json
[46.117s] /usr/bin/python3 /opt/ros/jazzy/lib/rosidl_typesupport_introspection_c/rosidl_typesupport_introspection_c --generator-arguments-file /home/inauenma/git/mecheye_ros2_interface/build/mecheye_ros_interface/rosidl_typesupport_introspection_c__arguments.json
[47.295s] cd /home/inauenma/git/mecheye_ros2_interface/build/mecheye_ros_interface && /usr/bin/cmake -E cmake_depends "Unix Makefiles" /home/inauenma/git/mecheye_ros2_interface /home/inauenma/git/mecheye_ros2_interface /home/inauenma/git/mecheye_ros2_interface/build/mecheye_ros_interface /home/inauenma/git/mecheye_ros2_interface/build/mecheye_ros_interface /home/inauenma/git/mecheye_ros2_interface/build/mecheye_ros_interface/CMakeFiles/mecheye_ros_interface__rosidl_typesupport_c.dir/DependInfo.cmake "--color="
[47.326s] gmake[2]: Leaving directory '/home/inauenma/git/mecheye_ros2_interface/build/mecheye_ros_interface'
[47.326s] /usr/bin/gmake  -f CMakeFiles/mecheye_ros_interface__rosidl_typesupport_c.dir/build.make CMakeFiles/mecheye_ros_interface__rosidl_typesupport_c.dir/build
[47.329s] cd /home/inauenma/git/mecheye_ros2_interface/build/mecheye_ros_interface && /usr/bin/cmake -E cmake_depends "Unix Makefiles" /home/inauenma/git/mecheye_ros2_interface /home/inauenma/git/mecheye_ros2_interface /home/inauenma/git/mecheye_ros2_interface/build/mecheye_ros_interface /home/inauenma/git/mecheye_ros2_interface/build/mecheye_ros_interface /home/inauenma/git/mecheye_ros2_interface/build/mecheye_ros_interface/CMakeFiles/mecheye_ros_interface__rosidl_typesupport_cpp.dir/DependInfo.cmake "--color="
[47.332s] gmake[2]: Entering directory '/home/inauenma/git/mecheye_ros2_interface/build/mecheye_ros_interface'
[47.365s] [ 30%] Building CXX object CMakeFiles/mecheye_ros_interface__rosidl_typesupport_c.dir/rosidl_typesupport_c/mecheye_ros_interface/srv/capture_stereo_color_images__type_support.cpp.o
[47.365s] [ 30%] Building CXX object CMakeFiles/mecheye_ros_interface__rosidl_typesupport_c.dir/rosidl_typesupport_c/mecheye_ros_interface/srv/add_user_set__type_support.cpp.o
[47.366s] [ 30%] Building CXX object CMakeFiles/mecheye_ros_interface__rosidl_typesupport_c.dir/rosidl_typesupport_c/mecheye_ros_interface/srv/delete_user_set__type_support.cpp.o
[47.366s] /usr/bin/c++ -DROSIDL_GENERATOR_C_BUILDING_DLL_mecheye_ros_interface -DROS_PACKAGE_NAME=\"mecheye_ros_interface\" -I/usr/include/eigen3 -I/home/inauenma/git/mecheye_ros2_interface/build/mecheye_ros_interface/rosidl_generator_c -isystem /opt/ros/jazzy/include/std_msgs -isystem /opt/ros/jazzy/include/builtin_interfaces -isystem /opt/ros/jazzy/include/rosidl_runtime_c -isystem /opt/ros/jazzy/include/rcutils -isystem /opt/ros/jazzy/include/rosidl_typesupport_interface -isystem /opt/ros/jazzy/include/sensor_msgs -isystem /opt/ros/jazzy/include/geometry_msgs -isystem /opt/ros/jazzy/include/service_msgs -isystem /opt/ros/jazzy/include/rosidl_typesupport_c -std=gnu++17 -fPIC -Wall -MD -MT CMakeFiles/mecheye_ros_interface__rosidl_typesupport_c.dir/rosidl_typesupport_c/mecheye_ros_interface/srv/add_user_set__type_support.cpp.o -MF CMakeFiles/mecheye_ros_interface__rosidl_typesupport_c.dir/rosidl_typesupport_c/mecheye_ros_interface/srv/add_user_set__type_support.cpp.o.d -o CMakeFiles/mecheye_ros_interface__rosidl_typesupport_c.dir/rosidl_typesupport_c/mecheye_ros_interface/srv/add_user_set__type_support.cpp.o -c /home/inauenma/git/mecheye_ros2_interface/build/mecheye_ros_interface/rosidl_typesupport_c/mecheye_ros_interface/srv/add_user_set__type_support.cpp
[47.366s] [ 32%] Building CXX object CMakeFiles/mecheye_ros_interface__rosidl_typesupport_c.dir/rosidl_typesupport_c/mecheye_ros_interface/srv/capture_depth_map__type_support.cpp.o
[47.366s] [ 32%] Building CXX object CMakeFiles/mecheye_ros_interface__rosidl_typesupport_c.dir/rosidl_typesupport_c/mecheye_ros_interface/srv/capture_color_image__type_support.cpp.o
[47.366s] [ 32%] Building CXX object CMakeFiles/mecheye_ros_interface__rosidl_typesupport_c.dir/rosidl_typesupport_c/mecheye_ros_interface/srv/capture_point_cloud__type_support.cpp.o
[47.368s] /usr/bin/c++ -DROSIDL_GENERATOR_C_BUILDING_DLL_mecheye_ros_interface -DROS_PACKAGE_NAME=\"mecheye_ros_interface\" -I/usr/include/eigen3 -I/home/inauenma/git/mecheye_ros2_interface/build/mecheye_ros_interface/rosidl_generator_c -isystem /opt/ros/jazzy/include/std_msgs -isystem /opt/ros/jazzy/include/builtin_interfaces -isystem /opt/ros/jazzy/include/rosidl_runtime_c -isystem /opt/ros/jazzy/include/rcutils -isystem /opt/ros/jazzy/include/rosidl_typesupport_interface -isystem /opt/ros/jazzy/include/sensor_msgs -isystem /opt/ros/jazzy/include/geometry_msgs -isystem /opt/ros/jazzy/include/service_msgs -isystem /opt/ros/jazzy/include/rosidl_typesupport_c -std=gnu++17 -fPIC -Wall -MD -MT CMakeFiles/mecheye_ros_interface__rosidl_typesupport_c.dir/rosidl_typesupport_c/mecheye_ros_interface/srv/capture_color_image__type_support.cpp.o -MF CMakeFiles/mecheye_ros_interface__rosidl_typesupport_c.dir/rosidl_typesupport_c/mecheye_ros_interface/srv/capture_color_image__type_support.cpp.o.d -o CMakeFiles/mecheye_ros_interface__rosidl_typesupport_c.dir/rosidl_typesupport_c/mecheye_ros_interface/srv/capture_color_image__type_support.cpp.o -c /home/inauenma/git/mecheye_ros2_interface/build/mecheye_ros_interface/rosidl_typesupport_c/mecheye_ros_interface/srv/capture_color_image__type_support.cpp
[47.375s] gmake[2]: Leaving directory '/home/inauenma/git/mecheye_ros2_interface/build/mecheye_ros_interface'
[47.375s] /usr/bin/gmake  -f CMakeFiles/mecheye_ros_interface__rosidl_typesupport_cpp.dir/build.make CMakeFiles/mecheye_ros_interface__rosidl_typesupport_cpp.dir/build
[47.375s] /usr/bin/c++ -DROSIDL_GENERATOR_C_BUILDING_DLL_mecheye_ros_interface -DROS_PACKAGE_NAME=\"mecheye_ros_interface\" -I/usr/include/eigen3 -I/home/inauenma/git/mecheye_ros2_interface/build/mecheye_ros_interface/rosidl_generator_c -isystem /opt/ros/jazzy/include/std_msgs -isystem /opt/ros/jazzy/include/builtin_interfaces -isystem /opt/ros/jazzy/include/rosidl_runtime_c -isystem /opt/ros/jazzy/include/rcutils -isystem /opt/ros/jazzy/include/rosidl_typesupport_interface -isystem /opt/ros/jazzy/include/sensor_msgs -isystem /opt/ros/jazzy/include/geometry_msgs -isystem /opt/ros/jazzy/include/service_msgs -isystem /opt/ros/jazzy/include/rosidl_typesupport_c -std=gnu++17 -fPIC -Wall -MD -MT CMakeFiles/mecheye_ros_interface__rosidl_typesupport_c.dir/rosidl_typesupport_c/mecheye_ros_interface/srv/capture_stereo_color_images__type_support.cpp.o -MF CMakeFiles/mecheye_ros_interface__rosidl_typesupport_c.dir/rosidl_typesupport_c/mecheye_ros_interface/srv/capture_stereo_color_images__type_support.cpp.o.d -o CMakeFiles/mecheye_ros_interface__rosidl_typesupport_c.dir/rosidl_typesupport_c/mecheye_ros_interface/srv/capture_stereo_color_images__type_support.cpp.o -c /home/inauenma/git/mecheye_ros2_interface/build/mecheye_ros_interface/rosidl_typesupport_c/mecheye_ros_interface/srv/capture_stereo_color_images__type_support.cpp
[47.375s] /usr/bin/c++ -DROSIDL_GENERATOR_C_BUILDING_DLL_mecheye_ros_interface -DROS_PACKAGE_NAME=\"mecheye_ros_interface\" -I/usr/include/eigen3 -I/home/inauenma/git/mecheye_ros2_interface/build/mecheye_ros_interface/rosidl_generator_c -isystem /opt/ros/jazzy/include/std_msgs -isystem /opt/ros/jazzy/include/builtin_interfaces -isystem /opt/ros/jazzy/include/rosidl_runtime_c -isystem /opt/ros/jazzy/include/rcutils -isystem /opt/ros/jazzy/include/rosidl_typesupport_interface -isystem /opt/ros/jazzy/include/sensor_msgs -isystem /opt/ros/jazzy/include/geometry_msgs -isystem /opt/ros/jazzy/include/service_msgs -isystem /opt/ros/jazzy/include/rosidl_typesupport_c -std=gnu++17 -fPIC -Wall -MD -MT CMakeFiles/mecheye_ros_interface__rosidl_typesupport_c.dir/rosidl_typesupport_c/mecheye_ros_interface/srv/capture_depth_map__type_support.cpp.o -MF CMakeFiles/mecheye_ros_interface__rosidl_typesupport_c.dir/rosidl_typesupport_c/mecheye_ros_interface/srv/capture_depth_map__type_support.cpp.o.d -o CMakeFiles/mecheye_ros_interface__rosidl_typesupport_c.dir/rosidl_typesupport_c/mecheye_ros_interface/srv/capture_depth_map__type_support.cpp.o -c /home/inauenma/git/mecheye_ros2_interface/build/mecheye_ros_interface/rosidl_typesupport_c/mecheye_ros_interface/srv/capture_depth_map__type_support.cpp
[47.377s] [ 33%] Building CXX object CMakeFiles/mecheye_ros_interface__rosidl_typesupport_c.dir/rosidl_typesupport_c/mecheye_ros_interface/srv/set_current_user_set__type_support.cpp.o
[47.377s] [ 33%] Building CXX object CMakeFiles/mecheye_ros_interface__rosidl_typesupport_c.dir/rosidl_typesupport_c/mecheye_ros_interface/srv/capture_textured_point_cloud__type_support.cpp.o
[47.378s] [ 33%] Building CXX object CMakeFiles/mecheye_ros_interface__rosidl_typesupport_c.dir/rosidl_typesupport_c/mecheye_ros_interface/srv/save_all_settings_to_user_sets__type_support.cpp.o
[47.380s] /usr/bin/c++ -DROSIDL_GENERATOR_C_BUILDING_DLL_mecheye_ros_interface -DROS_PACKAGE_NAME=\"mecheye_ros_interface\" -I/usr/include/eigen3 -I/home/inauenma/git/mecheye_ros2_interface/build/mecheye_ros_interface/rosidl_generator_c -isystem /opt/ros/jazzy/include/std_msgs -isystem /opt/ros/jazzy/include/builtin_interfaces -isystem /opt/ros/jazzy/include/rosidl_runtime_c -isystem /opt/ros/jazzy/include/rcutils -isystem /opt/ros/jazzy/include/rosidl_typesupport_interface -isystem /opt/ros/jazzy/include/sensor_msgs -isystem /opt/ros/jazzy/include/geometry_msgs -isystem /opt/ros/jazzy/include/service_msgs -isystem /opt/ros/jazzy/include/rosidl_typesupport_c -std=gnu++17 -fPIC -Wall -MD -MT CMakeFiles/mecheye_ros_interface__rosidl_typesupport_c.dir/rosidl_typesupport_c/mecheye_ros_interface/srv/set_current_user_set__type_support.cpp.o -MF CMakeFiles/mecheye_ros_interface__rosidl_typesupport_c.dir/rosidl_typesupport_c/mecheye_ros_interface/srv/set_current_user_set__type_support.cpp.o.d -o CMakeFiles/mecheye_ros_interface__rosidl_typesupport_c.dir/rosidl_typesupport_c/mecheye_ros_interface/srv/set_current_user_set__type_support.cpp.o -c /home/inauenma/git/mecheye_ros2_interface/build/mecheye_ros_interface/rosidl_typesupport_c/mecheye_ros_interface/srv/set_current_user_set__type_support.cpp
[47.381s] [ 34%] Building CXX object CMakeFiles/mecheye_ros_interface__rosidl_typesupport_c.dir/rosidl_typesupport_c/mecheye_ros_interface/srv/device_info__type_support.cpp.o
[47.381s] [ 34%] Building CXX object CMakeFiles/mecheye_ros_interface__rosidl_typesupport_c.dir/rosidl_typesupport_c/mecheye_ros_interface/srv/get_all_user_sets__type_support.cpp.o
[47.381s] gmake[2]: Entering directory '/home/inauenma/git/mecheye_ros2_interface/build/mecheye_ros_interface'
[47.385s] /usr/bin/c++ -DROSIDL_GENERATOR_C_BUILDING_DLL_mecheye_ros_interface -DROS_PACKAGE_NAME=\"mecheye_ros_interface\" -I/usr/include/eigen3 -I/home/inauenma/git/mecheye_ros2_interface/build/mecheye_ros_interface/rosidl_generator_c -isystem /opt/ros/jazzy/include/std_msgs -isystem /opt/ros/jazzy/include/builtin_interfaces -isystem /opt/ros/jazzy/include/rosidl_runtime_c -isystem /opt/ros/jazzy/include/rcutils -isystem /opt/ros/jazzy/include/rosidl_typesupport_interface -isystem /opt/ros/jazzy/include/sensor_msgs -isystem /opt/ros/jazzy/include/geometry_msgs -isystem /opt/ros/jazzy/include/service_msgs -isystem /opt/ros/jazzy/include/rosidl_typesupport_c -std=gnu++17 -fPIC -Wall -MD -MT CMakeFiles/mecheye_ros_interface__rosidl_typesupport_c.dir/rosidl_typesupport_c/mecheye_ros_interface/srv/save_all_settings_to_user_sets__type_support.cpp.o -MF CMakeFiles/mecheye_ros_interface__rosidl_typesupport_c.dir/rosidl_typesupport_c/mecheye_ros_interface/srv/save_all_settings_to_user_sets__type_support.cpp.o.d -o CMakeFiles/mecheye_ros_interface__rosidl_typesupport_c.dir/rosidl_typesupport_c/mecheye_ros_interface/srv/save_all_settings_to_user_sets__type_support.cpp.o -c /home/inauenma/git/mecheye_ros2_interface/build/mecheye_ros_interface/rosidl_typesupport_c/mecheye_ros_interface/srv/save_all_settings_to_user_sets__type_support.cpp
[47.386s] /usr/bin/c++ -DROSIDL_GENERATOR_C_BUILDING_DLL_mecheye_ros_interface -DROS_PACKAGE_NAME=\"mecheye_ros_interface\" -I/usr/include/eigen3 -I/home/inauenma/git/mecheye_ros2_interface/build/mecheye_ros_interface/rosidl_generator_c -isystem /opt/ros/jazzy/include/std_msgs -isystem /opt/ros/jazzy/include/builtin_interfaces -isystem /opt/ros/jazzy/include/rosidl_runtime_c -isystem /opt/ros/jazzy/include/rcutils -isystem /opt/ros/jazzy/include/rosidl_typesupport_interface -isystem /opt/ros/jazzy/include/sensor_msgs -isystem /opt/ros/jazzy/include/geometry_msgs -isystem /opt/ros/jazzy/include/service_msgs -isystem /opt/ros/jazzy/include/rosidl_typesupport_c -std=gnu++17 -fPIC -Wall -MD -MT CMakeFiles/mecheye_ros_interface__rosidl_typesupport_c.dir/rosidl_typesupport_c/mecheye_ros_interface/srv/capture_textured_point_cloud__type_support.cpp.o -MF CMakeFiles/mecheye_ros_interface__rosidl_typesupport_c.dir/rosidl_typesupport_c/mecheye_ros_interface/srv/capture_textured_point_cloud__type_support.cpp.o.d -o CMakeFiles/mecheye_ros_interface__rosidl_typesupport_c.dir/rosidl_typesupport_c/mecheye_ros_interface/srv/capture_textured_point_cloud__type_support.cpp.o -c /home/inauenma/git/mecheye_ros2_interface/build/mecheye_ros_interface/rosidl_typesupport_c/mecheye_ros_interface/srv/capture_textured_point_cloud__type_support.cpp
[47.391s] /usr/bin/c++ -DROSIDL_GENERATOR_C_BUILDING_DLL_mecheye_ros_interface -DROS_PACKAGE_NAME=\"mecheye_ros_interface\" -I/usr/include/eigen3 -I/home/inauenma/git/mecheye_ros2_interface/build/mecheye_ros_interface/rosidl_generator_c -isystem /opt/ros/jazzy/include/std_msgs -isystem /opt/ros/jazzy/include/builtin_interfaces -isystem /opt/ros/jazzy/include/rosidl_runtime_c -isystem /opt/ros/jazzy/include/rcutils -isystem /opt/ros/jazzy/include/rosidl_typesupport_interface -isystem /opt/ros/jazzy/include/sensor_msgs -isystem /opt/ros/jazzy/include/geometry_msgs -isystem /opt/ros/jazzy/include/service_msgs -isystem /opt/ros/jazzy/include/rosidl_typesupport_c -std=gnu++17 -fPIC -Wall -MD -MT CMakeFiles/mecheye_ros_interface__rosidl_typesupport_c.dir/rosidl_typesupport_c/mecheye_ros_interface/srv/capture_point_cloud__type_support.cpp.o -MF CMakeFiles/mecheye_ros_interface__rosidl_typesupport_c.dir/rosidl_typesupport_c/mecheye_ros_interface/srv/capture_point_cloud__type_support.cpp.o.d -o CMakeFiles/mecheye_ros_interface__rosidl_typesupport_c.dir/rosidl_typesupport_c/mecheye_ros_interface/srv/capture_point_cloud__type_support.cpp.o -c /home/inauenma/git/mecheye_ros2_interface/build/mecheye_ros_interface/rosidl_typesupport_c/mecheye_ros_interface/srv/capture_point_cloud__type_support.cpp
[47.397s] /usr/bin/c++ -DROSIDL_GENERATOR_C_BUILDING_DLL_mecheye_ros_interface -DROS_PACKAGE_NAME=\"mecheye_ros_interface\" -I/usr/include/eigen3 -I/home/inauenma/git/mecheye_ros2_interface/build/mecheye_ros_interface/rosidl_generator_c -isystem /opt/ros/jazzy/include/std_msgs -isystem /opt/ros/jazzy/include/builtin_interfaces -isystem /opt/ros/jazzy/include/rosidl_runtime_c -isystem /opt/ros/jazzy/include/rcutils -isystem /opt/ros/jazzy/include/rosidl_typesupport_interface -isystem /opt/ros/jazzy/include/sensor_msgs -isystem /opt/ros/jazzy/include/geometry_msgs -isystem /opt/ros/jazzy/include/service_msgs -isystem /opt/ros/jazzy/include/rosidl_typesupport_c -std=gnu++17 -fPIC -Wall -MD -MT CMakeFiles/mecheye_ros_interface__rosidl_typesupport_c.dir/rosidl_typesupport_c/mecheye_ros_interface/srv/delete_user_set__type_support.cpp.o -MF CMakeFiles/mecheye_ros_interface__rosidl_typesupport_c.dir/rosidl_typesupport_c/mecheye_ros_interface/srv/delete_user_set__type_support.cpp.o.d -o CMakeFiles/mecheye_ros_interface__rosidl_typesupport_c.dir/rosidl_typesupport_c/mecheye_ros_interface/srv/delete_user_set__type_support.cpp.o -c /home/inauenma/git/mecheye_ros2_interface/build/mecheye_ros_interface/rosidl_typesupport_c/mecheye_ros_interface/srv/delete_user_set__type_support.cpp
[47.404s] /usr/bin/c++ -DROSIDL_GENERATOR_C_BUILDING_DLL_mecheye_ros_interface -DROS_PACKAGE_NAME=\"mecheye_ros_interface\" -I/usr/include/eigen3 -I/home/inauenma/git/mecheye_ros2_interface/build/mecheye_ros_interface/rosidl_generator_c -isystem /opt/ros/jazzy/include/std_msgs -isystem /opt/ros/jazzy/include/builtin_interfaces -isystem /opt/ros/jazzy/include/rosidl_runtime_c -isystem /opt/ros/jazzy/include/rcutils -isystem /opt/ros/jazzy/include/rosidl_typesupport_interface -isystem /opt/ros/jazzy/include/sensor_msgs -isystem /opt/ros/jazzy/include/geometry_msgs -isystem /opt/ros/jazzy/include/service_msgs -isystem /opt/ros/jazzy/include/rosidl_typesupport_c -std=gnu++17 -fPIC -Wall -MD -MT CMakeFiles/mecheye_ros_interface__rosidl_typesupport_c.dir/rosidl_typesupport_c/mecheye_ros_interface/srv/device_info__type_support.cpp.o -MF CMakeFiles/mecheye_ros_interface__rosidl_typesupport_c.dir/rosidl_typesupport_c/mecheye_ros_interface/srv/device_info__type_support.cpp.o.d -o CMakeFiles/mecheye_ros_interface__rosidl_typesupport_c.dir/rosidl_typesupport_c/mecheye_ros_interface/srv/device_info__type_support.cpp.o -c /home/inauenma/git/mecheye_ros2_interface/build/mecheye_ros_interface/rosidl_typesupport_c/mecheye_ros_interface/srv/device_info__type_support.cpp
[47.410s] /usr/bin/c++ -DROSIDL_GENERATOR_C_BUILDING_DLL_mecheye_ros_interface -DROS_PACKAGE_NAME=\"mecheye_ros_interface\" -I/usr/include/eigen3 -I/home/inauenma/git/mecheye_ros2_interface/build/mecheye_ros_interface/rosidl_generator_c -isystem /opt/ros/jazzy/include/std_msgs -isystem /opt/ros/jazzy/include/builtin_interfaces -isystem /opt/ros/jazzy/include/rosidl_runtime_c -isystem /opt/ros/jazzy/include/rcutils -isystem /opt/ros/jazzy/include/rosidl_typesupport_interface -isystem /opt/ros/jazzy/include/sensor_msgs -isystem /opt/ros/jazzy/include/geometry_msgs -isystem /opt/ros/jazzy/include/service_msgs -isystem /opt/ros/jazzy/include/rosidl_typesupport_c -std=gnu++17 -fPIC -Wall -MD -MT CMakeFiles/mecheye_ros_interface__rosidl_typesupport_c.dir/rosidl_typesupport_c/mecheye_ros_interface/srv/get_all_user_sets__type_support.cpp.o -MF CMakeFiles/mecheye_ros_interface__rosidl_typesupport_c.dir/rosidl_typesupport_c/mecheye_ros_interface/srv/get_all_user_sets__type_support.cpp.o.d -o CMakeFiles/mecheye_ros_interface__rosidl_typesupport_c.dir/rosidl_typesupport_c/mecheye_ros_interface/srv/get_all_user_sets__type_support.cpp.o -c /home/inauenma/git/mecheye_ros2_interface/build/mecheye_ros_interface/rosidl_typesupport_c/mecheye_ros_interface/srv/get_all_user_sets__type_support.cpp
[47.424s] [ 34%] Building CXX object CMakeFiles/mecheye_ros_interface__rosidl_typesupport_cpp.dir/rosidl_typesupport_cpp/mecheye_ros_interface/srv/set_current_user_set__type_support.cpp.o
[47.430s] /usr/bin/c++ -DROSIDL_TYPESUPPORT_CPP_BUILDING_DLL -DROS_PACKAGE_NAME=\"mecheye_ros_interface\" -I/usr/include/eigen3 -I/home/inauenma/git/mecheye_ros2_interface/build/mecheye_ros_interface/rosidl_generator_c -I/home/inauenma/git/mecheye_ros2_interface/build/mecheye_ros_interface/rosidl_generator_cpp -isystem /opt/ros/jazzy/include/std_msgs -isystem /opt/ros/jazzy/include/builtin_interfaces -isystem /opt/ros/jazzy/include/rosidl_runtime_c -isystem /opt/ros/jazzy/include/rcutils -isystem /opt/ros/jazzy/include/rosidl_typesupport_interface -isystem /opt/ros/jazzy/include/sensor_msgs -isystem /opt/ros/jazzy/include/geometry_msgs -isystem /opt/ros/jazzy/include/service_msgs -isystem /opt/ros/jazzy/include/rosidl_runtime_cpp -isystem /opt/ros/jazzy/include/rosidl_typesupport_cpp -isystem /opt/ros/jazzy/include/rosidl_typesupport_c -std=gnu++17 -fPIC -Wall -Wextra -Wpedantic -MD -MT CMakeFiles/mecheye_ros_interface__rosidl_typesupport_cpp.dir/rosidl_typesupport_cpp/mecheye_ros_interface/srv/set_current_user_set__type_support.cpp.o -MF CMakeFiles/mecheye_ros_interface__rosidl_typesupport_cpp.dir/rosidl_typesupport_cpp/mecheye_ros_interface/srv/set_current_user_set__type_support.cpp.o.d -o CMakeFiles/mecheye_ros_interface__rosidl_typesupport_cpp.dir/rosidl_typesupport_cpp/mecheye_ros_interface/srv/set_current_user_set__type_support.cpp.o -c /home/inauenma/git/mecheye_ros2_interface/build/mecheye_ros_interface/rosidl_typesupport_cpp/mecheye_ros_interface/srv/set_current_user_set__type_support.cpp
[47.505s] [ 34%] Building CXX object CMakeFiles/mecheye_ros_interface__rosidl_typesupport_cpp.dir/rosidl_typesupport_cpp/mecheye_ros_interface/srv/add_user_set__type_support.cpp.o
[47.505s] [ 34%] Building CXX object CMakeFiles/mecheye_ros_interface__rosidl_typesupport_c.dir/rosidl_typesupport_c/mecheye_ros_interface/srv/get_current_user_set__type_support.cpp.o
[47.513s] [ 35%] Building CXX object CMakeFiles/mecheye_ros_interface__rosidl_typesupport_cpp.dir/rosidl_typesupport_cpp/mecheye_ros_interface/srv/save_all_settings_to_user_sets__type_support.cpp.o
[47.513s] /usr/bin/c++ -DROSIDL_GENERATOR_C_BUILDING_DLL_mecheye_ros_interface -DROS_PACKAGE_NAME=\"mecheye_ros_interface\" -I/usr/include/eigen3 -I/home/inauenma/git/mecheye_ros2_interface/build/mecheye_ros_interface/rosidl_generator_c -isystem /opt/ros/jazzy/include/std_msgs -isystem /opt/ros/jazzy/include/builtin_interfaces -isystem /opt/ros/jazzy/include/rosidl_runtime_c -isystem /opt/ros/jazzy/include/rcutils -isystem /opt/ros/jazzy/include/rosidl_typesupport_interface -isystem /opt/ros/jazzy/include/sensor_msgs -isystem /opt/ros/jazzy/include/geometry_msgs -isystem /opt/ros/jazzy/include/service_msgs -isystem /opt/ros/jazzy/include/rosidl_typesupport_c -std=gnu++17 -fPIC -Wall -MD -MT CMakeFiles/mecheye_ros_interface__rosidl_typesupport_c.dir/rosidl_typesupport_c/mecheye_ros_interface/srv/get_current_user_set__type_support.cpp.o -MF CMakeFiles/mecheye_ros_interface__rosidl_typesupport_c.dir/rosidl_typesupport_c/mecheye_ros_interface/srv/get_current_user_set__type_support.cpp.o.d -o CMakeFiles/mecheye_ros_interface__rosidl_typesupport_c.dir/rosidl_typesupport_c/mecheye_ros_interface/srv/get_current_user_set__type_support.cpp.o -c /home/inauenma/git/mecheye_ros2_interface/build/mecheye_ros_interface/rosidl_typesupport_c/mecheye_ros_interface/srv/get_current_user_set__type_support.cpp
[47.515s] /usr/bin/c++ -DROSIDL_TYPESUPPORT_CPP_BUILDING_DLL -DROS_PACKAGE_NAME=\"mecheye_ros_interface\" -I/usr/include/eigen3 -I/home/inauenma/git/mecheye_ros2_interface/build/mecheye_ros_interface/rosidl_generator_c -I/home/inauenma/git/mecheye_ros2_interface/build/mecheye_ros_interface/rosidl_generator_cpp -isystem /opt/ros/jazzy/include/std_msgs -isystem /opt/ros/jazzy/include/builtin_interfaces -isystem /opt/ros/jazzy/include/rosidl_runtime_c -isystem /opt/ros/jazzy/include/rcutils -isystem /opt/ros/jazzy/include/rosidl_typesupport_interface -isystem /opt/ros/jazzy/include/sensor_msgs -isystem /opt/ros/jazzy/include/geometry_msgs -isystem /opt/ros/jazzy/include/service_msgs -isystem /opt/ros/jazzy/include/rosidl_runtime_cpp -isystem /opt/ros/jazzy/include/rosidl_typesupport_cpp -isystem /opt/ros/jazzy/include/rosidl_typesupport_c -std=gnu++17 -fPIC -Wall -Wextra -Wpedantic -MD -MT CMakeFiles/mecheye_ros_interface__rosidl_typesupport_cpp.dir/rosidl_typesupport_cpp/mecheye_ros_interface/srv/save_all_settings_to_user_sets__type_support.cpp.o -MF CMakeFiles/mecheye_ros_interface__rosidl_typesupport_cpp.dir/rosidl_typesupport_cpp/mecheye_ros_interface/srv/save_all_settings_to_user_sets__type_support.cpp.o.d -o CMakeFiles/mecheye_ros_interface__rosidl_typesupport_cpp.dir/rosidl_typesupport_cpp/mecheye_ros_interface/srv/save_all_settings_to_user_sets__type_support.cpp.o -c /home/inauenma/git/mecheye_ros2_interface/build/mecheye_ros_interface/rosidl_typesupport_cpp/mecheye_ros_interface/srv/save_all_settings_to_user_sets__type_support.cpp
[47.516s] /usr/bin/c++ -DROSIDL_TYPESUPPORT_CPP_BUILDING_DLL -DROS_PACKAGE_NAME=\"mecheye_ros_interface\" -I/usr/include/eigen3 -I/home/inauenma/git/mecheye_ros2_interface/build/mecheye_ros_interface/rosidl_generator_c -I/home/inauenma/git/mecheye_ros2_interface/build/mecheye_ros_interface/rosidl_generator_cpp -isystem /opt/ros/jazzy/include/std_msgs -isystem /opt/ros/jazzy/include/builtin_interfaces -isystem /opt/ros/jazzy/include/rosidl_runtime_c -isystem /opt/ros/jazzy/include/rcutils -isystem /opt/ros/jazzy/include/rosidl_typesupport_interface -isystem /opt/ros/jazzy/include/sensor_msgs -isystem /opt/ros/jazzy/include/geometry_msgs -isystem /opt/ros/jazzy/include/service_msgs -isystem /opt/ros/jazzy/include/rosidl_runtime_cpp -isystem /opt/ros/jazzy/include/rosidl_typesupport_cpp -isystem /opt/ros/jazzy/include/rosidl_typesupport_c -std=gnu++17 -fPIC -Wall -Wextra -Wpedantic -MD -MT CMakeFiles/mecheye_ros_interface__rosidl_typesupport_cpp.dir/rosidl_typesupport_cpp/mecheye_ros_interface/srv/add_user_set__type_support.cpp.o -MF CMakeFiles/mecheye_ros_interface__rosidl_typesupport_cpp.dir/rosidl_typesupport_cpp/mecheye_ros_interface/srv/add_user_set__type_support.cpp.o.d -o CMakeFiles/mecheye_ros_interface__rosidl_typesupport_cpp.dir/rosidl_typesupport_cpp/mecheye_ros_interface/srv/add_user_set__type_support.cpp.o -c /home/inauenma/git/mecheye_ros2_interface/build/mecheye_ros_interface/rosidl_typesupport_cpp/mecheye_ros_interface/srv/add_user_set__type_support.cpp
[47.523s] [ 35%] Building CXX object CMakeFiles/mecheye_ros_interface__rosidl_typesupport_cpp.dir/rosidl_typesupport_cpp/mecheye_ros_interface/srv/capture_color_image__type_support.cpp.o
[47.526s] /usr/bin/c++ -DROSIDL_TYPESUPPORT_CPP_BUILDING_DLL -DROS_PACKAGE_NAME=\"mecheye_ros_interface\" -I/usr/include/eigen3 -I/home/inauenma/git/mecheye_ros2_interface/build/mecheye_ros_interface/rosidl_generator_c -I/home/inauenma/git/mecheye_ros2_interface/build/mecheye_ros_interface/rosidl_generator_cpp -isystem /opt/ros/jazzy/include/std_msgs -isystem /opt/ros/jazzy/include/builtin_interfaces -isystem /opt/ros/jazzy/include/rosidl_runtime_c -isystem /opt/ros/jazzy/include/rcutils -isystem /opt/ros/jazzy/include/rosidl_typesupport_interface -isystem /opt/ros/jazzy/include/sensor_msgs -isystem /opt/ros/jazzy/include/geometry_msgs -isystem /opt/ros/jazzy/include/service_msgs -isystem /opt/ros/jazzy/include/rosidl_runtime_cpp -isystem /opt/ros/jazzy/include/rosidl_typesupport_cpp -isystem /opt/ros/jazzy/include/rosidl_typesupport_c -std=gnu++17 -fPIC -Wall -Wextra -Wpedantic -MD -MT CMakeFiles/mecheye_ros_interface__rosidl_typesupport_cpp.dir/rosidl_typesupport_cpp/mecheye_ros_interface/srv/capture_color_image__type_support.cpp.o -MF CMakeFiles/mecheye_ros_interface__rosidl_typesupport_cpp.dir/rosidl_typesupport_cpp/mecheye_ros_interface/srv/capture_color_image__type_support.cpp.o.d -o CMakeFiles/mecheye_ros_interface__rosidl_typesupport_cpp.dir/rosidl_typesupport_cpp/mecheye_ros_interface/srv/capture_color_image__type_support.cpp.o -c /home/inauenma/git/mecheye_ros2_interface/build/mecheye_ros_interface/rosidl_typesupport_cpp/mecheye_ros_interface/srv/capture_color_image__type_support.cpp
[47.529s] [ 36%] Building CXX object CMakeFiles/mecheye_ros_interface__rosidl_typesupport_cpp.dir/rosidl_typesupport_cpp/mecheye_ros_interface/srv/capture_stereo_color_images__type_support.cpp.o
[47.532s] /usr/bin/c++ -DROSIDL_TYPESUPPORT_CPP_BUILDING_DLL -DROS_PACKAGE_NAME=\"mecheye_ros_interface\" -I/usr/include/eigen3 -I/home/inauenma/git/mecheye_ros2_interface/build/mecheye_ros_interface/rosidl_generator_c -I/home/inauenma/git/mecheye_ros2_interface/build/mecheye_ros_interface/rosidl_generator_cpp -isystem /opt/ros/jazzy/include/std_msgs -isystem /opt/ros/jazzy/include/builtin_interfaces -isystem /opt/ros/jazzy/include/rosidl_runtime_c -isystem /opt/ros/jazzy/include/rcutils -isystem /opt/ros/jazzy/include/rosidl_typesupport_interface -isystem /opt/ros/jazzy/include/sensor_msgs -isystem /opt/ros/jazzy/include/geometry_msgs -isystem /opt/ros/jazzy/include/service_msgs -isystem /opt/ros/jazzy/include/rosidl_runtime_cpp -isystem /opt/ros/jazzy/include/rosidl_typesupport_cpp -isystem /opt/ros/jazzy/include/rosidl_typesupport_c -std=gnu++17 -fPIC -Wall -Wextra -Wpedantic -MD -MT CMakeFiles/mecheye_ros_interface__rosidl_typesupport_cpp.dir/rosidl_typesupport_cpp/mecheye_ros_interface/srv/capture_stereo_color_images__type_support.cpp.o -MF CMakeFiles/mecheye_ros_interface__rosidl_typesupport_cpp.dir/rosidl_typesupport_cpp/mecheye_ros_interface/srv/capture_stereo_color_images__type_support.cpp.o.d -o CMakeFiles/mecheye_ros_interface__rosidl_typesupport_cpp.dir/rosidl_typesupport_cpp/mecheye_ros_interface/srv/capture_stereo_color_images__type_support.cpp.o -c /home/inauenma/git/mecheye_ros2_interface/build/mecheye_ros_interface/rosidl_typesupport_cpp/mecheye_ros_interface/srv/capture_stereo_color_images__type_support.cpp
[47.540s] [ 37%] Building CXX object CMakeFiles/mecheye_ros_interface__rosidl_typesupport_c.dir/rosidl_typesupport_c/mecheye_ros_interface/srv/set_int_parameter__type_support.cpp.o
[47.544s] /usr/bin/c++ -DROSIDL_GENERATOR_C_BUILDING_DLL_mecheye_ros_interface -DROS_PACKAGE_NAME=\"mecheye_ros_interface\" -I/usr/include/eigen3 -I/home/inauenma/git/mecheye_ros2_interface/build/mecheye_ros_interface/rosidl_generator_c -isystem /opt/ros/jazzy/include/std_msgs -isystem /opt/ros/jazzy/include/builtin_interfaces -isystem /opt/ros/jazzy/include/rosidl_runtime_c -isystem /opt/ros/jazzy/include/rcutils -isystem /opt/ros/jazzy/include/rosidl_typesupport_interface -isystem /opt/ros/jazzy/include/sensor_msgs -isystem /opt/ros/jazzy/include/geometry_msgs -isystem /opt/ros/jazzy/include/service_msgs -isystem /opt/ros/jazzy/include/rosidl_typesupport_c -std=gnu++17 -fPIC -Wall -MD -MT CMakeFiles/mecheye_ros_interface__rosidl_typesupport_c.dir/rosidl_typesupport_c/mecheye_ros_interface/srv/set_int_parameter__type_support.cpp.o -MF CMakeFiles/mecheye_ros_interface__rosidl_typesupport_c.dir/rosidl_typesupport_c/mecheye_ros_interface/srv/set_int_parameter__type_support.cpp.o.d -o CMakeFiles/mecheye_ros_interface__rosidl_typesupport_c.dir/rosidl_typesupport_c/mecheye_ros_interface/srv/set_int_parameter__type_support.cpp.o -c /home/inauenma/git/mecheye_ros2_interface/build/mecheye_ros_interface/rosidl_typesupport_c/mecheye_ros_interface/srv/set_int_parameter__type_support.cpp
[47.545s] [ 37%] Building CXX object CMakeFiles/mecheye_ros_interface__rosidl_typesupport_c.dir/rosidl_typesupport_c/mecheye_ros_interface/srv/get_int_parameter__type_support.cpp.o
[47.550s] [ 37%] Building CXX object CMakeFiles/mecheye_ros_interface__rosidl_typesupport_cpp.dir/rosidl_typesupport_cpp/mecheye_ros_interface/srv/capture_textured_point_cloud__type_support.cpp.o
[47.551s] /usr/bin/c++ -DROSIDL_GENERATOR_C_BUILDING_DLL_mecheye_ros_interface -DROS_PACKAGE_NAME=\"mecheye_ros_interface\" -I/usr/include/eigen3 -I/home/inauenma/git/mecheye_ros2_interface/build/mecheye_ros_interface/rosidl_generator_c -isystem /opt/ros/jazzy/include/std_msgs -isystem /opt/ros/jazzy/include/builtin_interfaces -isystem /opt/ros/jazzy/include/rosidl_runtime_c -isystem /opt/ros/jazzy/include/rcutils -isystem /opt/ros/jazzy/include/rosidl_typesupport_interface -isystem /opt/ros/jazzy/include/sensor_msgs -isystem /opt/ros/jazzy/include/geometry_msgs -isystem /opt/ros/jazzy/include/service_msgs -isystem /opt/ros/jazzy/include/rosidl_typesupport_c -std=gnu++17 -fPIC -Wall -MD -MT CMakeFiles/mecheye_ros_interface__rosidl_typesupport_c.dir/rosidl_typesupport_c/mecheye_ros_interface/srv/get_int_parameter__type_support.cpp.o -MF CMakeFiles/mecheye_ros_interface__rosidl_typesupport_c.dir/rosidl_typesupport_c/mecheye_ros_interface/srv/get_int_parameter__type_support.cpp.o.d -o CMakeFiles/mecheye_ros_interface__rosidl_typesupport_c.dir/rosidl_typesupport_c/mecheye_ros_interface/srv/get_int_parameter__type_support.cpp.o -c /home/inauenma/git/mecheye_ros2_interface/build/mecheye_ros_interface/rosidl_typesupport_c/mecheye_ros_interface/srv/get_int_parameter__type_support.cpp
[47.552s] /usr/bin/c++ -DROSIDL_TYPESUPPORT_CPP_BUILDING_DLL -DROS_PACKAGE_NAME=\"mecheye_ros_interface\" -I/usr/include/eigen3 -I/home/inauenma/git/mecheye_ros2_interface/build/mecheye_ros_interface/rosidl_generator_c -I/home/inauenma/git/mecheye_ros2_interface/build/mecheye_ros_interface/rosidl_generator_cpp -isystem /opt/ros/jazzy/include/std_msgs -isystem /opt/ros/jazzy/include/builtin_interfaces -isystem /opt/ros/jazzy/include/rosidl_runtime_c -isystem /opt/ros/jazzy/include/rcutils -isystem /opt/ros/jazzy/include/rosidl_typesupport_interface -isystem /opt/ros/jazzy/include/sensor_msgs -isystem /opt/ros/jazzy/include/geometry_msgs -isystem /opt/ros/jazzy/include/service_msgs -isystem /opt/ros/jazzy/include/rosidl_runtime_cpp -isystem /opt/ros/jazzy/include/rosidl_typesupport_cpp -isystem /opt/ros/jazzy/include/rosidl_typesupport_c -std=gnu++17 -fPIC -Wall -Wextra -Wpedantic -MD -MT CMakeFiles/mecheye_ros_interface__rosidl_typesupport_cpp.dir/rosidl_typesupport_cpp/mecheye_ros_interface/srv/capture_textured_point_cloud__type_support.cpp.o -MF CMakeFiles/mecheye_ros_interface__rosidl_typesupport_cpp.dir/rosidl_typesupport_cpp/mecheye_ros_interface/srv/capture_textured_point_cloud__type_support.cpp.o.d -o CMakeFiles/mecheye_ros_interface__rosidl_typesupport_cpp.dir/rosidl_typesupport_cpp/mecheye_ros_interface/srv/capture_textured_point_cloud__type_support.cpp.o -c /home/inauenma/git/mecheye_ros2_interface/build/mecheye_ros_interface/rosidl_typesupport_cpp/mecheye_ros_interface/srv/capture_textured_point_cloud__type_support.cpp
[47.575s] [ 37%] Building CXX object CMakeFiles/mecheye_ros_interface__rosidl_typesupport_c.dir/rosidl_typesupport_c/mecheye_ros_interface/srv/set_range_parameter__type_support.cpp.o
[47.581s] /usr/bin/c++ -DROSIDL_GENERATOR_C_BUILDING_DLL_mecheye_ros_interface -DROS_PACKAGE_NAME=\"mecheye_ros_interface\" -I/usr/include/eigen3 -I/home/inauenma/git/mecheye_ros2_interface/build/mecheye_ros_interface/rosidl_generator_c -isystem /opt/ros/jazzy/include/std_msgs -isystem /opt/ros/jazzy/include/builtin_interfaces -isystem /opt/ros/jazzy/include/rosidl_runtime_c -isystem /opt/ros/jazzy/include/rcutils -isystem /opt/ros/jazzy/include/rosidl_typesupport_interface -isystem /opt/ros/jazzy/include/sensor_msgs -isystem /opt/ros/jazzy/include/geometry_msgs -isystem /opt/ros/jazzy/include/service_msgs -isystem /opt/ros/jazzy/include/rosidl_typesupport_c -std=gnu++17 -fPIC -Wall -MD -MT CMakeFiles/mecheye_ros_interface__rosidl_typesupport_c.dir/rosidl_typesupport_c/mecheye_ros_interface/srv/set_range_parameter__type_support.cpp.o -MF CMakeFiles/mecheye_ros_interface__rosidl_typesupport_c.dir/rosidl_typesupport_c/mecheye_ros_interface/srv/set_range_parameter__type_support.cpp.o.d -o CMakeFiles/mecheye_ros_interface__rosidl_typesupport_c.dir/rosidl_typesupport_c/mecheye_ros_interface/srv/set_range_parameter__type_support.cpp.o -c /home/inauenma/git/mecheye_ros2_interface/build/mecheye_ros_interface/rosidl_typesupport_c/mecheye_ros_interface/srv/set_range_parameter__type_support.cpp
[47.585s] [ 38%] Building CXX object CMakeFiles/mecheye_ros_interface__rosidl_typesupport_c.dir/rosidl_typesupport_c/mecheye_ros_interface/srv/get_range_parameter__type_support.cpp.o
[47.587s] /usr/bin/c++ -DROSIDL_GENERATOR_C_BUILDING_DLL_mecheye_ros_interface -DROS_PACKAGE_NAME=\"mecheye_ros_interface\" -I/usr/include/eigen3 -I/home/inauenma/git/mecheye_ros2_interface/build/mecheye_ros_interface/rosidl_generator_c -isystem /opt/ros/jazzy/include/std_msgs -isystem /opt/ros/jazzy/include/builtin_interfaces -isystem /opt/ros/jazzy/include/rosidl_runtime_c -isystem /opt/ros/jazzy/include/rcutils -isystem /opt/ros/jazzy/include/rosidl_typesupport_interface -isystem /opt/ros/jazzy/include/sensor_msgs -isystem /opt/ros/jazzy/include/geometry_msgs -isystem /opt/ros/jazzy/include/service_msgs -isystem /opt/ros/jazzy/include/rosidl_typesupport_c -std=gnu++17 -fPIC -Wall -MD -MT CMakeFiles/mecheye_ros_interface__rosidl_typesupport_c.dir/rosidl_typesupport_c/mecheye_ros_interface/srv/get_range_parameter__type_support.cpp.o -MF CMakeFiles/mecheye_ros_interface__rosidl_typesupport_c.dir/rosidl_typesupport_c/mecheye_ros_interface/srv/get_range_parameter__type_support.cpp.o.d -o CMakeFiles/mecheye_ros_interface__rosidl_typesupport_c.dir/rosidl_typesupport_c/mecheye_ros_interface/srv/get_range_parameter__type_support.cpp.o -c /home/inauenma/git/mecheye_ros2_interface/build/mecheye_ros_interface/rosidl_typesupport_c/mecheye_ros_interface/srv/get_range_parameter__type_support.cpp
[47.653s] [ 38%] Building CXX object CMakeFiles/mecheye_ros_interface__rosidl_typesupport_cpp.dir/rosidl_typesupport_cpp/mecheye_ros_interface/srv/capture_depth_map__type_support.cpp.o
[47.653s] /usr/bin/c++ -DROSIDL_TYPESUPPORT_CPP_BUILDING_DLL -DROS_PACKAGE_NAME=\"mecheye_ros_interface\" -I/usr/include/eigen3 -I/home/inauenma/git/mecheye_ros2_interface/build/mecheye_ros_interface/rosidl_generator_c -I/home/inauenma/git/mecheye_ros2_interface/build/mecheye_ros_interface/rosidl_generator_cpp -isystem /opt/ros/jazzy/include/std_msgs -isystem /opt/ros/jazzy/include/builtin_interfaces -isystem /opt/ros/jazzy/include/rosidl_runtime_c -isystem /opt/ros/jazzy/include/rcutils -isystem /opt/ros/jazzy/include/rosidl_typesupport_interface -isystem /opt/ros/jazzy/include/sensor_msgs -isystem /opt/ros/jazzy/include/geometry_msgs -isystem /opt/ros/jazzy/include/service_msgs -isystem /opt/ros/jazzy/include/rosidl_runtime_cpp -isystem /opt/ros/jazzy/include/rosidl_typesupport_cpp -isystem /opt/ros/jazzy/include/rosidl_typesupport_c -std=gnu++17 -fPIC -Wall -Wextra -Wpedantic -MD -MT CMakeFiles/mecheye_ros_interface__rosidl_typesupport_cpp.dir/rosidl_typesupport_cpp/mecheye_ros_interface/srv/capture_depth_map__type_support.cpp.o -MF CMakeFiles/mecheye_ros_interface__rosidl_typesupport_cpp.dir/rosidl_typesupport_cpp/mecheye_ros_interface/srv/capture_depth_map__type_support.cpp.o.d -o CMakeFiles/mecheye_ros_interface__rosidl_typesupport_cpp.dir/rosidl_typesupport_cpp/mecheye_ros_interface/srv/capture_depth_map__type_support.cpp.o -c /home/inauenma/git/mecheye_ros2_interface/build/mecheye_ros_interface/rosidl_typesupport_cpp/mecheye_ros_interface/srv/capture_depth_map__type_support.cpp
[47.702s] [ 38%] Building CXX object CMakeFiles/mecheye_ros_interface__rosidl_typesupport_c.dir/rosidl_typesupport_c/mecheye_ros_interface/srv/set_bool_parameter__type_support.cpp.o
[47.708s] /usr/bin/c++ -DROSIDL_GENERATOR_C_BUILDING_DLL_mecheye_ros_interface -DROS_PACKAGE_NAME=\"mecheye_ros_interface\" -I/usr/include/eigen3 -I/home/inauenma/git/mecheye_ros2_interface/build/mecheye_ros_interface/rosidl_generator_c -isystem /opt/ros/jazzy/include/std_msgs -isystem /opt/ros/jazzy/include/builtin_interfaces -isystem /opt/ros/jazzy/include/rosidl_runtime_c -isystem /opt/ros/jazzy/include/rcutils -isystem /opt/ros/jazzy/include/rosidl_typesupport_interface -isystem /opt/ros/jazzy/include/sensor_msgs -isystem /opt/ros/jazzy/include/geometry_msgs -isystem /opt/ros/jazzy/include/service_msgs -isystem /opt/ros/jazzy/include/rosidl_typesupport_c -std=gnu++17 -fPIC -Wall -MD -MT CMakeFiles/mecheye_ros_interface__rosidl_typesupport_c.dir/rosidl_typesupport_c/mecheye_ros_interface/srv/set_bool_parameter__type_support.cpp.o -MF CMakeFiles/mecheye_ros_interface__rosidl_typesupport_c.dir/rosidl_typesupport_c/mecheye_ros_interface/srv/set_bool_parameter__type_support.cpp.o.d -o CMakeFiles/mecheye_ros_interface__rosidl_typesupport_c.dir/rosidl_typesupport_c/mecheye_ros_interface/srv/set_bool_parameter__type_support.cpp.o -c /home/inauenma/git/mecheye_ros2_interface/build/mecheye_ros_interface/rosidl_typesupport_c/mecheye_ros_interface/srv/set_bool_parameter__type_support.cpp
[47.725s] [ 38%] Building CXX object CMakeFiles/mecheye_ros_interface__rosidl_typesupport_c.dir/rosidl_typesupport_c/mecheye_ros_interface/srv/get_bool_parameter__type_support.cpp.o
[47.728s] /usr/bin/c++ -DROSIDL_GENERATOR_C_BUILDING_DLL_mecheye_ros_interface -DROS_PACKAGE_NAME=\"mecheye_ros_interface\" -I/usr/include/eigen3 -I/home/inauenma/git/mecheye_ros2_interface/build/mecheye_ros_interface/rosidl_generator_c -isystem /opt/ros/jazzy/include/std_msgs -isystem /opt/ros/jazzy/include/builtin_interfaces -isystem /opt/ros/jazzy/include/rosidl_runtime_c -isystem /opt/ros/jazzy/include/rcutils -isystem /opt/ros/jazzy/include/rosidl_typesupport_interface -isystem /opt/ros/jazzy/include/sensor_msgs -isystem /opt/ros/jazzy/include/geometry_msgs -isystem /opt/ros/jazzy/include/service_msgs -isystem /opt/ros/jazzy/include/rosidl_typesupport_c -std=gnu++17 -fPIC -Wall -MD -MT CMakeFiles/mecheye_ros_interface__rosidl_typesupport_c.dir/rosidl_typesupport_c/mecheye_ros_interface/srv/get_bool_parameter__type_support.cpp.o -MF CMakeFiles/mecheye_ros_interface__rosidl_typesupport_c.dir/rosidl_typesupport_c/mecheye_ros_interface/srv/get_bool_parameter__type_support.cpp.o.d -o CMakeFiles/mecheye_ros_interface__rosidl_typesupport_c.dir/rosidl_typesupport_c/mecheye_ros_interface/srv/get_bool_parameter__type_support.cpp.o -c /home/inauenma/git/mecheye_ros2_interface/build/mecheye_ros_interface/rosidl_typesupport_c/mecheye_ros_interface/srv/get_bool_parameter__type_support.cpp
[47.764s] [ 39%] Building CXX object CMakeFiles/mecheye_ros_interface__rosidl_typesupport_cpp.dir/rosidl_typesupport_cpp/mecheye_ros_interface/srv/capture_point_cloud__type_support.cpp.o
[47.767s] /usr/bin/c++ -DROSIDL_TYPESUPPORT_CPP_BUILDING_DLL -DROS_PACKAGE_NAME=\"mecheye_ros_interface\" -I/usr/include/eigen3 -I/home/inauenma/git/mecheye_ros2_interface/build/mecheye_ros_interface/rosidl_generator_c -I/home/inauenma/git/mecheye_ros2_interface/build/mecheye_ros_interface/rosidl_generator_cpp -isystem /opt/ros/jazzy/include/std_msgs -isystem /opt/ros/jazzy/include/builtin_interfaces -isystem /opt/ros/jazzy/include/rosidl_runtime_c -isystem /opt/ros/jazzy/include/rcutils -isystem /opt/ros/jazzy/include/rosidl_typesupport_interface -isystem /opt/ros/jazzy/include/sensor_msgs -isystem /opt/ros/jazzy/include/geometry_msgs -isystem /opt/ros/jazzy/include/service_msgs -isystem /opt/ros/jazzy/include/rosidl_runtime_cpp -isystem /opt/ros/jazzy/include/rosidl_typesupport_cpp -isystem /opt/ros/jazzy/include/rosidl_typesupport_c -std=gnu++17 -fPIC -Wall -Wextra -Wpedantic -MD -MT CMakeFiles/mecheye_ros_interface__rosidl_typesupport_cpp.dir/rosidl_typesupport_cpp/mecheye_ros_interface/srv/capture_point_cloud__type_support.cpp.o -MF CMakeFiles/mecheye_ros_interface__rosidl_typesupport_cpp.dir/rosidl_typesupport_cpp/mecheye_ros_interface/srv/capture_point_cloud__type_support.cpp.o.d -o CMakeFiles/mecheye_ros_interface__rosidl_typesupport_cpp.dir/rosidl_typesupport_cpp/mecheye_ros_interface/srv/capture_point_cloud__type_support.cpp.o -c /home/inauenma/git/mecheye_ros2_interface/build/mecheye_ros_interface/rosidl_typesupport_cpp/mecheye_ros_interface/srv/capture_point_cloud__type_support.cpp
[47.798s] [ 39%] Building CXX object CMakeFiles/mecheye_ros_interface__rosidl_typesupport_cpp.dir/rosidl_typesupport_cpp/mecheye_ros_interface/srv/delete_user_set__type_support.cpp.o
[47.800s] /usr/bin/c++ -DROSIDL_TYPESUPPORT_CPP_BUILDING_DLL -DROS_PACKAGE_NAME=\"mecheye_ros_interface\" -I/usr/include/eigen3 -I/home/inauenma/git/mecheye_ros2_interface/build/mecheye_ros_interface/rosidl_generator_c -I/home/inauenma/git/mecheye_ros2_interface/build/mecheye_ros_interface/rosidl_generator_cpp -isystem /opt/ros/jazzy/include/std_msgs -isystem /opt/ros/jazzy/include/builtin_interfaces -isystem /opt/ros/jazzy/include/rosidl_runtime_c -isystem /opt/ros/jazzy/include/rcutils -isystem /opt/ros/jazzy/include/rosidl_typesupport_interface -isystem /opt/ros/jazzy/include/sensor_msgs -isystem /opt/ros/jazzy/include/geometry_msgs -isystem /opt/ros/jazzy/include/service_msgs -isystem /opt/ros/jazzy/include/rosidl_runtime_cpp -isystem /opt/ros/jazzy/include/rosidl_typesupport_cpp -isystem /opt/ros/jazzy/include/rosidl_typesupport_c -std=gnu++17 -fPIC -Wall -Wextra -Wpedantic -MD -MT CMakeFiles/mecheye_ros_interface__rosidl_typesupport_cpp.dir/rosidl_typesupport_cpp/mecheye_ros_interface/srv/delete_user_set__type_support.cpp.o -MF CMakeFiles/mecheye_ros_interface__rosidl_typesupport_cpp.dir/rosidl_typesupport_cpp/mecheye_ros_interface/srv/delete_user_set__type_support.cpp.o.d -o CMakeFiles/mecheye_ros_interface__rosidl_typesupport_cpp.dir/rosidl_typesupport_cpp/mecheye_ros_interface/srv/delete_user_set__type_support.cpp.o -c /home/inauenma/git/mecheye_ros2_interface/build/mecheye_ros_interface/rosidl_typesupport_cpp/mecheye_ros_interface/srv/delete_user_set__type_support.cpp
[47.849s] [ 40%] Building CXX object CMakeFiles/mecheye_ros_interface__rosidl_typesupport_c.dir/rosidl_typesupport_c/mecheye_ros_interface/srv/set_enum_parameter__type_support.cpp.o
[47.853s] /usr/bin/c++ -DROSIDL_GENERATOR_C_BUILDING_DLL_mecheye_ros_interface -DROS_PACKAGE_NAME=\"mecheye_ros_interface\" -I/usr/include/eigen3 -I/home/inauenma/git/mecheye_ros2_interface/build/mecheye_ros_interface/rosidl_generator_c -isystem /opt/ros/jazzy/include/std_msgs -isystem /opt/ros/jazzy/include/builtin_interfaces -isystem /opt/ros/jazzy/include/rosidl_runtime_c -isystem /opt/ros/jazzy/include/rcutils -isystem /opt/ros/jazzy/include/rosidl_typesupport_interface -isystem /opt/ros/jazzy/include/sensor_msgs -isystem /opt/ros/jazzy/include/geometry_msgs -isystem /opt/ros/jazzy/include/service_msgs -isystem /opt/ros/jazzy/include/rosidl_typesupport_c -std=gnu++17 -fPIC -Wall -MD -MT CMakeFiles/mecheye_ros_interface__rosidl_typesupport_c.dir/rosidl_typesupport_c/mecheye_ros_interface/srv/set_enum_parameter__type_support.cpp.o -MF CMakeFiles/mecheye_ros_interface__rosidl_typesupport_c.dir/rosidl_typesupport_c/mecheye_ros_interface/srv/set_enum_parameter__type_support.cpp.o.d -o CMakeFiles/mecheye_ros_interface__rosidl_typesupport_c.dir/rosidl_typesupport_c/mecheye_ros_interface/srv/set_enum_parameter__type_support.cpp.o -c /home/inauenma/git/mecheye_ros2_interface/build/mecheye_ros_interface/rosidl_typesupport_c/mecheye_ros_interface/srv/set_enum_parameter__type_support.cpp
[47.867s] [ 40%] Building CXX object CMakeFiles/mecheye_ros_interface__rosidl_typesupport_cpp.dir/rosidl_typesupport_cpp/mecheye_ros_interface/srv/device_info__type_support.cpp.o
[47.873s] /usr/bin/c++ -DROSIDL_TYPESUPPORT_CPP_BUILDING_DLL -DROS_PACKAGE_NAME=\"mecheye_ros_interface\" -I/usr/include/eigen3 -I/home/inauenma/git/mecheye_ros2_interface/build/mecheye_ros_interface/rosidl_generator_c -I/home/inauenma/git/mecheye_ros2_interface/build/mecheye_ros_interface/rosidl_generator_cpp -isystem /opt/ros/jazzy/include/std_msgs -isystem /opt/ros/jazzy/include/builtin_interfaces -isystem /opt/ros/jazzy/include/rosidl_runtime_c -isystem /opt/ros/jazzy/include/rcutils -isystem /opt/ros/jazzy/include/rosidl_typesupport_interface -isystem /opt/ros/jazzy/include/sensor_msgs -isystem /opt/ros/jazzy/include/geometry_msgs -isystem /opt/ros/jazzy/include/service_msgs -isystem /opt/ros/jazzy/include/rosidl_runtime_cpp -isystem /opt/ros/jazzy/include/rosidl_typesupport_cpp -isystem /opt/ros/jazzy/include/rosidl_typesupport_c -std=gnu++17 -fPIC -Wall -Wextra -Wpedantic -MD -MT CMakeFiles/mecheye_ros_interface__rosidl_typesupport_cpp.dir/rosidl_typesupport_cpp/mecheye_ros_interface/srv/device_info__type_support.cpp.o -MF CMakeFiles/mecheye_ros_interface__rosidl_typesupport_cpp.dir/rosidl_typesupport_cpp/mecheye_ros_interface/srv/device_info__type_support.cpp.o.d -o CMakeFiles/mecheye_ros_interface__rosidl_typesupport_cpp.dir/rosidl_typesupport_cpp/mecheye_ros_interface/srv/device_info__type_support.cpp.o -c /home/inauenma/git/mecheye_ros2_interface/build/mecheye_ros_interface/rosidl_typesupport_cpp/mecheye_ros_interface/srv/device_info__type_support.cpp
[47.945s] [ 40%] Building CXX object CMakeFiles/mecheye_ros_interface__rosidl_typesupport_c.dir/rosidl_typesupport_c/mecheye_ros_interface/srv/get_enum_parameter__type_support.cpp.o
[47.949s] /usr/bin/c++ -DROSIDL_GENERATOR_C_BUILDING_DLL_mecheye_ros_interface -DROS_PACKAGE_NAME=\"mecheye_ros_interface\" -I/usr/include/eigen3 -I/home/inauenma/git/mecheye_ros2_interface/build/mecheye_ros_interface/rosidl_generator_c -isystem /opt/ros/jazzy/include/std_msgs -isystem /opt/ros/jazzy/include/builtin_interfaces -isystem /opt/ros/jazzy/include/rosidl_runtime_c -isystem /opt/ros/jazzy/include/rcutils -isystem /opt/ros/jazzy/include/rosidl_typesupport_interface -isystem /opt/ros/jazzy/include/sensor_msgs -isystem /opt/ros/jazzy/include/geometry_msgs -isystem /opt/ros/jazzy/include/service_msgs -isystem /opt/ros/jazzy/include/rosidl_typesupport_c -std=gnu++17 -fPIC -Wall -MD -MT CMakeFiles/mecheye_ros_interface__rosidl_typesupport_c.dir/rosidl_typesupport_c/mecheye_ros_interface/srv/get_enum_parameter__type_support.cpp.o -MF CMakeFiles/mecheye_ros_interface__rosidl_typesupport_c.dir/rosidl_typesupport_c/mecheye_ros_interface/srv/get_enum_parameter__type_support.cpp.o.d -o CMakeFiles/mecheye_ros_interface__rosidl_typesupport_c.dir/rosidl_typesupport_c/mecheye_ros_interface/srv/get_enum_parameter__type_support.cpp.o -c /home/inauenma/git/mecheye_ros2_interface/build/mecheye_ros_interface/rosidl_typesupport_c/mecheye_ros_interface/srv/get_enum_parameter__type_support.cpp
[48.059s] [ 40%] Building CXX object CMakeFiles/mecheye_ros_interface__rosidl_typesupport_c.dir/rosidl_typesupport_c/mecheye_ros_interface/srv/set_float_parameter__type_support.cpp.o
[48.066s] /usr/bin/c++ -DROSIDL_GENERATOR_C_BUILDING_DLL_mecheye_ros_interface -DROS_PACKAGE_NAME=\"mecheye_ros_interface\" -I/usr/include/eigen3 -I/home/inauenma/git/mecheye_ros2_interface/build/mecheye_ros_interface/rosidl_generator_c -isystem /opt/ros/jazzy/include/std_msgs -isystem /opt/ros/jazzy/include/builtin_interfaces -isystem /opt/ros/jazzy/include/rosidl_runtime_c -isystem /opt/ros/jazzy/include/rcutils -isystem /opt/ros/jazzy/include/rosidl_typesupport_interface -isystem /opt/ros/jazzy/include/sensor_msgs -isystem /opt/ros/jazzy/include/geometry_msgs -isystem /opt/ros/jazzy/include/service_msgs -isystem /opt/ros/jazzy/include/rosidl_typesupport_c -std=gnu++17 -fPIC -Wall -MD -MT CMakeFiles/mecheye_ros_interface__rosidl_typesupport_c.dir/rosidl_typesupport_c/mecheye_ros_interface/srv/set_float_parameter__type_support.cpp.o -MF CMakeFiles/mecheye_ros_interface__rosidl_typesupport_c.dir/rosidl_typesupport_c/mecheye_ros_interface/srv/set_float_parameter__type_support.cpp.o.d -o CMakeFiles/mecheye_ros_interface__rosidl_typesupport_c.dir/rosidl_typesupport_c/mecheye_ros_interface/srv/set_float_parameter__type_support.cpp.o -c /home/inauenma/git/mecheye_ros2_interface/build/mecheye_ros_interface/rosidl_typesupport_c/mecheye_ros_interface/srv/set_float_parameter__type_support.cpp
[48.147s] [ 41%] Building CXX object CMakeFiles/mecheye_ros_interface__rosidl_typesupport_cpp.dir/rosidl_typesupport_cpp/mecheye_ros_interface/srv/get_all_user_sets__type_support.cpp.o
[48.162s] /usr/bin/c++ -DROSIDL_TYPESUPPORT_CPP_BUILDING_DLL -DROS_PACKAGE_NAME=\"mecheye_ros_interface\" -I/usr/include/eigen3 -I/home/inauenma/git/mecheye_ros2_interface/build/mecheye_ros_interface/rosidl_generator_c -I/home/inauenma/git/mecheye_ros2_interface/build/mecheye_ros_interface/rosidl_generator_cpp -isystem /opt/ros/jazzy/include/std_msgs -isystem /opt/ros/jazzy/include/builtin_interfaces -isystem /opt/ros/jazzy/include/rosidl_runtime_c -isystem /opt/ros/jazzy/include/rcutils -isystem /opt/ros/jazzy/include/rosidl_typesupport_interface -isystem /opt/ros/jazzy/include/sensor_msgs -isystem /opt/ros/jazzy/include/geometry_msgs -isystem /opt/ros/jazzy/include/service_msgs -isystem /opt/ros/jazzy/include/rosidl_runtime_cpp -isystem /opt/ros/jazzy/include/rosidl_typesupport_cpp -isystem /opt/ros/jazzy/include/rosidl_typesupport_c -std=gnu++17 -fPIC -Wall -Wextra -Wpedantic -MD -MT CMakeFiles/mecheye_ros_interface__rosidl_typesupport_cpp.dir/rosidl_typesupport_cpp/mecheye_ros_interface/srv/get_all_user_sets__type_support.cpp.o -MF CMakeFiles/mecheye_ros_interface__rosidl_typesupport_cpp.dir/rosidl_typesupport_cpp/mecheye_ros_interface/srv/get_all_user_sets__type_support.cpp.o.d -o CMakeFiles/mecheye_ros_interface__rosidl_typesupport_cpp.dir/rosidl_typesupport_cpp/mecheye_ros_interface/srv/get_all_user_sets__type_support.cpp.o -c /home/inauenma/git/mecheye_ros2_interface/build/mecheye_ros_interface/rosidl_typesupport_cpp/mecheye_ros_interface/srv/get_all_user_sets__type_support.cpp
[48.275s] [ 42%] Building CXX object CMakeFiles/mecheye_ros_interface__rosidl_typesupport_c.dir/rosidl_typesupport_c/mecheye_ros_interface/srv/get_float_parameter__type_support.cpp.o
[48.275s] /usr/bin/c++ -DROSIDL_GENERATOR_C_BUILDING_DLL_mecheye_ros_interface -DROS_PACKAGE_NAME=\"mecheye_ros_interface\" -I/usr/include/eigen3 -I/home/inauenma/git/mecheye_ros2_interface/build/mecheye_ros_interface/rosidl_generator_c -isystem /opt/ros/jazzy/include/std_msgs -isystem /opt/ros/jazzy/include/builtin_interfaces -isystem /opt/ros/jazzy/include/rosidl_runtime_c -isystem /opt/ros/jazzy/include/rcutils -isystem /opt/ros/jazzy/include/rosidl_typesupport_interface -isystem /opt/ros/jazzy/include/sensor_msgs -isystem /opt/ros/jazzy/include/geometry_msgs -isystem /opt/ros/jazzy/include/service_msgs -isystem /opt/ros/jazzy/include/rosidl_typesupport_c -std=gnu++17 -fPIC -Wall -MD -MT CMakeFiles/mecheye_ros_interface__rosidl_typesupport_c.dir/rosidl_typesupport_c/mecheye_ros_interface/srv/get_float_parameter__type_support.cpp.o -MF CMakeFiles/mecheye_ros_interface__rosidl_typesupport_c.dir/rosidl_typesupport_c/mecheye_ros_interface/srv/get_float_parameter__type_support.cpp.o.d -o CMakeFiles/mecheye_ros_interface__rosidl_typesupport_c.dir/rosidl_typesupport_c/mecheye_ros_interface/srv/get_float_parameter__type_support.cpp.o -c /home/inauenma/git/mecheye_ros2_interface/build/mecheye_ros_interface/rosidl_typesupport_c/mecheye_ros_interface/srv/get_float_parameter__type_support.cpp
[48.346s] [ 42%] Building CXX object CMakeFiles/mecheye_ros_interface__rosidl_typesupport_cpp.dir/rosidl_typesupport_cpp/mecheye_ros_interface/srv/get_current_user_set__type_support.cpp.o
[48.347s] /usr/bin/c++ -DROSIDL_TYPESUPPORT_CPP_BUILDING_DLL -DROS_PACKAGE_NAME=\"mecheye_ros_interface\" -I/usr/include/eigen3 -I/home/inauenma/git/mecheye_ros2_interface/build/mecheye_ros_interface/rosidl_generator_c -I/home/inauenma/git/mecheye_ros2_interface/build/mecheye_ros_interface/rosidl_generator_cpp -isystem /opt/ros/jazzy/include/std_msgs -isystem /opt/ros/jazzy/include/builtin_interfaces -isystem /opt/ros/jazzy/include/rosidl_runtime_c -isystem /opt/ros/jazzy/include/rcutils -isystem /opt/ros/jazzy/include/rosidl_typesupport_interface -isystem /opt/ros/jazzy/include/sensor_msgs -isystem /opt/ros/jazzy/include/geometry_msgs -isystem /opt/ros/jazzy/include/service_msgs -isystem /opt/ros/jazzy/include/rosidl_runtime_cpp -isystem /opt/ros/jazzy/include/rosidl_typesupport_cpp -isystem /opt/ros/jazzy/include/rosidl_typesupport_c -std=gnu++17 -fPIC -Wall -Wextra -Wpedantic -MD -MT CMakeFiles/mecheye_ros_interface__rosidl_typesupport_cpp.dir/rosidl_typesupport_cpp/mecheye_ros_interface/srv/get_current_user_set__type_support.cpp.o -MF CMakeFiles/mecheye_ros_interface__rosidl_typesupport_cpp.dir/rosidl_typesupport_cpp/mecheye_ros_interface/srv/get_current_user_set__type_support.cpp.o.d -o CMakeFiles/mecheye_ros_interface__rosidl_typesupport_cpp.dir/rosidl_typesupport_cpp/mecheye_ros_interface/srv/get_current_user_set__type_support.cpp.o -c /home/inauenma/git/mecheye_ros2_interface/build/mecheye_ros_interface/rosidl_typesupport_cpp/mecheye_ros_interface/srv/get_current_user_set__type_support.cpp
[48.393s] [ 42%] Building CXX object CMakeFiles/mecheye_ros_interface__rosidl_typesupport_c.dir/rosidl_typesupport_c/mecheye_ros_interface/srv/set_float_array_parameter__type_support.cpp.o
[48.396s] /usr/bin/c++ -DROSIDL_GENERATOR_C_BUILDING_DLL_mecheye_ros_interface -DROS_PACKAGE_NAME=\"mecheye_ros_interface\" -I/usr/include/eigen3 -I/home/inauenma/git/mecheye_ros2_interface/build/mecheye_ros_interface/rosidl_generator_c -isystem /opt/ros/jazzy/include/std_msgs -isystem /opt/ros/jazzy/include/builtin_interfaces -isystem /opt/ros/jazzy/include/rosidl_runtime_c -isystem /opt/ros/jazzy/include/rcutils -isystem /opt/ros/jazzy/include/rosidl_typesupport_interface -isystem /opt/ros/jazzy/include/sensor_msgs -isystem /opt/ros/jazzy/include/geometry_msgs -isystem /opt/ros/jazzy/include/service_msgs -isystem /opt/ros/jazzy/include/rosidl_typesupport_c -std=gnu++17 -fPIC -Wall -MD -MT CMakeFiles/mecheye_ros_interface__rosidl_typesupport_c.dir/rosidl_typesupport_c/mecheye_ros_interface/srv/set_float_array_parameter__type_support.cpp.o -MF CMakeFiles/mecheye_ros_interface__rosidl_typesupport_c.dir/rosidl_typesupport_c/mecheye_ros_interface/srv/set_float_array_parameter__type_support.cpp.o.d -o CMakeFiles/mecheye_ros_interface__rosidl_typesupport_c.dir/rosidl_typesupport_c/mecheye_ros_interface/srv/set_float_array_parameter__type_support.cpp.o -c /home/inauenma/git/mecheye_ros2_interface/build/mecheye_ros_interface/rosidl_typesupport_c/mecheye_ros_interface/srv/set_float_array_parameter__type_support.cpp
[48.441s] [ 42%] Building CXX object CMakeFiles/mecheye_ros_interface__rosidl_typesupport_cpp.dir/rosidl_typesupport_cpp/mecheye_ros_interface/srv/set_int_parameter__type_support.cpp.o
[48.444s] /usr/bin/c++ -DROSIDL_TYPESUPPORT_CPP_BUILDING_DLL -DROS_PACKAGE_NAME=\"mecheye_ros_interface\" -I/usr/include/eigen3 -I/home/inauenma/git/mecheye_ros2_interface/build/mecheye_ros_interface/rosidl_generator_c -I/home/inauenma/git/mecheye_ros2_interface/build/mecheye_ros_interface/rosidl_generator_cpp -isystem /opt/ros/jazzy/include/std_msgs -isystem /opt/ros/jazzy/include/builtin_interfaces -isystem /opt/ros/jazzy/include/rosidl_runtime_c -isystem /opt/ros/jazzy/include/rcutils -isystem /opt/ros/jazzy/include/rosidl_typesupport_interface -isystem /opt/ros/jazzy/include/sensor_msgs -isystem /opt/ros/jazzy/include/geometry_msgs -isystem /opt/ros/jazzy/include/service_msgs -isystem /opt/ros/jazzy/include/rosidl_runtime_cpp -isystem /opt/ros/jazzy/include/rosidl_typesupport_cpp -isystem /opt/ros/jazzy/include/rosidl_typesupport_c -std=gnu++17 -fPIC -Wall -Wextra -Wpedantic -MD -MT CMakeFiles/mecheye_ros_interface__rosidl_typesupport_cpp.dir/rosidl_typesupport_cpp/mecheye_ros_interface/srv/set_int_parameter__type_support.cpp.o -MF CMakeFiles/mecheye_ros_interface__rosidl_typesupport_cpp.dir/rosidl_typesupport_cpp/mecheye_ros_interface/srv/set_int_parameter__type_support.cpp.o.d -o CMakeFiles/mecheye_ros_interface__rosidl_typesupport_cpp.dir/rosidl_typesupport_cpp/mecheye_ros_interface/srv/set_int_parameter__type_support.cpp.o -c /home/inauenma/git/mecheye_ros2_interface/build/mecheye_ros_interface/rosidl_typesupport_cpp/mecheye_ros_interface/srv/set_int_parameter__type_support.cpp
[48.471s] [ 43%] Building CXX object CMakeFiles/mecheye_ros_interface__rosidl_typesupport_cpp.dir/rosidl_typesupport_cpp/mecheye_ros_interface/srv/get_int_parameter__type_support.cpp.o
[48.478s] /usr/bin/c++ -DROSIDL_TYPESUPPORT_CPP_BUILDING_DLL -DROS_PACKAGE_NAME=\"mecheye_ros_interface\" -I/usr/include/eigen3 -I/home/inauenma/git/mecheye_ros2_interface/build/mecheye_ros_interface/rosidl_generator_c -I/home/inauenma/git/mecheye_ros2_interface/build/mecheye_ros_interface/rosidl_generator_cpp -isystem /opt/ros/jazzy/include/std_msgs -isystem /opt/ros/jazzy/include/builtin_interfaces -isystem /opt/ros/jazzy/include/rosidl_runtime_c -isystem /opt/ros/jazzy/include/rcutils -isystem /opt/ros/jazzy/include/rosidl_typesupport_interface -isystem /opt/ros/jazzy/include/sensor_msgs -isystem /opt/ros/jazzy/include/geometry_msgs -isystem /opt/ros/jazzy/include/service_msgs -isystem /opt/ros/jazzy/include/rosidl_runtime_cpp -isystem /opt/ros/jazzy/include/rosidl_typesupport_cpp -isystem /opt/ros/jazzy/include/rosidl_typesupport_c -std=gnu++17 -fPIC -Wall -Wextra -Wpedantic -MD -MT CMakeFiles/mecheye_ros_interface__rosidl_typesupport_cpp.dir/rosidl_typesupport_cpp/mecheye_ros_interface/srv/get_int_parameter__type_support.cpp.o -MF CMakeFiles/mecheye_ros_interface__rosidl_typesupport_cpp.dir/rosidl_typesupport_cpp/mecheye_ros_interface/srv/get_int_parameter__type_support.cpp.o.d -o CMakeFiles/mecheye_ros_interface__rosidl_typesupport_cpp.dir/rosidl_typesupport_cpp/mecheye_ros_interface/srv/get_int_parameter__type_support.cpp.o -c /home/inauenma/git/mecheye_ros2_interface/build/mecheye_ros_interface/rosidl_typesupport_cpp/mecheye_ros_interface/srv/get_int_parameter__type_support.cpp
[48.492s] [ 43%] Building CXX object CMakeFiles/mecheye_ros_interface__rosidl_typesupport_cpp.dir/rosidl_typesupport_cpp/mecheye_ros_interface/srv/set_range_parameter__type_support.cpp.o
[48.495s] /usr/bin/c++ -DROSIDL_TYPESUPPORT_CPP_BUILDING_DLL -DROS_PACKAGE_NAME=\"mecheye_ros_interface\" -I/usr/include/eigen3 -I/home/inauenma/git/mecheye_ros2_interface/build/mecheye_ros_interface/rosidl_generator_c -I/home/inauenma/git/mecheye_ros2_interface/build/mecheye_ros_interface/rosidl_generator_cpp -isystem /opt/ros/jazzy/include/std_msgs -isystem /opt/ros/jazzy/include/builtin_interfaces -isystem /opt/ros/jazzy/include/rosidl_runtime_c -isystem /opt/ros/jazzy/include/rcutils -isystem /opt/ros/jazzy/include/rosidl_typesupport_interface -isystem /opt/ros/jazzy/include/sensor_msgs -isystem /opt/ros/jazzy/include/geometry_msgs -isystem /opt/ros/jazzy/include/service_msgs -isystem /opt/ros/jazzy/include/rosidl_runtime_cpp -isystem /opt/ros/jazzy/include/rosidl_typesupport_cpp -isystem /opt/ros/jazzy/include/rosidl_typesupport_c -std=gnu++17 -fPIC -Wall -Wextra -Wpedantic -MD -MT CMakeFiles/mecheye_ros_interface__rosidl_typesupport_cpp.dir/rosidl_typesupport_cpp/mecheye_ros_interface/srv/set_range_parameter__type_support.cpp.o -MF CMakeFiles/mecheye_ros_interface__rosidl_typesupport_cpp.dir/rosidl_typesupport_cpp/mecheye_ros_interface/srv/set_range_parameter__type_support.cpp.o.d -o CMakeFiles/mecheye_ros_interface__rosidl_typesupport_cpp.dir/rosidl_typesupport_cpp/mecheye_ros_interface/srv/set_range_parameter__type_support.cpp.o -c /home/inauenma/git/mecheye_ros2_interface/build/mecheye_ros_interface/rosidl_typesupport_cpp/mecheye_ros_interface/srv/set_range_parameter__type_support.cpp
[48.553s] [ 44%] Building CXX object CMakeFiles/mecheye_ros_interface__rosidl_typesupport_cpp.dir/rosidl_typesupport_cpp/mecheye_ros_interface/srv/get_range_parameter__type_support.cpp.o
[48.562s] /usr/bin/c++ -DROSIDL_TYPESUPPORT_CPP_BUILDING_DLL -DROS_PACKAGE_NAME=\"mecheye_ros_interface\" -I/usr/include/eigen3 -I/home/inauenma/git/mecheye_ros2_interface/build/mecheye_ros_interface/rosidl_generator_c -I/home/inauenma/git/mecheye_ros2_interface/build/mecheye_ros_interface/rosidl_generator_cpp -isystem /opt/ros/jazzy/include/std_msgs -isystem /opt/ros/jazzy/include/builtin_interfaces -isystem /opt/ros/jazzy/include/rosidl_runtime_c -isystem /opt/ros/jazzy/include/rcutils -isystem /opt/ros/jazzy/include/rosidl_typesupport_interface -isystem /opt/ros/jazzy/include/sensor_msgs -isystem /opt/ros/jazzy/include/geometry_msgs -isystem /opt/ros/jazzy/include/service_msgs -isystem /opt/ros/jazzy/include/rosidl_runtime_cpp -isystem /opt/ros/jazzy/include/rosidl_typesupport_cpp -isystem /opt/ros/jazzy/include/rosidl_typesupport_c -std=gnu++17 -fPIC -Wall -Wextra -Wpedantic -MD -MT CMakeFiles/mecheye_ros_interface__rosidl_typesupport_cpp.dir/rosidl_typesupport_cpp/mecheye_ros_interface/srv/get_range_parameter__type_support.cpp.o -MF CMakeFiles/mecheye_ros_interface__rosidl_typesupport_cpp.dir/rosidl_typesupport_cpp/mecheye_ros_interface/srv/get_range_parameter__type_support.cpp.o.d -o CMakeFiles/mecheye_ros_interface__rosidl_typesupport_cpp.dir/rosidl_typesupport_cpp/mecheye_ros_interface/srv/get_range_parameter__type_support.cpp.o -c /home/inauenma/git/mecheye_ros2_interface/build/mecheye_ros_interface/rosidl_typesupport_cpp/mecheye_ros_interface/srv/get_range_parameter__type_support.cpp
[48.590s] [ 45%] Building CXX object CMakeFiles/mecheye_ros_interface__rosidl_typesupport_c.dir/rosidl_typesupport_c/mecheye_ros_interface/srv/get_float_array_parameter__type_support.cpp.o
[48.597s] /usr/bin/c++ -DROSIDL_GENERATOR_C_BUILDING_DLL_mecheye_ros_interface -DROS_PACKAGE_NAME=\"mecheye_ros_interface\" -I/usr/include/eigen3 -I/home/inauenma/git/mecheye_ros2_interface/build/mecheye_ros_interface/rosidl_generator_c -isystem /opt/ros/jazzy/include/std_msgs -isystem /opt/ros/jazzy/include/builtin_interfaces -isystem /opt/ros/jazzy/include/rosidl_runtime_c -isystem /opt/ros/jazzy/include/rcutils -isystem /opt/ros/jazzy/include/rosidl_typesupport_interface -isystem /opt/ros/jazzy/include/sensor_msgs -isystem /opt/ros/jazzy/include/geometry_msgs -isystem /opt/ros/jazzy/include/service_msgs -isystem /opt/ros/jazzy/include/rosidl_typesupport_c -std=gnu++17 -fPIC -Wall -MD -MT CMakeFiles/mecheye_ros_interface__rosidl_typesupport_c.dir/rosidl_typesupport_c/mecheye_ros_interface/srv/get_float_array_parameter__type_support.cpp.o -MF CMakeFiles/mecheye_ros_interface__rosidl_typesupport_c.dir/rosidl_typesupport_c/mecheye_ros_interface/srv/get_float_array_parameter__type_support.cpp.o.d -o CMakeFiles/mecheye_ros_interface__rosidl_typesupport_c.dir/rosidl_typesupport_c/mecheye_ros_interface/srv/get_float_array_parameter__type_support.cpp.o -c /home/inauenma/git/mecheye_ros2_interface/build/mecheye_ros_interface/rosidl_typesupport_c/mecheye_ros_interface/srv/get_float_array_parameter__type_support.cpp
[48.670s] [ 45%] Building CXX object CMakeFiles/mecheye_ros_interface__rosidl_typesupport_cpp.dir/rosidl_typesupport_cpp/mecheye_ros_interface/srv/set_bool_parameter__type_support.cpp.o
[48.673s] /usr/bin/c++ -DROSIDL_TYPESUPPORT_CPP_BUILDING_DLL -DROS_PACKAGE_NAME=\"mecheye_ros_interface\" -I/usr/include/eigen3 -I/home/inauenma/git/mecheye_ros2_interface/build/mecheye_ros_interface/rosidl_generator_c -I/home/inauenma/git/mecheye_ros2_interface/build/mecheye_ros_interface/rosidl_generator_cpp -isystem /opt/ros/jazzy/include/std_msgs -isystem /opt/ros/jazzy/include/builtin_interfaces -isystem /opt/ros/jazzy/include/rosidl_runtime_c -isystem /opt/ros/jazzy/include/rcutils -isystem /opt/ros/jazzy/include/rosidl_typesupport_interface -isystem /opt/ros/jazzy/include/sensor_msgs -isystem /opt/ros/jazzy/include/geometry_msgs -isystem /opt/ros/jazzy/include/service_msgs -isystem /opt/ros/jazzy/include/rosidl_runtime_cpp -isystem /opt/ros/jazzy/include/rosidl_typesupport_cpp -isystem /opt/ros/jazzy/include/rosidl_typesupport_c -std=gnu++17 -fPIC -Wall -Wextra -Wpedantic -MD -MT CMakeFiles/mecheye_ros_interface__rosidl_typesupport_cpp.dir/rosidl_typesupport_cpp/mecheye_ros_interface/srv/set_bool_parameter__type_support.cpp.o -MF CMakeFiles/mecheye_ros_interface__rosidl_typesupport_cpp.dir/rosidl_typesupport_cpp/mecheye_ros_interface/srv/set_bool_parameter__type_support.cpp.o.d -o CMakeFiles/mecheye_ros_interface__rosidl_typesupport_cpp.dir/rosidl_typesupport_cpp/mecheye_ros_interface/srv/set_bool_parameter__type_support.cpp.o -c /home/inauenma/git/mecheye_ros2_interface/build/mecheye_ros_interface/rosidl_typesupport_cpp/mecheye_ros_interface/srv/set_bool_parameter__type_support.cpp
[48.693s] [ 45%] Building CXX object CMakeFiles/mecheye_ros_interface__rosidl_typesupport_cpp.dir/rosidl_typesupport_cpp/mecheye_ros_interface/srv/get_bool_parameter__type_support.cpp.o
[48.693s] /usr/bin/c++ -DROSIDL_TYPESUPPORT_CPP_BUILDING_DLL -DROS_PACKAGE_NAME=\"mecheye_ros_interface\" -I/usr/include/eigen3 -I/home/inauenma/git/mecheye_ros2_interface/build/mecheye_ros_interface/rosidl_generator_c -I/home/inauenma/git/mecheye_ros2_interface/build/mecheye_ros_interface/rosidl_generator_cpp -isystem /opt/ros/jazzy/include/std_msgs -isystem /opt/ros/jazzy/include/builtin_interfaces -isystem /opt/ros/jazzy/include/rosidl_runtime_c -isystem /opt/ros/jazzy/include/rcutils -isystem /opt/ros/jazzy/include/rosidl_typesupport_interface -isystem /opt/ros/jazzy/include/sensor_msgs -isystem /opt/ros/jazzy/include/geometry_msgs -isystem /opt/ros/jazzy/include/service_msgs -isystem /opt/ros/jazzy/include/rosidl_runtime_cpp -isystem /opt/ros/jazzy/include/rosidl_typesupport_cpp -isystem /opt/ros/jazzy/include/rosidl_typesupport_c -std=gnu++17 -fPIC -Wall -Wextra -Wpedantic -MD -MT CMakeFiles/mecheye_ros_interface__rosidl_typesupport_cpp.dir/rosidl_typesupport_cpp/mecheye_ros_interface/srv/get_bool_parameter__type_support.cpp.o -MF CMakeFiles/mecheye_ros_interface__rosidl_typesupport_cpp.dir/rosidl_typesupport_cpp/mecheye_ros_interface/srv/get_bool_parameter__type_support.cpp.o.d -o CMakeFiles/mecheye_ros_interface__rosidl_typesupport_cpp.dir/rosidl_typesupport_cpp/mecheye_ros_interface/srv/get_bool_parameter__type_support.cpp.o -c /home/inauenma/git/mecheye_ros2_interface/build/mecheye_ros_interface/rosidl_typesupport_cpp/mecheye_ros_interface/srv/get_bool_parameter__type_support.cpp
[48.711s] [ 45%] Building CXX object CMakeFiles/mecheye_ros_interface__rosidl_typesupport_c.dir/rosidl_typesupport_c/mecheye_ros_interface/srv/set_roi_parameter__type_support.cpp.o
[48.713s] /usr/bin/c++ -DROSIDL_GENERATOR_C_BUILDING_DLL_mecheye_ros_interface -DROS_PACKAGE_NAME=\"mecheye_ros_interface\" -I/usr/include/eigen3 -I/home/inauenma/git/mecheye_ros2_interface/build/mecheye_ros_interface/rosidl_generator_c -isystem /opt/ros/jazzy/include/std_msgs -isystem /opt/ros/jazzy/include/builtin_interfaces -isystem /opt/ros/jazzy/include/rosidl_runtime_c -isystem /opt/ros/jazzy/include/rcutils -isystem /opt/ros/jazzy/include/rosidl_typesupport_interface -isystem /opt/ros/jazzy/include/sensor_msgs -isystem /opt/ros/jazzy/include/geometry_msgs -isystem /opt/ros/jazzy/include/service_msgs -isystem /opt/ros/jazzy/include/rosidl_typesupport_c -std=gnu++17 -fPIC -Wall -MD -MT CMakeFiles/mecheye_ros_interface__rosidl_typesupport_c.dir/rosidl_typesupport_c/mecheye_ros_interface/srv/set_roi_parameter__type_support.cpp.o -MF CMakeFiles/mecheye_ros_interface__rosidl_typesupport_c.dir/rosidl_typesupport_c/mecheye_ros_interface/srv/set_roi_parameter__type_support.cpp.o.d -o CMakeFiles/mecheye_ros_interface__rosidl_typesupport_c.dir/rosidl_typesupport_c/mecheye_ros_interface/srv/set_roi_parameter__type_support.cpp.o -c /home/inauenma/git/mecheye_ros2_interface/build/mecheye_ros_interface/rosidl_typesupport_c/mecheye_ros_interface/srv/set_roi_parameter__type_support.cpp
[48.760s] [ 45%] Building CXX object CMakeFiles/mecheye_ros_interface__rosidl_typesupport_c.dir/rosidl_typesupport_c/mecheye_ros_interface/srv/get_roi_parameter__type_support.cpp.o
[48.761s] /usr/bin/c++ -DROSIDL_GENERATOR_C_BUILDING_DLL_mecheye_ros_interface -DROS_PACKAGE_NAME=\"mecheye_ros_interface\" -I/usr/include/eigen3 -I/home/inauenma/git/mecheye_ros2_interface/build/mecheye_ros_interface/rosidl_generator_c -isystem /opt/ros/jazzy/include/std_msgs -isystem /opt/ros/jazzy/include/builtin_interfaces -isystem /opt/ros/jazzy/include/rosidl_runtime_c -isystem /opt/ros/jazzy/include/rcutils -isystem /opt/ros/jazzy/include/rosidl_typesupport_interface -isystem /opt/ros/jazzy/include/sensor_msgs -isystem /opt/ros/jazzy/include/geometry_msgs -isystem /opt/ros/jazzy/include/service_msgs -isystem /opt/ros/jazzy/include/rosidl_typesupport_c -std=gnu++17 -fPIC -Wall -MD -MT CMakeFiles/mecheye_ros_interface__rosidl_typesupport_c.dir/rosidl_typesupport_c/mecheye_ros_interface/srv/get_roi_parameter__type_support.cpp.o -MF CMakeFiles/mecheye_ros_interface__rosidl_typesupport_c.dir/rosidl_typesupport_c/mecheye_ros_interface/srv/get_roi_parameter__type_support.cpp.o.d -o CMakeFiles/mecheye_ros_interface__rosidl_typesupport_c.dir/rosidl_typesupport_c/mecheye_ros_interface/srv/get_roi_parameter__type_support.cpp.o -c /home/inauenma/git/mecheye_ros2_interface/build/mecheye_ros_interface/rosidl_typesupport_c/mecheye_ros_interface/srv/get_roi_parameter__type_support.cpp
[48.797s] [ 46%] Building CXX object CMakeFiles/mecheye_ros_interface__rosidl_typesupport_cpp.dir/rosidl_typesupport_cpp/mecheye_ros_interface/srv/set_enum_parameter__type_support.cpp.o
[48.797s] /usr/bin/c++ -DROSIDL_TYPESUPPORT_CPP_BUILDING_DLL -DROS_PACKAGE_NAME=\"mecheye_ros_interface\" -I/usr/include/eigen3 -I/home/inauenma/git/mecheye_ros2_interface/build/mecheye_ros_interface/rosidl_generator_c -I/home/inauenma/git/mecheye_ros2_interface/build/mecheye_ros_interface/rosidl_generator_cpp -isystem /opt/ros/jazzy/include/std_msgs -isystem /opt/ros/jazzy/include/builtin_interfaces -isystem /opt/ros/jazzy/include/rosidl_runtime_c -isystem /opt/ros/jazzy/include/rcutils -isystem /opt/ros/jazzy/include/rosidl_typesupport_interface -isystem /opt/ros/jazzy/include/sensor_msgs -isystem /opt/ros/jazzy/include/geometry_msgs -isystem /opt/ros/jazzy/include/service_msgs -isystem /opt/ros/jazzy/include/rosidl_runtime_cpp -isystem /opt/ros/jazzy/include/rosidl_typesupport_cpp -isystem /opt/ros/jazzy/include/rosidl_typesupport_c -std=gnu++17 -fPIC -Wall -Wextra -Wpedantic -MD -MT CMakeFiles/mecheye_ros_interface__rosidl_typesupport_cpp.dir/rosidl_typesupport_cpp/mecheye_ros_interface/srv/set_enum_parameter__type_support.cpp.o -MF CMakeFiles/mecheye_ros_interface__rosidl_typesupport_cpp.dir/rosidl_typesupport_cpp/mecheye_ros_interface/srv/set_enum_parameter__type_support.cpp.o.d -o CMakeFiles/mecheye_ros_interface__rosidl_typesupport_cpp.dir/rosidl_typesupport_cpp/mecheye_ros_interface/srv/set_enum_parameter__type_support.cpp.o -c /home/inauenma/git/mecheye_ros2_interface/build/mecheye_ros_interface/rosidl_typesupport_cpp/mecheye_ros_interface/srv/set_enum_parameter__type_support.cpp
[48.883s] [ 46%] Building CXX object CMakeFiles/mecheye_ros_interface__rosidl_typesupport_cpp.dir/rosidl_typesupport_cpp/mecheye_ros_interface/srv/get_enum_parameter__type_support.cpp.o
[48.890s] /usr/bin/c++ -DROSIDL_TYPESUPPORT_CPP_BUILDING_DLL -DROS_PACKAGE_NAME=\"mecheye_ros_interface\" -I/usr/include/eigen3 -I/home/inauenma/git/mecheye_ros2_interface/build/mecheye_ros_interface/rosidl_generator_c -I/home/inauenma/git/mecheye_ros2_interface/build/mecheye_ros_interface/rosidl_generator_cpp -isystem /opt/ros/jazzy/include/std_msgs -isystem /opt/ros/jazzy/include/builtin_interfaces -isystem /opt/ros/jazzy/include/rosidl_runtime_c -isystem /opt/ros/jazzy/include/rcutils -isystem /opt/ros/jazzy/include/rosidl_typesupport_interface -isystem /opt/ros/jazzy/include/sensor_msgs -isystem /opt/ros/jazzy/include/geometry_msgs -isystem /opt/ros/jazzy/include/service_msgs -isystem /opt/ros/jazzy/include/rosidl_runtime_cpp -isystem /opt/ros/jazzy/include/rosidl_typesupport_cpp -isystem /opt/ros/jazzy/include/rosidl_typesupport_c -std=gnu++17 -fPIC -Wall -Wextra -Wpedantic -MD -MT CMakeFiles/mecheye_ros_interface__rosidl_typesupport_cpp.dir/rosidl_typesupport_cpp/mecheye_ros_interface/srv/get_enum_parameter__type_support.cpp.o -MF CMakeFiles/mecheye_ros_interface__rosidl_typesupport_cpp.dir/rosidl_typesupport_cpp/mecheye_ros_interface/srv/get_enum_parameter__type_support.cpp.o.d -o CMakeFiles/mecheye_ros_interface__rosidl_typesupport_cpp.dir/rosidl_typesupport_cpp/mecheye_ros_interface/srv/get_enum_parameter__type_support.cpp.o -c /home/inauenma/git/mecheye_ros2_interface/build/mecheye_ros_interface/rosidl_typesupport_cpp/mecheye_ros_interface/srv/get_enum_parameter__type_support.cpp
[48.908s] [ 47%] Linking CXX shared library libmecheye_ros_interface__rosidl_typesupport_c.so
[48.911s] /usr/bin/cmake -E cmake_link_script CMakeFiles/mecheye_ros_interface__rosidl_typesupport_c.dir/link.txt --verbose=1
[48.947s] /usr/bin/c++ -fPIC -shared -Wl,-soname,libmecheye_ros_interface__rosidl_typesupport_c.so -o libmecheye_ros_interface__rosidl_typesupport_c.so CMakeFiles/mecheye_ros_interface__rosidl_typesupport_c.dir/rosidl_typesupport_c/mecheye_ros_interface/srv/set_current_user_set__type_support.cpp.o CMakeFiles/mecheye_ros_interface__rosidl_typesupport_c.dir/rosidl_typesupport_c/mecheye_ros_interface/srv/save_all_settings_to_user_sets__type_support.cpp.o CMakeFiles/mecheye_ros_interface__rosidl_typesupport_c.dir/rosidl_typesupport_c/mecheye_ros_interface/srv/add_user_set__type_support.cpp.o CMakeFiles/mecheye_ros_interface__rosidl_typesupport_c.dir/rosidl_typesupport_c/mecheye_ros_interface/srv/capture_color_image__type_support.cpp.o CMakeFiles/mecheye_ros_interface__rosidl_typesupport_c.dir/rosidl_typesupport_c/mecheye_ros_interface/srv/capture_stereo_color_images__type_support.cpp.o CMakeFiles/mecheye_ros_interface__rosidl_typesupport_c.dir/rosidl_typesupport_c/mecheye_ros_interface/srv/capture_textured_point_cloud__type_support.cpp.o CMakeFiles/mecheye_ros_interface__rosidl_typesupport_c.dir/rosidl_typesupport_c/mecheye_ros_interface/srv/capture_depth_map__type_support.cpp.o CMakeFiles/mecheye_ros_interface__rosidl_typesupport_c.dir/rosidl_typesupport_c/mecheye_ros_interface/srv/capture_point_cloud__type_support.cpp.o CMakeFiles/mecheye_ros_interface__rosidl_typesupport_c.dir/rosidl_typesupport_c/mecheye_ros_interface/srv/delete_user_set__type_support.cpp.o CMakeFiles/mecheye_ros_interface__rosidl_typesupport_c.dir/rosidl_typesupport_c/mecheye_ros_interface/srv/device_info__type_support.cpp.o CMakeFiles/mecheye_ros_interface__rosidl_typesupport_c.dir/rosidl_typesupport_c/mecheye_ros_interface/srv/get_all_user_sets__type_support.cpp.o CMakeFiles/mecheye_ros_interface__rosidl_typesupport_c.dir/rosidl_typesupport_c/mecheye_ros_interface/srv/get_current_user_set__type_support.cpp.o CMakeFiles/mecheye_ros_interface__rosidl_typesupport_c.dir/rosidl_typesupport_c/mecheye_ros_interface/srv/set_int_parameter__type_support.cpp.o CMakeFiles/mecheye_ros_interface__rosidl_typesupport_c.dir/rosidl_typesupport_c/mecheye_ros_interface/srv/get_int_parameter__type_support.cpp.o CMakeFiles/mecheye_ros_interface__rosidl_typesupport_c.dir/rosidl_typesupport_c/mecheye_ros_interface/srv/set_range_parameter__type_support.cpp.o CMakeFiles/mecheye_ros_interface__rosidl_typesupport_c.dir/rosidl_typesupport_c/mecheye_ros_interface/srv/get_range_parameter__type_support.cpp.o CMakeFiles/mecheye_ros_interface__rosidl_typesupport_c.dir/rosidl_typesupport_c/mecheye_ros_interface/srv/set_bool_parameter__type_support.cpp.o CMakeFiles/mecheye_ros_interface__rosidl_typesupport_c.dir/rosidl_typesupport_c/mecheye_ros_interface/srv/get_bool_parameter__type_support.cpp.o CMakeFiles/mecheye_ros_interface__rosidl_typesupport_c.dir/rosidl_typesupport_c/mecheye_ros_interface/srv/set_enum_parameter__type_support.cpp.o CMakeFiles/mecheye_ros_interface__rosidl_typesupport_c.dir/rosidl_typesupport_c/mecheye_ros_interface/srv/get_enum_parameter__type_support.cpp.o CMakeFiles/mecheye_ros_interface__rosidl_typesupport_c.dir/rosidl_typesupport_c/mecheye_ros_interface/srv/set_float_parameter__type_support.cpp.o CMakeFiles/mecheye_ros_interface__rosidl_typesupport_c.dir/rosidl_typesupport_c/mecheye_ros_interface/srv/get_float_parameter__type_support.cpp.o CMakeFiles/mecheye_ros_interface__rosidl_typesupport_c.dir/rosidl_typesupport_c/mecheye_ros_interface/srv/set_float_array_parameter__type_support.cpp.o CMakeFiles/mecheye_ros_interface__rosidl_typesupport_c.dir/rosidl_typesupport_c/mecheye_ros_interface/srv/get_float_array_parameter__type_support.cpp.o CMakeFiles/mecheye_ros_interface__rosidl_typesupport_c.dir/rosidl_typesupport_c/mecheye_ros_interface/srv/set_roi_parameter__type_support.cpp.o CMakeFiles/mecheye_ros_interface__rosidl_typesupport_c.dir/rosidl_typesupport_c/mecheye_ros_interface/srv/get_roi_parameter__type_support.cpp.o  -Wl,-rpath,/home/inauenma/git/mecheye_ros2_interface/build/mecheye_ros_interface:/opt/ros/jazzy/lib: libmecheye_ros_interface__rosidl_generator_c.so /opt/ros/jazzy/lib/libsensor_msgs__rosidl_typesupport_c.so /opt/ros/jazzy/lib/libgeometry_msgs__rosidl_typesupport_c.so /opt/ros/jazzy/lib/libservice_msgs__rosidl_typesupport_c.so /opt/ros/jazzy/lib/libstd_msgs__rosidl_typesupport_c.so /opt/ros/jazzy/lib/libbuiltin_interfaces__rosidl_typesupport_c.so /opt/ros/jazzy/lib/librosidl_typesupport_c.so /opt/ros/jazzy/lib/libsensor_msgs__rosidl_generator_c.so /opt/ros/jazzy/lib/libgeometry_msgs__rosidl_generator_c.so /opt/ros/jazzy/lib/libstd_msgs__rosidl_generator_c.so /opt/ros/jazzy/lib/libservice_msgs__rosidl_generator_c.so /opt/ros/jazzy/lib/libbuiltin_interfaces__rosidl_generator_c.so /opt/ros/jazzy/lib/librosidl_runtime_c.so /opt/ros/jazzy/lib/librcutils.so -ldl -latomic -Wl,-rpath-link,/opt/ros/jazzy/lib 
[48.952s] [ 47%] Building CXX object CMakeFiles/mecheye_ros_interface__rosidl_typesupport_cpp.dir/rosidl_typesupport_cpp/mecheye_ros_interface/srv/set_float_parameter__type_support.cpp.o
[48.955s] /usr/bin/c++ -DROSIDL_TYPESUPPORT_CPP_BUILDING_DLL -DROS_PACKAGE_NAME=\"mecheye_ros_interface\" -I/usr/include/eigen3 -I/home/inauenma/git/mecheye_ros2_interface/build/mecheye_ros_interface/rosidl_generator_c -I/home/inauenma/git/mecheye_ros2_interface/build/mecheye_ros_interface/rosidl_generator_cpp -isystem /opt/ros/jazzy/include/std_msgs -isystem /opt/ros/jazzy/include/builtin_interfaces -isystem /opt/ros/jazzy/include/rosidl_runtime_c -isystem /opt/ros/jazzy/include/rcutils -isystem /opt/ros/jazzy/include/rosidl_typesupport_interface -isystem /opt/ros/jazzy/include/sensor_msgs -isystem /opt/ros/jazzy/include/geometry_msgs -isystem /opt/ros/jazzy/include/service_msgs -isystem /opt/ros/jazzy/include/rosidl_runtime_cpp -isystem /opt/ros/jazzy/include/rosidl_typesupport_cpp -isystem /opt/ros/jazzy/include/rosidl_typesupport_c -std=gnu++17 -fPIC -Wall -Wextra -Wpedantic -MD -MT CMakeFiles/mecheye_ros_interface__rosidl_typesupport_cpp.dir/rosidl_typesupport_cpp/mecheye_ros_interface/srv/set_float_parameter__type_support.cpp.o -MF CMakeFiles/mecheye_ros_interface__rosidl_typesupport_cpp.dir/rosidl_typesupport_cpp/mecheye_ros_interface/srv/set_float_parameter__type_support.cpp.o.d -o CMakeFiles/mecheye_ros_interface__rosidl_typesupport_cpp.dir/rosidl_typesupport_cpp/mecheye_ros_interface/srv/set_float_parameter__type_support.cpp.o -c /home/inauenma/git/mecheye_ros2_interface/build/mecheye_ros_interface/rosidl_typesupport_cpp/mecheye_ros_interface/srv/set_float_parameter__type_support.cpp
[49.204s] gmake[2]: Leaving directory '/home/inauenma/git/mecheye_ros2_interface/build/mecheye_ros_interface'
[49.264s] [ 47%] Built target mecheye_ros_interface__rosidl_typesupport_c
[49.309s] [ 48%] Building CXX object CMakeFiles/mecheye_ros_interface__rosidl_typesupport_cpp.dir/rosidl_typesupport_cpp/mecheye_ros_interface/srv/get_float_parameter__type_support.cpp.o
[49.311s] /usr/bin/c++ -DROSIDL_TYPESUPPORT_CPP_BUILDING_DLL -DROS_PACKAGE_NAME=\"mecheye_ros_interface\" -I/usr/include/eigen3 -I/home/inauenma/git/mecheye_ros2_interface/build/mecheye_ros_interface/rosidl_generator_c -I/home/inauenma/git/mecheye_ros2_interface/build/mecheye_ros_interface/rosidl_generator_cpp -isystem /opt/ros/jazzy/include/std_msgs -isystem /opt/ros/jazzy/include/builtin_interfaces -isystem /opt/ros/jazzy/include/rosidl_runtime_c -isystem /opt/ros/jazzy/include/rcutils -isystem /opt/ros/jazzy/include/rosidl_typesupport_interface -isystem /opt/ros/jazzy/include/sensor_msgs -isystem /opt/ros/jazzy/include/geometry_msgs -isystem /opt/ros/jazzy/include/service_msgs -isystem /opt/ros/jazzy/include/rosidl_runtime_cpp -isystem /opt/ros/jazzy/include/rosidl_typesupport_cpp -isystem /opt/ros/jazzy/include/rosidl_typesupport_c -std=gnu++17 -fPIC -Wall -Wextra -Wpedantic -MD -MT CMakeFiles/mecheye_ros_interface__rosidl_typesupport_cpp.dir/rosidl_typesupport_cpp/mecheye_ros_interface/srv/get_float_parameter__type_support.cpp.o -MF CMakeFiles/mecheye_ros_interface__rosidl_typesupport_cpp.dir/rosidl_typesupport_cpp/mecheye_ros_interface/srv/get_float_parameter__type_support.cpp.o.d -o CMakeFiles/mecheye_ros_interface__rosidl_typesupport_cpp.dir/rosidl_typesupport_cpp/mecheye_ros_interface/srv/get_float_parameter__type_support.cpp.o -c /home/inauenma/git/mecheye_ros2_interface/build/mecheye_ros_interface/rosidl_typesupport_cpp/mecheye_ros_interface/srv/get_float_parameter__type_support.cpp
[49.333s] [ 48%] Building CXX object CMakeFiles/mecheye_ros_interface__rosidl_typesupport_cpp.dir/rosidl_typesupport_cpp/mecheye_ros_interface/srv/set_float_array_parameter__type_support.cpp.o
[49.333s] /usr/bin/c++ -DROSIDL_TYPESUPPORT_CPP_BUILDING_DLL -DROS_PACKAGE_NAME=\"mecheye_ros_interface\" -I/usr/include/eigen3 -I/home/inauenma/git/mecheye_ros2_interface/build/mecheye_ros_interface/rosidl_generator_c -I/home/inauenma/git/mecheye_ros2_interface/build/mecheye_ros_interface/rosidl_generator_cpp -isystem /opt/ros/jazzy/include/std_msgs -isystem /opt/ros/jazzy/include/builtin_interfaces -isystem /opt/ros/jazzy/include/rosidl_runtime_c -isystem /opt/ros/jazzy/include/rcutils -isystem /opt/ros/jazzy/include/rosidl_typesupport_interface -isystem /opt/ros/jazzy/include/sensor_msgs -isystem /opt/ros/jazzy/include/geometry_msgs -isystem /opt/ros/jazzy/include/service_msgs -isystem /opt/ros/jazzy/include/rosidl_runtime_cpp -isystem /opt/ros/jazzy/include/rosidl_typesupport_cpp -isystem /opt/ros/jazzy/include/rosidl_typesupport_c -std=gnu++17 -fPIC -Wall -Wextra -Wpedantic -MD -MT CMakeFiles/mecheye_ros_interface__rosidl_typesupport_cpp.dir/rosidl_typesupport_cpp/mecheye_ros_interface/srv/set_float_array_parameter__type_support.cpp.o -MF CMakeFiles/mecheye_ros_interface__rosidl_typesupport_cpp.dir/rosidl_typesupport_cpp/mecheye_ros_interface/srv/set_float_array_parameter__type_support.cpp.o.d -o CMakeFiles/mecheye_ros_interface__rosidl_typesupport_cpp.dir/rosidl_typesupport_cpp/mecheye_ros_interface/srv/set_float_array_parameter__type_support.cpp.o -c /home/inauenma/git/mecheye_ros2_interface/build/mecheye_ros_interface/rosidl_typesupport_cpp/mecheye_ros_interface/srv/set_float_array_parameter__type_support.cpp
[49.365s] [ 49%] Building CXX object CMakeFiles/mecheye_ros_interface__rosidl_typesupport_cpp.dir/rosidl_typesupport_cpp/mecheye_ros_interface/srv/set_roi_parameter__type_support.cpp.o
[49.366s] [ 49%] Building CXX object CMakeFiles/mecheye_ros_interface__rosidl_typesupport_cpp.dir/rosidl_typesupport_cpp/mecheye_ros_interface/srv/get_float_array_parameter__type_support.cpp.o
[49.367s] /usr/bin/c++ -DROSIDL_TYPESUPPORT_CPP_BUILDING_DLL -DROS_PACKAGE_NAME=\"mecheye_ros_interface\" -I/usr/include/eigen3 -I/home/inauenma/git/mecheye_ros2_interface/build/mecheye_ros_interface/rosidl_generator_c -I/home/inauenma/git/mecheye_ros2_interface/build/mecheye_ros_interface/rosidl_generator_cpp -isystem /opt/ros/jazzy/include/std_msgs -isystem /opt/ros/jazzy/include/builtin_interfaces -isystem /opt/ros/jazzy/include/rosidl_runtime_c -isystem /opt/ros/jazzy/include/rcutils -isystem /opt/ros/jazzy/include/rosidl_typesupport_interface -isystem /opt/ros/jazzy/include/sensor_msgs -isystem /opt/ros/jazzy/include/geometry_msgs -isystem /opt/ros/jazzy/include/service_msgs -isystem /opt/ros/jazzy/include/rosidl_runtime_cpp -isystem /opt/ros/jazzy/include/rosidl_typesupport_cpp -isystem /opt/ros/jazzy/include/rosidl_typesupport_c -std=gnu++17 -fPIC -Wall -Wextra -Wpedantic -MD -MT CMakeFiles/mecheye_ros_interface__rosidl_typesupport_cpp.dir/rosidl_typesupport_cpp/mecheye_ros_interface/srv/set_roi_parameter__type_support.cpp.o -MF CMakeFiles/mecheye_ros_interface__rosidl_typesupport_cpp.dir/rosidl_typesupport_cpp/mecheye_ros_interface/srv/set_roi_parameter__type_support.cpp.o.d -o CMakeFiles/mecheye_ros_interface__rosidl_typesupport_cpp.dir/rosidl_typesupport_cpp/mecheye_ros_interface/srv/set_roi_parameter__type_support.cpp.o -c /home/inauenma/git/mecheye_ros2_interface/build/mecheye_ros_interface/rosidl_typesupport_cpp/mecheye_ros_interface/srv/set_roi_parameter__type_support.cpp
[49.378s] /usr/bin/c++ -DROSIDL_TYPESUPPORT_CPP_BUILDING_DLL -DROS_PACKAGE_NAME=\"mecheye_ros_interface\" -I/usr/include/eigen3 -I/home/inauenma/git/mecheye_ros2_interface/build/mecheye_ros_interface/rosidl_generator_c -I/home/inauenma/git/mecheye_ros2_interface/build/mecheye_ros_interface/rosidl_generator_cpp -isystem /opt/ros/jazzy/include/std_msgs -isystem /opt/ros/jazzy/include/builtin_interfaces -isystem /opt/ros/jazzy/include/rosidl_runtime_c -isystem /opt/ros/jazzy/include/rcutils -isystem /opt/ros/jazzy/include/rosidl_typesupport_interface -isystem /opt/ros/jazzy/include/sensor_msgs -isystem /opt/ros/jazzy/include/geometry_msgs -isystem /opt/ros/jazzy/include/service_msgs -isystem /opt/ros/jazzy/include/rosidl_runtime_cpp -isystem /opt/ros/jazzy/include/rosidl_typesupport_cpp -isystem /opt/ros/jazzy/include/rosidl_typesupport_c -std=gnu++17 -fPIC -Wall -Wextra -Wpedantic -MD -MT CMakeFiles/mecheye_ros_interface__rosidl_typesupport_cpp.dir/rosidl_typesupport_cpp/mecheye_ros_interface/srv/get_float_array_parameter__type_support.cpp.o -MF CMakeFiles/mecheye_ros_interface__rosidl_typesupport_cpp.dir/rosidl_typesupport_cpp/mecheye_ros_interface/srv/get_float_array_parameter__type_support.cpp.o.d -o CMakeFiles/mecheye_ros_interface__rosidl_typesupport_cpp.dir/rosidl_typesupport_cpp/mecheye_ros_interface/srv/get_float_array_parameter__type_support.cpp.o -c /home/inauenma/git/mecheye_ros2_interface/build/mecheye_ros_interface/rosidl_typesupport_cpp/mecheye_ros_interface/srv/get_float_array_parameter__type_support.cpp
[49.395s] [ 49%] Building CXX object CMakeFiles/mecheye_ros_interface__rosidl_typesupport_cpp.dir/rosidl_typesupport_cpp/mecheye_ros_interface/srv/get_roi_parameter__type_support.cpp.o
[49.398s] /usr/bin/c++ -DROSIDL_TYPESUPPORT_CPP_BUILDING_DLL -DROS_PACKAGE_NAME=\"mecheye_ros_interface\" -I/usr/include/eigen3 -I/home/inauenma/git/mecheye_ros2_interface/build/mecheye_ros_interface/rosidl_generator_c -I/home/inauenma/git/mecheye_ros2_interface/build/mecheye_ros_interface/rosidl_generator_cpp -isystem /opt/ros/jazzy/include/std_msgs -isystem /opt/ros/jazzy/include/builtin_interfaces -isystem /opt/ros/jazzy/include/rosidl_runtime_c -isystem /opt/ros/jazzy/include/rcutils -isystem /opt/ros/jazzy/include/rosidl_typesupport_interface -isystem /opt/ros/jazzy/include/sensor_msgs -isystem /opt/ros/jazzy/include/geometry_msgs -isystem /opt/ros/jazzy/include/service_msgs -isystem /opt/ros/jazzy/include/rosidl_runtime_cpp -isystem /opt/ros/jazzy/include/rosidl_typesupport_cpp -isystem /opt/ros/jazzy/include/rosidl_typesupport_c -std=gnu++17 -fPIC -Wall -Wextra -Wpedantic -MD -MT CMakeFiles/mecheye_ros_interface__rosidl_typesupport_cpp.dir/rosidl_typesupport_cpp/mecheye_ros_interface/srv/get_roi_parameter__type_support.cpp.o -MF CMakeFiles/mecheye_ros_interface__rosidl_typesupport_cpp.dir/rosidl_typesupport_cpp/mecheye_ros_interface/srv/get_roi_parameter__type_support.cpp.o.d -o CMakeFiles/mecheye_ros_interface__rosidl_typesupport_cpp.dir/rosidl_typesupport_cpp/mecheye_ros_interface/srv/get_roi_parameter__type_support.cpp.o -c /home/inauenma/git/mecheye_ros2_interface/build/mecheye_ros_interface/rosidl_typesupport_cpp/mecheye_ros_interface/srv/get_roi_parameter__type_support.cpp
[49.714s] cd /home/inauenma/git/mecheye_ros2_interface/build/mecheye_ros_interface && /usr/bin/cmake -E cmake_depends "Unix Makefiles" /home/inauenma/git/mecheye_ros2_interface /home/inauenma/git/mecheye_ros2_interface /home/inauenma/git/mecheye_ros2_interface/build/mecheye_ros_interface /home/inauenma/git/mecheye_ros2_interface/build/mecheye_ros_interface /home/inauenma/git/mecheye_ros2_interface/build/mecheye_ros_interface/CMakeFiles/mecheye_ros_interface__rosidl_typesupport_introspection_cpp.dir/DependInfo.cmake "--color="
[49.766s] gmake[2]: Leaving directory '/home/inauenma/git/mecheye_ros2_interface/build/mecheye_ros_interface'
[49.767s] /usr/bin/gmake  -f CMakeFiles/mecheye_ros_interface__rosidl_typesupport_introspection_cpp.dir/build.make CMakeFiles/mecheye_ros_interface__rosidl_typesupport_introspection_cpp.dir/build
[49.775s] gmake[2]: Entering directory '/home/inauenma/git/mecheye_ros2_interface/build/mecheye_ros_interface'
[49.789s] cd /home/inauenma/git/mecheye_ros2_interface/build/mecheye_ros_interface && /usr/bin/cmake -E cmake_depends "Unix Makefiles" /home/inauenma/git/mecheye_ros2_interface /home/inauenma/git/mecheye_ros2_interface /home/inauenma/git/mecheye_ros2_interface/build/mecheye_ros_interface /home/inauenma/git/mecheye_ros2_interface/build/mecheye_ros_interface /home/inauenma/git/mecheye_ros2_interface/build/mecheye_ros_interface/CMakeFiles/mecheye_ros_interface__rosidl_typesupport_introspection_c.dir/DependInfo.cmake "--color="
[49.823s] [ 49%] Building CXX object CMakeFiles/mecheye_ros_interface__rosidl_typesupport_introspection_cpp.dir/rosidl_typesupport_introspection_cpp/mecheye_ros_interface/srv/detail/set_current_user_set__type_support.cpp.o
[49.827s] /usr/bin/c++ -DROSIDL_TYPESUPPORT_INTROSPECTION_CPP_BUILDING_DLL -DROS_PACKAGE_NAME=\"mecheye_ros_interface\" -I/usr/include/eigen3 -I/home/inauenma/git/mecheye_ros2_interface/build/mecheye_ros_interface/rosidl_typesupport_introspection_cpp -I/home/inauenma/git/mecheye_ros2_interface/build/mecheye_ros_interface/rosidl_generator_c -I/home/inauenma/git/mecheye_ros2_interface/build/mecheye_ros_interface/rosidl_generator_cpp -isystem /opt/ros/jazzy/include/std_msgs -isystem /opt/ros/jazzy/include/builtin_interfaces -isystem /opt/ros/jazzy/include/rosidl_runtime_c -isystem /opt/ros/jazzy/include/rcutils -isystem /opt/ros/jazzy/include/rosidl_typesupport_interface -isystem /opt/ros/jazzy/include/sensor_msgs -isystem /opt/ros/jazzy/include/geometry_msgs -isystem /opt/ros/jazzy/include/service_msgs -isystem /opt/ros/jazzy/include/rosidl_runtime_cpp -isystem /opt/ros/jazzy/include/rosidl_typesupport_introspection_cpp -isystem /opt/ros/jazzy/include/rosidl_typesupport_introspection_c -std=gnu++17 -fPIC -Wall -Wextra -Wpedantic -MD -MT CMakeFiles/mecheye_ros_interface__rosidl_typesupport_introspection_cpp.dir/rosidl_typesupport_introspection_cpp/mecheye_ros_interface/srv/detail/set_current_user_set__type_support.cpp.o -MF CMakeFiles/mecheye_ros_interface__rosidl_typesupport_introspection_cpp.dir/rosidl_typesupport_introspection_cpp/mecheye_ros_interface/srv/detail/set_current_user_set__type_support.cpp.o.d -o CMakeFiles/mecheye_ros_interface__rosidl_typesupport_introspection_cpp.dir/rosidl_typesupport_introspection_cpp/mecheye_ros_interface/srv/detail/set_current_user_set__type_support.cpp.o -c /home/inauenma/git/mecheye_ros2_interface/build/mecheye_ros_interface/rosidl_typesupport_introspection_cpp/mecheye_ros_interface/srv/detail/set_current_user_set__type_support.cpp
[49.865s] [ 49%] Building CXX object CMakeFiles/mecheye_ros_interface__rosidl_typesupport_introspection_cpp.dir/rosidl_typesupport_introspection_cpp/mecheye_ros_interface/srv/detail/add_user_set__type_support.cpp.o
[49.866s] gmake[2]: Leaving directory '/home/inauenma/git/mecheye_ros2_interface/build/mecheye_ros_interface'
[49.866s] /usr/bin/c++ -DROSIDL_TYPESUPPORT_INTROSPECTION_CPP_BUILDING_DLL -DROS_PACKAGE_NAME=\"mecheye_ros_interface\" -I/usr/include/eigen3 -I/home/inauenma/git/mecheye_ros2_interface/build/mecheye_ros_interface/rosidl_typesupport_introspection_cpp -I/home/inauenma/git/mecheye_ros2_interface/build/mecheye_ros_interface/rosidl_generator_c -I/home/inauenma/git/mecheye_ros2_interface/build/mecheye_ros_interface/rosidl_generator_cpp -isystem /opt/ros/jazzy/include/std_msgs -isystem /opt/ros/jazzy/include/builtin_interfaces -isystem /opt/ros/jazzy/include/rosidl_runtime_c -isystem /opt/ros/jazzy/include/rcutils -isystem /opt/ros/jazzy/include/rosidl_typesupport_interface -isystem /opt/ros/jazzy/include/sensor_msgs -isystem /opt/ros/jazzy/include/geometry_msgs -isystem /opt/ros/jazzy/include/service_msgs -isystem /opt/ros/jazzy/include/rosidl_runtime_cpp -isystem /opt/ros/jazzy/include/rosidl_typesupport_introspection_cpp -isystem /opt/ros/jazzy/include/rosidl_typesupport_introspection_c -std=gnu++17 -fPIC -Wall -Wextra -Wpedantic -MD -MT CMakeFiles/mecheye_ros_interface__rosidl_typesupport_introspection_cpp.dir/rosidl_typesupport_introspection_cpp/mecheye_ros_interface/srv/detail/add_user_set__type_support.cpp.o -MF CMakeFiles/mecheye_ros_interface__rosidl_typesupport_introspection_cpp.dir/rosidl_typesupport_introspection_cpp/mecheye_ros_interface/srv/detail/add_user_set__type_support.cpp.o.d -o CMakeFiles/mecheye_ros_interface__rosidl_typesupport_introspection_cpp.dir/rosidl_typesupport_introspection_cpp/mecheye_ros_interface/srv/detail/add_user_set__type_support.cpp.o -c /home/inauenma/git/mecheye_ros2_interface/build/mecheye_ros_interface/rosidl_typesupport_introspection_cpp/mecheye_ros_interface/srv/detail/add_user_set__type_support.cpp
[49.866s] /usr/bin/gmake  -f CMakeFiles/mecheye_ros_interface__rosidl_typesupport_introspection_c.dir/build.make CMakeFiles/mecheye_ros_interface__rosidl_typesupport_introspection_c.dir/build
[49.881s] gmake[2]: Entering directory '/home/inauenma/git/mecheye_ros2_interface/build/mecheye_ros_interface'
[49.885s] [ 50%] Building CXX object CMakeFiles/mecheye_ros_interface__rosidl_typesupport_introspection_cpp.dir/rosidl_typesupport_introspection_cpp/mecheye_ros_interface/srv/detail/save_all_settings_to_user_sets__type_support.cpp.o
[49.887s] /usr/bin/c++ -DROSIDL_TYPESUPPORT_INTROSPECTION_CPP_BUILDING_DLL -DROS_PACKAGE_NAME=\"mecheye_ros_interface\" -I/usr/include/eigen3 -I/home/inauenma/git/mecheye_ros2_interface/build/mecheye_ros_interface/rosidl_typesupport_introspection_cpp -I/home/inauenma/git/mecheye_ros2_interface/build/mecheye_ros_interface/rosidl_generator_c -I/home/inauenma/git/mecheye_ros2_interface/build/mecheye_ros_interface/rosidl_generator_cpp -isystem /opt/ros/jazzy/include/std_msgs -isystem /opt/ros/jazzy/include/builtin_interfaces -isystem /opt/ros/jazzy/include/rosidl_runtime_c -isystem /opt/ros/jazzy/include/rcutils -isystem /opt/ros/jazzy/include/rosidl_typesupport_interface -isystem /opt/ros/jazzy/include/sensor_msgs -isystem /opt/ros/jazzy/include/geometry_msgs -isystem /opt/ros/jazzy/include/service_msgs -isystem /opt/ros/jazzy/include/rosidl_runtime_cpp -isystem /opt/ros/jazzy/include/rosidl_typesupport_introspection_cpp -isystem /opt/ros/jazzy/include/rosidl_typesupport_introspection_c -std=gnu++17 -fPIC -Wall -Wextra -Wpedantic -MD -MT CMakeFiles/mecheye_ros_interface__rosidl_typesupport_introspection_cpp.dir/rosidl_typesupport_introspection_cpp/mecheye_ros_interface/srv/detail/save_all_settings_to_user_sets__type_support.cpp.o -MF CMakeFiles/mecheye_ros_interface__rosidl_typesupport_introspection_cpp.dir/rosidl_typesupport_introspection_cpp/mecheye_ros_interface/srv/detail/save_all_settings_to_user_sets__type_support.cpp.o.d -o CMakeFiles/mecheye_ros_interface__rosidl_typesupport_introspection_cpp.dir/rosidl_typesupport_introspection_cpp/mecheye_ros_interface/srv/detail/save_all_settings_to_user_sets__type_support.cpp.o -c /home/inauenma/git/mecheye_ros2_interface/build/mecheye_ros_interface/rosidl_typesupport_introspection_cpp/mecheye_ros_interface/srv/detail/save_all_settings_to_user_sets__type_support.cpp
[49.936s] [ 50%] Building CXX object CMakeFiles/mecheye_ros_interface__rosidl_typesupport_introspection_cpp.dir/rosidl_typesupport_introspection_cpp/mecheye_ros_interface/srv/detail/capture_color_image__type_support.cpp.o
[49.946s] /usr/bin/c++ -DROSIDL_TYPESUPPORT_INTROSPECTION_CPP_BUILDING_DLL -DROS_PACKAGE_NAME=\"mecheye_ros_interface\" -I/usr/include/eigen3 -I/home/inauenma/git/mecheye_ros2_interface/build/mecheye_ros_interface/rosidl_typesupport_introspection_cpp -I/home/inauenma/git/mecheye_ros2_interface/build/mecheye_ros_interface/rosidl_generator_c -I/home/inauenma/git/mecheye_ros2_interface/build/mecheye_ros_interface/rosidl_generator_cpp -isystem /opt/ros/jazzy/include/std_msgs -isystem /opt/ros/jazzy/include/builtin_interfaces -isystem /opt/ros/jazzy/include/rosidl_runtime_c -isystem /opt/ros/jazzy/include/rcutils -isystem /opt/ros/jazzy/include/rosidl_typesupport_interface -isystem /opt/ros/jazzy/include/sensor_msgs -isystem /opt/ros/jazzy/include/geometry_msgs -isystem /opt/ros/jazzy/include/service_msgs -isystem /opt/ros/jazzy/include/rosidl_runtime_cpp -isystem /opt/ros/jazzy/include/rosidl_typesupport_introspection_cpp -isystem /opt/ros/jazzy/include/rosidl_typesupport_introspection_c -std=gnu++17 -fPIC -Wall -Wextra -Wpedantic -MD -MT CMakeFiles/mecheye_ros_interface__rosidl_typesupport_introspection_cpp.dir/rosidl_typesupport_introspection_cpp/mecheye_ros_interface/srv/detail/capture_color_image__type_support.cpp.o -MF CMakeFiles/mecheye_ros_interface__rosidl_typesupport_introspection_cpp.dir/rosidl_typesupport_introspection_cpp/mecheye_ros_interface/srv/detail/capture_color_image__type_support.cpp.o.d -o CMakeFiles/mecheye_ros_interface__rosidl_typesupport_introspection_cpp.dir/rosidl_typesupport_introspection_cpp/mecheye_ros_interface/srv/detail/capture_color_image__type_support.cpp.o -c /home/inauenma/git/mecheye_ros2_interface/build/mecheye_ros_interface/rosidl_typesupport_introspection_cpp/mecheye_ros_interface/srv/detail/capture_color_image__type_support.cpp
[49.949s] [ 51%] Building C object CMakeFiles/mecheye_ros_interface__rosidl_typesupport_introspection_c.dir/rosidl_typesupport_introspection_c/mecheye_ros_interface/srv/detail/set_current_user_set__type_support.c.o
[49.949s] [ 52%] Building CXX object CMakeFiles/mecheye_ros_interface__rosidl_typesupport_introspection_cpp.dir/rosidl_typesupport_introspection_cpp/mecheye_ros_interface/srv/detail/capture_stereo_color_images__type_support.cpp.o
[49.954s] /usr/bin/c++ -DROSIDL_TYPESUPPORT_INTROSPECTION_CPP_BUILDING_DLL -DROS_PACKAGE_NAME=\"mecheye_ros_interface\" -I/usr/include/eigen3 -I/home/inauenma/git/mecheye_ros2_interface/build/mecheye_ros_interface/rosidl_typesupport_introspection_cpp -I/home/inauenma/git/mecheye_ros2_interface/build/mecheye_ros_interface/rosidl_generator_c -I/home/inauenma/git/mecheye_ros2_interface/build/mecheye_ros_interface/rosidl_generator_cpp -isystem /opt/ros/jazzy/include/std_msgs -isystem /opt/ros/jazzy/include/builtin_interfaces -isystem /opt/ros/jazzy/include/rosidl_runtime_c -isystem /opt/ros/jazzy/include/rcutils -isystem /opt/ros/jazzy/include/rosidl_typesupport_interface -isystem /opt/ros/jazzy/include/sensor_msgs -isystem /opt/ros/jazzy/include/geometry_msgs -isystem /opt/ros/jazzy/include/service_msgs -isystem /opt/ros/jazzy/include/rosidl_runtime_cpp -isystem /opt/ros/jazzy/include/rosidl_typesupport_introspection_cpp -isystem /opt/ros/jazzy/include/rosidl_typesupport_introspection_c -std=gnu++17 -fPIC -Wall -Wextra -Wpedantic -MD -MT CMakeFiles/mecheye_ros_interface__rosidl_typesupport_introspection_cpp.dir/rosidl_typesupport_introspection_cpp/mecheye_ros_interface/srv/detail/capture_stereo_color_images__type_support.cpp.o -MF CMakeFiles/mecheye_ros_interface__rosidl_typesupport_introspection_cpp.dir/rosidl_typesupport_introspection_cpp/mecheye_ros_interface/srv/detail/capture_stereo_color_images__type_support.cpp.o.d -o CMakeFiles/mecheye_ros_interface__rosidl_typesupport_introspection_cpp.dir/rosidl_typesupport_introspection_cpp/mecheye_ros_interface/srv/detail/capture_stereo_color_images__type_support.cpp.o -c /home/inauenma/git/mecheye_ros2_interface/build/mecheye_ros_interface/rosidl_typesupport_introspection_cpp/mecheye_ros_interface/srv/detail/capture_stereo_color_images__type_support.cpp
[49.954s] /usr/bin/cc -DROSIDL_TYPESUPPORT_INTROSPECTION_C_BUILDING_DLL_mecheye_ros_interface -DROS_PACKAGE_NAME=\"mecheye_ros_interface\" -I/usr/include/eigen3 -I/home/inauenma/git/mecheye_ros2_interface/build/mecheye_ros_interface/rosidl_typesupport_introspection_c -I/home/inauenma/git/mecheye_ros2_interface/build/mecheye_ros_interface/rosidl_generator_c -isystem /opt/ros/jazzy/include/std_msgs -isystem /opt/ros/jazzy/include/builtin_interfaces -isystem /opt/ros/jazzy/include/rosidl_runtime_c -isystem /opt/ros/jazzy/include/rcutils -isystem /opt/ros/jazzy/include/rosidl_typesupport_interface -isystem /opt/ros/jazzy/include/sensor_msgs -isystem /opt/ros/jazzy/include/geometry_msgs -isystem /opt/ros/jazzy/include/service_msgs -isystem /opt/ros/jazzy/include/rosidl_typesupport_introspection_c -std=gnu11 -fPIC -Wall -MD -MT CMakeFiles/mecheye_ros_interface__rosidl_typesupport_introspection_c.dir/rosidl_typesupport_introspection_c/mecheye_ros_interface/srv/detail/set_current_user_set__type_support.c.o -MF CMakeFiles/mecheye_ros_interface__rosidl_typesupport_introspection_c.dir/rosidl_typesupport_introspection_c/mecheye_ros_interface/srv/detail/set_current_user_set__type_support.c.o.d -o CMakeFiles/mecheye_ros_interface__rosidl_typesupport_introspection_c.dir/rosidl_typesupport_introspection_c/mecheye_ros_interface/srv/detail/set_current_user_set__type_support.c.o -c /home/inauenma/git/mecheye_ros2_interface/build/mecheye_ros_interface/rosidl_typesupport_introspection_c/mecheye_ros_interface/srv/detail/set_current_user_set__type_support.c
[49.957s] [ 52%] Building CXX object CMakeFiles/mecheye_ros_interface__rosidl_typesupport_introspection_cpp.dir/rosidl_typesupport_introspection_cpp/mecheye_ros_interface/srv/detail/capture_textured_point_cloud__type_support.cpp.o
[49.960s] /usr/bin/c++ -DROSIDL_TYPESUPPORT_INTROSPECTION_CPP_BUILDING_DLL -DROS_PACKAGE_NAME=\"mecheye_ros_interface\" -I/usr/include/eigen3 -I/home/inauenma/git/mecheye_ros2_interface/build/mecheye_ros_interface/rosidl_typesupport_introspection_cpp -I/home/inauenma/git/mecheye_ros2_interface/build/mecheye_ros_interface/rosidl_generator_c -I/home/inauenma/git/mecheye_ros2_interface/build/mecheye_ros_interface/rosidl_generator_cpp -isystem /opt/ros/jazzy/include/std_msgs -isystem /opt/ros/jazzy/include/builtin_interfaces -isystem /opt/ros/jazzy/include/rosidl_runtime_c -isystem /opt/ros/jazzy/include/rcutils -isystem /opt/ros/jazzy/include/rosidl_typesupport_interface -isystem /opt/ros/jazzy/include/sensor_msgs -isystem /opt/ros/jazzy/include/geometry_msgs -isystem /opt/ros/jazzy/include/service_msgs -isystem /opt/ros/jazzy/include/rosidl_runtime_cpp -isystem /opt/ros/jazzy/include/rosidl_typesupport_introspection_cpp -isystem /opt/ros/jazzy/include/rosidl_typesupport_introspection_c -std=gnu++17 -fPIC -Wall -Wextra -Wpedantic -MD -MT CMakeFiles/mecheye_ros_interface__rosidl_typesupport_introspection_cpp.dir/rosidl_typesupport_introspection_cpp/mecheye_ros_interface/srv/detail/capture_textured_point_cloud__type_support.cpp.o -MF CMakeFiles/mecheye_ros_interface__rosidl_typesupport_introspection_cpp.dir/rosidl_typesupport_introspection_cpp/mecheye_ros_interface/srv/detail/capture_textured_point_cloud__type_support.cpp.o.d -o CMakeFiles/mecheye_ros_interface__rosidl_typesupport_introspection_cpp.dir/rosidl_typesupport_introspection_cpp/mecheye_ros_interface/srv/detail/capture_textured_point_cloud__type_support.cpp.o -c /home/inauenma/git/mecheye_ros2_interface/build/mecheye_ros_interface/rosidl_typesupport_introspection_cpp/mecheye_ros_interface/srv/detail/capture_textured_point_cloud__type_support.cpp
[49.971s] [ 52%] Building CXX object CMakeFiles/mecheye_ros_interface__rosidl_typesupport_introspection_cpp.dir/rosidl_typesupport_introspection_cpp/mecheye_ros_interface/srv/detail/capture_depth_map__type_support.cpp.o
[49.975s] [ 53%] Building CXX object CMakeFiles/mecheye_ros_interface__rosidl_typesupport_introspection_cpp.dir/rosidl_typesupport_introspection_cpp/mecheye_ros_interface/srv/detail/capture_point_cloud__type_support.cpp.o
[49.977s] /usr/bin/c++ -DROSIDL_TYPESUPPORT_INTROSPECTION_CPP_BUILDING_DLL -DROS_PACKAGE_NAME=\"mecheye_ros_interface\" -I/usr/include/eigen3 -I/home/inauenma/git/mecheye_ros2_interface/build/mecheye_ros_interface/rosidl_typesupport_introspection_cpp -I/home/inauenma/git/mecheye_ros2_interface/build/mecheye_ros_interface/rosidl_generator_c -I/home/inauenma/git/mecheye_ros2_interface/build/mecheye_ros_interface/rosidl_generator_cpp -isystem /opt/ros/jazzy/include/std_msgs -isystem /opt/ros/jazzy/include/builtin_interfaces -isystem /opt/ros/jazzy/include/rosidl_runtime_c -isystem /opt/ros/jazzy/include/rcutils -isystem /opt/ros/jazzy/include/rosidl_typesupport_interface -isystem /opt/ros/jazzy/include/sensor_msgs -isystem /opt/ros/jazzy/include/geometry_msgs -isystem /opt/ros/jazzy/include/service_msgs -isystem /opt/ros/jazzy/include/rosidl_runtime_cpp -isystem /opt/ros/jazzy/include/rosidl_typesupport_introspection_cpp -isystem /opt/ros/jazzy/include/rosidl_typesupport_introspection_c -std=gnu++17 -fPIC -Wall -Wextra -Wpedantic -MD -MT CMakeFiles/mecheye_ros_interface__rosidl_typesupport_introspection_cpp.dir/rosidl_typesupport_introspection_cpp/mecheye_ros_interface/srv/detail/capture_depth_map__type_support.cpp.o -MF CMakeFiles/mecheye_ros_interface__rosidl_typesupport_introspection_cpp.dir/rosidl_typesupport_introspection_cpp/mecheye_ros_interface/srv/detail/capture_depth_map__type_support.cpp.o.d -o CMakeFiles/mecheye_ros_interface__rosidl_typesupport_introspection_cpp.dir/rosidl_typesupport_introspection_cpp/mecheye_ros_interface/srv/detail/capture_depth_map__type_support.cpp.o -c /home/inauenma/git/mecheye_ros2_interface/build/mecheye_ros_interface/rosidl_typesupport_introspection_cpp/mecheye_ros_interface/srv/detail/capture_depth_map__type_support.cpp
[49.989s] /usr/bin/c++ -DROSIDL_TYPESUPPORT_INTROSPECTION_CPP_BUILDING_DLL -DROS_PACKAGE_NAME=\"mecheye_ros_interface\" -I/usr/include/eigen3 -I/home/inauenma/git/mecheye_ros2_interface/build/mecheye_ros_interface/rosidl_typesupport_introspection_cpp -I/home/inauenma/git/mecheye_ros2_interface/build/mecheye_ros_interface/rosidl_generator_c -I/home/inauenma/git/mecheye_ros2_interface/build/mecheye_ros_interface/rosidl_generator_cpp -isystem /opt/ros/jazzy/include/std_msgs -isystem /opt/ros/jazzy/include/builtin_interfaces -isystem /opt/ros/jazzy/include/rosidl_runtime_c -isystem /opt/ros/jazzy/include/rcutils -isystem /opt/ros/jazzy/include/rosidl_typesupport_interface -isystem /opt/ros/jazzy/include/sensor_msgs -isystem /opt/ros/jazzy/include/geometry_msgs -isystem /opt/ros/jazzy/include/service_msgs -isystem /opt/ros/jazzy/include/rosidl_runtime_cpp -isystem /opt/ros/jazzy/include/rosidl_typesupport_introspection_cpp -isystem /opt/ros/jazzy/include/rosidl_typesupport_introspection_c -std=gnu++17 -fPIC -Wall -Wextra -Wpedantic -MD -MT CMakeFiles/mecheye_ros_interface__rosidl_typesupport_introspection_cpp.dir/rosidl_typesupport_introspection_cpp/mecheye_ros_interface/srv/detail/capture_point_cloud__type_support.cpp.o -MF CMakeFiles/mecheye_ros_interface__rosidl_typesupport_introspection_cpp.dir/rosidl_typesupport_introspection_cpp/mecheye_ros_interface/srv/detail/capture_point_cloud__type_support.cpp.o.d -o CMakeFiles/mecheye_ros_interface__rosidl_typesupport_introspection_cpp.dir/rosidl_typesupport_introspection_cpp/mecheye_ros_interface/srv/detail/capture_point_cloud__type_support.cpp.o -c /home/inauenma/git/mecheye_ros2_interface/build/mecheye_ros_interface/rosidl_typesupport_introspection_cpp/mecheye_ros_interface/srv/detail/capture_point_cloud__type_support.cpp
[50.106s] [ 53%] Building C object CMakeFiles/mecheye_ros_interface__rosidl_typesupport_introspection_c.dir/rosidl_typesupport_introspection_c/mecheye_ros_interface/srv/detail/save_all_settings_to_user_sets__type_support.c.o
[50.119s] /usr/bin/cc -DROSIDL_TYPESUPPORT_INTROSPECTION_C_BUILDING_DLL_mecheye_ros_interface -DROS_PACKAGE_NAME=\"mecheye_ros_interface\" -I/usr/include/eigen3 -I/home/inauenma/git/mecheye_ros2_interface/build/mecheye_ros_interface/rosidl_typesupport_introspection_c -I/home/inauenma/git/mecheye_ros2_interface/build/mecheye_ros_interface/rosidl_generator_c -isystem /opt/ros/jazzy/include/std_msgs -isystem /opt/ros/jazzy/include/builtin_interfaces -isystem /opt/ros/jazzy/include/rosidl_runtime_c -isystem /opt/ros/jazzy/include/rcutils -isystem /opt/ros/jazzy/include/rosidl_typesupport_interface -isystem /opt/ros/jazzy/include/sensor_msgs -isystem /opt/ros/jazzy/include/geometry_msgs -isystem /opt/ros/jazzy/include/service_msgs -isystem /opt/ros/jazzy/include/rosidl_typesupport_introspection_c -std=gnu11 -fPIC -Wall -MD -MT CMakeFiles/mecheye_ros_interface__rosidl_typesupport_introspection_c.dir/rosidl_typesupport_introspection_c/mecheye_ros_interface/srv/detail/save_all_settings_to_user_sets__type_support.c.o -MF CMakeFiles/mecheye_ros_interface__rosidl_typesupport_introspection_c.dir/rosidl_typesupport_introspection_c/mecheye_ros_interface/srv/detail/save_all_settings_to_user_sets__type_support.c.o.d -o CMakeFiles/mecheye_ros_interface__rosidl_typesupport_introspection_c.dir/rosidl_typesupport_introspection_c/mecheye_ros_interface/srv/detail/save_all_settings_to_user_sets__type_support.c.o -c /home/inauenma/git/mecheye_ros2_interface/build/mecheye_ros_interface/rosidl_typesupport_introspection_c/mecheye_ros_interface/srv/detail/save_all_settings_to_user_sets__type_support.c
[50.275s] [ 53%] Building C object CMakeFiles/mecheye_ros_interface__rosidl_typesupport_introspection_c.dir/rosidl_typesupport_introspection_c/mecheye_ros_interface/srv/detail/add_user_set__type_support.c.o
[50.278s] /usr/bin/cc -DROSIDL_TYPESUPPORT_INTROSPECTION_C_BUILDING_DLL_mecheye_ros_interface -DROS_PACKAGE_NAME=\"mecheye_ros_interface\" -I/usr/include/eigen3 -I/home/inauenma/git/mecheye_ros2_interface/build/mecheye_ros_interface/rosidl_typesupport_introspection_c -I/home/inauenma/git/mecheye_ros2_interface/build/mecheye_ros_interface/rosidl_generator_c -isystem /opt/ros/jazzy/include/std_msgs -isystem /opt/ros/jazzy/include/builtin_interfaces -isystem /opt/ros/jazzy/include/rosidl_runtime_c -isystem /opt/ros/jazzy/include/rcutils -isystem /opt/ros/jazzy/include/rosidl_typesupport_interface -isystem /opt/ros/jazzy/include/sensor_msgs -isystem /opt/ros/jazzy/include/geometry_msgs -isystem /opt/ros/jazzy/include/service_msgs -isystem /opt/ros/jazzy/include/rosidl_typesupport_introspection_c -std=gnu11 -fPIC -Wall -MD -MT CMakeFiles/mecheye_ros_interface__rosidl_typesupport_introspection_c.dir/rosidl_typesupport_introspection_c/mecheye_ros_interface/srv/detail/add_user_set__type_support.c.o -MF CMakeFiles/mecheye_ros_interface__rosidl_typesupport_introspection_c.dir/rosidl_typesupport_introspection_c/mecheye_ros_interface/srv/detail/add_user_set__type_support.c.o.d -o CMakeFiles/mecheye_ros_interface__rosidl_typesupport_introspection_c.dir/rosidl_typesupport_introspection_c/mecheye_ros_interface/srv/detail/add_user_set__type_support.c.o -c /home/inauenma/git/mecheye_ros2_interface/build/mecheye_ros_interface/rosidl_typesupport_introspection_c/mecheye_ros_interface/srv/detail/add_user_set__type_support.c
[50.291s] [ 53%] Building CXX object CMakeFiles/mecheye_ros_interface__rosidl_typesupport_introspection_cpp.dir/rosidl_typesupport_introspection_cpp/mecheye_ros_interface/srv/detail/delete_user_set__type_support.cpp.o
[50.298s] /usr/bin/c++ -DROSIDL_TYPESUPPORT_INTROSPECTION_CPP_BUILDING_DLL -DROS_PACKAGE_NAME=\"mecheye_ros_interface\" -I/usr/include/eigen3 -I/home/inauenma/git/mecheye_ros2_interface/build/mecheye_ros_interface/rosidl_typesupport_introspection_cpp -I/home/inauenma/git/mecheye_ros2_interface/build/mecheye_ros_interface/rosidl_generator_c -I/home/inauenma/git/mecheye_ros2_interface/build/mecheye_ros_interface/rosidl_generator_cpp -isystem /opt/ros/jazzy/include/std_msgs -isystem /opt/ros/jazzy/include/builtin_interfaces -isystem /opt/ros/jazzy/include/rosidl_runtime_c -isystem /opt/ros/jazzy/include/rcutils -isystem /opt/ros/jazzy/include/rosidl_typesupport_interface -isystem /opt/ros/jazzy/include/sensor_msgs -isystem /opt/ros/jazzy/include/geometry_msgs -isystem /opt/ros/jazzy/include/service_msgs -isystem /opt/ros/jazzy/include/rosidl_runtime_cpp -isystem /opt/ros/jazzy/include/rosidl_typesupport_introspection_cpp -isystem /opt/ros/jazzy/include/rosidl_typesupport_introspection_c -std=gnu++17 -fPIC -Wall -Wextra -Wpedantic -MD -MT CMakeFiles/mecheye_ros_interface__rosidl_typesupport_introspection_cpp.dir/rosidl_typesupport_introspection_cpp/mecheye_ros_interface/srv/detail/delete_user_set__type_support.cpp.o -MF CMakeFiles/mecheye_ros_interface__rosidl_typesupport_introspection_cpp.dir/rosidl_typesupport_introspection_cpp/mecheye_ros_interface/srv/detail/delete_user_set__type_support.cpp.o.d -o CMakeFiles/mecheye_ros_interface__rosidl_typesupport_introspection_cpp.dir/rosidl_typesupport_introspection_cpp/mecheye_ros_interface/srv/detail/delete_user_set__type_support.cpp.o -c /home/inauenma/git/mecheye_ros2_interface/build/mecheye_ros_interface/rosidl_typesupport_introspection_cpp/mecheye_ros_interface/srv/detail/delete_user_set__type_support.cpp
[50.317s] [ 54%] Building C object CMakeFiles/mecheye_ros_interface__rosidl_typesupport_introspection_c.dir/rosidl_typesupport_introspection_c/mecheye_ros_interface/srv/detail/capture_color_image__type_support.c.o
[50.325s] /usr/bin/cc -DROSIDL_TYPESUPPORT_INTROSPECTION_C_BUILDING_DLL_mecheye_ros_interface -DROS_PACKAGE_NAME=\"mecheye_ros_interface\" -I/usr/include/eigen3 -I/home/inauenma/git/mecheye_ros2_interface/build/mecheye_ros_interface/rosidl_typesupport_introspection_c -I/home/inauenma/git/mecheye_ros2_interface/build/mecheye_ros_interface/rosidl_generator_c -isystem /opt/ros/jazzy/include/std_msgs -isystem /opt/ros/jazzy/include/builtin_interfaces -isystem /opt/ros/jazzy/include/rosidl_runtime_c -isystem /opt/ros/jazzy/include/rcutils -isystem /opt/ros/jazzy/include/rosidl_typesupport_interface -isystem /opt/ros/jazzy/include/sensor_msgs -isystem /opt/ros/jazzy/include/geometry_msgs -isystem /opt/ros/jazzy/include/service_msgs -isystem /opt/ros/jazzy/include/rosidl_typesupport_introspection_c -std=gnu11 -fPIC -Wall -MD -MT CMakeFiles/mecheye_ros_interface__rosidl_typesupport_introspection_c.dir/rosidl_typesupport_introspection_c/mecheye_ros_interface/srv/detail/capture_color_image__type_support.c.o -MF CMakeFiles/mecheye_ros_interface__rosidl_typesupport_introspection_c.dir/rosidl_typesupport_introspection_c/mecheye_ros_interface/srv/detail/capture_color_image__type_support.c.o.d -o CMakeFiles/mecheye_ros_interface__rosidl_typesupport_introspection_c.dir/rosidl_typesupport_introspection_c/mecheye_ros_interface/srv/detail/capture_color_image__type_support.c.o -c /home/inauenma/git/mecheye_ros2_interface/build/mecheye_ros_interface/rosidl_typesupport_introspection_c/mecheye_ros_interface/srv/detail/capture_color_image__type_support.c
[50.328s] [ 54%] Building C object CMakeFiles/mecheye_ros_interface__rosidl_typesupport_introspection_c.dir/rosidl_typesupport_introspection_c/mecheye_ros_interface/srv/detail/capture_stereo_color_images__type_support.c.o
[50.332s] /usr/bin/cc -DROSIDL_TYPESUPPORT_INTROSPECTION_C_BUILDING_DLL_mecheye_ros_interface -DROS_PACKAGE_NAME=\"mecheye_ros_interface\" -I/usr/include/eigen3 -I/home/inauenma/git/mecheye_ros2_interface/build/mecheye_ros_interface/rosidl_typesupport_introspection_c -I/home/inauenma/git/mecheye_ros2_interface/build/mecheye_ros_interface/rosidl_generator_c -isystem /opt/ros/jazzy/include/std_msgs -isystem /opt/ros/jazzy/include/builtin_interfaces -isystem /opt/ros/jazzy/include/rosidl_runtime_c -isystem /opt/ros/jazzy/include/rcutils -isystem /opt/ros/jazzy/include/rosidl_typesupport_interface -isystem /opt/ros/jazzy/include/sensor_msgs -isystem /opt/ros/jazzy/include/geometry_msgs -isystem /opt/ros/jazzy/include/service_msgs -isystem /opt/ros/jazzy/include/rosidl_typesupport_introspection_c -std=gnu11 -fPIC -Wall -MD -MT CMakeFiles/mecheye_ros_interface__rosidl_typesupport_introspection_c.dir/rosidl_typesupport_introspection_c/mecheye_ros_interface/srv/detail/capture_stereo_color_images__type_support.c.o -MF CMakeFiles/mecheye_ros_interface__rosidl_typesupport_introspection_c.dir/rosidl_typesupport_introspection_c/mecheye_ros_interface/srv/detail/capture_stereo_color_images__type_support.c.o.d -o CMakeFiles/mecheye_ros_interface__rosidl_typesupport_introspection_c.dir/rosidl_typesupport_introspection_c/mecheye_ros_interface/srv/detail/capture_stereo_color_images__type_support.c.o -c /home/inauenma/git/mecheye_ros2_interface/build/mecheye_ros_interface/rosidl_typesupport_introspection_c/mecheye_ros_interface/srv/detail/capture_stereo_color_images__type_support.c
[50.404s] [ 54%] Building CXX object CMakeFiles/mecheye_ros_interface__rosidl_typesupport_introspection_cpp.dir/rosidl_typesupport_introspection_cpp/mecheye_ros_interface/srv/detail/device_info__type_support.cpp.o
[50.407s] /usr/bin/c++ -DROSIDL_TYPESUPPORT_INTROSPECTION_CPP_BUILDING_DLL -DROS_PACKAGE_NAME=\"mecheye_ros_interface\" -I/usr/include/eigen3 -I/home/inauenma/git/mecheye_ros2_interface/build/mecheye_ros_interface/rosidl_typesupport_introspection_cpp -I/home/inauenma/git/mecheye_ros2_interface/build/mecheye_ros_interface/rosidl_generator_c -I/home/inauenma/git/mecheye_ros2_interface/build/mecheye_ros_interface/rosidl_generator_cpp -isystem /opt/ros/jazzy/include/std_msgs -isystem /opt/ros/jazzy/include/builtin_interfaces -isystem /opt/ros/jazzy/include/rosidl_runtime_c -isystem /opt/ros/jazzy/include/rcutils -isystem /opt/ros/jazzy/include/rosidl_typesupport_interface -isystem /opt/ros/jazzy/include/sensor_msgs -isystem /opt/ros/jazzy/include/geometry_msgs -isystem /opt/ros/jazzy/include/service_msgs -isystem /opt/ros/jazzy/include/rosidl_runtime_cpp -isystem /opt/ros/jazzy/include/rosidl_typesupport_introspection_cpp -isystem /opt/ros/jazzy/include/rosidl_typesupport_introspection_c -std=gnu++17 -fPIC -Wall -Wextra -Wpedantic -MD -MT CMakeFiles/mecheye_ros_interface__rosidl_typesupport_introspection_cpp.dir/rosidl_typesupport_introspection_cpp/mecheye_ros_interface/srv/detail/device_info__type_support.cpp.o -MF CMakeFiles/mecheye_ros_interface__rosidl_typesupport_introspection_cpp.dir/rosidl_typesupport_introspection_cpp/mecheye_ros_interface/srv/detail/device_info__type_support.cpp.o.d -o CMakeFiles/mecheye_ros_interface__rosidl_typesupport_introspection_cpp.dir/rosidl_typesupport_introspection_cpp/mecheye_ros_interface/srv/detail/device_info__type_support.cpp.o -c /home/inauenma/git/mecheye_ros2_interface/build/mecheye_ros_interface/rosidl_typesupport_introspection_cpp/mecheye_ros_interface/srv/detail/device_info__type_support.cpp
[50.463s] [ 54%] Linking CXX shared library libmecheye_ros_interface__rosidl_typesupport_cpp.so
[50.470s] /usr/bin/cmake -E cmake_link_script CMakeFiles/mecheye_ros_interface__rosidl_typesupport_cpp.dir/link.txt --verbose=1
[50.492s] /usr/bin/c++ -fPIC -shared -Wl,-soname,libmecheye_ros_interface__rosidl_typesupport_cpp.so -o libmecheye_ros_interface__rosidl_typesupport_cpp.so CMakeFiles/mecheye_ros_interface__rosidl_typesupport_cpp.dir/rosidl_typesupport_cpp/mecheye_ros_interface/srv/set_current_user_set__type_support.cpp.o CMakeFiles/mecheye_ros_interface__rosidl_typesupport_cpp.dir/rosidl_typesupport_cpp/mecheye_ros_interface/srv/save_all_settings_to_user_sets__type_support.cpp.o CMakeFiles/mecheye_ros_interface__rosidl_typesupport_cpp.dir/rosidl_typesupport_cpp/mecheye_ros_interface/srv/add_user_set__type_support.cpp.o CMakeFiles/mecheye_ros_interface__rosidl_typesupport_cpp.dir/rosidl_typesupport_cpp/mecheye_ros_interface/srv/capture_color_image__type_support.cpp.o CMakeFiles/mecheye_ros_interface__rosidl_typesupport_cpp.dir/rosidl_typesupport_cpp/mecheye_ros_interface/srv/capture_stereo_color_images__type_support.cpp.o CMakeFiles/mecheye_ros_interface__rosidl_typesupport_cpp.dir/rosidl_typesupport_cpp/mecheye_ros_interface/srv/capture_textured_point_cloud__type_support.cpp.o CMakeFiles/mecheye_ros_interface__rosidl_typesupport_cpp.dir/rosidl_typesupport_cpp/mecheye_ros_interface/srv/capture_depth_map__type_support.cpp.o CMakeFiles/mecheye_ros_interface__rosidl_typesupport_cpp.dir/rosidl_typesupport_cpp/mecheye_ros_interface/srv/capture_point_cloud__type_support.cpp.o CMakeFiles/mecheye_ros_interface__rosidl_typesupport_cpp.dir/rosidl_typesupport_cpp/mecheye_ros_interface/srv/delete_user_set__type_support.cpp.o CMakeFiles/mecheye_ros_interface__rosidl_typesupport_cpp.dir/rosidl_typesupport_cpp/mecheye_ros_interface/srv/device_info__type_support.cpp.o CMakeFiles/mecheye_ros_interface__rosidl_typesupport_cpp.dir/rosidl_typesupport_cpp/mecheye_ros_interface/srv/get_all_user_sets__type_support.cpp.o CMakeFiles/mecheye_ros_interface__rosidl_typesupport_cpp.dir/rosidl_typesupport_cpp/mecheye_ros_interface/srv/get_current_user_set__type_support.cpp.o CMakeFiles/mecheye_ros_interface__rosidl_typesupport_cpp.dir/rosidl_typesupport_cpp/mecheye_ros_interface/srv/set_int_parameter__type_support.cpp.o CMakeFiles/mecheye_ros_interface__rosidl_typesupport_cpp.dir/rosidl_typesupport_cpp/mecheye_ros_interface/srv/get_int_parameter__type_support.cpp.o CMakeFiles/mecheye_ros_interface__rosidl_typesupport_cpp.dir/rosidl_typesupport_cpp/mecheye_ros_interface/srv/set_range_parameter__type_support.cpp.o CMakeFiles/mecheye_ros_interface__rosidl_typesupport_cpp.dir/rosidl_typesupport_cpp/mecheye_ros_interface/srv/get_range_parameter__type_support.cpp.o CMakeFiles/mecheye_ros_interface__rosidl_typesupport_cpp.dir/rosidl_typesupport_cpp/mecheye_ros_interface/srv/set_bool_parameter__type_support.cpp.o CMakeFiles/mecheye_ros_interface__rosidl_typesupport_cpp.dir/rosidl_typesupport_cpp/mecheye_ros_interface/srv/get_bool_parameter__type_support.cpp.o CMakeFiles/mecheye_ros_interface__rosidl_typesupport_cpp.dir/rosidl_typesupport_cpp/mecheye_ros_interface/srv/set_enum_parameter__type_support.cpp.o CMakeFiles/mecheye_ros_interface__rosidl_typesupport_cpp.dir/rosidl_typesupport_cpp/mecheye_ros_interface/srv/get_enum_parameter__type_support.cpp.o CMakeFiles/mecheye_ros_interface__rosidl_typesupport_cpp.dir/rosidl_typesupport_cpp/mecheye_ros_interface/srv/set_float_parameter__type_support.cpp.o CMakeFiles/mecheye_ros_interface__rosidl_typesupport_cpp.dir/rosidl_typesupport_cpp/mecheye_ros_interface/srv/get_float_parameter__type_support.cpp.o CMakeFiles/mecheye_ros_interface__rosidl_typesupport_cpp.dir/rosidl_typesupport_cpp/mecheye_ros_interface/srv/set_float_array_parameter__type_support.cpp.o CMakeFiles/mecheye_ros_interface__rosidl_typesupport_cpp.dir/rosidl_typesupport_cpp/mecheye_ros_interface/srv/get_float_array_parameter__type_support.cpp.o CMakeFiles/mecheye_ros_interface__rosidl_typesupport_cpp.dir/rosidl_typesupport_cpp/mecheye_ros_interface/srv/set_roi_parameter__type_support.cpp.o CMakeFiles/mecheye_ros_interface__rosidl_typesupport_cpp.dir/rosidl_typesupport_cpp/mecheye_ros_interface/srv/get_roi_parameter__type_support.cpp.o  -Wl,-rpath,/home/inauenma/git/mecheye_ros2_interface/build/mecheye_ros_interface:/opt/ros/jazzy/lib: libmecheye_ros_interface__rosidl_generator_c.so /opt/ros/jazzy/lib/libsensor_msgs__rosidl_typesupport_cpp.so /opt/ros/jazzy/lib/libgeometry_msgs__rosidl_typesupport_cpp.so /opt/ros/jazzy/lib/libservice_msgs__rosidl_typesupport_cpp.so /opt/ros/jazzy/lib/libstd_msgs__rosidl_typesupport_cpp.so /opt/ros/jazzy/lib/libbuiltin_interfaces__rosidl_typesupport_cpp.so /opt/ros/jazzy/lib/librosidl_typesupport_cpp.so /opt/ros/jazzy/lib/librosidl_typesupport_c.so /opt/ros/jazzy/lib/libsensor_msgs__rosidl_generator_c.so /opt/ros/jazzy/lib/libgeometry_msgs__rosidl_generator_c.so /opt/ros/jazzy/lib/libstd_msgs__rosidl_generator_c.so /opt/ros/jazzy/lib/libservice_msgs__rosidl_generator_c.so /opt/ros/jazzy/lib/libbuiltin_interfaces__rosidl_generator_c.so /opt/ros/jazzy/lib/librosidl_runtime_c.so /opt/ros/jazzy/lib/librcutils.so -ldl -latomic -Wl,-rpath-link,/opt/ros/jazzy/lib 
[50.522s] [ 54%] Building C object CMakeFiles/mecheye_ros_interface__rosidl_typesupport_introspection_c.dir/rosidl_typesupport_introspection_c/mecheye_ros_interface/srv/detail/capture_textured_point_cloud__type_support.c.o
[50.526s] /usr/bin/cc -DROSIDL_TYPESUPPORT_INTROSPECTION_C_BUILDING_DLL_mecheye_ros_interface -DROS_PACKAGE_NAME=\"mecheye_ros_interface\" -I/usr/include/eigen3 -I/home/inauenma/git/mecheye_ros2_interface/build/mecheye_ros_interface/rosidl_typesupport_introspection_c -I/home/inauenma/git/mecheye_ros2_interface/build/mecheye_ros_interface/rosidl_generator_c -isystem /opt/ros/jazzy/include/std_msgs -isystem /opt/ros/jazzy/include/builtin_interfaces -isystem /opt/ros/jazzy/include/rosidl_runtime_c -isystem /opt/ros/jazzy/include/rcutils -isystem /opt/ros/jazzy/include/rosidl_typesupport_interface -isystem /opt/ros/jazzy/include/sensor_msgs -isystem /opt/ros/jazzy/include/geometry_msgs -isystem /opt/ros/jazzy/include/service_msgs -isystem /opt/ros/jazzy/include/rosidl_typesupport_introspection_c -std=gnu11 -fPIC -Wall -MD -MT CMakeFiles/mecheye_ros_interface__rosidl_typesupport_introspection_c.dir/rosidl_typesupport_introspection_c/mecheye_ros_interface/srv/detail/capture_textured_point_cloud__type_support.c.o -MF CMakeFiles/mecheye_ros_interface__rosidl_typesupport_introspection_c.dir/rosidl_typesupport_introspection_c/mecheye_ros_interface/srv/detail/capture_textured_point_cloud__type_support.c.o.d -o CMakeFiles/mecheye_ros_interface__rosidl_typesupport_introspection_c.dir/rosidl_typesupport_introspection_c/mecheye_ros_interface/srv/detail/capture_textured_point_cloud__type_support.c.o -c /home/inauenma/git/mecheye_ros2_interface/build/mecheye_ros_interface/rosidl_typesupport_introspection_c/mecheye_ros_interface/srv/detail/capture_textured_point_cloud__type_support.c
[50.561s] [ 55%] Building CXX object CMakeFiles/mecheye_ros_interface__rosidl_typesupport_introspection_cpp.dir/rosidl_typesupport_introspection_cpp/mecheye_ros_interface/srv/detail/get_all_user_sets__type_support.cpp.o
[50.561s] /usr/bin/c++ -DROSIDL_TYPESUPPORT_INTROSPECTION_CPP_BUILDING_DLL -DROS_PACKAGE_NAME=\"mecheye_ros_interface\" -I/usr/include/eigen3 -I/home/inauenma/git/mecheye_ros2_interface/build/mecheye_ros_interface/rosidl_typesupport_introspection_cpp -I/home/inauenma/git/mecheye_ros2_interface/build/mecheye_ros_interface/rosidl_generator_c -I/home/inauenma/git/mecheye_ros2_interface/build/mecheye_ros_interface/rosidl_generator_cpp -isystem /opt/ros/jazzy/include/std_msgs -isystem /opt/ros/jazzy/include/builtin_interfaces -isystem /opt/ros/jazzy/include/rosidl_runtime_c -isystem /opt/ros/jazzy/include/rcutils -isystem /opt/ros/jazzy/include/rosidl_typesupport_interface -isystem /opt/ros/jazzy/include/sensor_msgs -isystem /opt/ros/jazzy/include/geometry_msgs -isystem /opt/ros/jazzy/include/service_msgs -isystem /opt/ros/jazzy/include/rosidl_runtime_cpp -isystem /opt/ros/jazzy/include/rosidl_typesupport_introspection_cpp -isystem /opt/ros/jazzy/include/rosidl_typesupport_introspection_c -std=gnu++17 -fPIC -Wall -Wextra -Wpedantic -MD -MT CMakeFiles/mecheye_ros_interface__rosidl_typesupport_introspection_cpp.dir/rosidl_typesupport_introspection_cpp/mecheye_ros_interface/srv/detail/get_all_user_sets__type_support.cpp.o -MF CMakeFiles/mecheye_ros_interface__rosidl_typesupport_introspection_cpp.dir/rosidl_typesupport_introspection_cpp/mecheye_ros_interface/srv/detail/get_all_user_sets__type_support.cpp.o.d -o CMakeFiles/mecheye_ros_interface__rosidl_typesupport_introspection_cpp.dir/rosidl_typesupport_introspection_cpp/mecheye_ros_interface/srv/detail/get_all_user_sets__type_support.cpp.o -c /home/inauenma/git/mecheye_ros2_interface/build/mecheye_ros_interface/rosidl_typesupport_introspection_cpp/mecheye_ros_interface/srv/detail/get_all_user_sets__type_support.cpp
[50.596s] [ 56%] Building C object CMakeFiles/mecheye_ros_interface__rosidl_typesupport_introspection_c.dir/rosidl_typesupport_introspection_c/mecheye_ros_interface/srv/detail/capture_depth_map__type_support.c.o
[50.599s] /usr/bin/cc -DROSIDL_TYPESUPPORT_INTROSPECTION_C_BUILDING_DLL_mecheye_ros_interface -DROS_PACKAGE_NAME=\"mecheye_ros_interface\" -I/usr/include/eigen3 -I/home/inauenma/git/mecheye_ros2_interface/build/mecheye_ros_interface/rosidl_typesupport_introspection_c -I/home/inauenma/git/mecheye_ros2_interface/build/mecheye_ros_interface/rosidl_generator_c -isystem /opt/ros/jazzy/include/std_msgs -isystem /opt/ros/jazzy/include/builtin_interfaces -isystem /opt/ros/jazzy/include/rosidl_runtime_c -isystem /opt/ros/jazzy/include/rcutils -isystem /opt/ros/jazzy/include/rosidl_typesupport_interface -isystem /opt/ros/jazzy/include/sensor_msgs -isystem /opt/ros/jazzy/include/geometry_msgs -isystem /opt/ros/jazzy/include/service_msgs -isystem /opt/ros/jazzy/include/rosidl_typesupport_introspection_c -std=gnu11 -fPIC -Wall -MD -MT CMakeFiles/mecheye_ros_interface__rosidl_typesupport_introspection_c.dir/rosidl_typesupport_introspection_c/mecheye_ros_interface/srv/detail/capture_depth_map__type_support.c.o -MF CMakeFiles/mecheye_ros_interface__rosidl_typesupport_introspection_c.dir/rosidl_typesupport_introspection_c/mecheye_ros_interface/srv/detail/capture_depth_map__type_support.c.o.d -o CMakeFiles/mecheye_ros_interface__rosidl_typesupport_introspection_c.dir/rosidl_typesupport_introspection_c/mecheye_ros_interface/srv/detail/capture_depth_map__type_support.c.o -c /home/inauenma/git/mecheye_ros2_interface/build/mecheye_ros_interface/rosidl_typesupport_introspection_c/mecheye_ros_interface/srv/detail/capture_depth_map__type_support.c
[50.713s] [ 56%] Building C object CMakeFiles/mecheye_ros_interface__rosidl_typesupport_introspection_c.dir/rosidl_typesupport_introspection_c/mecheye_ros_interface/srv/detail/capture_point_cloud__type_support.c.o
[50.714s] /usr/bin/cc -DROSIDL_TYPESUPPORT_INTROSPECTION_C_BUILDING_DLL_mecheye_ros_interface -DROS_PACKAGE_NAME=\"mecheye_ros_interface\" -I/usr/include/eigen3 -I/home/inauenma/git/mecheye_ros2_interface/build/mecheye_ros_interface/rosidl_typesupport_introspection_c -I/home/inauenma/git/mecheye_ros2_interface/build/mecheye_ros_interface/rosidl_generator_c -isystem /opt/ros/jazzy/include/std_msgs -isystem /opt/ros/jazzy/include/builtin_interfaces -isystem /opt/ros/jazzy/include/rosidl_runtime_c -isystem /opt/ros/jazzy/include/rcutils -isystem /opt/ros/jazzy/include/rosidl_typesupport_interface -isystem /opt/ros/jazzy/include/sensor_msgs -isystem /opt/ros/jazzy/include/geometry_msgs -isystem /opt/ros/jazzy/include/service_msgs -isystem /opt/ros/jazzy/include/rosidl_typesupport_introspection_c -std=gnu11 -fPIC -Wall -MD -MT CMakeFiles/mecheye_ros_interface__rosidl_typesupport_introspection_c.dir/rosidl_typesupport_introspection_c/mecheye_ros_interface/srv/detail/capture_point_cloud__type_support.c.o -MF CMakeFiles/mecheye_ros_interface__rosidl_typesupport_introspection_c.dir/rosidl_typesupport_introspection_c/mecheye_ros_interface/srv/detail/capture_point_cloud__type_support.c.o.d -o CMakeFiles/mecheye_ros_interface__rosidl_typesupport_introspection_c.dir/rosidl_typesupport_introspection_c/mecheye_ros_interface/srv/detail/capture_point_cloud__type_support.c.o -c /home/inauenma/git/mecheye_ros2_interface/build/mecheye_ros_interface/rosidl_typesupport_introspection_c/mecheye_ros_interface/srv/detail/capture_point_cloud__type_support.c
[50.782s] [ 56%] Building C object CMakeFiles/mecheye_ros_interface__rosidl_typesupport_introspection_c.dir/rosidl_typesupport_introspection_c/mecheye_ros_interface/srv/detail/delete_user_set__type_support.c.o
[50.785s] /usr/bin/cc -DROSIDL_TYPESUPPORT_INTROSPECTION_C_BUILDING_DLL_mecheye_ros_interface -DROS_PACKAGE_NAME=\"mecheye_ros_interface\" -I/usr/include/eigen3 -I/home/inauenma/git/mecheye_ros2_interface/build/mecheye_ros_interface/rosidl_typesupport_introspection_c -I/home/inauenma/git/mecheye_ros2_interface/build/mecheye_ros_interface/rosidl_generator_c -isystem /opt/ros/jazzy/include/std_msgs -isystem /opt/ros/jazzy/include/builtin_interfaces -isystem /opt/ros/jazzy/include/rosidl_runtime_c -isystem /opt/ros/jazzy/include/rcutils -isystem /opt/ros/jazzy/include/rosidl_typesupport_interface -isystem /opt/ros/jazzy/include/sensor_msgs -isystem /opt/ros/jazzy/include/geometry_msgs -isystem /opt/ros/jazzy/include/service_msgs -isystem /opt/ros/jazzy/include/rosidl_typesupport_introspection_c -std=gnu11 -fPIC -Wall -MD -MT CMakeFiles/mecheye_ros_interface__rosidl_typesupport_introspection_c.dir/rosidl_typesupport_introspection_c/mecheye_ros_interface/srv/detail/delete_user_set__type_support.c.o -MF CMakeFiles/mecheye_ros_interface__rosidl_typesupport_introspection_c.dir/rosidl_typesupport_introspection_c/mecheye_ros_interface/srv/detail/delete_user_set__type_support.c.o.d -o CMakeFiles/mecheye_ros_interface__rosidl_typesupport_introspection_c.dir/rosidl_typesupport_introspection_c/mecheye_ros_interface/srv/detail/delete_user_set__type_support.c.o -c /home/inauenma/git/mecheye_ros2_interface/build/mecheye_ros_interface/rosidl_typesupport_introspection_c/mecheye_ros_interface/srv/detail/delete_user_set__type_support.c
[50.852s] cd /home/inauenma/git/mecheye_ros2_interface/build/mecheye_ros_interface && /usr/bin/cmake -E cmake_depends "Unix Makefiles" /home/inauenma/git/mecheye_ros2_interface /home/inauenma/git/mecheye_ros2_interface /home/inauenma/git/mecheye_ros2_interface/build/mecheye_ros_interface /home/inauenma/git/mecheye_ros2_interface/build/mecheye_ros_interface /home/inauenma/git/mecheye_ros2_interface/build/mecheye_ros_interface/CMakeFiles/mecheye_ros_interface__rosidl_typesupport_fastrtps_cpp.dir/DependInfo.cmake "--color="
[50.853s] [ 56%] Building CXX object CMakeFiles/mecheye_ros_interface__rosidl_typesupport_introspection_cpp.dir/rosidl_typesupport_introspection_cpp/mecheye_ros_interface/srv/detail/get_current_user_set__type_support.cpp.o
[50.864s] /usr/bin/c++ -DROSIDL_TYPESUPPORT_INTROSPECTION_CPP_BUILDING_DLL -DROS_PACKAGE_NAME=\"mecheye_ros_interface\" -I/usr/include/eigen3 -I/home/inauenma/git/mecheye_ros2_interface/build/mecheye_ros_interface/rosidl_typesupport_introspection_cpp -I/home/inauenma/git/mecheye_ros2_interface/build/mecheye_ros_interface/rosidl_generator_c -I/home/inauenma/git/mecheye_ros2_interface/build/mecheye_ros_interface/rosidl_generator_cpp -isystem /opt/ros/jazzy/include/std_msgs -isystem /opt/ros/jazzy/include/builtin_interfaces -isystem /opt/ros/jazzy/include/rosidl_runtime_c -isystem /opt/ros/jazzy/include/rcutils -isystem /opt/ros/jazzy/include/rosidl_typesupport_interface -isystem /opt/ros/jazzy/include/sensor_msgs -isystem /opt/ros/jazzy/include/geometry_msgs -isystem /opt/ros/jazzy/include/service_msgs -isystem /opt/ros/jazzy/include/rosidl_runtime_cpp -isystem /opt/ros/jazzy/include/rosidl_typesupport_introspection_cpp -isystem /opt/ros/jazzy/include/rosidl_typesupport_introspection_c -std=gnu++17 -fPIC -Wall -Wextra -Wpedantic -MD -MT CMakeFiles/mecheye_ros_interface__rosidl_typesupport_introspection_cpp.dir/rosidl_typesupport_introspection_cpp/mecheye_ros_interface/srv/detail/get_current_user_set__type_support.cpp.o -MF CMakeFiles/mecheye_ros_interface__rosidl_typesupport_introspection_cpp.dir/rosidl_typesupport_introspection_cpp/mecheye_ros_interface/srv/detail/get_current_user_set__type_support.cpp.o.d -o CMakeFiles/mecheye_ros_interface__rosidl_typesupport_introspection_cpp.dir/rosidl_typesupport_introspection_cpp/mecheye_ros_interface/srv/detail/get_current_user_set__type_support.cpp.o -c /home/inauenma/git/mecheye_ros2_interface/build/mecheye_ros_interface/rosidl_typesupport_introspection_cpp/mecheye_ros_interface/srv/detail/get_current_user_set__type_support.cpp
[50.888s] [ 56%] Building CXX object CMakeFiles/mecheye_ros_interface__rosidl_typesupport_introspection_cpp.dir/rosidl_typesupport_introspection_cpp/mecheye_ros_interface/srv/detail/set_int_parameter__type_support.cpp.o
[50.891s] [ 56%] Building C object CMakeFiles/mecheye_ros_interface__rosidl_typesupport_introspection_c.dir/rosidl_typesupport_introspection_c/mecheye_ros_interface/srv/detail/get_all_user_sets__type_support.c.o
[50.891s] /usr/bin/cc -DROSIDL_TYPESUPPORT_INTROSPECTION_C_BUILDING_DLL_mecheye_ros_interface -DROS_PACKAGE_NAME=\"mecheye_ros_interface\" -I/usr/include/eigen3 -I/home/inauenma/git/mecheye_ros2_interface/build/mecheye_ros_interface/rosidl_typesupport_introspection_c -I/home/inauenma/git/mecheye_ros2_interface/build/mecheye_ros_interface/rosidl_generator_c -isystem /opt/ros/jazzy/include/std_msgs -isystem /opt/ros/jazzy/include/builtin_interfaces -isystem /opt/ros/jazzy/include/rosidl_runtime_c -isystem /opt/ros/jazzy/include/rcutils -isystem /opt/ros/jazzy/include/rosidl_typesupport_interface -isystem /opt/ros/jazzy/include/sensor_msgs -isystem /opt/ros/jazzy/include/geometry_msgs -isystem /opt/ros/jazzy/include/service_msgs -isystem /opt/ros/jazzy/include/rosidl_typesupport_introspection_c -std=gnu11 -fPIC -Wall -MD -MT CMakeFiles/mecheye_ros_interface__rosidl_typesupport_introspection_c.dir/rosidl_typesupport_introspection_c/mecheye_ros_interface/srv/detail/get_all_user_sets__type_support.c.o -MF CMakeFiles/mecheye_ros_interface__rosidl_typesupport_introspection_c.dir/rosidl_typesupport_introspection_c/mecheye_ros_interface/srv/detail/get_all_user_sets__type_support.c.o.d -o CMakeFiles/mecheye_ros_interface__rosidl_typesupport_introspection_c.dir/rosidl_typesupport_introspection_c/mecheye_ros_interface/srv/detail/get_all_user_sets__type_support.c.o -c /home/inauenma/git/mecheye_ros2_interface/build/mecheye_ros_interface/rosidl_typesupport_introspection_c/mecheye_ros_interface/srv/detail/get_all_user_sets__type_support.c
[50.893s] [ 57%] Building C object CMakeFiles/mecheye_ros_interface__rosidl_typesupport_introspection_c.dir/rosidl_typesupport_introspection_c/mecheye_ros_interface/srv/detail/device_info__type_support.c.o
[50.901s] gmake[2]: Leaving directory '/home/inauenma/git/mecheye_ros2_interface/build/mecheye_ros_interface'
[50.901s] /usr/bin/gmake  -f CMakeFiles/mecheye_ros_interface__rosidl_typesupport_fastrtps_cpp.dir/build.make CMakeFiles/mecheye_ros_interface__rosidl_typesupport_fastrtps_cpp.dir/build
[50.901s] /usr/bin/cc -DROSIDL_TYPESUPPORT_INTROSPECTION_C_BUILDING_DLL_mecheye_ros_interface -DROS_PACKAGE_NAME=\"mecheye_ros_interface\" -I/usr/include/eigen3 -I/home/inauenma/git/mecheye_ros2_interface/build/mecheye_ros_interface/rosidl_typesupport_introspection_c -I/home/inauenma/git/mecheye_ros2_interface/build/mecheye_ros_interface/rosidl_generator_c -isystem /opt/ros/jazzy/include/std_msgs -isystem /opt/ros/jazzy/include/builtin_interfaces -isystem /opt/ros/jazzy/include/rosidl_runtime_c -isystem /opt/ros/jazzy/include/rcutils -isystem /opt/ros/jazzy/include/rosidl_typesupport_interface -isystem /opt/ros/jazzy/include/sensor_msgs -isystem /opt/ros/jazzy/include/geometry_msgs -isystem /opt/ros/jazzy/include/service_msgs -isystem /opt/ros/jazzy/include/rosidl_typesupport_introspection_c -std=gnu11 -fPIC -Wall -MD -MT CMakeFiles/mecheye_ros_interface__rosidl_typesupport_introspection_c.dir/rosidl_typesupport_introspection_c/mecheye_ros_interface/srv/detail/device_info__type_support.c.o -MF CMakeFiles/mecheye_ros_interface__rosidl_typesupport_introspection_c.dir/rosidl_typesupport_introspection_c/mecheye_ros_interface/srv/detail/device_info__type_support.c.o.d -o CMakeFiles/mecheye_ros_interface__rosidl_typesupport_introspection_c.dir/rosidl_typesupport_introspection_c/mecheye_ros_interface/srv/detail/device_info__type_support.c.o -c /home/inauenma/git/mecheye_ros2_interface/build/mecheye_ros_interface/rosidl_typesupport_introspection_c/mecheye_ros_interface/srv/detail/device_info__type_support.c
[50.901s] /usr/bin/c++ -DROSIDL_TYPESUPPORT_INTROSPECTION_CPP_BUILDING_DLL -DROS_PACKAGE_NAME=\"mecheye_ros_interface\" -I/usr/include/eigen3 -I/home/inauenma/git/mecheye_ros2_interface/build/mecheye_ros_interface/rosidl_typesupport_introspection_cpp -I/home/inauenma/git/mecheye_ros2_interface/build/mecheye_ros_interface/rosidl_generator_c -I/home/inauenma/git/mecheye_ros2_interface/build/mecheye_ros_interface/rosidl_generator_cpp -isystem /opt/ros/jazzy/include/std_msgs -isystem /opt/ros/jazzy/include/builtin_interfaces -isystem /opt/ros/jazzy/include/rosidl_runtime_c -isystem /opt/ros/jazzy/include/rcutils -isystem /opt/ros/jazzy/include/rosidl_typesupport_interface -isystem /opt/ros/jazzy/include/sensor_msgs -isystem /opt/ros/jazzy/include/geometry_msgs -isystem /opt/ros/jazzy/include/service_msgs -isystem /opt/ros/jazzy/include/rosidl_runtime_cpp -isystem /opt/ros/jazzy/include/rosidl_typesupport_introspection_cpp -isystem /opt/ros/jazzy/include/rosidl_typesupport_introspection_c -std=gnu++17 -fPIC -Wall -Wextra -Wpedantic -MD -MT CMakeFiles/mecheye_ros_interface__rosidl_typesupport_introspection_cpp.dir/rosidl_typesupport_introspection_cpp/mecheye_ros_interface/srv/detail/set_int_parameter__type_support.cpp.o -MF CMakeFiles/mecheye_ros_interface__rosidl_typesupport_introspection_cpp.dir/rosidl_typesupport_introspection_cpp/mecheye_ros_interface/srv/detail/set_int_parameter__type_support.cpp.o.d -o CMakeFiles/mecheye_ros_interface__rosidl_typesupport_introspection_cpp.dir/rosidl_typesupport_introspection_cpp/mecheye_ros_interface/srv/detail/set_int_parameter__type_support.cpp.o -c /home/inauenma/git/mecheye_ros2_interface/build/mecheye_ros_interface/rosidl_typesupport_introspection_cpp/mecheye_ros_interface/srv/detail/set_int_parameter__type_support.cpp
[50.902s] gmake[2]: Entering directory '/home/inauenma/git/mecheye_ros2_interface/build/mecheye_ros_interface'
[50.924s] [ 58%] Building CXX object CMakeFiles/mecheye_ros_interface__rosidl_typesupport_introspection_cpp.dir/rosidl_typesupport_introspection_cpp/mecheye_ros_interface/srv/detail/get_int_parameter__type_support.cpp.o
[50.933s] /usr/bin/c++ -DROSIDL_TYPESUPPORT_INTROSPECTION_CPP_BUILDING_DLL -DROS_PACKAGE_NAME=\"mecheye_ros_interface\" -I/usr/include/eigen3 -I/home/inauenma/git/mecheye_ros2_interface/build/mecheye_ros_interface/rosidl_typesupport_introspection_cpp -I/home/inauenma/git/mecheye_ros2_interface/build/mecheye_ros_interface/rosidl_generator_c -I/home/inauenma/git/mecheye_ros2_interface/build/mecheye_ros_interface/rosidl_generator_cpp -isystem /opt/ros/jazzy/include/std_msgs -isystem /opt/ros/jazzy/include/builtin_interfaces -isystem /opt/ros/jazzy/include/rosidl_runtime_c -isystem /opt/ros/jazzy/include/rcutils -isystem /opt/ros/jazzy/include/rosidl_typesupport_interface -isystem /opt/ros/jazzy/include/sensor_msgs -isystem /opt/ros/jazzy/include/geometry_msgs -isystem /opt/ros/jazzy/include/service_msgs -isystem /opt/ros/jazzy/include/rosidl_runtime_cpp -isystem /opt/ros/jazzy/include/rosidl_typesupport_introspection_cpp -isystem /opt/ros/jazzy/include/rosidl_typesupport_introspection_c -std=gnu++17 -fPIC -Wall -Wextra -Wpedantic -MD -MT CMakeFiles/mecheye_ros_interface__rosidl_typesupport_introspection_cpp.dir/rosidl_typesupport_introspection_cpp/mecheye_ros_interface/srv/detail/get_int_parameter__type_support.cpp.o -MF CMakeFiles/mecheye_ros_interface__rosidl_typesupport_introspection_cpp.dir/rosidl_typesupport_introspection_cpp/mecheye_ros_interface/srv/detail/get_int_parameter__type_support.cpp.o.d -o CMakeFiles/mecheye_ros_interface__rosidl_typesupport_introspection_cpp.dir/rosidl_typesupport_introspection_cpp/mecheye_ros_interface/srv/detail/get_int_parameter__type_support.cpp.o -c /home/inauenma/git/mecheye_ros2_interface/build/mecheye_ros_interface/rosidl_typesupport_introspection_cpp/mecheye_ros_interface/srv/detail/get_int_parameter__type_support.cpp
[50.947s] [ 59%] Building CXX object CMakeFiles/mecheye_ros_interface__rosidl_typesupport_fastrtps_cpp.dir/rosidl_typesupport_fastrtps_cpp/mecheye_ros_interface/srv/detail/dds_fastrtps/set_current_user_set__type_support.cpp.o
[50.961s] /usr/bin/c++ -DFASTCDR_DYN_LINK -DROSIDL_TYPESUPPORT_FASTRTPS_CPP_BUILDING_DLL_mecheye_ros_interface -DROS_PACKAGE_NAME=\"mecheye_ros_interface\" -I/usr/include/eigen3 -I/home/inauenma/git/mecheye_ros2_interface/build/mecheye_ros_interface/rosidl_typesupport_fastrtps_cpp -I/home/inauenma/git/mecheye_ros2_interface/build/mecheye_ros_interface/rosidl_generator_c -I/home/inauenma/git/mecheye_ros2_interface/build/mecheye_ros_interface/rosidl_generator_cpp -isystem /opt/ros/jazzy/include/fastcdr -isystem /opt/ros/jazzy/include/rmw -isystem /opt/ros/jazzy/include/rcutils -isystem /opt/ros/jazzy/include/rosidl_dynamic_typesupport -isystem /opt/ros/jazzy/include/rosidl_runtime_c -isystem /opt/ros/jazzy/include/rosidl_typesupport_interface -isystem /opt/ros/jazzy/include/rosidl_runtime_cpp -isystem /opt/ros/jazzy/include/rosidl_typesupport_fastrtps_cpp -isystem /opt/ros/jazzy/include/std_msgs -isystem /opt/ros/jazzy/include/builtin_interfaces -isystem /opt/ros/jazzy/include/sensor_msgs -isystem /opt/ros/jazzy/include/geometry_msgs -isystem /opt/ros/jazzy/include/service_msgs -std=gnu++17 -fPIC -Wall -Wextra -Wpedantic -Wredundant-decls -MD -MT CMakeFiles/mecheye_ros_interface__rosidl_typesupport_fastrtps_cpp.dir/rosidl_typesupport_fastrtps_cpp/mecheye_ros_interface/srv/detail/dds_fastrtps/set_current_user_set__type_support.cpp.o -MF CMakeFiles/mecheye_ros_interface__rosidl_typesupport_fastrtps_cpp.dir/rosidl_typesupport_fastrtps_cpp/mecheye_ros_interface/srv/detail/dds_fastrtps/set_current_user_set__type_support.cpp.o.d -o CMakeFiles/mecheye_ros_interface__rosidl_typesupport_fastrtps_cpp.dir/rosidl_typesupport_fastrtps_cpp/mecheye_ros_interface/srv/detail/dds_fastrtps/set_current_user_set__type_support.cpp.o -c /home/inauenma/git/mecheye_ros2_interface/build/mecheye_ros_interface/rosidl_typesupport_fastrtps_cpp/mecheye_ros_interface/srv/detail/dds_fastrtps/set_current_user_set__type_support.cpp
[50.965s] [ 59%] Building CXX object CMakeFiles/mecheye_ros_interface__rosidl_typesupport_fastrtps_cpp.dir/rosidl_typesupport_fastrtps_cpp/mecheye_ros_interface/srv/detail/dds_fastrtps/save_all_settings_to_user_sets__type_support.cpp.o
[50.978s] /usr/bin/c++ -DFASTCDR_DYN_LINK -DROSIDL_TYPESUPPORT_FASTRTPS_CPP_BUILDING_DLL_mecheye_ros_interface -DROS_PACKAGE_NAME=\"mecheye_ros_interface\" -I/usr/include/eigen3 -I/home/inauenma/git/mecheye_ros2_interface/build/mecheye_ros_interface/rosidl_typesupport_fastrtps_cpp -I/home/inauenma/git/mecheye_ros2_interface/build/mecheye_ros_interface/rosidl_generator_c -I/home/inauenma/git/mecheye_ros2_interface/build/mecheye_ros_interface/rosidl_generator_cpp -isystem /opt/ros/jazzy/include/fastcdr -isystem /opt/ros/jazzy/include/rmw -isystem /opt/ros/jazzy/include/rcutils -isystem /opt/ros/jazzy/include/rosidl_dynamic_typesupport -isystem /opt/ros/jazzy/include/rosidl_runtime_c -isystem /opt/ros/jazzy/include/rosidl_typesupport_interface -isystem /opt/ros/jazzy/include/rosidl_runtime_cpp -isystem /opt/ros/jazzy/include/rosidl_typesupport_fastrtps_cpp -isystem /opt/ros/jazzy/include/std_msgs -isystem /opt/ros/jazzy/include/builtin_interfaces -isystem /opt/ros/jazzy/include/sensor_msgs -isystem /opt/ros/jazzy/include/geometry_msgs -isystem /opt/ros/jazzy/include/service_msgs -std=gnu++17 -fPIC -Wall -Wextra -Wpedantic -Wredundant-decls -MD -MT CMakeFiles/mecheye_ros_interface__rosidl_typesupport_fastrtps_cpp.dir/rosidl_typesupport_fastrtps_cpp/mecheye_ros_interface/srv/detail/dds_fastrtps/save_all_settings_to_user_sets__type_support.cpp.o -MF CMakeFiles/mecheye_ros_interface__rosidl_typesupport_fastrtps_cpp.dir/rosidl_typesupport_fastrtps_cpp/mecheye_ros_interface/srv/detail/dds_fastrtps/save_all_settings_to_user_sets__type_support.cpp.o.d -o CMakeFiles/mecheye_ros_interface__rosidl_typesupport_fastrtps_cpp.dir/rosidl_typesupport_fastrtps_cpp/mecheye_ros_interface/srv/detail/dds_fastrtps/save_all_settings_to_user_sets__type_support.cpp.o -c /home/inauenma/git/mecheye_ros2_interface/build/mecheye_ros_interface/rosidl_typesupport_fastrtps_cpp/mecheye_ros_interface/srv/detail/dds_fastrtps/save_all_settings_to_user_sets__type_support.cpp
[50.983s] [ 60%] Building CXX object CMakeFiles/mecheye_ros_interface__rosidl_typesupport_fastrtps_cpp.dir/rosidl_typesupport_fastrtps_cpp/mecheye_ros_interface/srv/detail/dds_fastrtps/capture_color_image__type_support.cpp.o
[50.990s] /usr/bin/c++ -DFASTCDR_DYN_LINK -DROSIDL_TYPESUPPORT_FASTRTPS_CPP_BUILDING_DLL_mecheye_ros_interface -DROS_PACKAGE_NAME=\"mecheye_ros_interface\" -I/usr/include/eigen3 -I/home/inauenma/git/mecheye_ros2_interface/build/mecheye_ros_interface/rosidl_typesupport_fastrtps_cpp -I/home/inauenma/git/mecheye_ros2_interface/build/mecheye_ros_interface/rosidl_generator_c -I/home/inauenma/git/mecheye_ros2_interface/build/mecheye_ros_interface/rosidl_generator_cpp -isystem /opt/ros/jazzy/include/fastcdr -isystem /opt/ros/jazzy/include/rmw -isystem /opt/ros/jazzy/include/rcutils -isystem /opt/ros/jazzy/include/rosidl_dynamic_typesupport -isystem /opt/ros/jazzy/include/rosidl_runtime_c -isystem /opt/ros/jazzy/include/rosidl_typesupport_interface -isystem /opt/ros/jazzy/include/rosidl_runtime_cpp -isystem /opt/ros/jazzy/include/rosidl_typesupport_fastrtps_cpp -isystem /opt/ros/jazzy/include/std_msgs -isystem /opt/ros/jazzy/include/builtin_interfaces -isystem /opt/ros/jazzy/include/sensor_msgs -isystem /opt/ros/jazzy/include/geometry_msgs -isystem /opt/ros/jazzy/include/service_msgs -std=gnu++17 -fPIC -Wall -Wextra -Wpedantic -Wredundant-decls -MD -MT CMakeFiles/mecheye_ros_interface__rosidl_typesupport_fastrtps_cpp.dir/rosidl_typesupport_fastrtps_cpp/mecheye_ros_interface/srv/detail/dds_fastrtps/capture_color_image__type_support.cpp.o -MF CMakeFiles/mecheye_ros_interface__rosidl_typesupport_fastrtps_cpp.dir/rosidl_typesupport_fastrtps_cpp/mecheye_ros_interface/srv/detail/dds_fastrtps/capture_color_image__type_support.cpp.o.d -o CMakeFiles/mecheye_ros_interface__rosidl_typesupport_fastrtps_cpp.dir/rosidl_typesupport_fastrtps_cpp/mecheye_ros_interface/srv/detail/dds_fastrtps/capture_color_image__type_support.cpp.o -c /home/inauenma/git/mecheye_ros2_interface/build/mecheye_ros_interface/rosidl_typesupport_fastrtps_cpp/mecheye_ros_interface/srv/detail/dds_fastrtps/capture_color_image__type_support.cpp
[50.993s] [ 60%] Building CXX object CMakeFiles/mecheye_ros_interface__rosidl_typesupport_fastrtps_cpp.dir/rosidl_typesupport_fastrtps_cpp/mecheye_ros_interface/srv/detail/dds_fastrtps/add_user_set__type_support.cpp.o
[50.998s] /usr/bin/c++ -DFASTCDR_DYN_LINK -DROSIDL_TYPESUPPORT_FASTRTPS_CPP_BUILDING_DLL_mecheye_ros_interface -DROS_PACKAGE_NAME=\"mecheye_ros_interface\" -I/usr/include/eigen3 -I/home/inauenma/git/mecheye_ros2_interface/build/mecheye_ros_interface/rosidl_typesupport_fastrtps_cpp -I/home/inauenma/git/mecheye_ros2_interface/build/mecheye_ros_interface/rosidl_generator_c -I/home/inauenma/git/mecheye_ros2_interface/build/mecheye_ros_interface/rosidl_generator_cpp -isystem /opt/ros/jazzy/include/fastcdr -isystem /opt/ros/jazzy/include/rmw -isystem /opt/ros/jazzy/include/rcutils -isystem /opt/ros/jazzy/include/rosidl_dynamic_typesupport -isystem /opt/ros/jazzy/include/rosidl_runtime_c -isystem /opt/ros/jazzy/include/rosidl_typesupport_interface -isystem /opt/ros/jazzy/include/rosidl_runtime_cpp -isystem /opt/ros/jazzy/include/rosidl_typesupport_fastrtps_cpp -isystem /opt/ros/jazzy/include/std_msgs -isystem /opt/ros/jazzy/include/builtin_interfaces -isystem /opt/ros/jazzy/include/sensor_msgs -isystem /opt/ros/jazzy/include/geometry_msgs -isystem /opt/ros/jazzy/include/service_msgs -std=gnu++17 -fPIC -Wall -Wextra -Wpedantic -Wredundant-decls -MD -MT CMakeFiles/mecheye_ros_interface__rosidl_typesupport_fastrtps_cpp.dir/rosidl_typesupport_fastrtps_cpp/mecheye_ros_interface/srv/detail/dds_fastrtps/add_user_set__type_support.cpp.o -MF CMakeFiles/mecheye_ros_interface__rosidl_typesupport_fastrtps_cpp.dir/rosidl_typesupport_fastrtps_cpp/mecheye_ros_interface/srv/detail/dds_fastrtps/add_user_set__type_support.cpp.o.d -o CMakeFiles/mecheye_ros_interface__rosidl_typesupport_fastrtps_cpp.dir/rosidl_typesupport_fastrtps_cpp/mecheye_ros_interface/srv/detail/dds_fastrtps/add_user_set__type_support.cpp.o -c /home/inauenma/git/mecheye_ros2_interface/build/mecheye_ros_interface/rosidl_typesupport_fastrtps_cpp/mecheye_ros_interface/srv/detail/dds_fastrtps/add_user_set__type_support.cpp
[51.013s] [ 60%] Building CXX object CMakeFiles/mecheye_ros_interface__rosidl_typesupport_introspection_cpp.dir/rosidl_typesupport_introspection_cpp/mecheye_ros_interface/srv/detail/set_range_parameter__type_support.cpp.o
[51.013s] /usr/bin/c++ -DROSIDL_TYPESUPPORT_INTROSPECTION_CPP_BUILDING_DLL -DROS_PACKAGE_NAME=\"mecheye_ros_interface\" -I/usr/include/eigen3 -I/home/inauenma/git/mecheye_ros2_interface/build/mecheye_ros_interface/rosidl_typesupport_introspection_cpp -I/home/inauenma/git/mecheye_ros2_interface/build/mecheye_ros_interface/rosidl_generator_c -I/home/inauenma/git/mecheye_ros2_interface/build/mecheye_ros_interface/rosidl_generator_cpp -isystem /opt/ros/jazzy/include/std_msgs -isystem /opt/ros/jazzy/include/builtin_interfaces -isystem /opt/ros/jazzy/include/rosidl_runtime_c -isystem /opt/ros/jazzy/include/rcutils -isystem /opt/ros/jazzy/include/rosidl_typesupport_interface -isystem /opt/ros/jazzy/include/sensor_msgs -isystem /opt/ros/jazzy/include/geometry_msgs -isystem /opt/ros/jazzy/include/service_msgs -isystem /opt/ros/jazzy/include/rosidl_runtime_cpp -isystem /opt/ros/jazzy/include/rosidl_typesupport_introspection_cpp -isystem /opt/ros/jazzy/include/rosidl_typesupport_introspection_c -std=gnu++17 -fPIC -Wall -Wextra -Wpedantic -MD -MT CMakeFiles/mecheye_ros_interface__rosidl_typesupport_introspection_cpp.dir/rosidl_typesupport_introspection_cpp/mecheye_ros_interface/srv/detail/set_range_parameter__type_support.cpp.o -MF CMakeFiles/mecheye_ros_interface__rosidl_typesupport_introspection_cpp.dir/rosidl_typesupport_introspection_cpp/mecheye_ros_interface/srv/detail/set_range_parameter__type_support.cpp.o.d -o CMakeFiles/mecheye_ros_interface__rosidl_typesupport_introspection_cpp.dir/rosidl_typesupport_introspection_cpp/mecheye_ros_interface/srv/detail/set_range_parameter__type_support.cpp.o -c /home/inauenma/git/mecheye_ros2_interface/build/mecheye_ros_interface/rosidl_typesupport_introspection_cpp/mecheye_ros_interface/srv/detail/set_range_parameter__type_support.cpp
[51.041s] [ 61%] Building CXX object CMakeFiles/mecheye_ros_interface__rosidl_typesupport_introspection_cpp.dir/rosidl_typesupport_introspection_cpp/mecheye_ros_interface/srv/detail/get_range_parameter__type_support.cpp.o
[51.048s] /usr/bin/c++ -DROSIDL_TYPESUPPORT_INTROSPECTION_CPP_BUILDING_DLL -DROS_PACKAGE_NAME=\"mecheye_ros_interface\" -I/usr/include/eigen3 -I/home/inauenma/git/mecheye_ros2_interface/build/mecheye_ros_interface/rosidl_typesupport_introspection_cpp -I/home/inauenma/git/mecheye_ros2_interface/build/mecheye_ros_interface/rosidl_generator_c -I/home/inauenma/git/mecheye_ros2_interface/build/mecheye_ros_interface/rosidl_generator_cpp -isystem /opt/ros/jazzy/include/std_msgs -isystem /opt/ros/jazzy/include/builtin_interfaces -isystem /opt/ros/jazzy/include/rosidl_runtime_c -isystem /opt/ros/jazzy/include/rcutils -isystem /opt/ros/jazzy/include/rosidl_typesupport_interface -isystem /opt/ros/jazzy/include/sensor_msgs -isystem /opt/ros/jazzy/include/geometry_msgs -isystem /opt/ros/jazzy/include/service_msgs -isystem /opt/ros/jazzy/include/rosidl_runtime_cpp -isystem /opt/ros/jazzy/include/rosidl_typesupport_introspection_cpp -isystem /opt/ros/jazzy/include/rosidl_typesupport_introspection_c -std=gnu++17 -fPIC -Wall -Wextra -Wpedantic -MD -MT CMakeFiles/mecheye_ros_interface__rosidl_typesupport_introspection_cpp.dir/rosidl_typesupport_introspection_cpp/mecheye_ros_interface/srv/detail/get_range_parameter__type_support.cpp.o -MF CMakeFiles/mecheye_ros_interface__rosidl_typesupport_introspection_cpp.dir/rosidl_typesupport_introspection_cpp/mecheye_ros_interface/srv/detail/get_range_parameter__type_support.cpp.o.d -o CMakeFiles/mecheye_ros_interface__rosidl_typesupport_introspection_cpp.dir/rosidl_typesupport_introspection_cpp/mecheye_ros_interface/srv/detail/get_range_parameter__type_support.cpp.o -c /home/inauenma/git/mecheye_ros2_interface/build/mecheye_ros_interface/rosidl_typesupport_introspection_cpp/mecheye_ros_interface/srv/detail/get_range_parameter__type_support.cpp
[51.054s] gmake[2]: Leaving directory '/home/inauenma/git/mecheye_ros2_interface/build/mecheye_ros_interface'
[51.088s] [ 61%] Built target mecheye_ros_interface__rosidl_typesupport_cpp
[51.134s] [ 61%] Building C object CMakeFiles/mecheye_ros_interface__rosidl_typesupport_introspection_c.dir/rosidl_typesupport_introspection_c/mecheye_ros_interface/srv/detail/get_current_user_set__type_support.c.o
[51.146s] /usr/bin/cc -DROSIDL_TYPESUPPORT_INTROSPECTION_C_BUILDING_DLL_mecheye_ros_interface -DROS_PACKAGE_NAME=\"mecheye_ros_interface\" -I/usr/include/eigen3 -I/home/inauenma/git/mecheye_ros2_interface/build/mecheye_ros_interface/rosidl_typesupport_introspection_c -I/home/inauenma/git/mecheye_ros2_interface/build/mecheye_ros_interface/rosidl_generator_c -isystem /opt/ros/jazzy/include/std_msgs -isystem /opt/ros/jazzy/include/builtin_interfaces -isystem /opt/ros/jazzy/include/rosidl_runtime_c -isystem /opt/ros/jazzy/include/rcutils -isystem /opt/ros/jazzy/include/rosidl_typesupport_interface -isystem /opt/ros/jazzy/include/sensor_msgs -isystem /opt/ros/jazzy/include/geometry_msgs -isystem /opt/ros/jazzy/include/service_msgs -isystem /opt/ros/jazzy/include/rosidl_typesupport_introspection_c -std=gnu11 -fPIC -Wall -MD -MT CMakeFiles/mecheye_ros_interface__rosidl_typesupport_introspection_c.dir/rosidl_typesupport_introspection_c/mecheye_ros_interface/srv/detail/get_current_user_set__type_support.c.o -MF CMakeFiles/mecheye_ros_interface__rosidl_typesupport_introspection_c.dir/rosidl_typesupport_introspection_c/mecheye_ros_interface/srv/detail/get_current_user_set__type_support.c.o.d -o CMakeFiles/mecheye_ros_interface__rosidl_typesupport_introspection_c.dir/rosidl_typesupport_introspection_c/mecheye_ros_interface/srv/detail/get_current_user_set__type_support.c.o -c /home/inauenma/git/mecheye_ros2_interface/build/mecheye_ros_interface/rosidl_typesupport_introspection_c/mecheye_ros_interface/srv/detail/get_current_user_set__type_support.c
[51.148s] /usr/bin/gmake  -f CMakeFiles/start.dir/build.make CMakeFiles/start.dir/depend
[51.158s] gmake[2]: Entering directory '/home/inauenma/git/mecheye_ros2_interface/build/mecheye_ros_interface'
[51.158s] cd /home/inauenma/git/mecheye_ros2_interface/build/mecheye_ros_interface && /usr/bin/cmake -E cmake_depends "Unix Makefiles" /home/inauenma/git/mecheye_ros2_interface /home/inauenma/git/mecheye_ros2_interface /home/inauenma/git/mecheye_ros2_interface/build/mecheye_ros_interface /home/inauenma/git/mecheye_ros2_interface/build/mecheye_ros_interface /home/inauenma/git/mecheye_ros2_interface/build/mecheye_ros_interface/CMakeFiles/start.dir/DependInfo.cmake "--color="
[51.239s] gmake[2]: Leaving directory '/home/inauenma/git/mecheye_ros2_interface/build/mecheye_ros_interface'
[51.241s] /usr/bin/gmake  -f CMakeFiles/start.dir/build.make CMakeFiles/start.dir/build
[51.249s] [ 61%] Building CXX object CMakeFiles/mecheye_ros_interface__rosidl_typesupport_fastrtps_cpp.dir/rosidl_typesupport_fastrtps_cpp/mecheye_ros_interface/srv/detail/dds_fastrtps/capture_stereo_color_images__type_support.cpp.o
[51.249s] /usr/bin/c++ -DFASTCDR_DYN_LINK -DROSIDL_TYPESUPPORT_FASTRTPS_CPP_BUILDING_DLL_mecheye_ros_interface -DROS_PACKAGE_NAME=\"mecheye_ros_interface\" -I/usr/include/eigen3 -I/home/inauenma/git/mecheye_ros2_interface/build/mecheye_ros_interface/rosidl_typesupport_fastrtps_cpp -I/home/inauenma/git/mecheye_ros2_interface/build/mecheye_ros_interface/rosidl_generator_c -I/home/inauenma/git/mecheye_ros2_interface/build/mecheye_ros_interface/rosidl_generator_cpp -isystem /opt/ros/jazzy/include/fastcdr -isystem /opt/ros/jazzy/include/rmw -isystem /opt/ros/jazzy/include/rcutils -isystem /opt/ros/jazzy/include/rosidl_dynamic_typesupport -isystem /opt/ros/jazzy/include/rosidl_runtime_c -isystem /opt/ros/jazzy/include/rosidl_typesupport_interface -isystem /opt/ros/jazzy/include/rosidl_runtime_cpp -isystem /opt/ros/jazzy/include/rosidl_typesupport_fastrtps_cpp -isystem /opt/ros/jazzy/include/std_msgs -isystem /opt/ros/jazzy/include/builtin_interfaces -isystem /opt/ros/jazzy/include/sensor_msgs -isystem /opt/ros/jazzy/include/geometry_msgs -isystem /opt/ros/jazzy/include/service_msgs -std=gnu++17 -fPIC -Wall -Wextra -Wpedantic -Wredundant-decls -MD -MT CMakeFiles/mecheye_ros_interface__rosidl_typesupport_fastrtps_cpp.dir/rosidl_typesupport_fastrtps_cpp/mecheye_ros_interface/srv/detail/dds_fastrtps/capture_stereo_color_images__type_support.cpp.o -MF CMakeFiles/mecheye_ros_interface__rosidl_typesupport_fastrtps_cpp.dir/rosidl_typesupport_fastrtps_cpp/mecheye_ros_interface/srv/detail/dds_fastrtps/capture_stereo_color_images__type_support.cpp.o.d -o CMakeFiles/mecheye_ros_interface__rosidl_typesupport_fastrtps_cpp.dir/rosidl_typesupport_fastrtps_cpp/mecheye_ros_interface/srv/detail/dds_fastrtps/capture_stereo_color_images__type_support.cpp.o -c /home/inauenma/git/mecheye_ros2_interface/build/mecheye_ros_interface/rosidl_typesupport_fastrtps_cpp/mecheye_ros_interface/srv/detail/dds_fastrtps/capture_stereo_color_images__type_support.cpp
[51.251s] gmake[2]: Entering directory '/home/inauenma/git/mecheye_ros2_interface/build/mecheye_ros_interface'
[51.317s] [ 62%] Building CXX object CMakeFiles/start.dir/src/MechMindCamera.cpp.o
[51.320s] /usr/bin/c++ -DBOOST_ATOMIC_DYN_LINK -DBOOST_ATOMIC_NO_LIB -DBOOST_FILESYSTEM_DYN_LINK -DBOOST_FILESYSTEM_NO_LIB -DBOOST_IOSTREAMS_DYN_LINK -DBOOST_IOSTREAMS_NO_LIB -DBOOST_SERIALIZATION_DYN_LINK -DBOOST_SERIALIZATION_NO_LIB -DBOOST_SYSTEM_DYN_LINK -DBOOST_SYSTEM_NO_LIB -DDEFAULT_RMW_IMPLEMENTATION=rmw_fastrtps_cpp -DEIGEN_HAS_CXX17_OVERALIGN=0 -DFASTCDR_DYN_LINK -DQT_CORE_LIB -DQT_GUI_LIB -DQT_NO_DEBUG -DQT_OPENGL_LIB -DQT_WIDGETS_LIB -DROS_PACKAGE_NAME=\"mecheye_ros_interface\" -Dkiss_fft_scalar=double -I/home/inauenma/git/mecheye_ros2_interface/include -I/home/inauenma/git/mecheye_ros2_interface/build/mecheye_ros_interface -I/opt/mech-mind/mech-eye-sdk/include -I/opt/ros/jazzy/include/pcl_conversions -I/home/inauenma/git/mecheye_ros2_interface/build/mecheye_ros_interface/rosidl_generator_c -I/home/inauenma/git/mecheye_ros2_interface/build/mecheye_ros_interface/rosidl_generator_cpp -isystem /usr/include/eigen3 -isystem /usr/include/opencv4 -isystem /usr/include/pcl-1.14 -isystem /usr/include/ni -isystem /usr/include/openni2 -isystem /opt/ros/jazzy/include/cv_bridge -isystem /opt/ros/jazzy/include/image_transport -isystem /opt/ros/jazzy/include/rclcpp -isystem /opt/ros/jazzy/include/sensor_msgs -isystem /opt/ros/jazzy/include/std_msgs -isystem /opt/ros/jazzy/include/tf2 -isystem /opt/ros/jazzy/include/message_filters -isystem /opt/ros/jazzy/include/pcl_msgs -isystem /opt/ros/jazzy/include/builtin_interfaces -isystem /opt/ros/jazzy/include/rosidl_runtime_c -isystem /opt/ros/jazzy/include/rcutils -isystem /opt/ros/jazzy/include/rosidl_typesupport_interface -isystem /opt/ros/jazzy/include/geometry_msgs -isystem /opt/ros/jazzy/include/service_msgs -isystem /opt/ros/jazzy/include/fastcdr -isystem /opt/ros/jazzy/include/rosidl_runtime_cpp -isystem /opt/ros/jazzy/include/rosidl_typesupport_fastrtps_cpp -isystem /opt/ros/jazzy/include/rmw -isystem /opt/ros/jazzy/include/rosidl_dynamic_typesupport -isystem /opt/ros/jazzy/include/rosidl_typesupport_fastrtps_c -isystem /opt/ros/jazzy/include/rosidl_typesupport_introspection_c -isystem /opt/ros/jazzy/include/rosidl_typesupport_introspection_cpp -isystem /opt/ros/jazzy/include/libstatistics_collector -isystem /opt/ros/jazzy/include/rcl -isystem /opt/ros/jazzy/include/rcl_interfaces -isystem /opt/ros/jazzy/include/rcl_logging_interface -isystem /opt/ros/jazzy/include/rcl_yaml_param_parser -isystem /opt/ros/jazzy/include/type_description_interfaces -isystem /opt/ros/jazzy/include/rcpputils -isystem /opt/ros/jazzy/include/statistics_msgs -isystem /opt/ros/jazzy/include/rosgraph_msgs -isystem /opt/ros/jazzy/include/rosidl_typesupport_cpp -isystem /opt/ros/jazzy/include/rosidl_typesupport_c -isystem /opt/ros/jazzy/include/tracetools -isystem /usr/include/vtk-9.1 -isystem /usr/include/jsoncpp -isystem /usr/include/freetype2 -isystem /usr/include/x86_64-linux-gnu/qt5 -isystem /usr/include/x86_64-linux-gnu/qt5/QtOpenGL -isystem /usr/include/x86_64-linux-gnu/qt5/QtWidgets -isystem /usr/include/x86_64-linux-gnu/qt5/QtGui -isystem /usr/include/x86_64-linux-gnu/qt5/QtCore -isystem /usr/lib/x86_64-linux-gnu/qt5/mkspecs/linux-g++ -std=gnu++17 -fopenmp -fPIC -MD -MT CMakeFiles/start.dir/src/MechMindCamera.cpp.o -MF CMakeFiles/start.dir/src/MechMindCamera.cpp.o.d -o CMakeFiles/start.dir/src/MechMindCamera.cpp.o -c /home/inauenma/git/mecheye_ros2_interface/src/MechMindCamera.cpp
[51.345s] [ 63%] Building C object CMakeFiles/mecheye_ros_interface__rosidl_typesupport_introspection_c.dir/rosidl_typesupport_introspection_c/mecheye_ros_interface/srv/detail/set_int_parameter__type_support.c.o
[51.348s] /usr/bin/cc -DROSIDL_TYPESUPPORT_INTROSPECTION_C_BUILDING_DLL_mecheye_ros_interface -DROS_PACKAGE_NAME=\"mecheye_ros_interface\" -I/usr/include/eigen3 -I/home/inauenma/git/mecheye_ros2_interface/build/mecheye_ros_interface/rosidl_typesupport_introspection_c -I/home/inauenma/git/mecheye_ros2_interface/build/mecheye_ros_interface/rosidl_generator_c -isystem /opt/ros/jazzy/include/std_msgs -isystem /opt/ros/jazzy/include/builtin_interfaces -isystem /opt/ros/jazzy/include/rosidl_runtime_c -isystem /opt/ros/jazzy/include/rcutils -isystem /opt/ros/jazzy/include/rosidl_typesupport_interface -isystem /opt/ros/jazzy/include/sensor_msgs -isystem /opt/ros/jazzy/include/geometry_msgs -isystem /opt/ros/jazzy/include/service_msgs -isystem /opt/ros/jazzy/include/rosidl_typesupport_introspection_c -std=gnu11 -fPIC -Wall -MD -MT CMakeFiles/mecheye_ros_interface__rosidl_typesupport_introspection_c.dir/rosidl_typesupport_introspection_c/mecheye_ros_interface/srv/detail/set_int_parameter__type_support.c.o -MF CMakeFiles/mecheye_ros_interface__rosidl_typesupport_introspection_c.dir/rosidl_typesupport_introspection_c/mecheye_ros_interface/srv/detail/set_int_parameter__type_support.c.o.d -o CMakeFiles/mecheye_ros_interface__rosidl_typesupport_introspection_c.dir/rosidl_typesupport_introspection_c/mecheye_ros_interface/srv/detail/set_int_parameter__type_support.c.o -c /home/inauenma/git/mecheye_ros2_interface/build/mecheye_ros_interface/rosidl_typesupport_introspection_c/mecheye_ros_interface/srv/detail/set_int_parameter__type_support.c
[51.374s] [ 64%] Building CXX object CMakeFiles/mecheye_ros_interface__rosidl_typesupport_fastrtps_cpp.dir/rosidl_typesupport_fastrtps_cpp/mecheye_ros_interface/srv/detail/dds_fastrtps/capture_textured_point_cloud__type_support.cpp.o
[51.382s] /usr/bin/c++ -DFASTCDR_DYN_LINK -DROSIDL_TYPESUPPORT_FASTRTPS_CPP_BUILDING_DLL_mecheye_ros_interface -DROS_PACKAGE_NAME=\"mecheye_ros_interface\" -I/usr/include/eigen3 -I/home/inauenma/git/mecheye_ros2_interface/build/mecheye_ros_interface/rosidl_typesupport_fastrtps_cpp -I/home/inauenma/git/mecheye_ros2_interface/build/mecheye_ros_interface/rosidl_generator_c -I/home/inauenma/git/mecheye_ros2_interface/build/mecheye_ros_interface/rosidl_generator_cpp -isystem /opt/ros/jazzy/include/fastcdr -isystem /opt/ros/jazzy/include/rmw -isystem /opt/ros/jazzy/include/rcutils -isystem /opt/ros/jazzy/include/rosidl_dynamic_typesupport -isystem /opt/ros/jazzy/include/rosidl_runtime_c -isystem /opt/ros/jazzy/include/rosidl_typesupport_interface -isystem /opt/ros/jazzy/include/rosidl_runtime_cpp -isystem /opt/ros/jazzy/include/rosidl_typesupport_fastrtps_cpp -isystem /opt/ros/jazzy/include/std_msgs -isystem /opt/ros/jazzy/include/builtin_interfaces -isystem /opt/ros/jazzy/include/sensor_msgs -isystem /opt/ros/jazzy/include/geometry_msgs -isystem /opt/ros/jazzy/include/service_msgs -std=gnu++17 -fPIC -Wall -Wextra -Wpedantic -Wredundant-decls -MD -MT CMakeFiles/mecheye_ros_interface__rosidl_typesupport_fastrtps_cpp.dir/rosidl_typesupport_fastrtps_cpp/mecheye_ros_interface/srv/detail/dds_fastrtps/capture_textured_point_cloud__type_support.cpp.o -MF CMakeFiles/mecheye_ros_interface__rosidl_typesupport_fastrtps_cpp.dir/rosidl_typesupport_fastrtps_cpp/mecheye_ros_interface/srv/detail/dds_fastrtps/capture_textured_point_cloud__type_support.cpp.o.d -o CMakeFiles/mecheye_ros_interface__rosidl_typesupport_fastrtps_cpp.dir/rosidl_typesupport_fastrtps_cpp/mecheye_ros_interface/srv/detail/dds_fastrtps/capture_textured_point_cloud__type_support.cpp.o -c /home/inauenma/git/mecheye_ros2_interface/build/mecheye_ros_interface/rosidl_typesupport_fastrtps_cpp/mecheye_ros_interface/srv/detail/dds_fastrtps/capture_textured_point_cloud__type_support.cpp
[51.527s] [ 64%] Building C object CMakeFiles/mecheye_ros_interface__rosidl_typesupport_introspection_c.dir/rosidl_typesupport_introspection_c/mecheye_ros_interface/srv/detail/set_range_parameter__type_support.c.o
[51.533s] /usr/bin/cc -DROSIDL_TYPESUPPORT_INTROSPECTION_C_BUILDING_DLL_mecheye_ros_interface -DROS_PACKAGE_NAME=\"mecheye_ros_interface\" -I/usr/include/eigen3 -I/home/inauenma/git/mecheye_ros2_interface/build/mecheye_ros_interface/rosidl_typesupport_introspection_c -I/home/inauenma/git/mecheye_ros2_interface/build/mecheye_ros_interface/rosidl_generator_c -isystem /opt/ros/jazzy/include/std_msgs -isystem /opt/ros/jazzy/include/builtin_interfaces -isystem /opt/ros/jazzy/include/rosidl_runtime_c -isystem /opt/ros/jazzy/include/rcutils -isystem /opt/ros/jazzy/include/rosidl_typesupport_interface -isystem /opt/ros/jazzy/include/sensor_msgs -isystem /opt/ros/jazzy/include/geometry_msgs -isystem /opt/ros/jazzy/include/service_msgs -isystem /opt/ros/jazzy/include/rosidl_typesupport_introspection_c -std=gnu11 -fPIC -Wall -MD -MT CMakeFiles/mecheye_ros_interface__rosidl_typesupport_introspection_c.dir/rosidl_typesupport_introspection_c/mecheye_ros_interface/srv/detail/set_range_parameter__type_support.c.o -MF CMakeFiles/mecheye_ros_interface__rosidl_typesupport_introspection_c.dir/rosidl_typesupport_introspection_c/mecheye_ros_interface/srv/detail/set_range_parameter__type_support.c.o.d -o CMakeFiles/mecheye_ros_interface__rosidl_typesupport_introspection_c.dir/rosidl_typesupport_introspection_c/mecheye_ros_interface/srv/detail/set_range_parameter__type_support.c.o -c /home/inauenma/git/mecheye_ros2_interface/build/mecheye_ros_interface/rosidl_typesupport_introspection_c/mecheye_ros_interface/srv/detail/set_range_parameter__type_support.c
[51.534s] [ 64%] Building C object CMakeFiles/mecheye_ros_interface__rosidl_typesupport_introspection_c.dir/rosidl_typesupport_introspection_c/mecheye_ros_interface/srv/detail/get_int_parameter__type_support.c.o
[51.534s] /usr/bin/cc -DROSIDL_TYPESUPPORT_INTROSPECTION_C_BUILDING_DLL_mecheye_ros_interface -DROS_PACKAGE_NAME=\"mecheye_ros_interface\" -I/usr/include/eigen3 -I/home/inauenma/git/mecheye_ros2_interface/build/mecheye_ros_interface/rosidl_typesupport_introspection_c -I/home/inauenma/git/mecheye_ros2_interface/build/mecheye_ros_interface/rosidl_generator_c -isystem /opt/ros/jazzy/include/std_msgs -isystem /opt/ros/jazzy/include/builtin_interfaces -isystem /opt/ros/jazzy/include/rosidl_runtime_c -isystem /opt/ros/jazzy/include/rcutils -isystem /opt/ros/jazzy/include/rosidl_typesupport_interface -isystem /opt/ros/jazzy/include/sensor_msgs -isystem /opt/ros/jazzy/include/geometry_msgs -isystem /opt/ros/jazzy/include/service_msgs -isystem /opt/ros/jazzy/include/rosidl_typesupport_introspection_c -std=gnu11 -fPIC -Wall -MD -MT CMakeFiles/mecheye_ros_interface__rosidl_typesupport_introspection_c.dir/rosidl_typesupport_introspection_c/mecheye_ros_interface/srv/detail/get_int_parameter__type_support.c.o -MF CMakeFiles/mecheye_ros_interface__rosidl_typesupport_introspection_c.dir/rosidl_typesupport_introspection_c/mecheye_ros_interface/srv/detail/get_int_parameter__type_support.c.o.d -o CMakeFiles/mecheye_ros_interface__rosidl_typesupport_introspection_c.dir/rosidl_typesupport_introspection_c/mecheye_ros_interface/srv/detail/get_int_parameter__type_support.c.o -c /home/inauenma/git/mecheye_ros2_interface/build/mecheye_ros_interface/rosidl_typesupport_introspection_c/mecheye_ros_interface/srv/detail/get_int_parameter__type_support.c
[51.678s] [ 64%] Building CXX object CMakeFiles/mecheye_ros_interface__rosidl_typesupport_introspection_cpp.dir/rosidl_typesupport_introspection_cpp/mecheye_ros_interface/srv/detail/set_bool_parameter__type_support.cpp.o
[51.679s] /usr/bin/c++ -DROSIDL_TYPESUPPORT_INTROSPECTION_CPP_BUILDING_DLL -DROS_PACKAGE_NAME=\"mecheye_ros_interface\" -I/usr/include/eigen3 -I/home/inauenma/git/mecheye_ros2_interface/build/mecheye_ros_interface/rosidl_typesupport_introspection_cpp -I/home/inauenma/git/mecheye_ros2_interface/build/mecheye_ros_interface/rosidl_generator_c -I/home/inauenma/git/mecheye_ros2_interface/build/mecheye_ros_interface/rosidl_generator_cpp -isystem /opt/ros/jazzy/include/std_msgs -isystem /opt/ros/jazzy/include/builtin_interfaces -isystem /opt/ros/jazzy/include/rosidl_runtime_c -isystem /opt/ros/jazzy/include/rcutils -isystem /opt/ros/jazzy/include/rosidl_typesupport_interface -isystem /opt/ros/jazzy/include/sensor_msgs -isystem /opt/ros/jazzy/include/geometry_msgs -isystem /opt/ros/jazzy/include/service_msgs -isystem /opt/ros/jazzy/include/rosidl_runtime_cpp -isystem /opt/ros/jazzy/include/rosidl_typesupport_introspection_cpp -isystem /opt/ros/jazzy/include/rosidl_typesupport_introspection_c -std=gnu++17 -fPIC -Wall -Wextra -Wpedantic -MD -MT CMakeFiles/mecheye_ros_interface__rosidl_typesupport_introspection_cpp.dir/rosidl_typesupport_introspection_cpp/mecheye_ros_interface/srv/detail/set_bool_parameter__type_support.cpp.o -MF CMakeFiles/mecheye_ros_interface__rosidl_typesupport_introspection_cpp.dir/rosidl_typesupport_introspection_cpp/mecheye_ros_interface/srv/detail/set_bool_parameter__type_support.cpp.o.d -o CMakeFiles/mecheye_ros_interface__rosidl_typesupport_introspection_cpp.dir/rosidl_typesupport_introspection_cpp/mecheye_ros_interface/srv/detail/set_bool_parameter__type_support.cpp.o -c /home/inauenma/git/mecheye_ros2_interface/build/mecheye_ros_interface/rosidl_typesupport_introspection_cpp/mecheye_ros_interface/srv/detail/set_bool_parameter__type_support.cpp
[51.721s] cd /home/inauenma/git/mecheye_ros2_interface/build/mecheye_ros_interface && /usr/bin/cmake -E cmake_depends "Unix Makefiles" /home/inauenma/git/mecheye_ros2_interface /home/inauenma/git/mecheye_ros2_interface /home/inauenma/git/mecheye_ros2_interface/build/mecheye_ros_interface /home/inauenma/git/mecheye_ros2_interface/build/mecheye_ros_interface /home/inauenma/git/mecheye_ros2_interface/build/mecheye_ros_interface/CMakeFiles/mecheye_ros_interface__rosidl_typesupport_fastrtps_c.dir/DependInfo.cmake "--color="
[51.744s] [ 65%] Building C object CMakeFiles/mecheye_ros_interface__rosidl_typesupport_introspection_c.dir/rosidl_typesupport_introspection_c/mecheye_ros_interface/srv/detail/get_range_parameter__type_support.c.o
[51.750s] /usr/bin/cc -DROSIDL_TYPESUPPORT_INTROSPECTION_C_BUILDING_DLL_mecheye_ros_interface -DROS_PACKAGE_NAME=\"mecheye_ros_interface\" -I/usr/include/eigen3 -I/home/inauenma/git/mecheye_ros2_interface/build/mecheye_ros_interface/rosidl_typesupport_introspection_c -I/home/inauenma/git/mecheye_ros2_interface/build/mecheye_ros_interface/rosidl_generator_c -isystem /opt/ros/jazzy/include/std_msgs -isystem /opt/ros/jazzy/include/builtin_interfaces -isystem /opt/ros/jazzy/include/rosidl_runtime_c -isystem /opt/ros/jazzy/include/rcutils -isystem /opt/ros/jazzy/include/rosidl_typesupport_interface -isystem /opt/ros/jazzy/include/sensor_msgs -isystem /opt/ros/jazzy/include/geometry_msgs -isystem /opt/ros/jazzy/include/service_msgs -isystem /opt/ros/jazzy/include/rosidl_typesupport_introspection_c -std=gnu11 -fPIC -Wall -MD -MT CMakeFiles/mecheye_ros_interface__rosidl_typesupport_introspection_c.dir/rosidl_typesupport_introspection_c/mecheye_ros_interface/srv/detail/get_range_parameter__type_support.c.o -MF CMakeFiles/mecheye_ros_interface__rosidl_typesupport_introspection_c.dir/rosidl_typesupport_introspection_c/mecheye_ros_interface/srv/detail/get_range_parameter__type_support.c.o.d -o CMakeFiles/mecheye_ros_interface__rosidl_typesupport_introspection_c.dir/rosidl_typesupport_introspection_c/mecheye_ros_interface/srv/detail/get_range_parameter__type_support.c.o -c /home/inauenma/git/mecheye_ros2_interface/build/mecheye_ros_interface/rosidl_typesupport_introspection_c/mecheye_ros_interface/srv/detail/get_range_parameter__type_support.c
[51.805s] gmake[2]: Leaving directory '/home/inauenma/git/mecheye_ros2_interface/build/mecheye_ros_interface'
[51.806s] /usr/bin/gmake  -f CMakeFiles/mecheye_ros_interface__rosidl_typesupport_fastrtps_c.dir/build.make CMakeFiles/mecheye_ros_interface__rosidl_typesupport_fastrtps_c.dir/build
[51.825s] gmake[2]: Entering directory '/home/inauenma/git/mecheye_ros2_interface/build/mecheye_ros_interface'
[51.854s] [ 65%] Building C object CMakeFiles/mecheye_ros_interface__rosidl_typesupport_introspection_c.dir/rosidl_typesupport_introspection_c/mecheye_ros_interface/srv/detail/set_bool_parameter__type_support.c.o
[51.869s] /usr/bin/cc -DROSIDL_TYPESUPPORT_INTROSPECTION_C_BUILDING_DLL_mecheye_ros_interface -DROS_PACKAGE_NAME=\"mecheye_ros_interface\" -I/usr/include/eigen3 -I/home/inauenma/git/mecheye_ros2_interface/build/mecheye_ros_interface/rosidl_typesupport_introspection_c -I/home/inauenma/git/mecheye_ros2_interface/build/mecheye_ros_interface/rosidl_generator_c -isystem /opt/ros/jazzy/include/std_msgs -isystem /opt/ros/jazzy/include/builtin_interfaces -isystem /opt/ros/jazzy/include/rosidl_runtime_c -isystem /opt/ros/jazzy/include/rcutils -isystem /opt/ros/jazzy/include/rosidl_typesupport_interface -isystem /opt/ros/jazzy/include/sensor_msgs -isystem /opt/ros/jazzy/include/geometry_msgs -isystem /opt/ros/jazzy/include/service_msgs -isystem /opt/ros/jazzy/include/rosidl_typesupport_introspection_c -std=gnu11 -fPIC -Wall -MD -MT CMakeFiles/mecheye_ros_interface__rosidl_typesupport_introspection_c.dir/rosidl_typesupport_introspection_c/mecheye_ros_interface/srv/detail/set_bool_parameter__type_support.c.o -MF CMakeFiles/mecheye_ros_interface__rosidl_typesupport_introspection_c.dir/rosidl_typesupport_introspection_c/mecheye_ros_interface/srv/detail/set_bool_parameter__type_support.c.o.d -o CMakeFiles/mecheye_ros_interface__rosidl_typesupport_introspection_c.dir/rosidl_typesupport_introspection_c/mecheye_ros_interface/srv/detail/set_bool_parameter__type_support.c.o -c /home/inauenma/git/mecheye_ros2_interface/build/mecheye_ros_interface/rosidl_typesupport_introspection_c/mecheye_ros_interface/srv/detail/set_bool_parameter__type_support.c
[51.891s] [ 65%] Building CXX object CMakeFiles/mecheye_ros_interface__rosidl_typesupport_fastrtps_c.dir/rosidl_typesupport_fastrtps_c/mecheye_ros_interface/srv/detail/set_current_user_set__type_support_c.cpp.o
[51.901s] /usr/bin/c++ -DFASTCDR_DYN_LINK -DROSIDL_TYPESUPPORT_FASTRTPS_C_BUILDING_DLL_mecheye_ros_interface -DROS_PACKAGE_NAME=\"mecheye_ros_interface\" -I/usr/include/eigen3 -I/home/inauenma/git/mecheye_ros2_interface/build/mecheye_ros_interface/rosidl_typesupport_fastrtps_c -I/home/inauenma/git/mecheye_ros2_interface/build/mecheye_ros_interface/rosidl_generator_c -isystem /opt/ros/jazzy/include/fastcdr -isystem /opt/ros/jazzy/include/rosidl_runtime_c -isystem /opt/ros/jazzy/include/rcutils -isystem /opt/ros/jazzy/include/rosidl_typesupport_interface -isystem /opt/ros/jazzy/include/rosidl_runtime_cpp -isystem /opt/ros/jazzy/include/rosidl_typesupport_fastrtps_cpp -isystem /opt/ros/jazzy/include/rmw -isystem /opt/ros/jazzy/include/rosidl_dynamic_typesupport -isystem /opt/ros/jazzy/include/rosidl_typesupport_fastrtps_c -isystem /opt/ros/jazzy/include/std_msgs -isystem /opt/ros/jazzy/include/builtin_interfaces -isystem /opt/ros/jazzy/include/sensor_msgs -isystem /opt/ros/jazzy/include/geometry_msgs -isystem /opt/ros/jazzy/include/service_msgs -std=gnu++17 -fPIC -Wall -Wextra -Wpedantic -MD -MT CMakeFiles/mecheye_ros_interface__rosidl_typesupport_fastrtps_c.dir/rosidl_typesupport_fastrtps_c/mecheye_ros_interface/srv/detail/set_current_user_set__type_support_c.cpp.o -MF CMakeFiles/mecheye_ros_interface__rosidl_typesupport_fastrtps_c.dir/rosidl_typesupport_fastrtps_c/mecheye_ros_interface/srv/detail/set_current_user_set__type_support_c.cpp.o.d -o CMakeFiles/mecheye_ros_interface__rosidl_typesupport_fastrtps_c.dir/rosidl_typesupport_fastrtps_c/mecheye_ros_interface/srv/detail/set_current_user_set__type_support_c.cpp.o -c /home/inauenma/git/mecheye_ros2_interface/build/mecheye_ros_interface/rosidl_typesupport_fastrtps_c/mecheye_ros_interface/srv/detail/set_current_user_set__type_support_c.cpp
[51.935s] [ 65%] Building CXX object CMakeFiles/start.dir/src/main.cpp.o
[51.936s] [ 65%] Building C object CMakeFiles/mecheye_ros_interface__rosidl_typesupport_introspection_c.dir/rosidl_typesupport_introspection_c/mecheye_ros_interface/srv/detail/get_bool_parameter__type_support.c.o
[51.940s] /usr/bin/cc -DROSIDL_TYPESUPPORT_INTROSPECTION_C_BUILDING_DLL_mecheye_ros_interface -DROS_PACKAGE_NAME=\"mecheye_ros_interface\" -I/usr/include/eigen3 -I/home/inauenma/git/mecheye_ros2_interface/build/mecheye_ros_interface/rosidl_typesupport_introspection_c -I/home/inauenma/git/mecheye_ros2_interface/build/mecheye_ros_interface/rosidl_generator_c -isystem /opt/ros/jazzy/include/std_msgs -isystem /opt/ros/jazzy/include/builtin_interfaces -isystem /opt/ros/jazzy/include/rosidl_runtime_c -isystem /opt/ros/jazzy/include/rcutils -isystem /opt/ros/jazzy/include/rosidl_typesupport_interface -isystem /opt/ros/jazzy/include/sensor_msgs -isystem /opt/ros/jazzy/include/geometry_msgs -isystem /opt/ros/jazzy/include/service_msgs -isystem /opt/ros/jazzy/include/rosidl_typesupport_introspection_c -std=gnu11 -fPIC -Wall -MD -MT CMakeFiles/mecheye_ros_interface__rosidl_typesupport_introspection_c.dir/rosidl_typesupport_introspection_c/mecheye_ros_interface/srv/detail/get_bool_parameter__type_support.c.o -MF CMakeFiles/mecheye_ros_interface__rosidl_typesupport_introspection_c.dir/rosidl_typesupport_introspection_c/mecheye_ros_interface/srv/detail/get_bool_parameter__type_support.c.o.d -o CMakeFiles/mecheye_ros_interface__rosidl_typesupport_introspection_c.dir/rosidl_typesupport_introspection_c/mecheye_ros_interface/srv/detail/get_bool_parameter__type_support.c.o -c /home/inauenma/git/mecheye_ros2_interface/build/mecheye_ros_interface/rosidl_typesupport_introspection_c/mecheye_ros_interface/srv/detail/get_bool_parameter__type_support.c
[51.952s] [ 66%] Building C object CMakeFiles/mecheye_ros_interface__rosidl_typesupport_introspection_c.dir/rosidl_typesupport_introspection_c/mecheye_ros_interface/srv/detail/set_enum_parameter__type_support.c.o
[51.954s] /usr/bin/c++ -DBOOST_ATOMIC_DYN_LINK -DBOOST_ATOMIC_NO_LIB -DBOOST_FILESYSTEM_DYN_LINK -DBOOST_FILESYSTEM_NO_LIB -DBOOST_IOSTREAMS_DYN_LINK -DBOOST_IOSTREAMS_NO_LIB -DBOOST_SERIALIZATION_DYN_LINK -DBOOST_SERIALIZATION_NO_LIB -DBOOST_SYSTEM_DYN_LINK -DBOOST_SYSTEM_NO_LIB -DDEFAULT_RMW_IMPLEMENTATION=rmw_fastrtps_cpp -DEIGEN_HAS_CXX17_OVERALIGN=0 -DFASTCDR_DYN_LINK -DQT_CORE_LIB -DQT_GUI_LIB -DQT_NO_DEBUG -DQT_OPENGL_LIB -DQT_WIDGETS_LIB -DROS_PACKAGE_NAME=\"mecheye_ros_interface\" -Dkiss_fft_scalar=double -I/home/inauenma/git/mecheye_ros2_interface/include -I/home/inauenma/git/mecheye_ros2_interface/build/mecheye_ros_interface -I/opt/mech-mind/mech-eye-sdk/include -I/opt/ros/jazzy/include/pcl_conversions -I/home/inauenma/git/mecheye_ros2_interface/build/mecheye_ros_interface/rosidl_generator_c -I/home/inauenma/git/mecheye_ros2_interface/build/mecheye_ros_interface/rosidl_generator_cpp -isystem /usr/include/eigen3 -isystem /usr/include/opencv4 -isystem /usr/include/pcl-1.14 -isystem /usr/include/ni -isystem /usr/include/openni2 -isystem /opt/ros/jazzy/include/cv_bridge -isystem /opt/ros/jazzy/include/image_transport -isystem /opt/ros/jazzy/include/rclcpp -isystem /opt/ros/jazzy/include/sensor_msgs -isystem /opt/ros/jazzy/include/std_msgs -isystem /opt/ros/jazzy/include/tf2 -isystem /opt/ros/jazzy/include/message_filters -isystem /opt/ros/jazzy/include/pcl_msgs -isystem /opt/ros/jazzy/include/builtin_interfaces -isystem /opt/ros/jazzy/include/rosidl_runtime_c -isystem /opt/ros/jazzy/include/rcutils -isystem /opt/ros/jazzy/include/rosidl_typesupport_interface -isystem /opt/ros/jazzy/include/geometry_msgs -isystem /opt/ros/jazzy/include/service_msgs -isystem /opt/ros/jazzy/include/fastcdr -isystem /opt/ros/jazzy/include/rosidl_runtime_cpp -isystem /opt/ros/jazzy/include/rosidl_typesupport_fastrtps_cpp -isystem /opt/ros/jazzy/include/rmw -isystem /opt/ros/jazzy/include/rosidl_dynamic_typesupport -isystem /opt/ros/jazzy/include/rosidl_typesupport_fastrtps_c -isystem /opt/ros/jazzy/include/rosidl_typesupport_introspection_c -isystem /opt/ros/jazzy/include/rosidl_typesupport_introspection_cpp -isystem /opt/ros/jazzy/include/libstatistics_collector -isystem /opt/ros/jazzy/include/rcl -isystem /opt/ros/jazzy/include/rcl_interfaces -isystem /opt/ros/jazzy/include/rcl_logging_interface -isystem /opt/ros/jazzy/include/rcl_yaml_param_parser -isystem /opt/ros/jazzy/include/type_description_interfaces -isystem /opt/ros/jazzy/include/rcpputils -isystem /opt/ros/jazzy/include/statistics_msgs -isystem /opt/ros/jazzy/include/rosgraph_msgs -isystem /opt/ros/jazzy/include/rosidl_typesupport_cpp -isystem /opt/ros/jazzy/include/rosidl_typesupport_c -isystem /opt/ros/jazzy/include/tracetools -isystem /usr/include/vtk-9.1 -isystem /usr/include/jsoncpp -isystem /usr/include/freetype2 -isystem /usr/include/x86_64-linux-gnu/qt5 -isystem /usr/include/x86_64-linux-gnu/qt5/QtOpenGL -isystem /usr/include/x86_64-linux-gnu/qt5/QtWidgets -isystem /usr/include/x86_64-linux-gnu/qt5/QtGui -isystem /usr/include/x86_64-linux-gnu/qt5/QtCore -isystem /usr/lib/x86_64-linux-gnu/qt5/mkspecs/linux-g++ -std=gnu++17 -fopenmp -fPIC -MD -MT CMakeFiles/start.dir/src/main.cpp.o -MF CMakeFiles/start.dir/src/main.cpp.o.d -o CMakeFiles/start.dir/src/main.cpp.o -c /home/inauenma/git/mecheye_ros2_interface/src/main.cpp
[51.955s] /usr/bin/cc -DROSIDL_TYPESUPPORT_INTROSPECTION_C_BUILDING_DLL_mecheye_ros_interface -DROS_PACKAGE_NAME=\"mecheye_ros_interface\" -I/usr/include/eigen3 -I/home/inauenma/git/mecheye_ros2_interface/build/mecheye_ros_interface/rosidl_typesupport_introspection_c -I/home/inauenma/git/mecheye_ros2_interface/build/mecheye_ros_interface/rosidl_generator_c -isystem /opt/ros/jazzy/include/std_msgs -isystem /opt/ros/jazzy/include/builtin_interfaces -isystem /opt/ros/jazzy/include/rosidl_runtime_c -isystem /opt/ros/jazzy/include/rcutils -isystem /opt/ros/jazzy/include/rosidl_typesupport_interface -isystem /opt/ros/jazzy/include/sensor_msgs -isystem /opt/ros/jazzy/include/geometry_msgs -isystem /opt/ros/jazzy/include/service_msgs -isystem /opt/ros/jazzy/include/rosidl_typesupport_introspection_c -std=gnu11 -fPIC -Wall -MD -MT CMakeFiles/mecheye_ros_interface__rosidl_typesupport_introspection_c.dir/rosidl_typesupport_introspection_c/mecheye_ros_interface/srv/detail/set_enum_parameter__type_support.c.o -MF CMakeFiles/mecheye_ros_interface__rosidl_typesupport_introspection_c.dir/rosidl_typesupport_introspection_c/mecheye_ros_interface/srv/detail/set_enum_parameter__type_support.c.o.d -o CMakeFiles/mecheye_ros_interface__rosidl_typesupport_introspection_c.dir/rosidl_typesupport_introspection_c/mecheye_ros_interface/srv/detail/set_enum_parameter__type_support.c.o -c /home/inauenma/git/mecheye_ros2_interface/build/mecheye_ros_interface/rosidl_typesupport_introspection_c/mecheye_ros_interface/srv/detail/set_enum_parameter__type_support.c
[51.980s] [ 66%] Building CXX object CMakeFiles/mecheye_ros_interface__rosidl_typesupport_introspection_cpp.dir/rosidl_typesupport_introspection_cpp/mecheye_ros_interface/srv/detail/get_bool_parameter__type_support.cpp.o
[51.983s] /usr/bin/c++ -DROSIDL_TYPESUPPORT_INTROSPECTION_CPP_BUILDING_DLL -DROS_PACKAGE_NAME=\"mecheye_ros_interface\" -I/usr/include/eigen3 -I/home/inauenma/git/mecheye_ros2_interface/build/mecheye_ros_interface/rosidl_typesupport_introspection_cpp -I/home/inauenma/git/mecheye_ros2_interface/build/mecheye_ros_interface/rosidl_generator_c -I/home/inauenma/git/mecheye_ros2_interface/build/mecheye_ros_interface/rosidl_generator_cpp -isystem /opt/ros/jazzy/include/std_msgs -isystem /opt/ros/jazzy/include/builtin_interfaces -isystem /opt/ros/jazzy/include/rosidl_runtime_c -isystem /opt/ros/jazzy/include/rcutils -isystem /opt/ros/jazzy/include/rosidl_typesupport_interface -isystem /opt/ros/jazzy/include/sensor_msgs -isystem /opt/ros/jazzy/include/geometry_msgs -isystem /opt/ros/jazzy/include/service_msgs -isystem /opt/ros/jazzy/include/rosidl_runtime_cpp -isystem /opt/ros/jazzy/include/rosidl_typesupport_introspection_cpp -isystem /opt/ros/jazzy/include/rosidl_typesupport_introspection_c -std=gnu++17 -fPIC -Wall -Wextra -Wpedantic -MD -MT CMakeFiles/mecheye_ros_interface__rosidl_typesupport_introspection_cpp.dir/rosidl_typesupport_introspection_cpp/mecheye_ros_interface/srv/detail/get_bool_parameter__type_support.cpp.o -MF CMakeFiles/mecheye_ros_interface__rosidl_typesupport_introspection_cpp.dir/rosidl_typesupport_introspection_cpp/mecheye_ros_interface/srv/detail/get_bool_parameter__type_support.cpp.o.d -o CMakeFiles/mecheye_ros_interface__rosidl_typesupport_introspection_cpp.dir/rosidl_typesupport_introspection_cpp/mecheye_ros_interface/srv/detail/get_bool_parameter__type_support.cpp.o -c /home/inauenma/git/mecheye_ros2_interface/build/mecheye_ros_interface/rosidl_typesupport_introspection_cpp/mecheye_ros_interface/srv/detail/get_bool_parameter__type_support.cpp
[52.034s] [ 67%] Building CXX object CMakeFiles/mecheye_ros_interface__rosidl_typesupport_introspection_cpp.dir/rosidl_typesupport_introspection_cpp/mecheye_ros_interface/srv/detail/set_enum_parameter__type_support.cpp.o
[52.039s] /usr/bin/c++ -DROSIDL_TYPESUPPORT_INTROSPECTION_CPP_BUILDING_DLL -DROS_PACKAGE_NAME=\"mecheye_ros_interface\" -I/usr/include/eigen3 -I/home/inauenma/git/mecheye_ros2_interface/build/mecheye_ros_interface/rosidl_typesupport_introspection_cpp -I/home/inauenma/git/mecheye_ros2_interface/build/mecheye_ros_interface/rosidl_generator_c -I/home/inauenma/git/mecheye_ros2_interface/build/mecheye_ros_interface/rosidl_generator_cpp -isystem /opt/ros/jazzy/include/std_msgs -isystem /opt/ros/jazzy/include/builtin_interfaces -isystem /opt/ros/jazzy/include/rosidl_runtime_c -isystem /opt/ros/jazzy/include/rcutils -isystem /opt/ros/jazzy/include/rosidl_typesupport_interface -isystem /opt/ros/jazzy/include/sensor_msgs -isystem /opt/ros/jazzy/include/geometry_msgs -isystem /opt/ros/jazzy/include/service_msgs -isystem /opt/ros/jazzy/include/rosidl_runtime_cpp -isystem /opt/ros/jazzy/include/rosidl_typesupport_introspection_cpp -isystem /opt/ros/jazzy/include/rosidl_typesupport_introspection_c -std=gnu++17 -fPIC -Wall -Wextra -Wpedantic -MD -MT CMakeFiles/mecheye_ros_interface__rosidl_typesupport_introspection_cpp.dir/rosidl_typesupport_introspection_cpp/mecheye_ros_interface/srv/detail/set_enum_parameter__type_support.cpp.o -MF CMakeFiles/mecheye_ros_interface__rosidl_typesupport_introspection_cpp.dir/rosidl_typesupport_introspection_cpp/mecheye_ros_interface/srv/detail/set_enum_parameter__type_support.cpp.o.d -o CMakeFiles/mecheye_ros_interface__rosidl_typesupport_introspection_cpp.dir/rosidl_typesupport_introspection_cpp/mecheye_ros_interface/srv/detail/set_enum_parameter__type_support.cpp.o -c /home/inauenma/git/mecheye_ros2_interface/build/mecheye_ros_interface/rosidl_typesupport_introspection_cpp/mecheye_ros_interface/srv/detail/set_enum_parameter__type_support.cpp
[52.082s] [ 67%] Building CXX object CMakeFiles/mecheye_ros_interface__rosidl_typesupport_fastrtps_cpp.dir/rosidl_typesupport_fastrtps_cpp/mecheye_ros_interface/srv/detail/dds_fastrtps/capture_depth_map__type_support.cpp.o
[52.083s] /usr/bin/c++ -DFASTCDR_DYN_LINK -DROSIDL_TYPESUPPORT_FASTRTPS_CPP_BUILDING_DLL_mecheye_ros_interface -DROS_PACKAGE_NAME=\"mecheye_ros_interface\" -I/usr/include/eigen3 -I/home/inauenma/git/mecheye_ros2_interface/build/mecheye_ros_interface/rosidl_typesupport_fastrtps_cpp -I/home/inauenma/git/mecheye_ros2_interface/build/mecheye_ros_interface/rosidl_generator_c -I/home/inauenma/git/mecheye_ros2_interface/build/mecheye_ros_interface/rosidl_generator_cpp -isystem /opt/ros/jazzy/include/fastcdr -isystem /opt/ros/jazzy/include/rmw -isystem /opt/ros/jazzy/include/rcutils -isystem /opt/ros/jazzy/include/rosidl_dynamic_typesupport -isystem /opt/ros/jazzy/include/rosidl_runtime_c -isystem /opt/ros/jazzy/include/rosidl_typesupport_interface -isystem /opt/ros/jazzy/include/rosidl_runtime_cpp -isystem /opt/ros/jazzy/include/rosidl_typesupport_fastrtps_cpp -isystem /opt/ros/jazzy/include/std_msgs -isystem /opt/ros/jazzy/include/builtin_interfaces -isystem /opt/ros/jazzy/include/sensor_msgs -isystem /opt/ros/jazzy/include/geometry_msgs -isystem /opt/ros/jazzy/include/service_msgs -std=gnu++17 -fPIC -Wall -Wextra -Wpedantic -Wredundant-decls -MD -MT CMakeFiles/mecheye_ros_interface__rosidl_typesupport_fastrtps_cpp.dir/rosidl_typesupport_fastrtps_cpp/mecheye_ros_interface/srv/detail/dds_fastrtps/capture_depth_map__type_support.cpp.o -MF CMakeFiles/mecheye_ros_interface__rosidl_typesupport_fastrtps_cpp.dir/rosidl_typesupport_fastrtps_cpp/mecheye_ros_interface/srv/detail/dds_fastrtps/capture_depth_map__type_support.cpp.o.d -o CMakeFiles/mecheye_ros_interface__rosidl_typesupport_fastrtps_cpp.dir/rosidl_typesupport_fastrtps_cpp/mecheye_ros_interface/srv/detail/dds_fastrtps/capture_depth_map__type_support.cpp.o -c /home/inauenma/git/mecheye_ros2_interface/build/mecheye_ros_interface/rosidl_typesupport_fastrtps_cpp/mecheye_ros_interface/srv/detail/dds_fastrtps/capture_depth_map__type_support.cpp
[52.172s] [ 67%] Building CXX object CMakeFiles/mecheye_ros_interface__rosidl_typesupport_fastrtps_c.dir/rosidl_typesupport_fastrtps_c/mecheye_ros_interface/srv/detail/save_all_settings_to_user_sets__type_support_c.cpp.o
[52.174s] /usr/bin/c++ -DFASTCDR_DYN_LINK -DROSIDL_TYPESUPPORT_FASTRTPS_C_BUILDING_DLL_mecheye_ros_interface -DROS_PACKAGE_NAME=\"mecheye_ros_interface\" -I/usr/include/eigen3 -I/home/inauenma/git/mecheye_ros2_interface/build/mecheye_ros_interface/rosidl_typesupport_fastrtps_c -I/home/inauenma/git/mecheye_ros2_interface/build/mecheye_ros_interface/rosidl_generator_c -isystem /opt/ros/jazzy/include/fastcdr -isystem /opt/ros/jazzy/include/rosidl_runtime_c -isystem /opt/ros/jazzy/include/rcutils -isystem /opt/ros/jazzy/include/rosidl_typesupport_interface -isystem /opt/ros/jazzy/include/rosidl_runtime_cpp -isystem /opt/ros/jazzy/include/rosidl_typesupport_fastrtps_cpp -isystem /opt/ros/jazzy/include/rmw -isystem /opt/ros/jazzy/include/rosidl_dynamic_typesupport -isystem /opt/ros/jazzy/include/rosidl_typesupport_fastrtps_c -isystem /opt/ros/jazzy/include/std_msgs -isystem /opt/ros/jazzy/include/builtin_interfaces -isystem /opt/ros/jazzy/include/sensor_msgs -isystem /opt/ros/jazzy/include/geometry_msgs -isystem /opt/ros/jazzy/include/service_msgs -std=gnu++17 -fPIC -Wall -Wextra -Wpedantic -MD -MT CMakeFiles/mecheye_ros_interface__rosidl_typesupport_fastrtps_c.dir/rosidl_typesupport_fastrtps_c/mecheye_ros_interface/srv/detail/save_all_settings_to_user_sets__type_support_c.cpp.o -MF CMakeFiles/mecheye_ros_interface__rosidl_typesupport_fastrtps_c.dir/rosidl_typesupport_fastrtps_c/mecheye_ros_interface/srv/detail/save_all_settings_to_user_sets__type_support_c.cpp.o.d -o CMakeFiles/mecheye_ros_interface__rosidl_typesupport_fastrtps_c.dir/rosidl_typesupport_fastrtps_c/mecheye_ros_interface/srv/detail/save_all_settings_to_user_sets__type_support_c.cpp.o -c /home/inauenma/git/mecheye_ros2_interface/build/mecheye_ros_interface/rosidl_typesupport_fastrtps_c/mecheye_ros_interface/srv/detail/save_all_settings_to_user_sets__type_support_c.cpp
[52.189s] [ 67%] Building C object CMakeFiles/mecheye_ros_interface__rosidl_typesupport_introspection_c.dir/rosidl_typesupport_introspection_c/mecheye_ros_interface/srv/detail/get_enum_parameter__type_support.c.o
[52.189s] /usr/bin/cc -DROSIDL_TYPESUPPORT_INTROSPECTION_C_BUILDING_DLL_mecheye_ros_interface -DROS_PACKAGE_NAME=\"mecheye_ros_interface\" -I/usr/include/eigen3 -I/home/inauenma/git/mecheye_ros2_interface/build/mecheye_ros_interface/rosidl_typesupport_introspection_c -I/home/inauenma/git/mecheye_ros2_interface/build/mecheye_ros_interface/rosidl_generator_c -isystem /opt/ros/jazzy/include/std_msgs -isystem /opt/ros/jazzy/include/builtin_interfaces -isystem /opt/ros/jazzy/include/rosidl_runtime_c -isystem /opt/ros/jazzy/include/rcutils -isystem /opt/ros/jazzy/include/rosidl_typesupport_interface -isystem /opt/ros/jazzy/include/sensor_msgs -isystem /opt/ros/jazzy/include/geometry_msgs -isystem /opt/ros/jazzy/include/service_msgs -isystem /opt/ros/jazzy/include/rosidl_typesupport_introspection_c -std=gnu11 -fPIC -Wall -MD -MT CMakeFiles/mecheye_ros_interface__rosidl_typesupport_introspection_c.dir/rosidl_typesupport_introspection_c/mecheye_ros_interface/srv/detail/get_enum_parameter__type_support.c.o -MF CMakeFiles/mecheye_ros_interface__rosidl_typesupport_introspection_c.dir/rosidl_typesupport_introspection_c/mecheye_ros_interface/srv/detail/get_enum_parameter__type_support.c.o.d -o CMakeFiles/mecheye_ros_interface__rosidl_typesupport_introspection_c.dir/rosidl_typesupport_introspection_c/mecheye_ros_interface/srv/detail/get_enum_parameter__type_support.c.o -c /home/inauenma/git/mecheye_ros2_interface/build/mecheye_ros_interface/rosidl_typesupport_introspection_c/mecheye_ros_interface/srv/detail/get_enum_parameter__type_support.c
[52.246s] [ 67%] Building CXX object CMakeFiles/mecheye_ros_interface__rosidl_typesupport_introspection_cpp.dir/rosidl_typesupport_introspection_cpp/mecheye_ros_interface/srv/detail/get_enum_parameter__type_support.cpp.o
[52.253s] /usr/bin/c++ -DROSIDL_TYPESUPPORT_INTROSPECTION_CPP_BUILDING_DLL -DROS_PACKAGE_NAME=\"mecheye_ros_interface\" -I/usr/include/eigen3 -I/home/inauenma/git/mecheye_ros2_interface/build/mecheye_ros_interface/rosidl_typesupport_introspection_cpp -I/home/inauenma/git/mecheye_ros2_interface/build/mecheye_ros_interface/rosidl_generator_c -I/home/inauenma/git/mecheye_ros2_interface/build/mecheye_ros_interface/rosidl_generator_cpp -isystem /opt/ros/jazzy/include/std_msgs -isystem /opt/ros/jazzy/include/builtin_interfaces -isystem /opt/ros/jazzy/include/rosidl_runtime_c -isystem /opt/ros/jazzy/include/rcutils -isystem /opt/ros/jazzy/include/rosidl_typesupport_interface -isystem /opt/ros/jazzy/include/sensor_msgs -isystem /opt/ros/jazzy/include/geometry_msgs -isystem /opt/ros/jazzy/include/service_msgs -isystem /opt/ros/jazzy/include/rosidl_runtime_cpp -isystem /opt/ros/jazzy/include/rosidl_typesupport_introspection_cpp -isystem /opt/ros/jazzy/include/rosidl_typesupport_introspection_c -std=gnu++17 -fPIC -Wall -Wextra -Wpedantic -MD -MT CMakeFiles/mecheye_ros_interface__rosidl_typesupport_introspection_cpp.dir/rosidl_typesupport_introspection_cpp/mecheye_ros_interface/srv/detail/get_enum_parameter__type_support.cpp.o -MF CMakeFiles/mecheye_ros_interface__rosidl_typesupport_introspection_cpp.dir/rosidl_typesupport_introspection_cpp/mecheye_ros_interface/srv/detail/get_enum_parameter__type_support.cpp.o.d -o CMakeFiles/mecheye_ros_interface__rosidl_typesupport_introspection_cpp.dir/rosidl_typesupport_introspection_cpp/mecheye_ros_interface/srv/detail/get_enum_parameter__type_support.cpp.o -c /home/inauenma/git/mecheye_ros2_interface/build/mecheye_ros_interface/rosidl_typesupport_introspection_cpp/mecheye_ros_interface/srv/detail/get_enum_parameter__type_support.cpp
[52.360s] [ 68%] Building C object CMakeFiles/mecheye_ros_interface__rosidl_typesupport_introspection_c.dir/rosidl_typesupport_introspection_c/mecheye_ros_interface/srv/detail/set_float_parameter__type_support.c.o
[52.368s] /usr/bin/cc -DROSIDL_TYPESUPPORT_INTROSPECTION_C_BUILDING_DLL_mecheye_ros_interface -DROS_PACKAGE_NAME=\"mecheye_ros_interface\" -I/usr/include/eigen3 -I/home/inauenma/git/mecheye_ros2_interface/build/mecheye_ros_interface/rosidl_typesupport_introspection_c -I/home/inauenma/git/mecheye_ros2_interface/build/mecheye_ros_interface/rosidl_generator_c -isystem /opt/ros/jazzy/include/std_msgs -isystem /opt/ros/jazzy/include/builtin_interfaces -isystem /opt/ros/jazzy/include/rosidl_runtime_c -isystem /opt/ros/jazzy/include/rcutils -isystem /opt/ros/jazzy/include/rosidl_typesupport_interface -isystem /opt/ros/jazzy/include/sensor_msgs -isystem /opt/ros/jazzy/include/geometry_msgs -isystem /opt/ros/jazzy/include/service_msgs -isystem /opt/ros/jazzy/include/rosidl_typesupport_introspection_c -std=gnu11 -fPIC -Wall -MD -MT CMakeFiles/mecheye_ros_interface__rosidl_typesupport_introspection_c.dir/rosidl_typesupport_introspection_c/mecheye_ros_interface/srv/detail/set_float_parameter__type_support.c.o -MF CMakeFiles/mecheye_ros_interface__rosidl_typesupport_introspection_c.dir/rosidl_typesupport_introspection_c/mecheye_ros_interface/srv/detail/set_float_parameter__type_support.c.o.d -o CMakeFiles/mecheye_ros_interface__rosidl_typesupport_introspection_c.dir/rosidl_typesupport_introspection_c/mecheye_ros_interface/srv/detail/set_float_parameter__type_support.c.o -c /home/inauenma/git/mecheye_ros2_interface/build/mecheye_ros_interface/rosidl_typesupport_introspection_c/mecheye_ros_interface/srv/detail/set_float_parameter__type_support.c
[52.459s] [ 68%] Building CXX object CMakeFiles/mecheye_ros_interface__rosidl_typesupport_fastrtps_cpp.dir/rosidl_typesupport_fastrtps_cpp/mecheye_ros_interface/srv/detail/dds_fastrtps/capture_point_cloud__type_support.cpp.o
[52.465s] /usr/bin/c++ -DFASTCDR_DYN_LINK -DROSIDL_TYPESUPPORT_FASTRTPS_CPP_BUILDING_DLL_mecheye_ros_interface -DROS_PACKAGE_NAME=\"mecheye_ros_interface\" -I/usr/include/eigen3 -I/home/inauenma/git/mecheye_ros2_interface/build/mecheye_ros_interface/rosidl_typesupport_fastrtps_cpp -I/home/inauenma/git/mecheye_ros2_interface/build/mecheye_ros_interface/rosidl_generator_c -I/home/inauenma/git/mecheye_ros2_interface/build/mecheye_ros_interface/rosidl_generator_cpp -isystem /opt/ros/jazzy/include/fastcdr -isystem /opt/ros/jazzy/include/rmw -isystem /opt/ros/jazzy/include/rcutils -isystem /opt/ros/jazzy/include/rosidl_dynamic_typesupport -isystem /opt/ros/jazzy/include/rosidl_runtime_c -isystem /opt/ros/jazzy/include/rosidl_typesupport_interface -isystem /opt/ros/jazzy/include/rosidl_runtime_cpp -isystem /opt/ros/jazzy/include/rosidl_typesupport_fastrtps_cpp -isystem /opt/ros/jazzy/include/std_msgs -isystem /opt/ros/jazzy/include/builtin_interfaces -isystem /opt/ros/jazzy/include/sensor_msgs -isystem /opt/ros/jazzy/include/geometry_msgs -isystem /opt/ros/jazzy/include/service_msgs -std=gnu++17 -fPIC -Wall -Wextra -Wpedantic -Wredundant-decls -MD -MT CMakeFiles/mecheye_ros_interface__rosidl_typesupport_fastrtps_cpp.dir/rosidl_typesupport_fastrtps_cpp/mecheye_ros_interface/srv/detail/dds_fastrtps/capture_point_cloud__type_support.cpp.o -MF CMakeFiles/mecheye_ros_interface__rosidl_typesupport_fastrtps_cpp.dir/rosidl_typesupport_fastrtps_cpp/mecheye_ros_interface/srv/detail/dds_fastrtps/capture_point_cloud__type_support.cpp.o.d -o CMakeFiles/mecheye_ros_interface__rosidl_typesupport_fastrtps_cpp.dir/rosidl_typesupport_fastrtps_cpp/mecheye_ros_interface/srv/detail/dds_fastrtps/capture_point_cloud__type_support.cpp.o -c /home/inauenma/git/mecheye_ros2_interface/build/mecheye_ros_interface/rosidl_typesupport_fastrtps_cpp/mecheye_ros_interface/srv/detail/dds_fastrtps/capture_point_cloud__type_support.cpp
[52.537s] [ 68%] Building CXX object CMakeFiles/mecheye_ros_interface__rosidl_typesupport_introspection_cpp.dir/rosidl_typesupport_introspection_cpp/mecheye_ros_interface/srv/detail/set_float_parameter__type_support.cpp.o
[52.542s] /usr/bin/c++ -DROSIDL_TYPESUPPORT_INTROSPECTION_CPP_BUILDING_DLL -DROS_PACKAGE_NAME=\"mecheye_ros_interface\" -I/usr/include/eigen3 -I/home/inauenma/git/mecheye_ros2_interface/build/mecheye_ros_interface/rosidl_typesupport_introspection_cpp -I/home/inauenma/git/mecheye_ros2_interface/build/mecheye_ros_interface/rosidl_generator_c -I/home/inauenma/git/mecheye_ros2_interface/build/mecheye_ros_interface/rosidl_generator_cpp -isystem /opt/ros/jazzy/include/std_msgs -isystem /opt/ros/jazzy/include/builtin_interfaces -isystem /opt/ros/jazzy/include/rosidl_runtime_c -isystem /opt/ros/jazzy/include/rcutils -isystem /opt/ros/jazzy/include/rosidl_typesupport_interface -isystem /opt/ros/jazzy/include/sensor_msgs -isystem /opt/ros/jazzy/include/geometry_msgs -isystem /opt/ros/jazzy/include/service_msgs -isystem /opt/ros/jazzy/include/rosidl_runtime_cpp -isystem /opt/ros/jazzy/include/rosidl_typesupport_introspection_cpp -isystem /opt/ros/jazzy/include/rosidl_typesupport_introspection_c -std=gnu++17 -fPIC -Wall -Wextra -Wpedantic -MD -MT CMakeFiles/mecheye_ros_interface__rosidl_typesupport_introspection_cpp.dir/rosidl_typesupport_introspection_cpp/mecheye_ros_interface/srv/detail/set_float_parameter__type_support.cpp.o -MF CMakeFiles/mecheye_ros_interface__rosidl_typesupport_introspection_cpp.dir/rosidl_typesupport_introspection_cpp/mecheye_ros_interface/srv/detail/set_float_parameter__type_support.cpp.o.d -o CMakeFiles/mecheye_ros_interface__rosidl_typesupport_introspection_cpp.dir/rosidl_typesupport_introspection_cpp/mecheye_ros_interface/srv/detail/set_float_parameter__type_support.cpp.o -c /home/inauenma/git/mecheye_ros2_interface/build/mecheye_ros_interface/rosidl_typesupport_introspection_cpp/mecheye_ros_interface/srv/detail/set_float_parameter__type_support.cpp
[52.566s] [ 68%] Building C object CMakeFiles/mecheye_ros_interface__rosidl_typesupport_introspection_c.dir/rosidl_typesupport_introspection_c/mecheye_ros_interface/srv/detail/get_float_parameter__type_support.c.o
[52.573s] /usr/bin/cc -DROSIDL_TYPESUPPORT_INTROSPECTION_C_BUILDING_DLL_mecheye_ros_interface -DROS_PACKAGE_NAME=\"mecheye_ros_interface\" -I/usr/include/eigen3 -I/home/inauenma/git/mecheye_ros2_interface/build/mecheye_ros_interface/rosidl_typesupport_introspection_c -I/home/inauenma/git/mecheye_ros2_interface/build/mecheye_ros_interface/rosidl_generator_c -isystem /opt/ros/jazzy/include/std_msgs -isystem /opt/ros/jazzy/include/builtin_interfaces -isystem /opt/ros/jazzy/include/rosidl_runtime_c -isystem /opt/ros/jazzy/include/rcutils -isystem /opt/ros/jazzy/include/rosidl_typesupport_interface -isystem /opt/ros/jazzy/include/sensor_msgs -isystem /opt/ros/jazzy/include/geometry_msgs -isystem /opt/ros/jazzy/include/service_msgs -isystem /opt/ros/jazzy/include/rosidl_typesupport_introspection_c -std=gnu11 -fPIC -Wall -MD -MT CMakeFiles/mecheye_ros_interface__rosidl_typesupport_introspection_c.dir/rosidl_typesupport_introspection_c/mecheye_ros_interface/srv/detail/get_float_parameter__type_support.c.o -MF CMakeFiles/mecheye_ros_interface__rosidl_typesupport_introspection_c.dir/rosidl_typesupport_introspection_c/mecheye_ros_interface/srv/detail/get_float_parameter__type_support.c.o.d -o CMakeFiles/mecheye_ros_interface__rosidl_typesupport_introspection_c.dir/rosidl_typesupport_introspection_c/mecheye_ros_interface/srv/detail/get_float_parameter__type_support.c.o -c /home/inauenma/git/mecheye_ros2_interface/build/mecheye_ros_interface/rosidl_typesupport_introspection_c/mecheye_ros_interface/srv/detail/get_float_parameter__type_support.c
[52.629s] [ 69%] Building CXX object CMakeFiles/mecheye_ros_interface__rosidl_typesupport_introspection_cpp.dir/rosidl_typesupport_introspection_cpp/mecheye_ros_interface/srv/detail/get_float_parameter__type_support.cpp.o
[52.639s] /usr/bin/c++ -DROSIDL_TYPESUPPORT_INTROSPECTION_CPP_BUILDING_DLL -DROS_PACKAGE_NAME=\"mecheye_ros_interface\" -I/usr/include/eigen3 -I/home/inauenma/git/mecheye_ros2_interface/build/mecheye_ros_interface/rosidl_typesupport_introspection_cpp -I/home/inauenma/git/mecheye_ros2_interface/build/mecheye_ros_interface/rosidl_generator_c -I/home/inauenma/git/mecheye_ros2_interface/build/mecheye_ros_interface/rosidl_generator_cpp -isystem /opt/ros/jazzy/include/std_msgs -isystem /opt/ros/jazzy/include/builtin_interfaces -isystem /opt/ros/jazzy/include/rosidl_runtime_c -isystem /opt/ros/jazzy/include/rcutils -isystem /opt/ros/jazzy/include/rosidl_typesupport_interface -isystem /opt/ros/jazzy/include/sensor_msgs -isystem /opt/ros/jazzy/include/geometry_msgs -isystem /opt/ros/jazzy/include/service_msgs -isystem /opt/ros/jazzy/include/rosidl_runtime_cpp -isystem /opt/ros/jazzy/include/rosidl_typesupport_introspection_cpp -isystem /opt/ros/jazzy/include/rosidl_typesupport_introspection_c -std=gnu++17 -fPIC -Wall -Wextra -Wpedantic -MD -MT CMakeFiles/mecheye_ros_interface__rosidl_typesupport_introspection_cpp.dir/rosidl_typesupport_introspection_cpp/mecheye_ros_interface/srv/detail/get_float_parameter__type_support.cpp.o -MF CMakeFiles/mecheye_ros_interface__rosidl_typesupport_introspection_cpp.dir/rosidl_typesupport_introspection_cpp/mecheye_ros_interface/srv/detail/get_float_parameter__type_support.cpp.o.d -o CMakeFiles/mecheye_ros_interface__rosidl_typesupport_introspection_cpp.dir/rosidl_typesupport_introspection_cpp/mecheye_ros_interface/srv/detail/get_float_parameter__type_support.cpp.o -c /home/inauenma/git/mecheye_ros2_interface/build/mecheye_ros_interface/rosidl_typesupport_introspection_cpp/mecheye_ros_interface/srv/detail/get_float_parameter__type_support.cpp
[52.663s] [ 69%] Building CXX object CMakeFiles/mecheye_ros_interface__rosidl_typesupport_fastrtps_c.dir/rosidl_typesupport_fastrtps_c/mecheye_ros_interface/srv/detail/capture_color_image__type_support_c.cpp.o
[52.674s] [ 70%] Building CXX object CMakeFiles/mecheye_ros_interface__rosidl_typesupport_fastrtps_c.dir/rosidl_typesupport_fastrtps_c/mecheye_ros_interface/srv/detail/add_user_set__type_support_c.cpp.o
[52.675s] /usr/bin/c++ -DFASTCDR_DYN_LINK -DROSIDL_TYPESUPPORT_FASTRTPS_C_BUILDING_DLL_mecheye_ros_interface -DROS_PACKAGE_NAME=\"mecheye_ros_interface\" -I/usr/include/eigen3 -I/home/inauenma/git/mecheye_ros2_interface/build/mecheye_ros_interface/rosidl_typesupport_fastrtps_c -I/home/inauenma/git/mecheye_ros2_interface/build/mecheye_ros_interface/rosidl_generator_c -isystem /opt/ros/jazzy/include/fastcdr -isystem /opt/ros/jazzy/include/rosidl_runtime_c -isystem /opt/ros/jazzy/include/rcutils -isystem /opt/ros/jazzy/include/rosidl_typesupport_interface -isystem /opt/ros/jazzy/include/rosidl_runtime_cpp -isystem /opt/ros/jazzy/include/rosidl_typesupport_fastrtps_cpp -isystem /opt/ros/jazzy/include/rmw -isystem /opt/ros/jazzy/include/rosidl_dynamic_typesupport -isystem /opt/ros/jazzy/include/rosidl_typesupport_fastrtps_c -isystem /opt/ros/jazzy/include/std_msgs -isystem /opt/ros/jazzy/include/builtin_interfaces -isystem /opt/ros/jazzy/include/sensor_msgs -isystem /opt/ros/jazzy/include/geometry_msgs -isystem /opt/ros/jazzy/include/service_msgs -std=gnu++17 -fPIC -Wall -Wextra -Wpedantic -MD -MT CMakeFiles/mecheye_ros_interface__rosidl_typesupport_fastrtps_c.dir/rosidl_typesupport_fastrtps_c/mecheye_ros_interface/srv/detail/add_user_set__type_support_c.cpp.o -MF CMakeFiles/mecheye_ros_interface__rosidl_typesupport_fastrtps_c.dir/rosidl_typesupport_fastrtps_c/mecheye_ros_interface/srv/detail/add_user_set__type_support_c.cpp.o.d -o CMakeFiles/mecheye_ros_interface__rosidl_typesupport_fastrtps_c.dir/rosidl_typesupport_fastrtps_c/mecheye_ros_interface/srv/detail/add_user_set__type_support_c.cpp.o -c /home/inauenma/git/mecheye_ros2_interface/build/mecheye_ros_interface/rosidl_typesupport_fastrtps_c/mecheye_ros_interface/srv/detail/add_user_set__type_support_c.cpp
[52.675s] /usr/bin/c++ -DFASTCDR_DYN_LINK -DROSIDL_TYPESUPPORT_FASTRTPS_C_BUILDING_DLL_mecheye_ros_interface -DROS_PACKAGE_NAME=\"mecheye_ros_interface\" -I/usr/include/eigen3 -I/home/inauenma/git/mecheye_ros2_interface/build/mecheye_ros_interface/rosidl_typesupport_fastrtps_c -I/home/inauenma/git/mecheye_ros2_interface/build/mecheye_ros_interface/rosidl_generator_c -isystem /opt/ros/jazzy/include/fastcdr -isystem /opt/ros/jazzy/include/rosidl_runtime_c -isystem /opt/ros/jazzy/include/rcutils -isystem /opt/ros/jazzy/include/rosidl_typesupport_interface -isystem /opt/ros/jazzy/include/rosidl_runtime_cpp -isystem /opt/ros/jazzy/include/rosidl_typesupport_fastrtps_cpp -isystem /opt/ros/jazzy/include/rmw -isystem /opt/ros/jazzy/include/rosidl_dynamic_typesupport -isystem /opt/ros/jazzy/include/rosidl_typesupport_fastrtps_c -isystem /opt/ros/jazzy/include/std_msgs -isystem /opt/ros/jazzy/include/builtin_interfaces -isystem /opt/ros/jazzy/include/sensor_msgs -isystem /opt/ros/jazzy/include/geometry_msgs -isystem /opt/ros/jazzy/include/service_msgs -std=gnu++17 -fPIC -Wall -Wextra -Wpedantic -MD -MT CMakeFiles/mecheye_ros_interface__rosidl_typesupport_fastrtps_c.dir/rosidl_typesupport_fastrtps_c/mecheye_ros_interface/srv/detail/capture_color_image__type_support_c.cpp.o -MF CMakeFiles/mecheye_ros_interface__rosidl_typesupport_fastrtps_c.dir/rosidl_typesupport_fastrtps_c/mecheye_ros_interface/srv/detail/capture_color_image__type_support_c.cpp.o.d -o CMakeFiles/mecheye_ros_interface__rosidl_typesupport_fastrtps_c.dir/rosidl_typesupport_fastrtps_c/mecheye_ros_interface/srv/detail/capture_color_image__type_support_c.cpp.o -c /home/inauenma/git/mecheye_ros2_interface/build/mecheye_ros_interface/rosidl_typesupport_fastrtps_c/mecheye_ros_interface/srv/detail/capture_color_image__type_support_c.cpp
[52.775s] [ 70%] Building C object CMakeFiles/mecheye_ros_interface__rosidl_typesupport_introspection_c.dir/rosidl_typesupport_introspection_c/mecheye_ros_interface/srv/detail/set_float_array_parameter__type_support.c.o
[52.778s] /usr/bin/cc -DROSIDL_TYPESUPPORT_INTROSPECTION_C_BUILDING_DLL_mecheye_ros_interface -DROS_PACKAGE_NAME=\"mecheye_ros_interface\" -I/usr/include/eigen3 -I/home/inauenma/git/mecheye_ros2_interface/build/mecheye_ros_interface/rosidl_typesupport_introspection_c -I/home/inauenma/git/mecheye_ros2_interface/build/mecheye_ros_interface/rosidl_generator_c -isystem /opt/ros/jazzy/include/std_msgs -isystem /opt/ros/jazzy/include/builtin_interfaces -isystem /opt/ros/jazzy/include/rosidl_runtime_c -isystem /opt/ros/jazzy/include/rcutils -isystem /opt/ros/jazzy/include/rosidl_typesupport_interface -isystem /opt/ros/jazzy/include/sensor_msgs -isystem /opt/ros/jazzy/include/geometry_msgs -isystem /opt/ros/jazzy/include/service_msgs -isystem /opt/ros/jazzy/include/rosidl_typesupport_introspection_c -std=gnu11 -fPIC -Wall -MD -MT CMakeFiles/mecheye_ros_interface__rosidl_typesupport_introspection_c.dir/rosidl_typesupport_introspection_c/mecheye_ros_interface/srv/detail/set_float_array_parameter__type_support.c.o -MF CMakeFiles/mecheye_ros_interface__rosidl_typesupport_introspection_c.dir/rosidl_typesupport_introspection_c/mecheye_ros_interface/srv/detail/set_float_array_parameter__type_support.c.o.d -o CMakeFiles/mecheye_ros_interface__rosidl_typesupport_introspection_c.dir/rosidl_typesupport_introspection_c/mecheye_ros_interface/srv/detail/set_float_array_parameter__type_support.c.o -c /home/inauenma/git/mecheye_ros2_interface/build/mecheye_ros_interface/rosidl_typesupport_introspection_c/mecheye_ros_interface/srv/detail/set_float_array_parameter__type_support.c
[52.903s] [ 71%] Building CXX object CMakeFiles/mecheye_ros_interface__rosidl_typesupport_fastrtps_cpp.dir/rosidl_typesupport_fastrtps_cpp/mecheye_ros_interface/srv/detail/dds_fastrtps/delete_user_set__type_support.cpp.o
[52.911s] /usr/bin/c++ -DFASTCDR_DYN_LINK -DROSIDL_TYPESUPPORT_FASTRTPS_CPP_BUILDING_DLL_mecheye_ros_interface -DROS_PACKAGE_NAME=\"mecheye_ros_interface\" -I/usr/include/eigen3 -I/home/inauenma/git/mecheye_ros2_interface/build/mecheye_ros_interface/rosidl_typesupport_fastrtps_cpp -I/home/inauenma/git/mecheye_ros2_interface/build/mecheye_ros_interface/rosidl_generator_c -I/home/inauenma/git/mecheye_ros2_interface/build/mecheye_ros_interface/rosidl_generator_cpp -isystem /opt/ros/jazzy/include/fastcdr -isystem /opt/ros/jazzy/include/rmw -isystem /opt/ros/jazzy/include/rcutils -isystem /opt/ros/jazzy/include/rosidl_dynamic_typesupport -isystem /opt/ros/jazzy/include/rosidl_runtime_c -isystem /opt/ros/jazzy/include/rosidl_typesupport_interface -isystem /opt/ros/jazzy/include/rosidl_runtime_cpp -isystem /opt/ros/jazzy/include/rosidl_typesupport_fastrtps_cpp -isystem /opt/ros/jazzy/include/std_msgs -isystem /opt/ros/jazzy/include/builtin_interfaces -isystem /opt/ros/jazzy/include/sensor_msgs -isystem /opt/ros/jazzy/include/geometry_msgs -isystem /opt/ros/jazzy/include/service_msgs -std=gnu++17 -fPIC -Wall -Wextra -Wpedantic -Wredundant-decls -MD -MT CMakeFiles/mecheye_ros_interface__rosidl_typesupport_fastrtps_cpp.dir/rosidl_typesupport_fastrtps_cpp/mecheye_ros_interface/srv/detail/dds_fastrtps/delete_user_set__type_support.cpp.o -MF CMakeFiles/mecheye_ros_interface__rosidl_typesupport_fastrtps_cpp.dir/rosidl_typesupport_fastrtps_cpp/mecheye_ros_interface/srv/detail/dds_fastrtps/delete_user_set__type_support.cpp.o.d -o CMakeFiles/mecheye_ros_interface__rosidl_typesupport_fastrtps_cpp.dir/rosidl_typesupport_fastrtps_cpp/mecheye_ros_interface/srv/detail/dds_fastrtps/delete_user_set__type_support.cpp.o -c /home/inauenma/git/mecheye_ros2_interface/build/mecheye_ros_interface/rosidl_typesupport_fastrtps_cpp/mecheye_ros_interface/srv/detail/dds_fastrtps/delete_user_set__type_support.cpp
[52.945s] [ 72%] Building C object CMakeFiles/mecheye_ros_interface__rosidl_typesupport_introspection_c.dir/rosidl_typesupport_introspection_c/mecheye_ros_interface/srv/detail/get_float_array_parameter__type_support.c.o
[52.947s] /usr/bin/cc -DROSIDL_TYPESUPPORT_INTROSPECTION_C_BUILDING_DLL_mecheye_ros_interface -DROS_PACKAGE_NAME=\"mecheye_ros_interface\" -I/usr/include/eigen3 -I/home/inauenma/git/mecheye_ros2_interface/build/mecheye_ros_interface/rosidl_typesupport_introspection_c -I/home/inauenma/git/mecheye_ros2_interface/build/mecheye_ros_interface/rosidl_generator_c -isystem /opt/ros/jazzy/include/std_msgs -isystem /opt/ros/jazzy/include/builtin_interfaces -isystem /opt/ros/jazzy/include/rosidl_runtime_c -isystem /opt/ros/jazzy/include/rcutils -isystem /opt/ros/jazzy/include/rosidl_typesupport_interface -isystem /opt/ros/jazzy/include/sensor_msgs -isystem /opt/ros/jazzy/include/geometry_msgs -isystem /opt/ros/jazzy/include/service_msgs -isystem /opt/ros/jazzy/include/rosidl_typesupport_introspection_c -std=gnu11 -fPIC -Wall -MD -MT CMakeFiles/mecheye_ros_interface__rosidl_typesupport_introspection_c.dir/rosidl_typesupport_introspection_c/mecheye_ros_interface/srv/detail/get_float_array_parameter__type_support.c.o -MF CMakeFiles/mecheye_ros_interface__rosidl_typesupport_introspection_c.dir/rosidl_typesupport_introspection_c/mecheye_ros_interface/srv/detail/get_float_array_parameter__type_support.c.o.d -o CMakeFiles/mecheye_ros_interface__rosidl_typesupport_introspection_c.dir/rosidl_typesupport_introspection_c/mecheye_ros_interface/srv/detail/get_float_array_parameter__type_support.c.o -c /home/inauenma/git/mecheye_ros2_interface/build/mecheye_ros_interface/rosidl_typesupport_introspection_c/mecheye_ros_interface/srv/detail/get_float_array_parameter__type_support.c
[53.023s] [ 72%] Building CXX object CMakeFiles/mecheye_ros_interface__rosidl_typesupport_fastrtps_c.dir/rosidl_typesupport_fastrtps_c/mecheye_ros_interface/srv/detail/capture_stereo_color_images__type_support_c.cpp.o
[53.026s] /usr/bin/c++ -DFASTCDR_DYN_LINK -DROSIDL_TYPESUPPORT_FASTRTPS_C_BUILDING_DLL_mecheye_ros_interface -DROS_PACKAGE_NAME=\"mecheye_ros_interface\" -I/usr/include/eigen3 -I/home/inauenma/git/mecheye_ros2_interface/build/mecheye_ros_interface/rosidl_typesupport_fastrtps_c -I/home/inauenma/git/mecheye_ros2_interface/build/mecheye_ros_interface/rosidl_generator_c -isystem /opt/ros/jazzy/include/fastcdr -isystem /opt/ros/jazzy/include/rosidl_runtime_c -isystem /opt/ros/jazzy/include/rcutils -isystem /opt/ros/jazzy/include/rosidl_typesupport_interface -isystem /opt/ros/jazzy/include/rosidl_runtime_cpp -isystem /opt/ros/jazzy/include/rosidl_typesupport_fastrtps_cpp -isystem /opt/ros/jazzy/include/rmw -isystem /opt/ros/jazzy/include/rosidl_dynamic_typesupport -isystem /opt/ros/jazzy/include/rosidl_typesupport_fastrtps_c -isystem /opt/ros/jazzy/include/std_msgs -isystem /opt/ros/jazzy/include/builtin_interfaces -isystem /opt/ros/jazzy/include/sensor_msgs -isystem /opt/ros/jazzy/include/geometry_msgs -isystem /opt/ros/jazzy/include/service_msgs -std=gnu++17 -fPIC -Wall -Wextra -Wpedantic -MD -MT CMakeFiles/mecheye_ros_interface__rosidl_typesupport_fastrtps_c.dir/rosidl_typesupport_fastrtps_c/mecheye_ros_interface/srv/detail/capture_stereo_color_images__type_support_c.cpp.o -MF CMakeFiles/mecheye_ros_interface__rosidl_typesupport_fastrtps_c.dir/rosidl_typesupport_fastrtps_c/mecheye_ros_interface/srv/detail/capture_stereo_color_images__type_support_c.cpp.o.d -o CMakeFiles/mecheye_ros_interface__rosidl_typesupport_fastrtps_c.dir/rosidl_typesupport_fastrtps_c/mecheye_ros_interface/srv/detail/capture_stereo_color_images__type_support_c.cpp.o -c /home/inauenma/git/mecheye_ros2_interface/build/mecheye_ros_interface/rosidl_typesupport_fastrtps_c/mecheye_ros_interface/srv/detail/capture_stereo_color_images__type_support_c.cpp
[53.051s] [ 72%] Building CXX object CMakeFiles/mecheye_ros_interface__rosidl_typesupport_fastrtps_cpp.dir/rosidl_typesupport_fastrtps_cpp/mecheye_ros_interface/srv/detail/dds_fastrtps/device_info__type_support.cpp.o
[53.061s] /usr/bin/c++ -DFASTCDR_DYN_LINK -DROSIDL_TYPESUPPORT_FASTRTPS_CPP_BUILDING_DLL_mecheye_ros_interface -DROS_PACKAGE_NAME=\"mecheye_ros_interface\" -I/usr/include/eigen3 -I/home/inauenma/git/mecheye_ros2_interface/build/mecheye_ros_interface/rosidl_typesupport_fastrtps_cpp -I/home/inauenma/git/mecheye_ros2_interface/build/mecheye_ros_interface/rosidl_generator_c -I/home/inauenma/git/mecheye_ros2_interface/build/mecheye_ros_interface/rosidl_generator_cpp -isystem /opt/ros/jazzy/include/fastcdr -isystem /opt/ros/jazzy/include/rmw -isystem /opt/ros/jazzy/include/rcutils -isystem /opt/ros/jazzy/include/rosidl_dynamic_typesupport -isystem /opt/ros/jazzy/include/rosidl_runtime_c -isystem /opt/ros/jazzy/include/rosidl_typesupport_interface -isystem /opt/ros/jazzy/include/rosidl_runtime_cpp -isystem /opt/ros/jazzy/include/rosidl_typesupport_fastrtps_cpp -isystem /opt/ros/jazzy/include/std_msgs -isystem /opt/ros/jazzy/include/builtin_interfaces -isystem /opt/ros/jazzy/include/sensor_msgs -isystem /opt/ros/jazzy/include/geometry_msgs -isystem /opt/ros/jazzy/include/service_msgs -std=gnu++17 -fPIC -Wall -Wextra -Wpedantic -Wredundant-decls -MD -MT CMakeFiles/mecheye_ros_interface__rosidl_typesupport_fastrtps_cpp.dir/rosidl_typesupport_fastrtps_cpp/mecheye_ros_interface/srv/detail/dds_fastrtps/device_info__type_support.cpp.o -MF CMakeFiles/mecheye_ros_interface__rosidl_typesupport_fastrtps_cpp.dir/rosidl_typesupport_fastrtps_cpp/mecheye_ros_interface/srv/detail/dds_fastrtps/device_info__type_support.cpp.o.d -o CMakeFiles/mecheye_ros_interface__rosidl_typesupport_fastrtps_cpp.dir/rosidl_typesupport_fastrtps_cpp/mecheye_ros_interface/srv/detail/dds_fastrtps/device_info__type_support.cpp.o -c /home/inauenma/git/mecheye_ros2_interface/build/mecheye_ros_interface/rosidl_typesupport_fastrtps_cpp/mecheye_ros_interface/srv/detail/dds_fastrtps/device_info__type_support.cpp
[53.098s] [ 72%] Building C object CMakeFiles/mecheye_ros_interface__rosidl_typesupport_introspection_c.dir/rosidl_typesupport_introspection_c/mecheye_ros_interface/srv/detail/set_roi_parameter__type_support.c.o
[53.100s] /usr/bin/cc -DROSIDL_TYPESUPPORT_INTROSPECTION_C_BUILDING_DLL_mecheye_ros_interface -DROS_PACKAGE_NAME=\"mecheye_ros_interface\" -I/usr/include/eigen3 -I/home/inauenma/git/mecheye_ros2_interface/build/mecheye_ros_interface/rosidl_typesupport_introspection_c -I/home/inauenma/git/mecheye_ros2_interface/build/mecheye_ros_interface/rosidl_generator_c -isystem /opt/ros/jazzy/include/std_msgs -isystem /opt/ros/jazzy/include/builtin_interfaces -isystem /opt/ros/jazzy/include/rosidl_runtime_c -isystem /opt/ros/jazzy/include/rcutils -isystem /opt/ros/jazzy/include/rosidl_typesupport_interface -isystem /opt/ros/jazzy/include/sensor_msgs -isystem /opt/ros/jazzy/include/geometry_msgs -isystem /opt/ros/jazzy/include/service_msgs -isystem /opt/ros/jazzy/include/rosidl_typesupport_introspection_c -std=gnu11 -fPIC -Wall -MD -MT CMakeFiles/mecheye_ros_interface__rosidl_typesupport_introspection_c.dir/rosidl_typesupport_introspection_c/mecheye_ros_interface/srv/detail/set_roi_parameter__type_support.c.o -MF CMakeFiles/mecheye_ros_interface__rosidl_typesupport_introspection_c.dir/rosidl_typesupport_introspection_c/mecheye_ros_interface/srv/detail/set_roi_parameter__type_support.c.o.d -o CMakeFiles/mecheye_ros_interface__rosidl_typesupport_introspection_c.dir/rosidl_typesupport_introspection_c/mecheye_ros_interface/srv/detail/set_roi_parameter__type_support.c.o -c /home/inauenma/git/mecheye_ros2_interface/build/mecheye_ros_interface/rosidl_typesupport_introspection_c/mecheye_ros_interface/srv/detail/set_roi_parameter__type_support.c
[53.115s] [ 73%] Building CXX object CMakeFiles/mecheye_ros_interface__rosidl_typesupport_fastrtps_c.dir/rosidl_typesupport_fastrtps_c/mecheye_ros_interface/srv/detail/capture_textured_point_cloud__type_support_c.cpp.o
[53.118s] /usr/bin/c++ -DFASTCDR_DYN_LINK -DROSIDL_TYPESUPPORT_FASTRTPS_C_BUILDING_DLL_mecheye_ros_interface -DROS_PACKAGE_NAME=\"mecheye_ros_interface\" -I/usr/include/eigen3 -I/home/inauenma/git/mecheye_ros2_interface/build/mecheye_ros_interface/rosidl_typesupport_fastrtps_c -I/home/inauenma/git/mecheye_ros2_interface/build/mecheye_ros_interface/rosidl_generator_c -isystem /opt/ros/jazzy/include/fastcdr -isystem /opt/ros/jazzy/include/rosidl_runtime_c -isystem /opt/ros/jazzy/include/rcutils -isystem /opt/ros/jazzy/include/rosidl_typesupport_interface -isystem /opt/ros/jazzy/include/rosidl_runtime_cpp -isystem /opt/ros/jazzy/include/rosidl_typesupport_fastrtps_cpp -isystem /opt/ros/jazzy/include/rmw -isystem /opt/ros/jazzy/include/rosidl_dynamic_typesupport -isystem /opt/ros/jazzy/include/rosidl_typesupport_fastrtps_c -isystem /opt/ros/jazzy/include/std_msgs -isystem /opt/ros/jazzy/include/builtin_interfaces -isystem /opt/ros/jazzy/include/sensor_msgs -isystem /opt/ros/jazzy/include/geometry_msgs -isystem /opt/ros/jazzy/include/service_msgs -std=gnu++17 -fPIC -Wall -Wextra -Wpedantic -MD -MT CMakeFiles/mecheye_ros_interface__rosidl_typesupport_fastrtps_c.dir/rosidl_typesupport_fastrtps_c/mecheye_ros_interface/srv/detail/capture_textured_point_cloud__type_support_c.cpp.o -MF CMakeFiles/mecheye_ros_interface__rosidl_typesupport_fastrtps_c.dir/rosidl_typesupport_fastrtps_c/mecheye_ros_interface/srv/detail/capture_textured_point_cloud__type_support_c.cpp.o.d -o CMakeFiles/mecheye_ros_interface__rosidl_typesupport_fastrtps_c.dir/rosidl_typesupport_fastrtps_c/mecheye_ros_interface/srv/detail/capture_textured_point_cloud__type_support_c.cpp.o -c /home/inauenma/git/mecheye_ros2_interface/build/mecheye_ros_interface/rosidl_typesupport_fastrtps_c/mecheye_ros_interface/srv/detail/capture_textured_point_cloud__type_support_c.cpp
[53.181s] [ 73%] Building C object CMakeFiles/mecheye_ros_interface__rosidl_typesupport_introspection_c.dir/rosidl_typesupport_introspection_c/mecheye_ros_interface/srv/detail/get_roi_parameter__type_support.c.o
[53.193s] /usr/bin/cc -DROSIDL_TYPESUPPORT_INTROSPECTION_C_BUILDING_DLL_mecheye_ros_interface -DROS_PACKAGE_NAME=\"mecheye_ros_interface\" -I/usr/include/eigen3 -I/home/inauenma/git/mecheye_ros2_interface/build/mecheye_ros_interface/rosidl_typesupport_introspection_c -I/home/inauenma/git/mecheye_ros2_interface/build/mecheye_ros_interface/rosidl_generator_c -isystem /opt/ros/jazzy/include/std_msgs -isystem /opt/ros/jazzy/include/builtin_interfaces -isystem /opt/ros/jazzy/include/rosidl_runtime_c -isystem /opt/ros/jazzy/include/rcutils -isystem /opt/ros/jazzy/include/rosidl_typesupport_interface -isystem /opt/ros/jazzy/include/sensor_msgs -isystem /opt/ros/jazzy/include/geometry_msgs -isystem /opt/ros/jazzy/include/service_msgs -isystem /opt/ros/jazzy/include/rosidl_typesupport_introspection_c -std=gnu11 -fPIC -Wall -MD -MT CMakeFiles/mecheye_ros_interface__rosidl_typesupport_introspection_c.dir/rosidl_typesupport_introspection_c/mecheye_ros_interface/srv/detail/get_roi_parameter__type_support.c.o -MF CMakeFiles/mecheye_ros_interface__rosidl_typesupport_introspection_c.dir/rosidl_typesupport_introspection_c/mecheye_ros_interface/srv/detail/get_roi_parameter__type_support.c.o.d -o CMakeFiles/mecheye_ros_interface__rosidl_typesupport_introspection_c.dir/rosidl_typesupport_introspection_c/mecheye_ros_interface/srv/detail/get_roi_parameter__type_support.c.o -c /home/inauenma/git/mecheye_ros2_interface/build/mecheye_ros_interface/rosidl_typesupport_introspection_c/mecheye_ros_interface/srv/detail/get_roi_parameter__type_support.c
[53.248s] [ 73%] Building CXX object CMakeFiles/mecheye_ros_interface__rosidl_typesupport_fastrtps_cpp.dir/rosidl_typesupport_fastrtps_cpp/mecheye_ros_interface/srv/detail/dds_fastrtps/get_all_user_sets__type_support.cpp.o
[53.253s] /usr/bin/c++ -DFASTCDR_DYN_LINK -DROSIDL_TYPESUPPORT_FASTRTPS_CPP_BUILDING_DLL_mecheye_ros_interface -DROS_PACKAGE_NAME=\"mecheye_ros_interface\" -I/usr/include/eigen3 -I/home/inauenma/git/mecheye_ros2_interface/build/mecheye_ros_interface/rosidl_typesupport_fastrtps_cpp -I/home/inauenma/git/mecheye_ros2_interface/build/mecheye_ros_interface/rosidl_generator_c -I/home/inauenma/git/mecheye_ros2_interface/build/mecheye_ros_interface/rosidl_generator_cpp -isystem /opt/ros/jazzy/include/fastcdr -isystem /opt/ros/jazzy/include/rmw -isystem /opt/ros/jazzy/include/rcutils -isystem /opt/ros/jazzy/include/rosidl_dynamic_typesupport -isystem /opt/ros/jazzy/include/rosidl_runtime_c -isystem /opt/ros/jazzy/include/rosidl_typesupport_interface -isystem /opt/ros/jazzy/include/rosidl_runtime_cpp -isystem /opt/ros/jazzy/include/rosidl_typesupport_fastrtps_cpp -isystem /opt/ros/jazzy/include/std_msgs -isystem /opt/ros/jazzy/include/builtin_interfaces -isystem /opt/ros/jazzy/include/sensor_msgs -isystem /opt/ros/jazzy/include/geometry_msgs -isystem /opt/ros/jazzy/include/service_msgs -std=gnu++17 -fPIC -Wall -Wextra -Wpedantic -Wredundant-decls -MD -MT CMakeFiles/mecheye_ros_interface__rosidl_typesupport_fastrtps_cpp.dir/rosidl_typesupport_fastrtps_cpp/mecheye_ros_interface/srv/detail/dds_fastrtps/get_all_user_sets__type_support.cpp.o -MF CMakeFiles/mecheye_ros_interface__rosidl_typesupport_fastrtps_cpp.dir/rosidl_typesupport_fastrtps_cpp/mecheye_ros_interface/srv/detail/dds_fastrtps/get_all_user_sets__type_support.cpp.o.d -o CMakeFiles/mecheye_ros_interface__rosidl_typesupport_fastrtps_cpp.dir/rosidl_typesupport_fastrtps_cpp/mecheye_ros_interface/srv/detail/dds_fastrtps/get_all_user_sets__type_support.cpp.o -c /home/inauenma/git/mecheye_ros2_interface/build/mecheye_ros_interface/rosidl_typesupport_fastrtps_cpp/mecheye_ros_interface/srv/detail/dds_fastrtps/get_all_user_sets__type_support.cpp
[53.310s] [ 73%] Building CXX object CMakeFiles/mecheye_ros_interface__rosidl_typesupport_fastrtps_c.dir/rosidl_typesupport_fastrtps_c/mecheye_ros_interface/srv/detail/capture_depth_map__type_support_c.cpp.o
[53.317s] /usr/bin/c++ -DFASTCDR_DYN_LINK -DROSIDL_TYPESUPPORT_FASTRTPS_C_BUILDING_DLL_mecheye_ros_interface -DROS_PACKAGE_NAME=\"mecheye_ros_interface\" -I/usr/include/eigen3 -I/home/inauenma/git/mecheye_ros2_interface/build/mecheye_ros_interface/rosidl_typesupport_fastrtps_c -I/home/inauenma/git/mecheye_ros2_interface/build/mecheye_ros_interface/rosidl_generator_c -isystem /opt/ros/jazzy/include/fastcdr -isystem /opt/ros/jazzy/include/rosidl_runtime_c -isystem /opt/ros/jazzy/include/rcutils -isystem /opt/ros/jazzy/include/rosidl_typesupport_interface -isystem /opt/ros/jazzy/include/rosidl_runtime_cpp -isystem /opt/ros/jazzy/include/rosidl_typesupport_fastrtps_cpp -isystem /opt/ros/jazzy/include/rmw -isystem /opt/ros/jazzy/include/rosidl_dynamic_typesupport -isystem /opt/ros/jazzy/include/rosidl_typesupport_fastrtps_c -isystem /opt/ros/jazzy/include/std_msgs -isystem /opt/ros/jazzy/include/builtin_interfaces -isystem /opt/ros/jazzy/include/sensor_msgs -isystem /opt/ros/jazzy/include/geometry_msgs -isystem /opt/ros/jazzy/include/service_msgs -std=gnu++17 -fPIC -Wall -Wextra -Wpedantic -MD -MT CMakeFiles/mecheye_ros_interface__rosidl_typesupport_fastrtps_c.dir/rosidl_typesupport_fastrtps_c/mecheye_ros_interface/srv/detail/capture_depth_map__type_support_c.cpp.o -MF CMakeFiles/mecheye_ros_interface__rosidl_typesupport_fastrtps_c.dir/rosidl_typesupport_fastrtps_c/mecheye_ros_interface/srv/detail/capture_depth_map__type_support_c.cpp.o.d -o CMakeFiles/mecheye_ros_interface__rosidl_typesupport_fastrtps_c.dir/rosidl_typesupport_fastrtps_c/mecheye_ros_interface/srv/detail/capture_depth_map__type_support_c.cpp.o -c /home/inauenma/git/mecheye_ros2_interface/build/mecheye_ros_interface/rosidl_typesupport_fastrtps_c/mecheye_ros_interface/srv/detail/capture_depth_map__type_support_c.cpp
[53.401s] [ 74%] Linking C shared library libmecheye_ros_interface__rosidl_typesupport_introspection_c.so
[53.403s] /usr/bin/cmake -E cmake_link_script CMakeFiles/mecheye_ros_interface__rosidl_typesupport_introspection_c.dir/link.txt --verbose=1
[53.416s] [ 75%] Building CXX object CMakeFiles/mecheye_ros_interface__rosidl_typesupport_fastrtps_cpp.dir/rosidl_typesupport_fastrtps_cpp/mecheye_ros_interface/srv/detail/dds_fastrtps/get_current_user_set__type_support.cpp.o
[53.416s] /usr/bin/c++ -DFASTCDR_DYN_LINK -DROSIDL_TYPESUPPORT_FASTRTPS_CPP_BUILDING_DLL_mecheye_ros_interface -DROS_PACKAGE_NAME=\"mecheye_ros_interface\" -I/usr/include/eigen3 -I/home/inauenma/git/mecheye_ros2_interface/build/mecheye_ros_interface/rosidl_typesupport_fastrtps_cpp -I/home/inauenma/git/mecheye_ros2_interface/build/mecheye_ros_interface/rosidl_generator_c -I/home/inauenma/git/mecheye_ros2_interface/build/mecheye_ros_interface/rosidl_generator_cpp -isystem /opt/ros/jazzy/include/fastcdr -isystem /opt/ros/jazzy/include/rmw -isystem /opt/ros/jazzy/include/rcutils -isystem /opt/ros/jazzy/include/rosidl_dynamic_typesupport -isystem /opt/ros/jazzy/include/rosidl_runtime_c -isystem /opt/ros/jazzy/include/rosidl_typesupport_interface -isystem /opt/ros/jazzy/include/rosidl_runtime_cpp -isystem /opt/ros/jazzy/include/rosidl_typesupport_fastrtps_cpp -isystem /opt/ros/jazzy/include/std_msgs -isystem /opt/ros/jazzy/include/builtin_interfaces -isystem /opt/ros/jazzy/include/sensor_msgs -isystem /opt/ros/jazzy/include/geometry_msgs -isystem /opt/ros/jazzy/include/service_msgs -std=gnu++17 -fPIC -Wall -Wextra -Wpedantic -Wredundant-decls -MD -MT CMakeFiles/mecheye_ros_interface__rosidl_typesupport_fastrtps_cpp.dir/rosidl_typesupport_fastrtps_cpp/mecheye_ros_interface/srv/detail/dds_fastrtps/get_current_user_set__type_support.cpp.o -MF CMakeFiles/mecheye_ros_interface__rosidl_typesupport_fastrtps_cpp.dir/rosidl_typesupport_fastrtps_cpp/mecheye_ros_interface/srv/detail/dds_fastrtps/get_current_user_set__type_support.cpp.o.d -o CMakeFiles/mecheye_ros_interface__rosidl_typesupport_fastrtps_cpp.dir/rosidl_typesupport_fastrtps_cpp/mecheye_ros_interface/srv/detail/dds_fastrtps/get_current_user_set__type_support.cpp.o -c /home/inauenma/git/mecheye_ros2_interface/build/mecheye_ros_interface/rosidl_typesupport_fastrtps_cpp/mecheye_ros_interface/srv/detail/dds_fastrtps/get_current_user_set__type_support.cpp
[53.481s] /usr/bin/cc -fPIC -shared -Wl,-soname,libmecheye_ros_interface__rosidl_typesupport_introspection_c.so -o libmecheye_ros_interface__rosidl_typesupport_introspection_c.so CMakeFiles/mecheye_ros_interface__rosidl_typesupport_introspection_c.dir/rosidl_typesupport_introspection_c/mecheye_ros_interface/srv/detail/set_current_user_set__type_support.c.o CMakeFiles/mecheye_ros_interface__rosidl_typesupport_introspection_c.dir/rosidl_typesupport_introspection_c/mecheye_ros_interface/srv/detail/save_all_settings_to_user_sets__type_support.c.o CMakeFiles/mecheye_ros_interface__rosidl_typesupport_introspection_c.dir/rosidl_typesupport_introspection_c/mecheye_ros_interface/srv/detail/add_user_set__type_support.c.o CMakeFiles/mecheye_ros_interface__rosidl_typesupport_introspection_c.dir/rosidl_typesupport_introspection_c/mecheye_ros_interface/srv/detail/capture_color_image__type_support.c.o CMakeFiles/mecheye_ros_interface__rosidl_typesupport_introspection_c.dir/rosidl_typesupport_introspection_c/mecheye_ros_interface/srv/detail/capture_stereo_color_images__type_support.c.o CMakeFiles/mecheye_ros_interface__rosidl_typesupport_introspection_c.dir/rosidl_typesupport_introspection_c/mecheye_ros_interface/srv/detail/capture_textured_point_cloud__type_support.c.o CMakeFiles/mecheye_ros_interface__rosidl_typesupport_introspection_c.dir/rosidl_typesupport_introspection_c/mecheye_ros_interface/srv/detail/capture_depth_map__type_support.c.o CMakeFiles/mecheye_ros_interface__rosidl_typesupport_introspection_c.dir/rosidl_typesupport_introspection_c/mecheye_ros_interface/srv/detail/capture_point_cloud__type_support.c.o CMakeFiles/mecheye_ros_interface__rosidl_typesupport_introspection_c.dir/rosidl_typesupport_introspection_c/mecheye_ros_interface/srv/detail/delete_user_set__type_support.c.o CMakeFiles/mecheye_ros_interface__rosidl_typesupport_introspection_c.dir/rosidl_typesupport_introspection_c/mecheye_ros_interface/srv/detail/device_info__type_support.c.o CMakeFiles/mecheye_ros_interface__rosidl_typesupport_introspection_c.dir/rosidl_typesupport_introspection_c/mecheye_ros_interface/srv/detail/get_all_user_sets__type_support.c.o CMakeFiles/mecheye_ros_interface__rosidl_typesupport_introspection_c.dir/rosidl_typesupport_introspection_c/mecheye_ros_interface/srv/detail/get_current_user_set__type_support.c.o CMakeFiles/mecheye_ros_interface__rosidl_typesupport_introspection_c.dir/rosidl_typesupport_introspection_c/mecheye_ros_interface/srv/detail/set_int_parameter__type_support.c.o CMakeFiles/mecheye_ros_interface__rosidl_typesupport_introspection_c.dir/rosidl_typesupport_introspection_c/mecheye_ros_interface/srv/detail/get_int_parameter__type_support.c.o CMakeFiles/mecheye_ros_interface__rosidl_typesupport_introspection_c.dir/rosidl_typesupport_introspection_c/mecheye_ros_interface/srv/detail/set_range_parameter__type_support.c.o CMakeFiles/mecheye_ros_interface__rosidl_typesupport_introspection_c.dir/rosidl_typesupport_introspection_c/mecheye_ros_interface/srv/detail/get_range_parameter__type_support.c.o CMakeFiles/mecheye_ros_interface__rosidl_typesupport_introspection_c.dir/rosidl_typesupport_introspection_c/mecheye_ros_interface/srv/detail/set_bool_parameter__type_support.c.o CMakeFiles/mecheye_ros_interface__rosidl_typesupport_introspection_c.dir/rosidl_typesupport_introspection_c/mecheye_ros_interface/srv/detail/get_bool_parameter__type_support.c.o CMakeFiles/mecheye_ros_interface__rosidl_typesupport_introspection_c.dir/rosidl_typesupport_introspection_c/mecheye_ros_interface/srv/detail/set_enum_parameter__type_support.c.o CMakeFiles/mecheye_ros_interface__rosidl_typesupport_introspection_c.dir/rosidl_typesupport_introspection_c/mecheye_ros_interface/srv/detail/get_enum_parameter__type_support.c.o CMakeFiles/mecheye_ros_interface__rosidl_typesupport_introspection_c.dir/rosidl_typesupport_introspection_c/mecheye_ros_interface/srv/detail/set_float_parameter__type_support.c.o CMakeFiles/mecheye_ros_interface__rosidl_typesupport_introspection_c.dir/rosidl_typesupport_introspection_c/mecheye_ros_interface/srv/detail/get_float_parameter__type_support.c.o CMakeFiles/mecheye_ros_interface__rosidl_typesupport_introspection_c.dir/rosidl_typesupport_introspection_c/mecheye_ros_interface/srv/detail/set_float_array_parameter__type_support.c.o CMakeFiles/mecheye_ros_interface__rosidl_typesupport_introspection_c.dir/rosidl_typesupport_introspection_c/mecheye_ros_interface/srv/detail/get_float_array_parameter__type_support.c.o CMakeFiles/mecheye_ros_interface__rosidl_typesupport_introspection_c.dir/rosidl_typesupport_introspection_c/mecheye_ros_interface/srv/detail/set_roi_parameter__type_support.c.o CMakeFiles/mecheye_ros_interface__rosidl_typesupport_introspection_c.dir/rosidl_typesupport_introspection_c/mecheye_ros_interface/srv/detail/get_roi_parameter__type_support.c.o  -Wl,-rpath,/home/inauenma/git/mecheye_ros2_interface/build/mecheye_ros_interface:/opt/ros/jazzy/lib: libmecheye_ros_interface__rosidl_generator_c.so /opt/ros/jazzy/lib/libsensor_msgs__rosidl_typesupport_introspection_c.so /opt/ros/jazzy/lib/libgeometry_msgs__rosidl_typesupport_introspection_c.so /opt/ros/jazzy/lib/libservice_msgs__rosidl_typesupport_introspection_c.so /opt/ros/jazzy/lib/libstd_msgs__rosidl_typesupport_introspection_c.so /opt/ros/jazzy/lib/libbuiltin_interfaces__rosidl_typesupport_introspection_c.so /opt/ros/jazzy/lib/librosidl_typesupport_introspection_c.so /opt/ros/jazzy/lib/libsensor_msgs__rosidl_generator_c.so /opt/ros/jazzy/lib/libgeometry_msgs__rosidl_generator_c.so /opt/ros/jazzy/lib/libstd_msgs__rosidl_generator_c.so /opt/ros/jazzy/lib/libservice_msgs__rosidl_generator_c.so /opt/ros/jazzy/lib/libbuiltin_interfaces__rosidl_generator_c.so /opt/ros/jazzy/lib/librosidl_runtime_c.so /opt/ros/jazzy/lib/librcutils.so -ldl -latomic 
[53.617s] [ 75%] Building CXX object CMakeFiles/mecheye_ros_interface__rosidl_typesupport_introspection_cpp.dir/rosidl_typesupport_introspection_cpp/mecheye_ros_interface/srv/detail/set_float_array_parameter__type_support.cpp.o
[53.624s] [ 75%] Building CXX object CMakeFiles/mecheye_ros_interface__rosidl_typesupport_fastrtps_cpp.dir/rosidl_typesupport_fastrtps_cpp/mecheye_ros_interface/srv/detail/dds_fastrtps/set_int_parameter__type_support.cpp.o
[53.625s] /usr/bin/c++ -DROSIDL_TYPESUPPORT_INTROSPECTION_CPP_BUILDING_DLL -DROS_PACKAGE_NAME=\"mecheye_ros_interface\" -I/usr/include/eigen3 -I/home/inauenma/git/mecheye_ros2_interface/build/mecheye_ros_interface/rosidl_typesupport_introspection_cpp -I/home/inauenma/git/mecheye_ros2_interface/build/mecheye_ros_interface/rosidl_generator_c -I/home/inauenma/git/mecheye_ros2_interface/build/mecheye_ros_interface/rosidl_generator_cpp -isystem /opt/ros/jazzy/include/std_msgs -isystem /opt/ros/jazzy/include/builtin_interfaces -isystem /opt/ros/jazzy/include/rosidl_runtime_c -isystem /opt/ros/jazzy/include/rcutils -isystem /opt/ros/jazzy/include/rosidl_typesupport_interface -isystem /opt/ros/jazzy/include/sensor_msgs -isystem /opt/ros/jazzy/include/geometry_msgs -isystem /opt/ros/jazzy/include/service_msgs -isystem /opt/ros/jazzy/include/rosidl_runtime_cpp -isystem /opt/ros/jazzy/include/rosidl_typesupport_introspection_cpp -isystem /opt/ros/jazzy/include/rosidl_typesupport_introspection_c -std=gnu++17 -fPIC -Wall -Wextra -Wpedantic -MD -MT CMakeFiles/mecheye_ros_interface__rosidl_typesupport_introspection_cpp.dir/rosidl_typesupport_introspection_cpp/mecheye_ros_interface/srv/detail/set_float_array_parameter__type_support.cpp.o -MF CMakeFiles/mecheye_ros_interface__rosidl_typesupport_introspection_cpp.dir/rosidl_typesupport_introspection_cpp/mecheye_ros_interface/srv/detail/set_float_array_parameter__type_support.cpp.o.d -o CMakeFiles/mecheye_ros_interface__rosidl_typesupport_introspection_cpp.dir/rosidl_typesupport_introspection_cpp/mecheye_ros_interface/srv/detail/set_float_array_parameter__type_support.cpp.o -c /home/inauenma/git/mecheye_ros2_interface/build/mecheye_ros_interface/rosidl_typesupport_introspection_cpp/mecheye_ros_interface/srv/detail/set_float_array_parameter__type_support.cpp
[53.632s] /usr/bin/c++ -DFASTCDR_DYN_LINK -DROSIDL_TYPESUPPORT_FASTRTPS_CPP_BUILDING_DLL_mecheye_ros_interface -DROS_PACKAGE_NAME=\"mecheye_ros_interface\" -I/usr/include/eigen3 -I/home/inauenma/git/mecheye_ros2_interface/build/mecheye_ros_interface/rosidl_typesupport_fastrtps_cpp -I/home/inauenma/git/mecheye_ros2_interface/build/mecheye_ros_interface/rosidl_generator_c -I/home/inauenma/git/mecheye_ros2_interface/build/mecheye_ros_interface/rosidl_generator_cpp -isystem /opt/ros/jazzy/include/fastcdr -isystem /opt/ros/jazzy/include/rmw -isystem /opt/ros/jazzy/include/rcutils -isystem /opt/ros/jazzy/include/rosidl_dynamic_typesupport -isystem /opt/ros/jazzy/include/rosidl_runtime_c -isystem /opt/ros/jazzy/include/rosidl_typesupport_interface -isystem /opt/ros/jazzy/include/rosidl_runtime_cpp -isystem /opt/ros/jazzy/include/rosidl_typesupport_fastrtps_cpp -isystem /opt/ros/jazzy/include/std_msgs -isystem /opt/ros/jazzy/include/builtin_interfaces -isystem /opt/ros/jazzy/include/sensor_msgs -isystem /opt/ros/jazzy/include/geometry_msgs -isystem /opt/ros/jazzy/include/service_msgs -std=gnu++17 -fPIC -Wall -Wextra -Wpedantic -Wredundant-decls -MD -MT CMakeFiles/mecheye_ros_interface__rosidl_typesupport_fastrtps_cpp.dir/rosidl_typesupport_fastrtps_cpp/mecheye_ros_interface/srv/detail/dds_fastrtps/set_int_parameter__type_support.cpp.o -MF CMakeFiles/mecheye_ros_interface__rosidl_typesupport_fastrtps_cpp.dir/rosidl_typesupport_fastrtps_cpp/mecheye_ros_interface/srv/detail/dds_fastrtps/set_int_parameter__type_support.cpp.o.d -o CMakeFiles/mecheye_ros_interface__rosidl_typesupport_fastrtps_cpp.dir/rosidl_typesupport_fastrtps_cpp/mecheye_ros_interface/srv/detail/dds_fastrtps/set_int_parameter__type_support.cpp.o -c /home/inauenma/git/mecheye_ros2_interface/build/mecheye_ros_interface/rosidl_typesupport_fastrtps_cpp/mecheye_ros_interface/srv/detail/dds_fastrtps/set_int_parameter__type_support.cpp
[53.674s] [ 75%] Building CXX object CMakeFiles/mecheye_ros_interface__rosidl_typesupport_fastrtps_cpp.dir/rosidl_typesupport_fastrtps_cpp/mecheye_ros_interface/srv/detail/dds_fastrtps/get_int_parameter__type_support.cpp.o
[53.676s] /usr/bin/c++ -DFASTCDR_DYN_LINK -DROSIDL_TYPESUPPORT_FASTRTPS_CPP_BUILDING_DLL_mecheye_ros_interface -DROS_PACKAGE_NAME=\"mecheye_ros_interface\" -I/usr/include/eigen3 -I/home/inauenma/git/mecheye_ros2_interface/build/mecheye_ros_interface/rosidl_typesupport_fastrtps_cpp -I/home/inauenma/git/mecheye_ros2_interface/build/mecheye_ros_interface/rosidl_generator_c -I/home/inauenma/git/mecheye_ros2_interface/build/mecheye_ros_interface/rosidl_generator_cpp -isystem /opt/ros/jazzy/include/fastcdr -isystem /opt/ros/jazzy/include/rmw -isystem /opt/ros/jazzy/include/rcutils -isystem /opt/ros/jazzy/include/rosidl_dynamic_typesupport -isystem /opt/ros/jazzy/include/rosidl_runtime_c -isystem /opt/ros/jazzy/include/rosidl_typesupport_interface -isystem /opt/ros/jazzy/include/rosidl_runtime_cpp -isystem /opt/ros/jazzy/include/rosidl_typesupport_fastrtps_cpp -isystem /opt/ros/jazzy/include/std_msgs -isystem /opt/ros/jazzy/include/builtin_interfaces -isystem /opt/ros/jazzy/include/sensor_msgs -isystem /opt/ros/jazzy/include/geometry_msgs -isystem /opt/ros/jazzy/include/service_msgs -std=gnu++17 -fPIC -Wall -Wextra -Wpedantic -Wredundant-decls -MD -MT CMakeFiles/mecheye_ros_interface__rosidl_typesupport_fastrtps_cpp.dir/rosidl_typesupport_fastrtps_cpp/mecheye_ros_interface/srv/detail/dds_fastrtps/get_int_parameter__type_support.cpp.o -MF CMakeFiles/mecheye_ros_interface__rosidl_typesupport_fastrtps_cpp.dir/rosidl_typesupport_fastrtps_cpp/mecheye_ros_interface/srv/detail/dds_fastrtps/get_int_parameter__type_support.cpp.o.d -o CMakeFiles/mecheye_ros_interface__rosidl_typesupport_fastrtps_cpp.dir/rosidl_typesupport_fastrtps_cpp/mecheye_ros_interface/srv/detail/dds_fastrtps/get_int_parameter__type_support.cpp.o -c /home/inauenma/git/mecheye_ros2_interface/build/mecheye_ros_interface/rosidl_typesupport_fastrtps_cpp/mecheye_ros_interface/srv/detail/dds_fastrtps/get_int_parameter__type_support.cpp
[53.815s] gmake[2]: Leaving directory '/home/inauenma/git/mecheye_ros2_interface/build/mecheye_ros_interface'
[53.851s] [ 75%] Building CXX object CMakeFiles/mecheye_ros_interface__rosidl_typesupport_fastrtps_c.dir/rosidl_typesupport_fastrtps_c/mecheye_ros_interface/srv/detail/capture_point_cloud__type_support_c.cpp.o
[53.858s] /usr/bin/c++ -DFASTCDR_DYN_LINK -DROSIDL_TYPESUPPORT_FASTRTPS_C_BUILDING_DLL_mecheye_ros_interface -DROS_PACKAGE_NAME=\"mecheye_ros_interface\" -I/usr/include/eigen3 -I/home/inauenma/git/mecheye_ros2_interface/build/mecheye_ros_interface/rosidl_typesupport_fastrtps_c -I/home/inauenma/git/mecheye_ros2_interface/build/mecheye_ros_interface/rosidl_generator_c -isystem /opt/ros/jazzy/include/fastcdr -isystem /opt/ros/jazzy/include/rosidl_runtime_c -isystem /opt/ros/jazzy/include/rcutils -isystem /opt/ros/jazzy/include/rosidl_typesupport_interface -isystem /opt/ros/jazzy/include/rosidl_runtime_cpp -isystem /opt/ros/jazzy/include/rosidl_typesupport_fastrtps_cpp -isystem /opt/ros/jazzy/include/rmw -isystem /opt/ros/jazzy/include/rosidl_dynamic_typesupport -isystem /opt/ros/jazzy/include/rosidl_typesupport_fastrtps_c -isystem /opt/ros/jazzy/include/std_msgs -isystem /opt/ros/jazzy/include/builtin_interfaces -isystem /opt/ros/jazzy/include/sensor_msgs -isystem /opt/ros/jazzy/include/geometry_msgs -isystem /opt/ros/jazzy/include/service_msgs -std=gnu++17 -fPIC -Wall -Wextra -Wpedantic -MD -MT CMakeFiles/mecheye_ros_interface__rosidl_typesupport_fastrtps_c.dir/rosidl_typesupport_fastrtps_c/mecheye_ros_interface/srv/detail/capture_point_cloud__type_support_c.cpp.o -MF CMakeFiles/mecheye_ros_interface__rosidl_typesupport_fastrtps_c.dir/rosidl_typesupport_fastrtps_c/mecheye_ros_interface/srv/detail/capture_point_cloud__type_support_c.cpp.o.d -o CMakeFiles/mecheye_ros_interface__rosidl_typesupport_fastrtps_c.dir/rosidl_typesupport_fastrtps_c/mecheye_ros_interface/srv/detail/capture_point_cloud__type_support_c.cpp.o -c /home/inauenma/git/mecheye_ros2_interface/build/mecheye_ros_interface/rosidl_typesupport_fastrtps_c/mecheye_ros_interface/srv/detail/capture_point_cloud__type_support_c.cpp
[53.899s] [ 75%] Built target mecheye_ros_interface__rosidl_typesupport_introspection_c
[53.973s] [ 76%] Building CXX object CMakeFiles/mecheye_ros_interface__rosidl_typesupport_fastrtps_c.dir/rosidl_typesupport_fastrtps_c/mecheye_ros_interface/srv/detail/delete_user_set__type_support_c.cpp.o
[53.985s] /usr/bin/c++ -DFASTCDR_DYN_LINK -DROSIDL_TYPESUPPORT_FASTRTPS_C_BUILDING_DLL_mecheye_ros_interface -DROS_PACKAGE_NAME=\"mecheye_ros_interface\" -I/usr/include/eigen3 -I/home/inauenma/git/mecheye_ros2_interface/build/mecheye_ros_interface/rosidl_typesupport_fastrtps_c -I/home/inauenma/git/mecheye_ros2_interface/build/mecheye_ros_interface/rosidl_generator_c -isystem /opt/ros/jazzy/include/fastcdr -isystem /opt/ros/jazzy/include/rosidl_runtime_c -isystem /opt/ros/jazzy/include/rcutils -isystem /opt/ros/jazzy/include/rosidl_typesupport_interface -isystem /opt/ros/jazzy/include/rosidl_runtime_cpp -isystem /opt/ros/jazzy/include/rosidl_typesupport_fastrtps_cpp -isystem /opt/ros/jazzy/include/rmw -isystem /opt/ros/jazzy/include/rosidl_dynamic_typesupport -isystem /opt/ros/jazzy/include/rosidl_typesupport_fastrtps_c -isystem /opt/ros/jazzy/include/std_msgs -isystem /opt/ros/jazzy/include/builtin_interfaces -isystem /opt/ros/jazzy/include/sensor_msgs -isystem /opt/ros/jazzy/include/geometry_msgs -isystem /opt/ros/jazzy/include/service_msgs -std=gnu++17 -fPIC -Wall -Wextra -Wpedantic -MD -MT CMakeFiles/mecheye_ros_interface__rosidl_typesupport_fastrtps_c.dir/rosidl_typesupport_fastrtps_c/mecheye_ros_interface/srv/detail/delete_user_set__type_support_c.cpp.o -MF CMakeFiles/mecheye_ros_interface__rosidl_typesupport_fastrtps_c.dir/rosidl_typesupport_fastrtps_c/mecheye_ros_interface/srv/detail/delete_user_set__type_support_c.cpp.o.d -o CMakeFiles/mecheye_ros_interface__rosidl_typesupport_fastrtps_c.dir/rosidl_typesupport_fastrtps_c/mecheye_ros_interface/srv/detail/delete_user_set__type_support_c.cpp.o -c /home/inauenma/git/mecheye_ros2_interface/build/mecheye_ros_interface/rosidl_typesupport_fastrtps_c/mecheye_ros_interface/srv/detail/delete_user_set__type_support_c.cpp
[53.985s] [ 76%] Building CXX object CMakeFiles/mecheye_ros_interface__rosidl_typesupport_introspection_cpp.dir/rosidl_typesupport_introspection_cpp/mecheye_ros_interface/srv/detail/get_float_array_parameter__type_support.cpp.o
[53.987s] /usr/bin/c++ -DROSIDL_TYPESUPPORT_INTROSPECTION_CPP_BUILDING_DLL -DROS_PACKAGE_NAME=\"mecheye_ros_interface\" -I/usr/include/eigen3 -I/home/inauenma/git/mecheye_ros2_interface/build/mecheye_ros_interface/rosidl_typesupport_introspection_cpp -I/home/inauenma/git/mecheye_ros2_interface/build/mecheye_ros_interface/rosidl_generator_c -I/home/inauenma/git/mecheye_ros2_interface/build/mecheye_ros_interface/rosidl_generator_cpp -isystem /opt/ros/jazzy/include/std_msgs -isystem /opt/ros/jazzy/include/builtin_interfaces -isystem /opt/ros/jazzy/include/rosidl_runtime_c -isystem /opt/ros/jazzy/include/rcutils -isystem /opt/ros/jazzy/include/rosidl_typesupport_interface -isystem /opt/ros/jazzy/include/sensor_msgs -isystem /opt/ros/jazzy/include/geometry_msgs -isystem /opt/ros/jazzy/include/service_msgs -isystem /opt/ros/jazzy/include/rosidl_runtime_cpp -isystem /opt/ros/jazzy/include/rosidl_typesupport_introspection_cpp -isystem /opt/ros/jazzy/include/rosidl_typesupport_introspection_c -std=gnu++17 -fPIC -Wall -Wextra -Wpedantic -MD -MT CMakeFiles/mecheye_ros_interface__rosidl_typesupport_introspection_cpp.dir/rosidl_typesupport_introspection_cpp/mecheye_ros_interface/srv/detail/get_float_array_parameter__type_support.cpp.o -MF CMakeFiles/mecheye_ros_interface__rosidl_typesupport_introspection_cpp.dir/rosidl_typesupport_introspection_cpp/mecheye_ros_interface/srv/detail/get_float_array_parameter__type_support.cpp.o.d -o CMakeFiles/mecheye_ros_interface__rosidl_typesupport_introspection_cpp.dir/rosidl_typesupport_introspection_cpp/mecheye_ros_interface/srv/detail/get_float_array_parameter__type_support.cpp.o -c /home/inauenma/git/mecheye_ros2_interface/build/mecheye_ros_interface/rosidl_typesupport_introspection_cpp/mecheye_ros_interface/srv/detail/get_float_array_parameter__type_support.cpp
[54.225s] [ 76%] Building CXX object CMakeFiles/mecheye_ros_interface__rosidl_typesupport_fastrtps_c.dir/rosidl_typesupport_fastrtps_c/mecheye_ros_interface/srv/detail/device_info__type_support_c.cpp.o
[54.238s] /usr/bin/c++ -DFASTCDR_DYN_LINK -DROSIDL_TYPESUPPORT_FASTRTPS_C_BUILDING_DLL_mecheye_ros_interface -DROS_PACKAGE_NAME=\"mecheye_ros_interface\" -I/usr/include/eigen3 -I/home/inauenma/git/mecheye_ros2_interface/build/mecheye_ros_interface/rosidl_typesupport_fastrtps_c -I/home/inauenma/git/mecheye_ros2_interface/build/mecheye_ros_interface/rosidl_generator_c -isystem /opt/ros/jazzy/include/fastcdr -isystem /opt/ros/jazzy/include/rosidl_runtime_c -isystem /opt/ros/jazzy/include/rcutils -isystem /opt/ros/jazzy/include/rosidl_typesupport_interface -isystem /opt/ros/jazzy/include/rosidl_runtime_cpp -isystem /opt/ros/jazzy/include/rosidl_typesupport_fastrtps_cpp -isystem /opt/ros/jazzy/include/rmw -isystem /opt/ros/jazzy/include/rosidl_dynamic_typesupport -isystem /opt/ros/jazzy/include/rosidl_typesupport_fastrtps_c -isystem /opt/ros/jazzy/include/std_msgs -isystem /opt/ros/jazzy/include/builtin_interfaces -isystem /opt/ros/jazzy/include/sensor_msgs -isystem /opt/ros/jazzy/include/geometry_msgs -isystem /opt/ros/jazzy/include/service_msgs -std=gnu++17 -fPIC -Wall -Wextra -Wpedantic -MD -MT CMakeFiles/mecheye_ros_interface__rosidl_typesupport_fastrtps_c.dir/rosidl_typesupport_fastrtps_c/mecheye_ros_interface/srv/detail/device_info__type_support_c.cpp.o -MF CMakeFiles/mecheye_ros_interface__rosidl_typesupport_fastrtps_c.dir/rosidl_typesupport_fastrtps_c/mecheye_ros_interface/srv/detail/device_info__type_support_c.cpp.o.d -o CMakeFiles/mecheye_ros_interface__rosidl_typesupport_fastrtps_c.dir/rosidl_typesupport_fastrtps_c/mecheye_ros_interface/srv/detail/device_info__type_support_c.cpp.o -c /home/inauenma/git/mecheye_ros2_interface/build/mecheye_ros_interface/rosidl_typesupport_fastrtps_c/mecheye_ros_interface/srv/detail/device_info__type_support_c.cpp
[54.329s] [ 77%] Building CXX object CMakeFiles/mecheye_ros_interface__rosidl_typesupport_fastrtps_c.dir/rosidl_typesupport_fastrtps_c/mecheye_ros_interface/srv/detail/get_all_user_sets__type_support_c.cpp.o
[54.335s] /usr/bin/c++ -DFASTCDR_DYN_LINK -DROSIDL_TYPESUPPORT_FASTRTPS_C_BUILDING_DLL_mecheye_ros_interface -DROS_PACKAGE_NAME=\"mecheye_ros_interface\" -I/usr/include/eigen3 -I/home/inauenma/git/mecheye_ros2_interface/build/mecheye_ros_interface/rosidl_typesupport_fastrtps_c -I/home/inauenma/git/mecheye_ros2_interface/build/mecheye_ros_interface/rosidl_generator_c -isystem /opt/ros/jazzy/include/fastcdr -isystem /opt/ros/jazzy/include/rosidl_runtime_c -isystem /opt/ros/jazzy/include/rcutils -isystem /opt/ros/jazzy/include/rosidl_typesupport_interface -isystem /opt/ros/jazzy/include/rosidl_runtime_cpp -isystem /opt/ros/jazzy/include/rosidl_typesupport_fastrtps_cpp -isystem /opt/ros/jazzy/include/rmw -isystem /opt/ros/jazzy/include/rosidl_dynamic_typesupport -isystem /opt/ros/jazzy/include/rosidl_typesupport_fastrtps_c -isystem /opt/ros/jazzy/include/std_msgs -isystem /opt/ros/jazzy/include/builtin_interfaces -isystem /opt/ros/jazzy/include/sensor_msgs -isystem /opt/ros/jazzy/include/geometry_msgs -isystem /opt/ros/jazzy/include/service_msgs -std=gnu++17 -fPIC -Wall -Wextra -Wpedantic -MD -MT CMakeFiles/mecheye_ros_interface__rosidl_typesupport_fastrtps_c.dir/rosidl_typesupport_fastrtps_c/mecheye_ros_interface/srv/detail/get_all_user_sets__type_support_c.cpp.o -MF CMakeFiles/mecheye_ros_interface__rosidl_typesupport_fastrtps_c.dir/rosidl_typesupport_fastrtps_c/mecheye_ros_interface/srv/detail/get_all_user_sets__type_support_c.cpp.o.d -o CMakeFiles/mecheye_ros_interface__rosidl_typesupport_fastrtps_c.dir/rosidl_typesupport_fastrtps_c/mecheye_ros_interface/srv/detail/get_all_user_sets__type_support_c.cpp.o -c /home/inauenma/git/mecheye_ros2_interface/build/mecheye_ros_interface/rosidl_typesupport_fastrtps_c/mecheye_ros_interface/srv/detail/get_all_user_sets__type_support_c.cpp
[54.620s] [ 78%] Building CXX object CMakeFiles/mecheye_ros_interface__rosidl_typesupport_fastrtps_cpp.dir/rosidl_typesupport_fastrtps_cpp/mecheye_ros_interface/srv/detail/dds_fastrtps/set_range_parameter__type_support.cpp.o
[54.629s] /usr/bin/c++ -DFASTCDR_DYN_LINK -DROSIDL_TYPESUPPORT_FASTRTPS_CPP_BUILDING_DLL_mecheye_ros_interface -DROS_PACKAGE_NAME=\"mecheye_ros_interface\" -I/usr/include/eigen3 -I/home/inauenma/git/mecheye_ros2_interface/build/mecheye_ros_interface/rosidl_typesupport_fastrtps_cpp -I/home/inauenma/git/mecheye_ros2_interface/build/mecheye_ros_interface/rosidl_generator_c -I/home/inauenma/git/mecheye_ros2_interface/build/mecheye_ros_interface/rosidl_generator_cpp -isystem /opt/ros/jazzy/include/fastcdr -isystem /opt/ros/jazzy/include/rmw -isystem /opt/ros/jazzy/include/rcutils -isystem /opt/ros/jazzy/include/rosidl_dynamic_typesupport -isystem /opt/ros/jazzy/include/rosidl_runtime_c -isystem /opt/ros/jazzy/include/rosidl_typesupport_interface -isystem /opt/ros/jazzy/include/rosidl_runtime_cpp -isystem /opt/ros/jazzy/include/rosidl_typesupport_fastrtps_cpp -isystem /opt/ros/jazzy/include/std_msgs -isystem /opt/ros/jazzy/include/builtin_interfaces -isystem /opt/ros/jazzy/include/sensor_msgs -isystem /opt/ros/jazzy/include/geometry_msgs -isystem /opt/ros/jazzy/include/service_msgs -std=gnu++17 -fPIC -Wall -Wextra -Wpedantic -Wredundant-decls -MD -MT CMakeFiles/mecheye_ros_interface__rosidl_typesupport_fastrtps_cpp.dir/rosidl_typesupport_fastrtps_cpp/mecheye_ros_interface/srv/detail/dds_fastrtps/set_range_parameter__type_support.cpp.o -MF CMakeFiles/mecheye_ros_interface__rosidl_typesupport_fastrtps_cpp.dir/rosidl_typesupport_fastrtps_cpp/mecheye_ros_interface/srv/detail/dds_fastrtps/set_range_parameter__type_support.cpp.o.d -o CMakeFiles/mecheye_ros_interface__rosidl_typesupport_fastrtps_cpp.dir/rosidl_typesupport_fastrtps_cpp/mecheye_ros_interface/srv/detail/dds_fastrtps/set_range_parameter__type_support.cpp.o -c /home/inauenma/git/mecheye_ros2_interface/build/mecheye_ros_interface/rosidl_typesupport_fastrtps_cpp/mecheye_ros_interface/srv/detail/dds_fastrtps/set_range_parameter__type_support.cpp
[54.728s] [ 78%] Building CXX object CMakeFiles/mecheye_ros_interface__rosidl_typesupport_fastrtps_c.dir/rosidl_typesupport_fastrtps_c/mecheye_ros_interface/srv/detail/get_current_user_set__type_support_c.cpp.o
[54.730s] /usr/bin/c++ -DFASTCDR_DYN_LINK -DROSIDL_TYPESUPPORT_FASTRTPS_C_BUILDING_DLL_mecheye_ros_interface -DROS_PACKAGE_NAME=\"mecheye_ros_interface\" -I/usr/include/eigen3 -I/home/inauenma/git/mecheye_ros2_interface/build/mecheye_ros_interface/rosidl_typesupport_fastrtps_c -I/home/inauenma/git/mecheye_ros2_interface/build/mecheye_ros_interface/rosidl_generator_c -isystem /opt/ros/jazzy/include/fastcdr -isystem /opt/ros/jazzy/include/rosidl_runtime_c -isystem /opt/ros/jazzy/include/rcutils -isystem /opt/ros/jazzy/include/rosidl_typesupport_interface -isystem /opt/ros/jazzy/include/rosidl_runtime_cpp -isystem /opt/ros/jazzy/include/rosidl_typesupport_fastrtps_cpp -isystem /opt/ros/jazzy/include/rmw -isystem /opt/ros/jazzy/include/rosidl_dynamic_typesupport -isystem /opt/ros/jazzy/include/rosidl_typesupport_fastrtps_c -isystem /opt/ros/jazzy/include/std_msgs -isystem /opt/ros/jazzy/include/builtin_interfaces -isystem /opt/ros/jazzy/include/sensor_msgs -isystem /opt/ros/jazzy/include/geometry_msgs -isystem /opt/ros/jazzy/include/service_msgs -std=gnu++17 -fPIC -Wall -Wextra -Wpedantic -MD -MT CMakeFiles/mecheye_ros_interface__rosidl_typesupport_fastrtps_c.dir/rosidl_typesupport_fastrtps_c/mecheye_ros_interface/srv/detail/get_current_user_set__type_support_c.cpp.o -MF CMakeFiles/mecheye_ros_interface__rosidl_typesupport_fastrtps_c.dir/rosidl_typesupport_fastrtps_c/mecheye_ros_interface/srv/detail/get_current_user_set__type_support_c.cpp.o.d -o CMakeFiles/mecheye_ros_interface__rosidl_typesupport_fastrtps_c.dir/rosidl_typesupport_fastrtps_c/mecheye_ros_interface/srv/detail/get_current_user_set__type_support_c.cpp.o -c /home/inauenma/git/mecheye_ros2_interface/build/mecheye_ros_interface/rosidl_typesupport_fastrtps_c/mecheye_ros_interface/srv/detail/get_current_user_set__type_support_c.cpp
[54.803s] [ 78%] Building CXX object CMakeFiles/mecheye_ros_interface__rosidl_typesupport_fastrtps_c.dir/rosidl_typesupport_fastrtps_c/mecheye_ros_interface/srv/detail/set_int_parameter__type_support_c.cpp.o
[54.807s] /usr/bin/c++ -DFASTCDR_DYN_LINK -DROSIDL_TYPESUPPORT_FASTRTPS_C_BUILDING_DLL_mecheye_ros_interface -DROS_PACKAGE_NAME=\"mecheye_ros_interface\" -I/usr/include/eigen3 -I/home/inauenma/git/mecheye_ros2_interface/build/mecheye_ros_interface/rosidl_typesupport_fastrtps_c -I/home/inauenma/git/mecheye_ros2_interface/build/mecheye_ros_interface/rosidl_generator_c -isystem /opt/ros/jazzy/include/fastcdr -isystem /opt/ros/jazzy/include/rosidl_runtime_c -isystem /opt/ros/jazzy/include/rcutils -isystem /opt/ros/jazzy/include/rosidl_typesupport_interface -isystem /opt/ros/jazzy/include/rosidl_runtime_cpp -isystem /opt/ros/jazzy/include/rosidl_typesupport_fastrtps_cpp -isystem /opt/ros/jazzy/include/rmw -isystem /opt/ros/jazzy/include/rosidl_dynamic_typesupport -isystem /opt/ros/jazzy/include/rosidl_typesupport_fastrtps_c -isystem /opt/ros/jazzy/include/std_msgs -isystem /opt/ros/jazzy/include/builtin_interfaces -isystem /opt/ros/jazzy/include/sensor_msgs -isystem /opt/ros/jazzy/include/geometry_msgs -isystem /opt/ros/jazzy/include/service_msgs -std=gnu++17 -fPIC -Wall -Wextra -Wpedantic -MD -MT CMakeFiles/mecheye_ros_interface__rosidl_typesupport_fastrtps_c.dir/rosidl_typesupport_fastrtps_c/mecheye_ros_interface/srv/detail/set_int_parameter__type_support_c.cpp.o -MF CMakeFiles/mecheye_ros_interface__rosidl_typesupport_fastrtps_c.dir/rosidl_typesupport_fastrtps_c/mecheye_ros_interface/srv/detail/set_int_parameter__type_support_c.cpp.o.d -o CMakeFiles/mecheye_ros_interface__rosidl_typesupport_fastrtps_c.dir/rosidl_typesupport_fastrtps_c/mecheye_ros_interface/srv/detail/set_int_parameter__type_support_c.cpp.o -c /home/inauenma/git/mecheye_ros2_interface/build/mecheye_ros_interface/rosidl_typesupport_fastrtps_c/mecheye_ros_interface/srv/detail/set_int_parameter__type_support_c.cpp
[54.853s] [ 78%] Building CXX object CMakeFiles/mecheye_ros_interface__rosidl_typesupport_fastrtps_cpp.dir/rosidl_typesupport_fastrtps_cpp/mecheye_ros_interface/srv/detail/dds_fastrtps/get_range_parameter__type_support.cpp.o
[54.858s] /usr/bin/c++ -DFASTCDR_DYN_LINK -DROSIDL_TYPESUPPORT_FASTRTPS_CPP_BUILDING_DLL_mecheye_ros_interface -DROS_PACKAGE_NAME=\"mecheye_ros_interface\" -I/usr/include/eigen3 -I/home/inauenma/git/mecheye_ros2_interface/build/mecheye_ros_interface/rosidl_typesupport_fastrtps_cpp -I/home/inauenma/git/mecheye_ros2_interface/build/mecheye_ros_interface/rosidl_generator_c -I/home/inauenma/git/mecheye_ros2_interface/build/mecheye_ros_interface/rosidl_generator_cpp -isystem /opt/ros/jazzy/include/fastcdr -isystem /opt/ros/jazzy/include/rmw -isystem /opt/ros/jazzy/include/rcutils -isystem /opt/ros/jazzy/include/rosidl_dynamic_typesupport -isystem /opt/ros/jazzy/include/rosidl_runtime_c -isystem /opt/ros/jazzy/include/rosidl_typesupport_interface -isystem /opt/ros/jazzy/include/rosidl_runtime_cpp -isystem /opt/ros/jazzy/include/rosidl_typesupport_fastrtps_cpp -isystem /opt/ros/jazzy/include/std_msgs -isystem /opt/ros/jazzy/include/builtin_interfaces -isystem /opt/ros/jazzy/include/sensor_msgs -isystem /opt/ros/jazzy/include/geometry_msgs -isystem /opt/ros/jazzy/include/service_msgs -std=gnu++17 -fPIC -Wall -Wextra -Wpedantic -Wredundant-decls -MD -MT CMakeFiles/mecheye_ros_interface__rosidl_typesupport_fastrtps_cpp.dir/rosidl_typesupport_fastrtps_cpp/mecheye_ros_interface/srv/detail/dds_fastrtps/get_range_parameter__type_support.cpp.o -MF CMakeFiles/mecheye_ros_interface__rosidl_typesupport_fastrtps_cpp.dir/rosidl_typesupport_fastrtps_cpp/mecheye_ros_interface/srv/detail/dds_fastrtps/get_range_parameter__type_support.cpp.o.d -o CMakeFiles/mecheye_ros_interface__rosidl_typesupport_fastrtps_cpp.dir/rosidl_typesupport_fastrtps_cpp/mecheye_ros_interface/srv/detail/dds_fastrtps/get_range_parameter__type_support.cpp.o -c /home/inauenma/git/mecheye_ros2_interface/build/mecheye_ros_interface/rosidl_typesupport_fastrtps_cpp/mecheye_ros_interface/srv/detail/dds_fastrtps/get_range_parameter__type_support.cpp
[54.956s] [ 78%] Building CXX object CMakeFiles/mecheye_ros_interface__rosidl_typesupport_fastrtps_cpp.dir/rosidl_typesupport_fastrtps_cpp/mecheye_ros_interface/srv/detail/dds_fastrtps/set_bool_parameter__type_support.cpp.o
[54.959s] /usr/bin/c++ -DFASTCDR_DYN_LINK -DROSIDL_TYPESUPPORT_FASTRTPS_CPP_BUILDING_DLL_mecheye_ros_interface -DROS_PACKAGE_NAME=\"mecheye_ros_interface\" -I/usr/include/eigen3 -I/home/inauenma/git/mecheye_ros2_interface/build/mecheye_ros_interface/rosidl_typesupport_fastrtps_cpp -I/home/inauenma/git/mecheye_ros2_interface/build/mecheye_ros_interface/rosidl_generator_c -I/home/inauenma/git/mecheye_ros2_interface/build/mecheye_ros_interface/rosidl_generator_cpp -isystem /opt/ros/jazzy/include/fastcdr -isystem /opt/ros/jazzy/include/rmw -isystem /opt/ros/jazzy/include/rcutils -isystem /opt/ros/jazzy/include/rosidl_dynamic_typesupport -isystem /opt/ros/jazzy/include/rosidl_runtime_c -isystem /opt/ros/jazzy/include/rosidl_typesupport_interface -isystem /opt/ros/jazzy/include/rosidl_runtime_cpp -isystem /opt/ros/jazzy/include/rosidl_typesupport_fastrtps_cpp -isystem /opt/ros/jazzy/include/std_msgs -isystem /opt/ros/jazzy/include/builtin_interfaces -isystem /opt/ros/jazzy/include/sensor_msgs -isystem /opt/ros/jazzy/include/geometry_msgs -isystem /opt/ros/jazzy/include/service_msgs -std=gnu++17 -fPIC -Wall -Wextra -Wpedantic -Wredundant-decls -MD -MT CMakeFiles/mecheye_ros_interface__rosidl_typesupport_fastrtps_cpp.dir/rosidl_typesupport_fastrtps_cpp/mecheye_ros_interface/srv/detail/dds_fastrtps/set_bool_parameter__type_support.cpp.o -MF CMakeFiles/mecheye_ros_interface__rosidl_typesupport_fastrtps_cpp.dir/rosidl_typesupport_fastrtps_cpp/mecheye_ros_interface/srv/detail/dds_fastrtps/set_bool_parameter__type_support.cpp.o.d -o CMakeFiles/mecheye_ros_interface__rosidl_typesupport_fastrtps_cpp.dir/rosidl_typesupport_fastrtps_cpp/mecheye_ros_interface/srv/detail/dds_fastrtps/set_bool_parameter__type_support.cpp.o -c /home/inauenma/git/mecheye_ros2_interface/build/mecheye_ros_interface/rosidl_typesupport_fastrtps_cpp/mecheye_ros_interface/srv/detail/dds_fastrtps/set_bool_parameter__type_support.cpp
[55.072s] [ 79%] Building CXX object CMakeFiles/mecheye_ros_interface__rosidl_typesupport_fastrtps_c.dir/rosidl_typesupport_fastrtps_c/mecheye_ros_interface/srv/detail/get_int_parameter__type_support_c.cpp.o
[55.075s] /usr/bin/c++ -DFASTCDR_DYN_LINK -DROSIDL_TYPESUPPORT_FASTRTPS_C_BUILDING_DLL_mecheye_ros_interface -DROS_PACKAGE_NAME=\"mecheye_ros_interface\" -I/usr/include/eigen3 -I/home/inauenma/git/mecheye_ros2_interface/build/mecheye_ros_interface/rosidl_typesupport_fastrtps_c -I/home/inauenma/git/mecheye_ros2_interface/build/mecheye_ros_interface/rosidl_generator_c -isystem /opt/ros/jazzy/include/fastcdr -isystem /opt/ros/jazzy/include/rosidl_runtime_c -isystem /opt/ros/jazzy/include/rcutils -isystem /opt/ros/jazzy/include/rosidl_typesupport_interface -isystem /opt/ros/jazzy/include/rosidl_runtime_cpp -isystem /opt/ros/jazzy/include/rosidl_typesupport_fastrtps_cpp -isystem /opt/ros/jazzy/include/rmw -isystem /opt/ros/jazzy/include/rosidl_dynamic_typesupport -isystem /opt/ros/jazzy/include/rosidl_typesupport_fastrtps_c -isystem /opt/ros/jazzy/include/std_msgs -isystem /opt/ros/jazzy/include/builtin_interfaces -isystem /opt/ros/jazzy/include/sensor_msgs -isystem /opt/ros/jazzy/include/geometry_msgs -isystem /opt/ros/jazzy/include/service_msgs -std=gnu++17 -fPIC -Wall -Wextra -Wpedantic -MD -MT CMakeFiles/mecheye_ros_interface__rosidl_typesupport_fastrtps_c.dir/rosidl_typesupport_fastrtps_c/mecheye_ros_interface/srv/detail/get_int_parameter__type_support_c.cpp.o -MF CMakeFiles/mecheye_ros_interface__rosidl_typesupport_fastrtps_c.dir/rosidl_typesupport_fastrtps_c/mecheye_ros_interface/srv/detail/get_int_parameter__type_support_c.cpp.o.d -o CMakeFiles/mecheye_ros_interface__rosidl_typesupport_fastrtps_c.dir/rosidl_typesupport_fastrtps_c/mecheye_ros_interface/srv/detail/get_int_parameter__type_support_c.cpp.o -c /home/inauenma/git/mecheye_ros2_interface/build/mecheye_ros_interface/rosidl_typesupport_fastrtps_c/mecheye_ros_interface/srv/detail/get_int_parameter__type_support_c.cpp
[55.103s] [ 79%] Building CXX object CMakeFiles/mecheye_ros_interface__rosidl_typesupport_fastrtps_c.dir/rosidl_typesupport_fastrtps_c/mecheye_ros_interface/srv/detail/set_range_parameter__type_support_c.cpp.o
[55.106s] /usr/bin/c++ -DFASTCDR_DYN_LINK -DROSIDL_TYPESUPPORT_FASTRTPS_C_BUILDING_DLL_mecheye_ros_interface -DROS_PACKAGE_NAME=\"mecheye_ros_interface\" -I/usr/include/eigen3 -I/home/inauenma/git/mecheye_ros2_interface/build/mecheye_ros_interface/rosidl_typesupport_fastrtps_c -I/home/inauenma/git/mecheye_ros2_interface/build/mecheye_ros_interface/rosidl_generator_c -isystem /opt/ros/jazzy/include/fastcdr -isystem /opt/ros/jazzy/include/rosidl_runtime_c -isystem /opt/ros/jazzy/include/rcutils -isystem /opt/ros/jazzy/include/rosidl_typesupport_interface -isystem /opt/ros/jazzy/include/rosidl_runtime_cpp -isystem /opt/ros/jazzy/include/rosidl_typesupport_fastrtps_cpp -isystem /opt/ros/jazzy/include/rmw -isystem /opt/ros/jazzy/include/rosidl_dynamic_typesupport -isystem /opt/ros/jazzy/include/rosidl_typesupport_fastrtps_c -isystem /opt/ros/jazzy/include/std_msgs -isystem /opt/ros/jazzy/include/builtin_interfaces -isystem /opt/ros/jazzy/include/sensor_msgs -isystem /opt/ros/jazzy/include/geometry_msgs -isystem /opt/ros/jazzy/include/service_msgs -std=gnu++17 -fPIC -Wall -Wextra -Wpedantic -MD -MT CMakeFiles/mecheye_ros_interface__rosidl_typesupport_fastrtps_c.dir/rosidl_typesupport_fastrtps_c/mecheye_ros_interface/srv/detail/set_range_parameter__type_support_c.cpp.o -MF CMakeFiles/mecheye_ros_interface__rosidl_typesupport_fastrtps_c.dir/rosidl_typesupport_fastrtps_c/mecheye_ros_interface/srv/detail/set_range_parameter__type_support_c.cpp.o.d -o CMakeFiles/mecheye_ros_interface__rosidl_typesupport_fastrtps_c.dir/rosidl_typesupport_fastrtps_c/mecheye_ros_interface/srv/detail/set_range_parameter__type_support_c.cpp.o -c /home/inauenma/git/mecheye_ros2_interface/build/mecheye_ros_interface/rosidl_typesupport_fastrtps_c/mecheye_ros_interface/srv/detail/set_range_parameter__type_support_c.cpp
[55.237s] [ 79%] Building CXX object CMakeFiles/mecheye_ros_interface__rosidl_typesupport_fastrtps_c.dir/rosidl_typesupport_fastrtps_c/mecheye_ros_interface/srv/detail/get_range_parameter__type_support_c.cpp.o
[55.241s] [ 80%] Building CXX object CMakeFiles/mecheye_ros_interface__rosidl_typesupport_introspection_cpp.dir/rosidl_typesupport_introspection_cpp/mecheye_ros_interface/srv/detail/set_roi_parameter__type_support.cpp.o
[55.241s] /usr/bin/c++ -DFASTCDR_DYN_LINK -DROSIDL_TYPESUPPORT_FASTRTPS_C_BUILDING_DLL_mecheye_ros_interface -DROS_PACKAGE_NAME=\"mecheye_ros_interface\" -I/usr/include/eigen3 -I/home/inauenma/git/mecheye_ros2_interface/build/mecheye_ros_interface/rosidl_typesupport_fastrtps_c -I/home/inauenma/git/mecheye_ros2_interface/build/mecheye_ros_interface/rosidl_generator_c -isystem /opt/ros/jazzy/include/fastcdr -isystem /opt/ros/jazzy/include/rosidl_runtime_c -isystem /opt/ros/jazzy/include/rcutils -isystem /opt/ros/jazzy/include/rosidl_typesupport_interface -isystem /opt/ros/jazzy/include/rosidl_runtime_cpp -isystem /opt/ros/jazzy/include/rosidl_typesupport_fastrtps_cpp -isystem /opt/ros/jazzy/include/rmw -isystem /opt/ros/jazzy/include/rosidl_dynamic_typesupport -isystem /opt/ros/jazzy/include/rosidl_typesupport_fastrtps_c -isystem /opt/ros/jazzy/include/std_msgs -isystem /opt/ros/jazzy/include/builtin_interfaces -isystem /opt/ros/jazzy/include/sensor_msgs -isystem /opt/ros/jazzy/include/geometry_msgs -isystem /opt/ros/jazzy/include/service_msgs -std=gnu++17 -fPIC -Wall -Wextra -Wpedantic -MD -MT CMakeFiles/mecheye_ros_interface__rosidl_typesupport_fastrtps_c.dir/rosidl_typesupport_fastrtps_c/mecheye_ros_interface/srv/detail/get_range_parameter__type_support_c.cpp.o -MF CMakeFiles/mecheye_ros_interface__rosidl_typesupport_fastrtps_c.dir/rosidl_typesupport_fastrtps_c/mecheye_ros_interface/srv/detail/get_range_parameter__type_support_c.cpp.o.d -o CMakeFiles/mecheye_ros_interface__rosidl_typesupport_fastrtps_c.dir/rosidl_typesupport_fastrtps_c/mecheye_ros_interface/srv/detail/get_range_parameter__type_support_c.cpp.o -c /home/inauenma/git/mecheye_ros2_interface/build/mecheye_ros_interface/rosidl_typesupport_fastrtps_c/mecheye_ros_interface/srv/detail/get_range_parameter__type_support_c.cpp
[55.241s] /usr/bin/c++ -DROSIDL_TYPESUPPORT_INTROSPECTION_CPP_BUILDING_DLL -DROS_PACKAGE_NAME=\"mecheye_ros_interface\" -I/usr/include/eigen3 -I/home/inauenma/git/mecheye_ros2_interface/build/mecheye_ros_interface/rosidl_typesupport_introspection_cpp -I/home/inauenma/git/mecheye_ros2_interface/build/mecheye_ros_interface/rosidl_generator_c -I/home/inauenma/git/mecheye_ros2_interface/build/mecheye_ros_interface/rosidl_generator_cpp -isystem /opt/ros/jazzy/include/std_msgs -isystem /opt/ros/jazzy/include/builtin_interfaces -isystem /opt/ros/jazzy/include/rosidl_runtime_c -isystem /opt/ros/jazzy/include/rcutils -isystem /opt/ros/jazzy/include/rosidl_typesupport_interface -isystem /opt/ros/jazzy/include/sensor_msgs -isystem /opt/ros/jazzy/include/geometry_msgs -isystem /opt/ros/jazzy/include/service_msgs -isystem /opt/ros/jazzy/include/rosidl_runtime_cpp -isystem /opt/ros/jazzy/include/rosidl_typesupport_introspection_cpp -isystem /opt/ros/jazzy/include/rosidl_typesupport_introspection_c -std=gnu++17 -fPIC -Wall -Wextra -Wpedantic -MD -MT CMakeFiles/mecheye_ros_interface__rosidl_typesupport_introspection_cpp.dir/rosidl_typesupport_introspection_cpp/mecheye_ros_interface/srv/detail/set_roi_parameter__type_support.cpp.o -MF CMakeFiles/mecheye_ros_interface__rosidl_typesupport_introspection_cpp.dir/rosidl_typesupport_introspection_cpp/mecheye_ros_interface/srv/detail/set_roi_parameter__type_support.cpp.o.d -o CMakeFiles/mecheye_ros_interface__rosidl_typesupport_introspection_cpp.dir/rosidl_typesupport_introspection_cpp/mecheye_ros_interface/srv/detail/set_roi_parameter__type_support.cpp.o -c /home/inauenma/git/mecheye_ros2_interface/build/mecheye_ros_interface/rosidl_typesupport_introspection_cpp/mecheye_ros_interface/srv/detail/set_roi_parameter__type_support.cpp
[55.257s] [ 81%] Building CXX object CMakeFiles/mecheye_ros_interface__rosidl_typesupport_fastrtps_cpp.dir/rosidl_typesupport_fastrtps_cpp/mecheye_ros_interface/srv/detail/dds_fastrtps/get_bool_parameter__type_support.cpp.o
[55.261s] /usr/bin/c++ -DFASTCDR_DYN_LINK -DROSIDL_TYPESUPPORT_FASTRTPS_CPP_BUILDING_DLL_mecheye_ros_interface -DROS_PACKAGE_NAME=\"mecheye_ros_interface\" -I/usr/include/eigen3 -I/home/inauenma/git/mecheye_ros2_interface/build/mecheye_ros_interface/rosidl_typesupport_fastrtps_cpp -I/home/inauenma/git/mecheye_ros2_interface/build/mecheye_ros_interface/rosidl_generator_c -I/home/inauenma/git/mecheye_ros2_interface/build/mecheye_ros_interface/rosidl_generator_cpp -isystem /opt/ros/jazzy/include/fastcdr -isystem /opt/ros/jazzy/include/rmw -isystem /opt/ros/jazzy/include/rcutils -isystem /opt/ros/jazzy/include/rosidl_dynamic_typesupport -isystem /opt/ros/jazzy/include/rosidl_runtime_c -isystem /opt/ros/jazzy/include/rosidl_typesupport_interface -isystem /opt/ros/jazzy/include/rosidl_runtime_cpp -isystem /opt/ros/jazzy/include/rosidl_typesupport_fastrtps_cpp -isystem /opt/ros/jazzy/include/std_msgs -isystem /opt/ros/jazzy/include/builtin_interfaces -isystem /opt/ros/jazzy/include/sensor_msgs -isystem /opt/ros/jazzy/include/geometry_msgs -isystem /opt/ros/jazzy/include/service_msgs -std=gnu++17 -fPIC -Wall -Wextra -Wpedantic -Wredundant-decls -MD -MT CMakeFiles/mecheye_ros_interface__rosidl_typesupport_fastrtps_cpp.dir/rosidl_typesupport_fastrtps_cpp/mecheye_ros_interface/srv/detail/dds_fastrtps/get_bool_parameter__type_support.cpp.o -MF CMakeFiles/mecheye_ros_interface__rosidl_typesupport_fastrtps_cpp.dir/rosidl_typesupport_fastrtps_cpp/mecheye_ros_interface/srv/detail/dds_fastrtps/get_bool_parameter__type_support.cpp.o.d -o CMakeFiles/mecheye_ros_interface__rosidl_typesupport_fastrtps_cpp.dir/rosidl_typesupport_fastrtps_cpp/mecheye_ros_interface/srv/detail/dds_fastrtps/get_bool_parameter__type_support.cpp.o -c /home/inauenma/git/mecheye_ros2_interface/build/mecheye_ros_interface/rosidl_typesupport_fastrtps_cpp/mecheye_ros_interface/srv/detail/dds_fastrtps/get_bool_parameter__type_support.cpp
[55.370s] [ 82%] Building CXX object CMakeFiles/mecheye_ros_interface__rosidl_typesupport_fastrtps_c.dir/rosidl_typesupport_fastrtps_c/mecheye_ros_interface/srv/detail/set_bool_parameter__type_support_c.cpp.o
[55.373s] /usr/bin/c++ -DFASTCDR_DYN_LINK -DROSIDL_TYPESUPPORT_FASTRTPS_C_BUILDING_DLL_mecheye_ros_interface -DROS_PACKAGE_NAME=\"mecheye_ros_interface\" -I/usr/include/eigen3 -I/home/inauenma/git/mecheye_ros2_interface/build/mecheye_ros_interface/rosidl_typesupport_fastrtps_c -I/home/inauenma/git/mecheye_ros2_interface/build/mecheye_ros_interface/rosidl_generator_c -isystem /opt/ros/jazzy/include/fastcdr -isystem /opt/ros/jazzy/include/rosidl_runtime_c -isystem /opt/ros/jazzy/include/rcutils -isystem /opt/ros/jazzy/include/rosidl_typesupport_interface -isystem /opt/ros/jazzy/include/rosidl_runtime_cpp -isystem /opt/ros/jazzy/include/rosidl_typesupport_fastrtps_cpp -isystem /opt/ros/jazzy/include/rmw -isystem /opt/ros/jazzy/include/rosidl_dynamic_typesupport -isystem /opt/ros/jazzy/include/rosidl_typesupport_fastrtps_c -isystem /opt/ros/jazzy/include/std_msgs -isystem /opt/ros/jazzy/include/builtin_interfaces -isystem /opt/ros/jazzy/include/sensor_msgs -isystem /opt/ros/jazzy/include/geometry_msgs -isystem /opt/ros/jazzy/include/service_msgs -std=gnu++17 -fPIC -Wall -Wextra -Wpedantic -MD -MT CMakeFiles/mecheye_ros_interface__rosidl_typesupport_fastrtps_c.dir/rosidl_typesupport_fastrtps_c/mecheye_ros_interface/srv/detail/set_bool_parameter__type_support_c.cpp.o -MF CMakeFiles/mecheye_ros_interface__rosidl_typesupport_fastrtps_c.dir/rosidl_typesupport_fastrtps_c/mecheye_ros_interface/srv/detail/set_bool_parameter__type_support_c.cpp.o.d -o CMakeFiles/mecheye_ros_interface__rosidl_typesupport_fastrtps_c.dir/rosidl_typesupport_fastrtps_c/mecheye_ros_interface/srv/detail/set_bool_parameter__type_support_c.cpp.o -c /home/inauenma/git/mecheye_ros2_interface/build/mecheye_ros_interface/rosidl_typesupport_fastrtps_c/mecheye_ros_interface/srv/detail/set_bool_parameter__type_support_c.cpp
[55.417s] [ 82%] Building CXX object CMakeFiles/mecheye_ros_interface__rosidl_typesupport_fastrtps_c.dir/rosidl_typesupport_fastrtps_c/mecheye_ros_interface/srv/detail/get_bool_parameter__type_support_c.cpp.o
[55.426s] /usr/bin/c++ -DFASTCDR_DYN_LINK -DROSIDL_TYPESUPPORT_FASTRTPS_C_BUILDING_DLL_mecheye_ros_interface -DROS_PACKAGE_NAME=\"mecheye_ros_interface\" -I/usr/include/eigen3 -I/home/inauenma/git/mecheye_ros2_interface/build/mecheye_ros_interface/rosidl_typesupport_fastrtps_c -I/home/inauenma/git/mecheye_ros2_interface/build/mecheye_ros_interface/rosidl_generator_c -isystem /opt/ros/jazzy/include/fastcdr -isystem /opt/ros/jazzy/include/rosidl_runtime_c -isystem /opt/ros/jazzy/include/rcutils -isystem /opt/ros/jazzy/include/rosidl_typesupport_interface -isystem /opt/ros/jazzy/include/rosidl_runtime_cpp -isystem /opt/ros/jazzy/include/rosidl_typesupport_fastrtps_cpp -isystem /opt/ros/jazzy/include/rmw -isystem /opt/ros/jazzy/include/rosidl_dynamic_typesupport -isystem /opt/ros/jazzy/include/rosidl_typesupport_fastrtps_c -isystem /opt/ros/jazzy/include/std_msgs -isystem /opt/ros/jazzy/include/builtin_interfaces -isystem /opt/ros/jazzy/include/sensor_msgs -isystem /opt/ros/jazzy/include/geometry_msgs -isystem /opt/ros/jazzy/include/service_msgs -std=gnu++17 -fPIC -Wall -Wextra -Wpedantic -MD -MT CMakeFiles/mecheye_ros_interface__rosidl_typesupport_fastrtps_c.dir/rosidl_typesupport_fastrtps_c/mecheye_ros_interface/srv/detail/get_bool_parameter__type_support_c.cpp.o -MF CMakeFiles/mecheye_ros_interface__rosidl_typesupport_fastrtps_c.dir/rosidl_typesupport_fastrtps_c/mecheye_ros_interface/srv/detail/get_bool_parameter__type_support_c.cpp.o.d -o CMakeFiles/mecheye_ros_interface__rosidl_typesupport_fastrtps_c.dir/rosidl_typesupport_fastrtps_c/mecheye_ros_interface/srv/detail/get_bool_parameter__type_support_c.cpp.o -c /home/inauenma/git/mecheye_ros2_interface/build/mecheye_ros_interface/rosidl_typesupport_fastrtps_c/mecheye_ros_interface/srv/detail/get_bool_parameter__type_support_c.cpp
[55.597s] [ 82%] Building CXX object CMakeFiles/mecheye_ros_interface__rosidl_typesupport_fastrtps_c.dir/rosidl_typesupport_fastrtps_c/mecheye_ros_interface/srv/detail/set_enum_parameter__type_support_c.cpp.o
[55.598s] /usr/bin/c++ -DFASTCDR_DYN_LINK -DROSIDL_TYPESUPPORT_FASTRTPS_C_BUILDING_DLL_mecheye_ros_interface -DROS_PACKAGE_NAME=\"mecheye_ros_interface\" -I/usr/include/eigen3 -I/home/inauenma/git/mecheye_ros2_interface/build/mecheye_ros_interface/rosidl_typesupport_fastrtps_c -I/home/inauenma/git/mecheye_ros2_interface/build/mecheye_ros_interface/rosidl_generator_c -isystem /opt/ros/jazzy/include/fastcdr -isystem /opt/ros/jazzy/include/rosidl_runtime_c -isystem /opt/ros/jazzy/include/rcutils -isystem /opt/ros/jazzy/include/rosidl_typesupport_interface -isystem /opt/ros/jazzy/include/rosidl_runtime_cpp -isystem /opt/ros/jazzy/include/rosidl_typesupport_fastrtps_cpp -isystem /opt/ros/jazzy/include/rmw -isystem /opt/ros/jazzy/include/rosidl_dynamic_typesupport -isystem /opt/ros/jazzy/include/rosidl_typesupport_fastrtps_c -isystem /opt/ros/jazzy/include/std_msgs -isystem /opt/ros/jazzy/include/builtin_interfaces -isystem /opt/ros/jazzy/include/sensor_msgs -isystem /opt/ros/jazzy/include/geometry_msgs -isystem /opt/ros/jazzy/include/service_msgs -std=gnu++17 -fPIC -Wall -Wextra -Wpedantic -MD -MT CMakeFiles/mecheye_ros_interface__rosidl_typesupport_fastrtps_c.dir/rosidl_typesupport_fastrtps_c/mecheye_ros_interface/srv/detail/set_enum_parameter__type_support_c.cpp.o -MF CMakeFiles/mecheye_ros_interface__rosidl_typesupport_fastrtps_c.dir/rosidl_typesupport_fastrtps_c/mecheye_ros_interface/srv/detail/set_enum_parameter__type_support_c.cpp.o.d -o CMakeFiles/mecheye_ros_interface__rosidl_typesupport_fastrtps_c.dir/rosidl_typesupport_fastrtps_c/mecheye_ros_interface/srv/detail/set_enum_parameter__type_support_c.cpp.o -c /home/inauenma/git/mecheye_ros2_interface/build/mecheye_ros_interface/rosidl_typesupport_fastrtps_c/mecheye_ros_interface/srv/detail/set_enum_parameter__type_support_c.cpp
[55.674s] [ 83%] Building CXX object CMakeFiles/mecheye_ros_interface__rosidl_typesupport_fastrtps_c.dir/rosidl_typesupport_fastrtps_c/mecheye_ros_interface/srv/detail/get_enum_parameter__type_support_c.cpp.o
[55.678s] /usr/bin/c++ -DFASTCDR_DYN_LINK -DROSIDL_TYPESUPPORT_FASTRTPS_C_BUILDING_DLL_mecheye_ros_interface -DROS_PACKAGE_NAME=\"mecheye_ros_interface\" -I/usr/include/eigen3 -I/home/inauenma/git/mecheye_ros2_interface/build/mecheye_ros_interface/rosidl_typesupport_fastrtps_c -I/home/inauenma/git/mecheye_ros2_interface/build/mecheye_ros_interface/rosidl_generator_c -isystem /opt/ros/jazzy/include/fastcdr -isystem /opt/ros/jazzy/include/rosidl_runtime_c -isystem /opt/ros/jazzy/include/rcutils -isystem /opt/ros/jazzy/include/rosidl_typesupport_interface -isystem /opt/ros/jazzy/include/rosidl_runtime_cpp -isystem /opt/ros/jazzy/include/rosidl_typesupport_fastrtps_cpp -isystem /opt/ros/jazzy/include/rmw -isystem /opt/ros/jazzy/include/rosidl_dynamic_typesupport -isystem /opt/ros/jazzy/include/rosidl_typesupport_fastrtps_c -isystem /opt/ros/jazzy/include/std_msgs -isystem /opt/ros/jazzy/include/builtin_interfaces -isystem /opt/ros/jazzy/include/sensor_msgs -isystem /opt/ros/jazzy/include/geometry_msgs -isystem /opt/ros/jazzy/include/service_msgs -std=gnu++17 -fPIC -Wall -Wextra -Wpedantic -MD -MT CMakeFiles/mecheye_ros_interface__rosidl_typesupport_fastrtps_c.dir/rosidl_typesupport_fastrtps_c/mecheye_ros_interface/srv/detail/get_enum_parameter__type_support_c.cpp.o -MF CMakeFiles/mecheye_ros_interface__rosidl_typesupport_fastrtps_c.dir/rosidl_typesupport_fastrtps_c/mecheye_ros_interface/srv/detail/get_enum_parameter__type_support_c.cpp.o.d -o CMakeFiles/mecheye_ros_interface__rosidl_typesupport_fastrtps_c.dir/rosidl_typesupport_fastrtps_c/mecheye_ros_interface/srv/detail/get_enum_parameter__type_support_c.cpp.o -c /home/inauenma/git/mecheye_ros2_interface/build/mecheye_ros_interface/rosidl_typesupport_fastrtps_c/mecheye_ros_interface/srv/detail/get_enum_parameter__type_support_c.cpp
[56.329s] [ 83%] Building CXX object CMakeFiles/mecheye_ros_interface__rosidl_typesupport_introspection_cpp.dir/rosidl_typesupport_introspection_cpp/mecheye_ros_interface/srv/detail/get_roi_parameter__type_support.cpp.o
[56.330s] /usr/bin/c++ -DROSIDL_TYPESUPPORT_INTROSPECTION_CPP_BUILDING_DLL -DROS_PACKAGE_NAME=\"mecheye_ros_interface\" -I/usr/include/eigen3 -I/home/inauenma/git/mecheye_ros2_interface/build/mecheye_ros_interface/rosidl_typesupport_introspection_cpp -I/home/inauenma/git/mecheye_ros2_interface/build/mecheye_ros_interface/rosidl_generator_c -I/home/inauenma/git/mecheye_ros2_interface/build/mecheye_ros_interface/rosidl_generator_cpp -isystem /opt/ros/jazzy/include/std_msgs -isystem /opt/ros/jazzy/include/builtin_interfaces -isystem /opt/ros/jazzy/include/rosidl_runtime_c -isystem /opt/ros/jazzy/include/rcutils -isystem /opt/ros/jazzy/include/rosidl_typesupport_interface -isystem /opt/ros/jazzy/include/sensor_msgs -isystem /opt/ros/jazzy/include/geometry_msgs -isystem /opt/ros/jazzy/include/service_msgs -isystem /opt/ros/jazzy/include/rosidl_runtime_cpp -isystem /opt/ros/jazzy/include/rosidl_typesupport_introspection_cpp -isystem /opt/ros/jazzy/include/rosidl_typesupport_introspection_c -std=gnu++17 -fPIC -Wall -Wextra -Wpedantic -MD -MT CMakeFiles/mecheye_ros_interface__rosidl_typesupport_introspection_cpp.dir/rosidl_typesupport_introspection_cpp/mecheye_ros_interface/srv/detail/get_roi_parameter__type_support.cpp.o -MF CMakeFiles/mecheye_ros_interface__rosidl_typesupport_introspection_cpp.dir/rosidl_typesupport_introspection_cpp/mecheye_ros_interface/srv/detail/get_roi_parameter__type_support.cpp.o.d -o CMakeFiles/mecheye_ros_interface__rosidl_typesupport_introspection_cpp.dir/rosidl_typesupport_introspection_cpp/mecheye_ros_interface/srv/detail/get_roi_parameter__type_support.cpp.o -c /home/inauenma/git/mecheye_ros2_interface/build/mecheye_ros_interface/rosidl_typesupport_introspection_cpp/mecheye_ros_interface/srv/detail/get_roi_parameter__type_support.cpp
[56.401s] [ 83%] Building CXX object CMakeFiles/mecheye_ros_interface__rosidl_typesupport_fastrtps_c.dir/rosidl_typesupport_fastrtps_c/mecheye_ros_interface/srv/detail/set_float_parameter__type_support_c.cpp.o
[56.401s] [ 83%] Building CXX object CMakeFiles/mecheye_ros_interface__rosidl_typesupport_fastrtps_cpp.dir/rosidl_typesupport_fastrtps_cpp/mecheye_ros_interface/srv/detail/dds_fastrtps/set_enum_parameter__type_support.cpp.o
[56.403s] /usr/bin/c++ -DFASTCDR_DYN_LINK -DROSIDL_TYPESUPPORT_FASTRTPS_C_BUILDING_DLL_mecheye_ros_interface -DROS_PACKAGE_NAME=\"mecheye_ros_interface\" -I/usr/include/eigen3 -I/home/inauenma/git/mecheye_ros2_interface/build/mecheye_ros_interface/rosidl_typesupport_fastrtps_c -I/home/inauenma/git/mecheye_ros2_interface/build/mecheye_ros_interface/rosidl_generator_c -isystem /opt/ros/jazzy/include/fastcdr -isystem /opt/ros/jazzy/include/rosidl_runtime_c -isystem /opt/ros/jazzy/include/rcutils -isystem /opt/ros/jazzy/include/rosidl_typesupport_interface -isystem /opt/ros/jazzy/include/rosidl_runtime_cpp -isystem /opt/ros/jazzy/include/rosidl_typesupport_fastrtps_cpp -isystem /opt/ros/jazzy/include/rmw -isystem /opt/ros/jazzy/include/rosidl_dynamic_typesupport -isystem /opt/ros/jazzy/include/rosidl_typesupport_fastrtps_c -isystem /opt/ros/jazzy/include/std_msgs -isystem /opt/ros/jazzy/include/builtin_interfaces -isystem /opt/ros/jazzy/include/sensor_msgs -isystem /opt/ros/jazzy/include/geometry_msgs -isystem /opt/ros/jazzy/include/service_msgs -std=gnu++17 -fPIC -Wall -Wextra -Wpedantic -MD -MT CMakeFiles/mecheye_ros_interface__rosidl_typesupport_fastrtps_c.dir/rosidl_typesupport_fastrtps_c/mecheye_ros_interface/srv/detail/set_float_parameter__type_support_c.cpp.o -MF CMakeFiles/mecheye_ros_interface__rosidl_typesupport_fastrtps_c.dir/rosidl_typesupport_fastrtps_c/mecheye_ros_interface/srv/detail/set_float_parameter__type_support_c.cpp.o.d -o CMakeFiles/mecheye_ros_interface__rosidl_typesupport_fastrtps_c.dir/rosidl_typesupport_fastrtps_c/mecheye_ros_interface/srv/detail/set_float_parameter__type_support_c.cpp.o -c /home/inauenma/git/mecheye_ros2_interface/build/mecheye_ros_interface/rosidl_typesupport_fastrtps_c/mecheye_ros_interface/srv/detail/set_float_parameter__type_support_c.cpp
[56.416s] /usr/bin/c++ -DFASTCDR_DYN_LINK -DROSIDL_TYPESUPPORT_FASTRTPS_CPP_BUILDING_DLL_mecheye_ros_interface -DROS_PACKAGE_NAME=\"mecheye_ros_interface\" -I/usr/include/eigen3 -I/home/inauenma/git/mecheye_ros2_interface/build/mecheye_ros_interface/rosidl_typesupport_fastrtps_cpp -I/home/inauenma/git/mecheye_ros2_interface/build/mecheye_ros_interface/rosidl_generator_c -I/home/inauenma/git/mecheye_ros2_interface/build/mecheye_ros_interface/rosidl_generator_cpp -isystem /opt/ros/jazzy/include/fastcdr -isystem /opt/ros/jazzy/include/rmw -isystem /opt/ros/jazzy/include/rcutils -isystem /opt/ros/jazzy/include/rosidl_dynamic_typesupport -isystem /opt/ros/jazzy/include/rosidl_runtime_c -isystem /opt/ros/jazzy/include/rosidl_typesupport_interface -isystem /opt/ros/jazzy/include/rosidl_runtime_cpp -isystem /opt/ros/jazzy/include/rosidl_typesupport_fastrtps_cpp -isystem /opt/ros/jazzy/include/std_msgs -isystem /opt/ros/jazzy/include/builtin_interfaces -isystem /opt/ros/jazzy/include/sensor_msgs -isystem /opt/ros/jazzy/include/geometry_msgs -isystem /opt/ros/jazzy/include/service_msgs -std=gnu++17 -fPIC -Wall -Wextra -Wpedantic -Wredundant-decls -MD -MT CMakeFiles/mecheye_ros_interface__rosidl_typesupport_fastrtps_cpp.dir/rosidl_typesupport_fastrtps_cpp/mecheye_ros_interface/srv/detail/dds_fastrtps/set_enum_parameter__type_support.cpp.o -MF CMakeFiles/mecheye_ros_interface__rosidl_typesupport_fastrtps_cpp.dir/rosidl_typesupport_fastrtps_cpp/mecheye_ros_interface/srv/detail/dds_fastrtps/set_enum_parameter__type_support.cpp.o.d -o CMakeFiles/mecheye_ros_interface__rosidl_typesupport_fastrtps_cpp.dir/rosidl_typesupport_fastrtps_cpp/mecheye_ros_interface/srv/detail/dds_fastrtps/set_enum_parameter__type_support.cpp.o -c /home/inauenma/git/mecheye_ros2_interface/build/mecheye_ros_interface/rosidl_typesupport_fastrtps_cpp/mecheye_ros_interface/srv/detail/dds_fastrtps/set_enum_parameter__type_support.cpp
[56.458s] [ 83%] Building CXX object CMakeFiles/mecheye_ros_interface__rosidl_typesupport_fastrtps_cpp.dir/rosidl_typesupport_fastrtps_cpp/mecheye_ros_interface/srv/detail/dds_fastrtps/get_enum_parameter__type_support.cpp.o
[56.463s] /usr/bin/c++ -DFASTCDR_DYN_LINK -DROSIDL_TYPESUPPORT_FASTRTPS_CPP_BUILDING_DLL_mecheye_ros_interface -DROS_PACKAGE_NAME=\"mecheye_ros_interface\" -I/usr/include/eigen3 -I/home/inauenma/git/mecheye_ros2_interface/build/mecheye_ros_interface/rosidl_typesupport_fastrtps_cpp -I/home/inauenma/git/mecheye_ros2_interface/build/mecheye_ros_interface/rosidl_generator_c -I/home/inauenma/git/mecheye_ros2_interface/build/mecheye_ros_interface/rosidl_generator_cpp -isystem /opt/ros/jazzy/include/fastcdr -isystem /opt/ros/jazzy/include/rmw -isystem /opt/ros/jazzy/include/rcutils -isystem /opt/ros/jazzy/include/rosidl_dynamic_typesupport -isystem /opt/ros/jazzy/include/rosidl_runtime_c -isystem /opt/ros/jazzy/include/rosidl_typesupport_interface -isystem /opt/ros/jazzy/include/rosidl_runtime_cpp -isystem /opt/ros/jazzy/include/rosidl_typesupport_fastrtps_cpp -isystem /opt/ros/jazzy/include/std_msgs -isystem /opt/ros/jazzy/include/builtin_interfaces -isystem /opt/ros/jazzy/include/sensor_msgs -isystem /opt/ros/jazzy/include/geometry_msgs -isystem /opt/ros/jazzy/include/service_msgs -std=gnu++17 -fPIC -Wall -Wextra -Wpedantic -Wredundant-decls -MD -MT CMakeFiles/mecheye_ros_interface__rosidl_typesupport_fastrtps_cpp.dir/rosidl_typesupport_fastrtps_cpp/mecheye_ros_interface/srv/detail/dds_fastrtps/get_enum_parameter__type_support.cpp.o -MF CMakeFiles/mecheye_ros_interface__rosidl_typesupport_fastrtps_cpp.dir/rosidl_typesupport_fastrtps_cpp/mecheye_ros_interface/srv/detail/dds_fastrtps/get_enum_parameter__type_support.cpp.o.d -o CMakeFiles/mecheye_ros_interface__rosidl_typesupport_fastrtps_cpp.dir/rosidl_typesupport_fastrtps_cpp/mecheye_ros_interface/srv/detail/dds_fastrtps/get_enum_parameter__type_support.cpp.o -c /home/inauenma/git/mecheye_ros2_interface/build/mecheye_ros_interface/rosidl_typesupport_fastrtps_cpp/mecheye_ros_interface/srv/detail/dds_fastrtps/get_enum_parameter__type_support.cpp
[56.567s] [ 83%] Building CXX object CMakeFiles/mecheye_ros_interface__rosidl_typesupport_fastrtps_cpp.dir/rosidl_typesupport_fastrtps_cpp/mecheye_ros_interface/srv/detail/dds_fastrtps/get_float_parameter__type_support.cpp.o
[56.567s] /usr/bin/c++ -DFASTCDR_DYN_LINK -DROSIDL_TYPESUPPORT_FASTRTPS_CPP_BUILDING_DLL_mecheye_ros_interface -DROS_PACKAGE_NAME=\"mecheye_ros_interface\" -I/usr/include/eigen3 -I/home/inauenma/git/mecheye_ros2_interface/build/mecheye_ros_interface/rosidl_typesupport_fastrtps_cpp -I/home/inauenma/git/mecheye_ros2_interface/build/mecheye_ros_interface/rosidl_generator_c -I/home/inauenma/git/mecheye_ros2_interface/build/mecheye_ros_interface/rosidl_generator_cpp -isystem /opt/ros/jazzy/include/fastcdr -isystem /opt/ros/jazzy/include/rmw -isystem /opt/ros/jazzy/include/rcutils -isystem /opt/ros/jazzy/include/rosidl_dynamic_typesupport -isystem /opt/ros/jazzy/include/rosidl_runtime_c -isystem /opt/ros/jazzy/include/rosidl_typesupport_interface -isystem /opt/ros/jazzy/include/rosidl_runtime_cpp -isystem /opt/ros/jazzy/include/rosidl_typesupport_fastrtps_cpp -isystem /opt/ros/jazzy/include/std_msgs -isystem /opt/ros/jazzy/include/builtin_interfaces -isystem /opt/ros/jazzy/include/sensor_msgs -isystem /opt/ros/jazzy/include/geometry_msgs -isystem /opt/ros/jazzy/include/service_msgs -std=gnu++17 -fPIC -Wall -Wextra -Wpedantic -Wredundant-decls -MD -MT CMakeFiles/mecheye_ros_interface__rosidl_typesupport_fastrtps_cpp.dir/rosidl_typesupport_fastrtps_cpp/mecheye_ros_interface/srv/detail/dds_fastrtps/get_float_parameter__type_support.cpp.o -MF CMakeFiles/mecheye_ros_interface__rosidl_typesupport_fastrtps_cpp.dir/rosidl_typesupport_fastrtps_cpp/mecheye_ros_interface/srv/detail/dds_fastrtps/get_float_parameter__type_support.cpp.o.d -o CMakeFiles/mecheye_ros_interface__rosidl_typesupport_fastrtps_cpp.dir/rosidl_typesupport_fastrtps_cpp/mecheye_ros_interface/srv/detail/dds_fastrtps/get_float_parameter__type_support.cpp.o -c /home/inauenma/git/mecheye_ros2_interface/build/mecheye_ros_interface/rosidl_typesupport_fastrtps_cpp/mecheye_ros_interface/srv/detail/dds_fastrtps/get_float_parameter__type_support.cpp
[56.583s] [ 84%] Building CXX object CMakeFiles/mecheye_ros_interface__rosidl_typesupport_fastrtps_cpp.dir/rosidl_typesupport_fastrtps_cpp/mecheye_ros_interface/srv/detail/dds_fastrtps/set_float_parameter__type_support.cpp.o
[56.596s] /usr/bin/c++ -DFASTCDR_DYN_LINK -DROSIDL_TYPESUPPORT_FASTRTPS_CPP_BUILDING_DLL_mecheye_ros_interface -DROS_PACKAGE_NAME=\"mecheye_ros_interface\" -I/usr/include/eigen3 -I/home/inauenma/git/mecheye_ros2_interface/build/mecheye_ros_interface/rosidl_typesupport_fastrtps_cpp -I/home/inauenma/git/mecheye_ros2_interface/build/mecheye_ros_interface/rosidl_generator_c -I/home/inauenma/git/mecheye_ros2_interface/build/mecheye_ros_interface/rosidl_generator_cpp -isystem /opt/ros/jazzy/include/fastcdr -isystem /opt/ros/jazzy/include/rmw -isystem /opt/ros/jazzy/include/rcutils -isystem /opt/ros/jazzy/include/rosidl_dynamic_typesupport -isystem /opt/ros/jazzy/include/rosidl_runtime_c -isystem /opt/ros/jazzy/include/rosidl_typesupport_interface -isystem /opt/ros/jazzy/include/rosidl_runtime_cpp -isystem /opt/ros/jazzy/include/rosidl_typesupport_fastrtps_cpp -isystem /opt/ros/jazzy/include/std_msgs -isystem /opt/ros/jazzy/include/builtin_interfaces -isystem /opt/ros/jazzy/include/sensor_msgs -isystem /opt/ros/jazzy/include/geometry_msgs -isystem /opt/ros/jazzy/include/service_msgs -std=gnu++17 -fPIC -Wall -Wextra -Wpedantic -Wredundant-decls -MD -MT CMakeFiles/mecheye_ros_interface__rosidl_typesupport_fastrtps_cpp.dir/rosidl_typesupport_fastrtps_cpp/mecheye_ros_interface/srv/detail/dds_fastrtps/set_float_parameter__type_support.cpp.o -MF CMakeFiles/mecheye_ros_interface__rosidl_typesupport_fastrtps_cpp.dir/rosidl_typesupport_fastrtps_cpp/mecheye_ros_interface/srv/detail/dds_fastrtps/set_float_parameter__type_support.cpp.o.d -o CMakeFiles/mecheye_ros_interface__rosidl_typesupport_fastrtps_cpp.dir/rosidl_typesupport_fastrtps_cpp/mecheye_ros_interface/srv/detail/dds_fastrtps/set_float_parameter__type_support.cpp.o -c /home/inauenma/git/mecheye_ros2_interface/build/mecheye_ros_interface/rosidl_typesupport_fastrtps_cpp/mecheye_ros_interface/srv/detail/dds_fastrtps/set_float_parameter__type_support.cpp
[56.598s] [ 84%] Building CXX object CMakeFiles/mecheye_ros_interface__rosidl_typesupport_fastrtps_c.dir/rosidl_typesupport_fastrtps_c/mecheye_ros_interface/srv/detail/get_float_parameter__type_support_c.cpp.o
[56.602s] /usr/bin/c++ -DFASTCDR_DYN_LINK -DROSIDL_TYPESUPPORT_FASTRTPS_C_BUILDING_DLL_mecheye_ros_interface -DROS_PACKAGE_NAME=\"mecheye_ros_interface\" -I/usr/include/eigen3 -I/home/inauenma/git/mecheye_ros2_interface/build/mecheye_ros_interface/rosidl_typesupport_fastrtps_c -I/home/inauenma/git/mecheye_ros2_interface/build/mecheye_ros_interface/rosidl_generator_c -isystem /opt/ros/jazzy/include/fastcdr -isystem /opt/ros/jazzy/include/rosidl_runtime_c -isystem /opt/ros/jazzy/include/rcutils -isystem /opt/ros/jazzy/include/rosidl_typesupport_interface -isystem /opt/ros/jazzy/include/rosidl_runtime_cpp -isystem /opt/ros/jazzy/include/rosidl_typesupport_fastrtps_cpp -isystem /opt/ros/jazzy/include/rmw -isystem /opt/ros/jazzy/include/rosidl_dynamic_typesupport -isystem /opt/ros/jazzy/include/rosidl_typesupport_fastrtps_c -isystem /opt/ros/jazzy/include/std_msgs -isystem /opt/ros/jazzy/include/builtin_interfaces -isystem /opt/ros/jazzy/include/sensor_msgs -isystem /opt/ros/jazzy/include/geometry_msgs -isystem /opt/ros/jazzy/include/service_msgs -std=gnu++17 -fPIC -Wall -Wextra -Wpedantic -MD -MT CMakeFiles/mecheye_ros_interface__rosidl_typesupport_fastrtps_c.dir/rosidl_typesupport_fastrtps_c/mecheye_ros_interface/srv/detail/get_float_parameter__type_support_c.cpp.o -MF CMakeFiles/mecheye_ros_interface__rosidl_typesupport_fastrtps_c.dir/rosidl_typesupport_fastrtps_c/mecheye_ros_interface/srv/detail/get_float_parameter__type_support_c.cpp.o.d -o CMakeFiles/mecheye_ros_interface__rosidl_typesupport_fastrtps_c.dir/rosidl_typesupport_fastrtps_c/mecheye_ros_interface/srv/detail/get_float_parameter__type_support_c.cpp.o -c /home/inauenma/git/mecheye_ros2_interface/build/mecheye_ros_interface/rosidl_typesupport_fastrtps_c/mecheye_ros_interface/srv/detail/get_float_parameter__type_support_c.cpp
[56.680s] [ 85%] Building CXX object CMakeFiles/mecheye_ros_interface__rosidl_typesupport_fastrtps_c.dir/rosidl_typesupport_fastrtps_c/mecheye_ros_interface/srv/detail/set_float_array_parameter__type_support_c.cpp.o
[56.693s] /usr/bin/c++ -DFASTCDR_DYN_LINK -DROSIDL_TYPESUPPORT_FASTRTPS_C_BUILDING_DLL_mecheye_ros_interface -DROS_PACKAGE_NAME=\"mecheye_ros_interface\" -I/usr/include/eigen3 -I/home/inauenma/git/mecheye_ros2_interface/build/mecheye_ros_interface/rosidl_typesupport_fastrtps_c -I/home/inauenma/git/mecheye_ros2_interface/build/mecheye_ros_interface/rosidl_generator_c -isystem /opt/ros/jazzy/include/fastcdr -isystem /opt/ros/jazzy/include/rosidl_runtime_c -isystem /opt/ros/jazzy/include/rcutils -isystem /opt/ros/jazzy/include/rosidl_typesupport_interface -isystem /opt/ros/jazzy/include/rosidl_runtime_cpp -isystem /opt/ros/jazzy/include/rosidl_typesupport_fastrtps_cpp -isystem /opt/ros/jazzy/include/rmw -isystem /opt/ros/jazzy/include/rosidl_dynamic_typesupport -isystem /opt/ros/jazzy/include/rosidl_typesupport_fastrtps_c -isystem /opt/ros/jazzy/include/std_msgs -isystem /opt/ros/jazzy/include/builtin_interfaces -isystem /opt/ros/jazzy/include/sensor_msgs -isystem /opt/ros/jazzy/include/geometry_msgs -isystem /opt/ros/jazzy/include/service_msgs -std=gnu++17 -fPIC -Wall -Wextra -Wpedantic -MD -MT CMakeFiles/mecheye_ros_interface__rosidl_typesupport_fastrtps_c.dir/rosidl_typesupport_fastrtps_c/mecheye_ros_interface/srv/detail/set_float_array_parameter__type_support_c.cpp.o -MF CMakeFiles/mecheye_ros_interface__rosidl_typesupport_fastrtps_c.dir/rosidl_typesupport_fastrtps_c/mecheye_ros_interface/srv/detail/set_float_array_parameter__type_support_c.cpp.o.d -o CMakeFiles/mecheye_ros_interface__rosidl_typesupport_fastrtps_c.dir/rosidl_typesupport_fastrtps_c/mecheye_ros_interface/srv/detail/set_float_array_parameter__type_support_c.cpp.o -c /home/inauenma/git/mecheye_ros2_interface/build/mecheye_ros_interface/rosidl_typesupport_fastrtps_c/mecheye_ros_interface/srv/detail/set_float_array_parameter__type_support_c.cpp
[56.709s] [ 85%] Building CXX object CMakeFiles/mecheye_ros_interface__rosidl_typesupport_fastrtps_c.dir/rosidl_typesupport_fastrtps_c/mecheye_ros_interface/srv/detail/get_float_array_parameter__type_support_c.cpp.o
[56.716s] /usr/bin/c++ -DFASTCDR_DYN_LINK -DROSIDL_TYPESUPPORT_FASTRTPS_C_BUILDING_DLL_mecheye_ros_interface -DROS_PACKAGE_NAME=\"mecheye_ros_interface\" -I/usr/include/eigen3 -I/home/inauenma/git/mecheye_ros2_interface/build/mecheye_ros_interface/rosidl_typesupport_fastrtps_c -I/home/inauenma/git/mecheye_ros2_interface/build/mecheye_ros_interface/rosidl_generator_c -isystem /opt/ros/jazzy/include/fastcdr -isystem /opt/ros/jazzy/include/rosidl_runtime_c -isystem /opt/ros/jazzy/include/rcutils -isystem /opt/ros/jazzy/include/rosidl_typesupport_interface -isystem /opt/ros/jazzy/include/rosidl_runtime_cpp -isystem /opt/ros/jazzy/include/rosidl_typesupport_fastrtps_cpp -isystem /opt/ros/jazzy/include/rmw -isystem /opt/ros/jazzy/include/rosidl_dynamic_typesupport -isystem /opt/ros/jazzy/include/rosidl_typesupport_fastrtps_c -isystem /opt/ros/jazzy/include/std_msgs -isystem /opt/ros/jazzy/include/builtin_interfaces -isystem /opt/ros/jazzy/include/sensor_msgs -isystem /opt/ros/jazzy/include/geometry_msgs -isystem /opt/ros/jazzy/include/service_msgs -std=gnu++17 -fPIC -Wall -Wextra -Wpedantic -MD -MT CMakeFiles/mecheye_ros_interface__rosidl_typesupport_fastrtps_c.dir/rosidl_typesupport_fastrtps_c/mecheye_ros_interface/srv/detail/get_float_array_parameter__type_support_c.cpp.o -MF CMakeFiles/mecheye_ros_interface__rosidl_typesupport_fastrtps_c.dir/rosidl_typesupport_fastrtps_c/mecheye_ros_interface/srv/detail/get_float_array_parameter__type_support_c.cpp.o.d -o CMakeFiles/mecheye_ros_interface__rosidl_typesupport_fastrtps_c.dir/rosidl_typesupport_fastrtps_c/mecheye_ros_interface/srv/detail/get_float_array_parameter__type_support_c.cpp.o -c /home/inauenma/git/mecheye_ros2_interface/build/mecheye_ros_interface/rosidl_typesupport_fastrtps_c/mecheye_ros_interface/srv/detail/get_float_array_parameter__type_support_c.cpp
[56.776s] [ 85%] Building CXX object CMakeFiles/mecheye_ros_interface__rosidl_typesupport_fastrtps_cpp.dir/rosidl_typesupport_fastrtps_cpp/mecheye_ros_interface/srv/detail/dds_fastrtps/set_float_array_parameter__type_support.cpp.o
[56.784s] /usr/bin/c++ -DFASTCDR_DYN_LINK -DROSIDL_TYPESUPPORT_FASTRTPS_CPP_BUILDING_DLL_mecheye_ros_interface -DROS_PACKAGE_NAME=\"mecheye_ros_interface\" -I/usr/include/eigen3 -I/home/inauenma/git/mecheye_ros2_interface/build/mecheye_ros_interface/rosidl_typesupport_fastrtps_cpp -I/home/inauenma/git/mecheye_ros2_interface/build/mecheye_ros_interface/rosidl_generator_c -I/home/inauenma/git/mecheye_ros2_interface/build/mecheye_ros_interface/rosidl_generator_cpp -isystem /opt/ros/jazzy/include/fastcdr -isystem /opt/ros/jazzy/include/rmw -isystem /opt/ros/jazzy/include/rcutils -isystem /opt/ros/jazzy/include/rosidl_dynamic_typesupport -isystem /opt/ros/jazzy/include/rosidl_runtime_c -isystem /opt/ros/jazzy/include/rosidl_typesupport_interface -isystem /opt/ros/jazzy/include/rosidl_runtime_cpp -isystem /opt/ros/jazzy/include/rosidl_typesupport_fastrtps_cpp -isystem /opt/ros/jazzy/include/std_msgs -isystem /opt/ros/jazzy/include/builtin_interfaces -isystem /opt/ros/jazzy/include/sensor_msgs -isystem /opt/ros/jazzy/include/geometry_msgs -isystem /opt/ros/jazzy/include/service_msgs -std=gnu++17 -fPIC -Wall -Wextra -Wpedantic -Wredundant-decls -MD -MT CMakeFiles/mecheye_ros_interface__rosidl_typesupport_fastrtps_cpp.dir/rosidl_typesupport_fastrtps_cpp/mecheye_ros_interface/srv/detail/dds_fastrtps/set_float_array_parameter__type_support.cpp.o -MF CMakeFiles/mecheye_ros_interface__rosidl_typesupport_fastrtps_cpp.dir/rosidl_typesupport_fastrtps_cpp/mecheye_ros_interface/srv/detail/dds_fastrtps/set_float_array_parameter__type_support.cpp.o.d -o CMakeFiles/mecheye_ros_interface__rosidl_typesupport_fastrtps_cpp.dir/rosidl_typesupport_fastrtps_cpp/mecheye_ros_interface/srv/detail/dds_fastrtps/set_float_array_parameter__type_support.cpp.o -c /home/inauenma/git/mecheye_ros2_interface/build/mecheye_ros_interface/rosidl_typesupport_fastrtps_cpp/mecheye_ros_interface/srv/detail/dds_fastrtps/set_float_array_parameter__type_support.cpp
[57.091s] [ 86%] Building CXX object CMakeFiles/mecheye_ros_interface__rosidl_typesupport_fastrtps_cpp.dir/rosidl_typesupport_fastrtps_cpp/mecheye_ros_interface/srv/detail/dds_fastrtps/get_float_array_parameter__type_support.cpp.o
[57.099s] /usr/bin/c++ -DFASTCDR_DYN_LINK -DROSIDL_TYPESUPPORT_FASTRTPS_CPP_BUILDING_DLL_mecheye_ros_interface -DROS_PACKAGE_NAME=\"mecheye_ros_interface\" -I/usr/include/eigen3 -I/home/inauenma/git/mecheye_ros2_interface/build/mecheye_ros_interface/rosidl_typesupport_fastrtps_cpp -I/home/inauenma/git/mecheye_ros2_interface/build/mecheye_ros_interface/rosidl_generator_c -I/home/inauenma/git/mecheye_ros2_interface/build/mecheye_ros_interface/rosidl_generator_cpp -isystem /opt/ros/jazzy/include/fastcdr -isystem /opt/ros/jazzy/include/rmw -isystem /opt/ros/jazzy/include/rcutils -isystem /opt/ros/jazzy/include/rosidl_dynamic_typesupport -isystem /opt/ros/jazzy/include/rosidl_runtime_c -isystem /opt/ros/jazzy/include/rosidl_typesupport_interface -isystem /opt/ros/jazzy/include/rosidl_runtime_cpp -isystem /opt/ros/jazzy/include/rosidl_typesupport_fastrtps_cpp -isystem /opt/ros/jazzy/include/std_msgs -isystem /opt/ros/jazzy/include/builtin_interfaces -isystem /opt/ros/jazzy/include/sensor_msgs -isystem /opt/ros/jazzy/include/geometry_msgs -isystem /opt/ros/jazzy/include/service_msgs -std=gnu++17 -fPIC -Wall -Wextra -Wpedantic -Wredundant-decls -MD -MT CMakeFiles/mecheye_ros_interface__rosidl_typesupport_fastrtps_cpp.dir/rosidl_typesupport_fastrtps_cpp/mecheye_ros_interface/srv/detail/dds_fastrtps/get_float_array_parameter__type_support.cpp.o -MF CMakeFiles/mecheye_ros_interface__rosidl_typesupport_fastrtps_cpp.dir/rosidl_typesupport_fastrtps_cpp/mecheye_ros_interface/srv/detail/dds_fastrtps/get_float_array_parameter__type_support.cpp.o.d -o CMakeFiles/mecheye_ros_interface__rosidl_typesupport_fastrtps_cpp.dir/rosidl_typesupport_fastrtps_cpp/mecheye_ros_interface/srv/detail/dds_fastrtps/get_float_array_parameter__type_support.cpp.o -c /home/inauenma/git/mecheye_ros2_interface/build/mecheye_ros_interface/rosidl_typesupport_fastrtps_cpp/mecheye_ros_interface/srv/detail/dds_fastrtps/get_float_array_parameter__type_support.cpp
[57.133s] [ 86%] Building CXX object CMakeFiles/mecheye_ros_interface__rosidl_typesupport_fastrtps_cpp.dir/rosidl_typesupport_fastrtps_cpp/mecheye_ros_interface/srv/detail/dds_fastrtps/set_roi_parameter__type_support.cpp.o
[57.134s] /usr/bin/c++ -DFASTCDR_DYN_LINK -DROSIDL_TYPESUPPORT_FASTRTPS_CPP_BUILDING_DLL_mecheye_ros_interface -DROS_PACKAGE_NAME=\"mecheye_ros_interface\" -I/usr/include/eigen3 -I/home/inauenma/git/mecheye_ros2_interface/build/mecheye_ros_interface/rosidl_typesupport_fastrtps_cpp -I/home/inauenma/git/mecheye_ros2_interface/build/mecheye_ros_interface/rosidl_generator_c -I/home/inauenma/git/mecheye_ros2_interface/build/mecheye_ros_interface/rosidl_generator_cpp -isystem /opt/ros/jazzy/include/fastcdr -isystem /opt/ros/jazzy/include/rmw -isystem /opt/ros/jazzy/include/rcutils -isystem /opt/ros/jazzy/include/rosidl_dynamic_typesupport -isystem /opt/ros/jazzy/include/rosidl_runtime_c -isystem /opt/ros/jazzy/include/rosidl_typesupport_interface -isystem /opt/ros/jazzy/include/rosidl_runtime_cpp -isystem /opt/ros/jazzy/include/rosidl_typesupport_fastrtps_cpp -isystem /opt/ros/jazzy/include/std_msgs -isystem /opt/ros/jazzy/include/builtin_interfaces -isystem /opt/ros/jazzy/include/sensor_msgs -isystem /opt/ros/jazzy/include/geometry_msgs -isystem /opt/ros/jazzy/include/service_msgs -std=gnu++17 -fPIC -Wall -Wextra -Wpedantic -Wredundant-decls -MD -MT CMakeFiles/mecheye_ros_interface__rosidl_typesupport_fastrtps_cpp.dir/rosidl_typesupport_fastrtps_cpp/mecheye_ros_interface/srv/detail/dds_fastrtps/set_roi_parameter__type_support.cpp.o -MF CMakeFiles/mecheye_ros_interface__rosidl_typesupport_fastrtps_cpp.dir/rosidl_typesupport_fastrtps_cpp/mecheye_ros_interface/srv/detail/dds_fastrtps/set_roi_parameter__type_support.cpp.o.d -o CMakeFiles/mecheye_ros_interface__rosidl_typesupport_fastrtps_cpp.dir/rosidl_typesupport_fastrtps_cpp/mecheye_ros_interface/srv/detail/dds_fastrtps/set_roi_parameter__type_support.cpp.o -c /home/inauenma/git/mecheye_ros2_interface/build/mecheye_ros_interface/rosidl_typesupport_fastrtps_cpp/mecheye_ros_interface/srv/detail/dds_fastrtps/set_roi_parameter__type_support.cpp
[57.285s] [ 86%] Building CXX object CMakeFiles/mecheye_ros_interface__rosidl_typesupport_fastrtps_c.dir/rosidl_typesupport_fastrtps_c/mecheye_ros_interface/srv/detail/set_roi_parameter__type_support_c.cpp.o
[57.288s] /usr/bin/c++ -DFASTCDR_DYN_LINK -DROSIDL_TYPESUPPORT_FASTRTPS_C_BUILDING_DLL_mecheye_ros_interface -DROS_PACKAGE_NAME=\"mecheye_ros_interface\" -I/usr/include/eigen3 -I/home/inauenma/git/mecheye_ros2_interface/build/mecheye_ros_interface/rosidl_typesupport_fastrtps_c -I/home/inauenma/git/mecheye_ros2_interface/build/mecheye_ros_interface/rosidl_generator_c -isystem /opt/ros/jazzy/include/fastcdr -isystem /opt/ros/jazzy/include/rosidl_runtime_c -isystem /opt/ros/jazzy/include/rcutils -isystem /opt/ros/jazzy/include/rosidl_typesupport_interface -isystem /opt/ros/jazzy/include/rosidl_runtime_cpp -isystem /opt/ros/jazzy/include/rosidl_typesupport_fastrtps_cpp -isystem /opt/ros/jazzy/include/rmw -isystem /opt/ros/jazzy/include/rosidl_dynamic_typesupport -isystem /opt/ros/jazzy/include/rosidl_typesupport_fastrtps_c -isystem /opt/ros/jazzy/include/std_msgs -isystem /opt/ros/jazzy/include/builtin_interfaces -isystem /opt/ros/jazzy/include/sensor_msgs -isystem /opt/ros/jazzy/include/geometry_msgs -isystem /opt/ros/jazzy/include/service_msgs -std=gnu++17 -fPIC -Wall -Wextra -Wpedantic -MD -MT CMakeFiles/mecheye_ros_interface__rosidl_typesupport_fastrtps_c.dir/rosidl_typesupport_fastrtps_c/mecheye_ros_interface/srv/detail/set_roi_parameter__type_support_c.cpp.o -MF CMakeFiles/mecheye_ros_interface__rosidl_typesupport_fastrtps_c.dir/rosidl_typesupport_fastrtps_c/mecheye_ros_interface/srv/detail/set_roi_parameter__type_support_c.cpp.o.d -o CMakeFiles/mecheye_ros_interface__rosidl_typesupport_fastrtps_c.dir/rosidl_typesupport_fastrtps_c/mecheye_ros_interface/srv/detail/set_roi_parameter__type_support_c.cpp.o -c /home/inauenma/git/mecheye_ros2_interface/build/mecheye_ros_interface/rosidl_typesupport_fastrtps_c/mecheye_ros_interface/srv/detail/set_roi_parameter__type_support_c.cpp
[57.487s] [ 87%] Building CXX object CMakeFiles/mecheye_ros_interface__rosidl_typesupport_fastrtps_cpp.dir/rosidl_typesupport_fastrtps_cpp/mecheye_ros_interface/srv/detail/dds_fastrtps/get_roi_parameter__type_support.cpp.o
[57.493s] /usr/bin/c++ -DFASTCDR_DYN_LINK -DROSIDL_TYPESUPPORT_FASTRTPS_CPP_BUILDING_DLL_mecheye_ros_interface -DROS_PACKAGE_NAME=\"mecheye_ros_interface\" -I/usr/include/eigen3 -I/home/inauenma/git/mecheye_ros2_interface/build/mecheye_ros_interface/rosidl_typesupport_fastrtps_cpp -I/home/inauenma/git/mecheye_ros2_interface/build/mecheye_ros_interface/rosidl_generator_c -I/home/inauenma/git/mecheye_ros2_interface/build/mecheye_ros_interface/rosidl_generator_cpp -isystem /opt/ros/jazzy/include/fastcdr -isystem /opt/ros/jazzy/include/rmw -isystem /opt/ros/jazzy/include/rcutils -isystem /opt/ros/jazzy/include/rosidl_dynamic_typesupport -isystem /opt/ros/jazzy/include/rosidl_runtime_c -isystem /opt/ros/jazzy/include/rosidl_typesupport_interface -isystem /opt/ros/jazzy/include/rosidl_runtime_cpp -isystem /opt/ros/jazzy/include/rosidl_typesupport_fastrtps_cpp -isystem /opt/ros/jazzy/include/std_msgs -isystem /opt/ros/jazzy/include/builtin_interfaces -isystem /opt/ros/jazzy/include/sensor_msgs -isystem /opt/ros/jazzy/include/geometry_msgs -isystem /opt/ros/jazzy/include/service_msgs -std=gnu++17 -fPIC -Wall -Wextra -Wpedantic -Wredundant-decls -MD -MT CMakeFiles/mecheye_ros_interface__rosidl_typesupport_fastrtps_cpp.dir/rosidl_typesupport_fastrtps_cpp/mecheye_ros_interface/srv/detail/dds_fastrtps/get_roi_parameter__type_support.cpp.o -MF CMakeFiles/mecheye_ros_interface__rosidl_typesupport_fastrtps_cpp.dir/rosidl_typesupport_fastrtps_cpp/mecheye_ros_interface/srv/detail/dds_fastrtps/get_roi_parameter__type_support.cpp.o.d -o CMakeFiles/mecheye_ros_interface__rosidl_typesupport_fastrtps_cpp.dir/rosidl_typesupport_fastrtps_cpp/mecheye_ros_interface/srv/detail/dds_fastrtps/get_roi_parameter__type_support.cpp.o -c /home/inauenma/git/mecheye_ros2_interface/build/mecheye_ros_interface/rosidl_typesupport_fastrtps_cpp/mecheye_ros_interface/srv/detail/dds_fastrtps/get_roi_parameter__type_support.cpp
[57.680s] [ 87%] Linking CXX shared library libmecheye_ros_interface__rosidl_typesupport_introspection_cpp.so
[57.682s] /usr/bin/cmake -E cmake_link_script CMakeFiles/mecheye_ros_interface__rosidl_typesupport_introspection_cpp.dir/link.txt --verbose=1
[57.720s] /usr/bin/c++ -fPIC -shared -Wl,-soname,libmecheye_ros_interface__rosidl_typesupport_introspection_cpp.so -o libmecheye_ros_interface__rosidl_typesupport_introspection_cpp.so CMakeFiles/mecheye_ros_interface__rosidl_typesupport_introspection_cpp.dir/rosidl_typesupport_introspection_cpp/mecheye_ros_interface/srv/detail/set_current_user_set__type_support.cpp.o CMakeFiles/mecheye_ros_interface__rosidl_typesupport_introspection_cpp.dir/rosidl_typesupport_introspection_cpp/mecheye_ros_interface/srv/detail/save_all_settings_to_user_sets__type_support.cpp.o CMakeFiles/mecheye_ros_interface__rosidl_typesupport_introspection_cpp.dir/rosidl_typesupport_introspection_cpp/mecheye_ros_interface/srv/detail/add_user_set__type_support.cpp.o CMakeFiles/mecheye_ros_interface__rosidl_typesupport_introspection_cpp.dir/rosidl_typesupport_introspection_cpp/mecheye_ros_interface/srv/detail/capture_color_image__type_support.cpp.o CMakeFiles/mecheye_ros_interface__rosidl_typesupport_introspection_cpp.dir/rosidl_typesupport_introspection_cpp/mecheye_ros_interface/srv/detail/capture_stereo_color_images__type_support.cpp.o CMakeFiles/mecheye_ros_interface__rosidl_typesupport_introspection_cpp.dir/rosidl_typesupport_introspection_cpp/mecheye_ros_interface/srv/detail/capture_textured_point_cloud__type_support.cpp.o CMakeFiles/mecheye_ros_interface__rosidl_typesupport_introspection_cpp.dir/rosidl_typesupport_introspection_cpp/mecheye_ros_interface/srv/detail/capture_depth_map__type_support.cpp.o CMakeFiles/mecheye_ros_interface__rosidl_typesupport_introspection_cpp.dir/rosidl_typesupport_introspection_cpp/mecheye_ros_interface/srv/detail/capture_point_cloud__type_support.cpp.o CMakeFiles/mecheye_ros_interface__rosidl_typesupport_introspection_cpp.dir/rosidl_typesupport_introspection_cpp/mecheye_ros_interface/srv/detail/delete_user_set__type_support.cpp.o CMakeFiles/mecheye_ros_interface__rosidl_typesupport_introspection_cpp.dir/rosidl_typesupport_introspection_cpp/mecheye_ros_interface/srv/detail/device_info__type_support.cpp.o CMakeFiles/mecheye_ros_interface__rosidl_typesupport_introspection_cpp.dir/rosidl_typesupport_introspection_cpp/mecheye_ros_interface/srv/detail/get_all_user_sets__type_support.cpp.o CMakeFiles/mecheye_ros_interface__rosidl_typesupport_introspection_cpp.dir/rosidl_typesupport_introspection_cpp/mecheye_ros_interface/srv/detail/get_current_user_set__type_support.cpp.o CMakeFiles/mecheye_ros_interface__rosidl_typesupport_introspection_cpp.dir/rosidl_typesupport_introspection_cpp/mecheye_ros_interface/srv/detail/set_int_parameter__type_support.cpp.o CMakeFiles/mecheye_ros_interface__rosidl_typesupport_introspection_cpp.dir/rosidl_typesupport_introspection_cpp/mecheye_ros_interface/srv/detail/get_int_parameter__type_support.cpp.o CMakeFiles/mecheye_ros_interface__rosidl_typesupport_introspection_cpp.dir/rosidl_typesupport_introspection_cpp/mecheye_ros_interface/srv/detail/set_range_parameter__type_support.cpp.o CMakeFiles/mecheye_ros_interface__rosidl_typesupport_introspection_cpp.dir/rosidl_typesupport_introspection_cpp/mecheye_ros_interface/srv/detail/get_range_parameter__type_support.cpp.o CMakeFiles/mecheye_ros_interface__rosidl_typesupport_introspection_cpp.dir/rosidl_typesupport_introspection_cpp/mecheye_ros_interface/srv/detail/set_bool_parameter__type_support.cpp.o CMakeFiles/mecheye_ros_interface__rosidl_typesupport_introspection_cpp.dir/rosidl_typesupport_introspection_cpp/mecheye_ros_interface/srv/detail/get_bool_parameter__type_support.cpp.o CMakeFiles/mecheye_ros_interface__rosidl_typesupport_introspection_cpp.dir/rosidl_typesupport_introspection_cpp/mecheye_ros_interface/srv/detail/set_enum_parameter__type_support.cpp.o CMakeFiles/mecheye_ros_interface__rosidl_typesupport_introspection_cpp.dir/rosidl_typesupport_introspection_cpp/mecheye_ros_interface/srv/detail/get_enum_parameter__type_support.cpp.o CMakeFiles/mecheye_ros_interface__rosidl_typesupport_introspection_cpp.dir/rosidl_typesupport_introspection_cpp/mecheye_ros_interface/srv/detail/set_float_parameter__type_support.cpp.o CMakeFiles/mecheye_ros_interface__rosidl_typesupport_introspection_cpp.dir/rosidl_typesupport_introspection_cpp/mecheye_ros_interface/srv/detail/get_float_parameter__type_support.cpp.o CMakeFiles/mecheye_ros_interface__rosidl_typesupport_introspection_cpp.dir/rosidl_typesupport_introspection_cpp/mecheye_ros_interface/srv/detail/set_float_array_parameter__type_support.cpp.o CMakeFiles/mecheye_ros_interface__rosidl_typesupport_introspection_cpp.dir/rosidl_typesupport_introspection_cpp/mecheye_ros_interface/srv/detail/get_float_array_parameter__type_support.cpp.o CMakeFiles/mecheye_ros_interface__rosidl_typesupport_introspection_cpp.dir/rosidl_typesupport_introspection_cpp/mecheye_ros_interface/srv/detail/set_roi_parameter__type_support.cpp.o CMakeFiles/mecheye_ros_interface__rosidl_typesupport_introspection_cpp.dir/rosidl_typesupport_introspection_cpp/mecheye_ros_interface/srv/detail/get_roi_parameter__type_support.cpp.o  -Wl,-rpath,/home/inauenma/git/mecheye_ros2_interface/build/mecheye_ros_interface:/opt/ros/jazzy/lib: libmecheye_ros_interface__rosidl_generator_c.so /opt/ros/jazzy/lib/libsensor_msgs__rosidl_typesupport_introspection_cpp.so /opt/ros/jazzy/lib/libgeometry_msgs__rosidl_typesupport_introspection_cpp.so /opt/ros/jazzy/lib/libservice_msgs__rosidl_typesupport_introspection_cpp.so /opt/ros/jazzy/lib/libstd_msgs__rosidl_typesupport_introspection_cpp.so /opt/ros/jazzy/lib/libbuiltin_interfaces__rosidl_typesupport_introspection_cpp.so /opt/ros/jazzy/lib/librosidl_typesupport_introspection_cpp.so /opt/ros/jazzy/lib/librosidl_typesupport_introspection_c.so /opt/ros/jazzy/lib/libsensor_msgs__rosidl_generator_c.so /opt/ros/jazzy/lib/libgeometry_msgs__rosidl_generator_c.so /opt/ros/jazzy/lib/libstd_msgs__rosidl_generator_c.so /opt/ros/jazzy/lib/libservice_msgs__rosidl_generator_c.so /opt/ros/jazzy/lib/libbuiltin_interfaces__rosidl_generator_c.so /opt/ros/jazzy/lib/librosidl_runtime_c.so /opt/ros/jazzy/lib/librcutils.so -ldl -latomic 
[57.980s] [ 88%] Building CXX object CMakeFiles/mecheye_ros_interface__rosidl_typesupport_fastrtps_c.dir/rosidl_typesupport_fastrtps_c/mecheye_ros_interface/srv/detail/get_roi_parameter__type_support_c.cpp.o
[57.993s] /usr/bin/c++ -DFASTCDR_DYN_LINK -DROSIDL_TYPESUPPORT_FASTRTPS_C_BUILDING_DLL_mecheye_ros_interface -DROS_PACKAGE_NAME=\"mecheye_ros_interface\" -I/usr/include/eigen3 -I/home/inauenma/git/mecheye_ros2_interface/build/mecheye_ros_interface/rosidl_typesupport_fastrtps_c -I/home/inauenma/git/mecheye_ros2_interface/build/mecheye_ros_interface/rosidl_generator_c -isystem /opt/ros/jazzy/include/fastcdr -isystem /opt/ros/jazzy/include/rosidl_runtime_c -isystem /opt/ros/jazzy/include/rcutils -isystem /opt/ros/jazzy/include/rosidl_typesupport_interface -isystem /opt/ros/jazzy/include/rosidl_runtime_cpp -isystem /opt/ros/jazzy/include/rosidl_typesupport_fastrtps_cpp -isystem /opt/ros/jazzy/include/rmw -isystem /opt/ros/jazzy/include/rosidl_dynamic_typesupport -isystem /opt/ros/jazzy/include/rosidl_typesupport_fastrtps_c -isystem /opt/ros/jazzy/include/std_msgs -isystem /opt/ros/jazzy/include/builtin_interfaces -isystem /opt/ros/jazzy/include/sensor_msgs -isystem /opt/ros/jazzy/include/geometry_msgs -isystem /opt/ros/jazzy/include/service_msgs -std=gnu++17 -fPIC -Wall -Wextra -Wpedantic -MD -MT CMakeFiles/mecheye_ros_interface__rosidl_typesupport_fastrtps_c.dir/rosidl_typesupport_fastrtps_c/mecheye_ros_interface/srv/detail/get_roi_parameter__type_support_c.cpp.o -MF CMakeFiles/mecheye_ros_interface__rosidl_typesupport_fastrtps_c.dir/rosidl_typesupport_fastrtps_c/mecheye_ros_interface/srv/detail/get_roi_parameter__type_support_c.cpp.o.d -o CMakeFiles/mecheye_ros_interface__rosidl_typesupport_fastrtps_c.dir/rosidl_typesupport_fastrtps_c/mecheye_ros_interface/srv/detail/get_roi_parameter__type_support_c.cpp.o -c /home/inauenma/git/mecheye_ros2_interface/build/mecheye_ros_interface/rosidl_typesupport_fastrtps_c/mecheye_ros_interface/srv/detail/get_roi_parameter__type_support_c.cpp
[58.292s] gmake[2]: Leaving directory '/home/inauenma/git/mecheye_ros2_interface/build/mecheye_ros_interface'
[58.327s] [ 88%] Built target mecheye_ros_interface__rosidl_typesupport_introspection_cpp
[58.745s] [ 88%] Linking CXX shared library libmecheye_ros_interface__rosidl_typesupport_fastrtps_cpp.so
[58.746s] /usr/bin/cmake -E cmake_link_script CMakeFiles/mecheye_ros_interface__rosidl_typesupport_fastrtps_cpp.dir/link.txt --verbose=1
[58.750s] [ 88%] Linking CXX shared library libmecheye_ros_interface__rosidl_typesupport_fastrtps_c.so
[58.752s] /usr/bin/cmake -E cmake_link_script CMakeFiles/mecheye_ros_interface__rosidl_typesupport_fastrtps_c.dir/link.txt --verbose=1
[58.768s] /usr/bin/c++ -fPIC -shared -Wl,-soname,libmecheye_ros_interface__rosidl_typesupport_fastrtps_cpp.so -o libmecheye_ros_interface__rosidl_typesupport_fastrtps_cpp.so CMakeFiles/mecheye_ros_interface__rosidl_typesupport_fastrtps_cpp.dir/rosidl_typesupport_fastrtps_cpp/mecheye_ros_interface/srv/detail/dds_fastrtps/set_current_user_set__type_support.cpp.o CMakeFiles/mecheye_ros_interface__rosidl_typesupport_fastrtps_cpp.dir/rosidl_typesupport_fastrtps_cpp/mecheye_ros_interface/srv/detail/dds_fastrtps/save_all_settings_to_user_sets__type_support.cpp.o CMakeFiles/mecheye_ros_interface__rosidl_typesupport_fastrtps_cpp.dir/rosidl_typesupport_fastrtps_cpp/mecheye_ros_interface/srv/detail/dds_fastrtps/add_user_set__type_support.cpp.o CMakeFiles/mecheye_ros_interface__rosidl_typesupport_fastrtps_cpp.dir/rosidl_typesupport_fastrtps_cpp/mecheye_ros_interface/srv/detail/dds_fastrtps/capture_color_image__type_support.cpp.o CMakeFiles/mecheye_ros_interface__rosidl_typesupport_fastrtps_cpp.dir/rosidl_typesupport_fastrtps_cpp/mecheye_ros_interface/srv/detail/dds_fastrtps/capture_stereo_color_images__type_support.cpp.o CMakeFiles/mecheye_ros_interface__rosidl_typesupport_fastrtps_cpp.dir/rosidl_typesupport_fastrtps_cpp/mecheye_ros_interface/srv/detail/dds_fastrtps/capture_textured_point_cloud__type_support.cpp.o CMakeFiles/mecheye_ros_interface__rosidl_typesupport_fastrtps_cpp.dir/rosidl_typesupport_fastrtps_cpp/mecheye_ros_interface/srv/detail/dds_fastrtps/capture_depth_map__type_support.cpp.o CMakeFiles/mecheye_ros_interface__rosidl_typesupport_fastrtps_cpp.dir/rosidl_typesupport_fastrtps_cpp/mecheye_ros_interface/srv/detail/dds_fastrtps/capture_point_cloud__type_support.cpp.o CMakeFiles/mecheye_ros_interface__rosidl_typesupport_fastrtps_cpp.dir/rosidl_typesupport_fastrtps_cpp/mecheye_ros_interface/srv/detail/dds_fastrtps/delete_user_set__type_support.cpp.o CMakeFiles/mecheye_ros_interface__rosidl_typesupport_fastrtps_cpp.dir/rosidl_typesupport_fastrtps_cpp/mecheye_ros_interface/srv/detail/dds_fastrtps/device_info__type_support.cpp.o CMakeFiles/mecheye_ros_interface__rosidl_typesupport_fastrtps_cpp.dir/rosidl_typesupport_fastrtps_cpp/mecheye_ros_interface/srv/detail/dds_fastrtps/get_all_user_sets__type_support.cpp.o CMakeFiles/mecheye_ros_interface__rosidl_typesupport_fastrtps_cpp.dir/rosidl_typesupport_fastrtps_cpp/mecheye_ros_interface/srv/detail/dds_fastrtps/get_current_user_set__type_support.cpp.o CMakeFiles/mecheye_ros_interface__rosidl_typesupport_fastrtps_cpp.dir/rosidl_typesupport_fastrtps_cpp/mecheye_ros_interface/srv/detail/dds_fastrtps/set_int_parameter__type_support.cpp.o CMakeFiles/mecheye_ros_interface__rosidl_typesupport_fastrtps_cpp.dir/rosidl_typesupport_fastrtps_cpp/mecheye_ros_interface/srv/detail/dds_fastrtps/get_int_parameter__type_support.cpp.o CMakeFiles/mecheye_ros_interface__rosidl_typesupport_fastrtps_cpp.dir/rosidl_typesupport_fastrtps_cpp/mecheye_ros_interface/srv/detail/dds_fastrtps/set_range_parameter__type_support.cpp.o CMakeFiles/mecheye_ros_interface__rosidl_typesupport_fastrtps_cpp.dir/rosidl_typesupport_fastrtps_cpp/mecheye_ros_interface/srv/detail/dds_fastrtps/get_range_parameter__type_support.cpp.o CMakeFiles/mecheye_ros_interface__rosidl_typesupport_fastrtps_cpp.dir/rosidl_typesupport_fastrtps_cpp/mecheye_ros_interface/srv/detail/dds_fastrtps/set_bool_parameter__type_support.cpp.o CMakeFiles/mecheye_ros_interface__rosidl_typesupport_fastrtps_cpp.dir/rosidl_typesupport_fastrtps_cpp/mecheye_ros_interface/srv/detail/dds_fastrtps/get_bool_parameter__type_support.cpp.o CMakeFiles/mecheye_ros_interface__rosidl_typesupport_fastrtps_cpp.dir/rosidl_typesupport_fastrtps_cpp/mecheye_ros_interface/srv/detail/dds_fastrtps/set_enum_parameter__type_support.cpp.o CMakeFiles/mecheye_ros_interface__rosidl_typesupport_fastrtps_cpp.dir/rosidl_typesupport_fastrtps_cpp/mecheye_ros_interface/srv/detail/dds_fastrtps/get_enum_parameter__type_support.cpp.o CMakeFiles/mecheye_ros_interface__rosidl_typesupport_fastrtps_cpp.dir/rosidl_typesupport_fastrtps_cpp/mecheye_ros_interface/srv/detail/dds_fastrtps/set_float_parameter__type_support.cpp.o CMakeFiles/mecheye_ros_interface__rosidl_typesupport_fastrtps_cpp.dir/rosidl_typesupport_fastrtps_cpp/mecheye_ros_interface/srv/detail/dds_fastrtps/get_float_parameter__type_support.cpp.o CMakeFiles/mecheye_ros_interface__rosidl_typesupport_fastrtps_cpp.dir/rosidl_typesupport_fastrtps_cpp/mecheye_ros_interface/srv/detail/dds_fastrtps/set_float_array_parameter__type_support.cpp.o CMakeFiles/mecheye_ros_interface__rosidl_typesupport_fastrtps_cpp.dir/rosidl_typesupport_fastrtps_cpp/mecheye_ros_interface/srv/detail/dds_fastrtps/get_float_array_parameter__type_support.cpp.o CMakeFiles/mecheye_ros_interface__rosidl_typesupport_fastrtps_cpp.dir/rosidl_typesupport_fastrtps_cpp/mecheye_ros_interface/srv/detail/dds_fastrtps/set_roi_parameter__type_support.cpp.o CMakeFiles/mecheye_ros_interface__rosidl_typesupport_fastrtps_cpp.dir/rosidl_typesupport_fastrtps_cpp/mecheye_ros_interface/srv/detail/dds_fastrtps/get_roi_parameter__type_support.cpp.o  -Wl,-rpath,/opt/ros/jazzy/lib:/home/inauenma/git/mecheye_ros2_interface/build/mecheye_ros_interface: /opt/ros/jazzy/lib/libsensor_msgs__rosidl_typesupport_fastrtps_cpp.so /opt/ros/jazzy/lib/libgeometry_msgs__rosidl_typesupport_fastrtps_cpp.so /opt/ros/jazzy/lib/libservice_msgs__rosidl_typesupport_fastrtps_cpp.so libmecheye_ros_interface__rosidl_generator_c.so /opt/ros/jazzy/lib/libstd_msgs__rosidl_typesupport_fastrtps_cpp.so /opt/ros/jazzy/lib/libbuiltin_interfaces__rosidl_typesupport_fastrtps_cpp.so /opt/ros/jazzy/lib/librosidl_typesupport_fastrtps_cpp.so /opt/ros/jazzy/lib/libfastcdr.so.2.2.5 /opt/ros/jazzy/lib/librmw.so /opt/ros/jazzy/lib/librosidl_dynamic_typesupport.so /opt/ros/jazzy/lib/libsensor_msgs__rosidl_generator_c.so /opt/ros/jazzy/lib/libgeometry_msgs__rosidl_generator_c.so /opt/ros/jazzy/lib/libstd_msgs__rosidl_generator_c.so /opt/ros/jazzy/lib/libservice_msgs__rosidl_generator_c.so /opt/ros/jazzy/lib/libbuiltin_interfaces__rosidl_generator_c.so /opt/ros/jazzy/lib/librosidl_runtime_c.so /opt/ros/jazzy/lib/librcutils.so -ldl -latomic 
[58.773s] /usr/bin/c++ -fPIC -shared -Wl,-soname,libmecheye_ros_interface__rosidl_typesupport_fastrtps_c.so -o libmecheye_ros_interface__rosidl_typesupport_fastrtps_c.so CMakeFiles/mecheye_ros_interface__rosidl_typesupport_fastrtps_c.dir/rosidl_typesupport_fastrtps_c/mecheye_ros_interface/srv/detail/set_current_user_set__type_support_c.cpp.o CMakeFiles/mecheye_ros_interface__rosidl_typesupport_fastrtps_c.dir/rosidl_typesupport_fastrtps_c/mecheye_ros_interface/srv/detail/save_all_settings_to_user_sets__type_support_c.cpp.o CMakeFiles/mecheye_ros_interface__rosidl_typesupport_fastrtps_c.dir/rosidl_typesupport_fastrtps_c/mecheye_ros_interface/srv/detail/add_user_set__type_support_c.cpp.o CMakeFiles/mecheye_ros_interface__rosidl_typesupport_fastrtps_c.dir/rosidl_typesupport_fastrtps_c/mecheye_ros_interface/srv/detail/capture_color_image__type_support_c.cpp.o CMakeFiles/mecheye_ros_interface__rosidl_typesupport_fastrtps_c.dir/rosidl_typesupport_fastrtps_c/mecheye_ros_interface/srv/detail/capture_stereo_color_images__type_support_c.cpp.o CMakeFiles/mecheye_ros_interface__rosidl_typesupport_fastrtps_c.dir/rosidl_typesupport_fastrtps_c/mecheye_ros_interface/srv/detail/capture_textured_point_cloud__type_support_c.cpp.o CMakeFiles/mecheye_ros_interface__rosidl_typesupport_fastrtps_c.dir/rosidl_typesupport_fastrtps_c/mecheye_ros_interface/srv/detail/capture_depth_map__type_support_c.cpp.o CMakeFiles/mecheye_ros_interface__rosidl_typesupport_fastrtps_c.dir/rosidl_typesupport_fastrtps_c/mecheye_ros_interface/srv/detail/capture_point_cloud__type_support_c.cpp.o CMakeFiles/mecheye_ros_interface__rosidl_typesupport_fastrtps_c.dir/rosidl_typesupport_fastrtps_c/mecheye_ros_interface/srv/detail/delete_user_set__type_support_c.cpp.o CMakeFiles/mecheye_ros_interface__rosidl_typesupport_fastrtps_c.dir/rosidl_typesupport_fastrtps_c/mecheye_ros_interface/srv/detail/device_info__type_support_c.cpp.o CMakeFiles/mecheye_ros_interface__rosidl_typesupport_fastrtps_c.dir/rosidl_typesupport_fastrtps_c/mecheye_ros_interface/srv/detail/get_all_user_sets__type_support_c.cpp.o CMakeFiles/mecheye_ros_interface__rosidl_typesupport_fastrtps_c.dir/rosidl_typesupport_fastrtps_c/mecheye_ros_interface/srv/detail/get_current_user_set__type_support_c.cpp.o CMakeFiles/mecheye_ros_interface__rosidl_typesupport_fastrtps_c.dir/rosidl_typesupport_fastrtps_c/mecheye_ros_interface/srv/detail/set_int_parameter__type_support_c.cpp.o CMakeFiles/mecheye_ros_interface__rosidl_typesupport_fastrtps_c.dir/rosidl_typesupport_fastrtps_c/mecheye_ros_interface/srv/detail/get_int_parameter__type_support_c.cpp.o CMakeFiles/mecheye_ros_interface__rosidl_typesupport_fastrtps_c.dir/rosidl_typesupport_fastrtps_c/mecheye_ros_interface/srv/detail/set_range_parameter__type_support_c.cpp.o CMakeFiles/mecheye_ros_interface__rosidl_typesupport_fastrtps_c.dir/rosidl_typesupport_fastrtps_c/mecheye_ros_interface/srv/detail/get_range_parameter__type_support_c.cpp.o CMakeFiles/mecheye_ros_interface__rosidl_typesupport_fastrtps_c.dir/rosidl_typesupport_fastrtps_c/mecheye_ros_interface/srv/detail/set_bool_parameter__type_support_c.cpp.o CMakeFiles/mecheye_ros_interface__rosidl_typesupport_fastrtps_c.dir/rosidl_typesupport_fastrtps_c/mecheye_ros_interface/srv/detail/get_bool_parameter__type_support_c.cpp.o CMakeFiles/mecheye_ros_interface__rosidl_typesupport_fastrtps_c.dir/rosidl_typesupport_fastrtps_c/mecheye_ros_interface/srv/detail/set_enum_parameter__type_support_c.cpp.o CMakeFiles/mecheye_ros_interface__rosidl_typesupport_fastrtps_c.dir/rosidl_typesupport_fastrtps_c/mecheye_ros_interface/srv/detail/get_enum_parameter__type_support_c.cpp.o CMakeFiles/mecheye_ros_interface__rosidl_typesupport_fastrtps_c.dir/rosidl_typesupport_fastrtps_c/mecheye_ros_interface/srv/detail/set_float_parameter__type_support_c.cpp.o CMakeFiles/mecheye_ros_interface__rosidl_typesupport_fastrtps_c.dir/rosidl_typesupport_fastrtps_c/mecheye_ros_interface/srv/detail/get_float_parameter__type_support_c.cpp.o CMakeFiles/mecheye_ros_interface__rosidl_typesupport_fastrtps_c.dir/rosidl_typesupport_fastrtps_c/mecheye_ros_interface/srv/detail/set_float_array_parameter__type_support_c.cpp.o CMakeFiles/mecheye_ros_interface__rosidl_typesupport_fastrtps_c.dir/rosidl_typesupport_fastrtps_c/mecheye_ros_interface/srv/detail/get_float_array_parameter__type_support_c.cpp.o CMakeFiles/mecheye_ros_interface__rosidl_typesupport_fastrtps_c.dir/rosidl_typesupport_fastrtps_c/mecheye_ros_interface/srv/detail/set_roi_parameter__type_support_c.cpp.o CMakeFiles/mecheye_ros_interface__rosidl_typesupport_fastrtps_c.dir/rosidl_typesupport_fastrtps_c/mecheye_ros_interface/srv/detail/get_roi_parameter__type_support_c.cpp.o  -Wl,-rpath,/home/inauenma/git/mecheye_ros2_interface/build/mecheye_ros_interface:/opt/ros/jazzy/lib: libmecheye_ros_interface__rosidl_generator_c.so /opt/ros/jazzy/lib/libsensor_msgs__rosidl_typesupport_fastrtps_c.so /opt/ros/jazzy/lib/libgeometry_msgs__rosidl_typesupport_fastrtps_c.so /opt/ros/jazzy/lib/libservice_msgs__rosidl_typesupport_fastrtps_c.so /opt/ros/jazzy/lib/libstd_msgs__rosidl_typesupport_fastrtps_c.so /opt/ros/jazzy/lib/libbuiltin_interfaces__rosidl_typesupport_fastrtps_c.so /opt/ros/jazzy/lib/librosidl_typesupport_fastrtps_cpp.so /opt/ros/jazzy/lib/librmw.so /opt/ros/jazzy/lib/librosidl_dynamic_typesupport.so /opt/ros/jazzy/lib/librosidl_typesupport_fastrtps_c.so /opt/ros/jazzy/lib/libfastcdr.so.2.2.5 /opt/ros/jazzy/lib/libsensor_msgs__rosidl_generator_c.so /opt/ros/jazzy/lib/libgeometry_msgs__rosidl_generator_c.so /opt/ros/jazzy/lib/libstd_msgs__rosidl_generator_c.so /opt/ros/jazzy/lib/libservice_msgs__rosidl_generator_c.so /opt/ros/jazzy/lib/libbuiltin_interfaces__rosidl_generator_c.so /opt/ros/jazzy/lib/librosidl_runtime_c.so /opt/ros/jazzy/lib/librcutils.so -ldl -latomic 
[58.997s] gmake[2]: Leaving directory '/home/inauenma/git/mecheye_ros2_interface/build/mecheye_ros_interface'
[59.022s] [ 88%] Built target mecheye_ros_interface__rosidl_typesupport_fastrtps_c
[59.048s] gmake[2]: Leaving directory '/home/inauenma/git/mecheye_ros2_interface/build/mecheye_ros_interface'
[59.074s] [ 88%] Built target mecheye_ros_interface__rosidl_typesupport_fastrtps_cpp
[59.076s] /usr/bin/gmake  -f CMakeFiles/mecheye_ros_interface.dir/build.make CMakeFiles/mecheye_ros_interface.dir/depend
[59.080s] gmake[2]: Entering directory '/home/inauenma/git/mecheye_ros2_interface/build/mecheye_ros_interface'
[59.080s] cd /home/inauenma/git/mecheye_ros2_interface/build/mecheye_ros_interface && /usr/bin/cmake -E cmake_depends "Unix Makefiles" /home/inauenma/git/mecheye_ros2_interface /home/inauenma/git/mecheye_ros2_interface /home/inauenma/git/mecheye_ros2_interface/build/mecheye_ros_interface /home/inauenma/git/mecheye_ros2_interface/build/mecheye_ros_interface /home/inauenma/git/mecheye_ros2_interface/build/mecheye_ros_interface/CMakeFiles/mecheye_ros_interface.dir/DependInfo.cmake "--color="
[59.103s] gmake[2]: Leaving directory '/home/inauenma/git/mecheye_ros2_interface/build/mecheye_ros_interface'
[59.103s] /usr/bin/gmake  -f CMakeFiles/mecheye_ros_interface.dir/build.make CMakeFiles/mecheye_ros_interface.dir/build
[59.107s] gmake[2]: Entering directory '/home/inauenma/git/mecheye_ros2_interface/build/mecheye_ros_interface'
[59.107s] gmake[2]: Nothing to be done for 'CMakeFiles/mecheye_ros_interface.dir/build'.
[59.107s] gmake[2]: Leaving directory '/home/inauenma/git/mecheye_ros2_interface/build/mecheye_ros_interface'
[59.131s] [ 88%] Built target mecheye_ros_interface
[59.133s] /usr/bin/gmake  -f mecheye_ros_interface__py/CMakeFiles/mecheye_ros_interface__py.dir/build.make mecheye_ros_interface__py/CMakeFiles/mecheye_ros_interface__py.dir/depend
[59.138s] gmake[2]: Entering directory '/home/inauenma/git/mecheye_ros2_interface/build/mecheye_ros_interface'
[59.138s] cd /home/inauenma/git/mecheye_ros2_interface/build/mecheye_ros_interface && /usr/bin/cmake -E cmake_depends "Unix Makefiles" /home/inauenma/git/mecheye_ros2_interface /home/inauenma/git/mecheye_ros2_interface/build/mecheye_ros_interface/mecheye_ros_interface__py /home/inauenma/git/mecheye_ros2_interface/build/mecheye_ros_interface /home/inauenma/git/mecheye_ros2_interface/build/mecheye_ros_interface/mecheye_ros_interface__py /home/inauenma/git/mecheye_ros2_interface/build/mecheye_ros_interface/mecheye_ros_interface__py/CMakeFiles/mecheye_ros_interface__py.dir/DependInfo.cmake "--color="
[59.168s] gmake[2]: Leaving directory '/home/inauenma/git/mecheye_ros2_interface/build/mecheye_ros_interface'
[59.169s] /usr/bin/gmake  -f mecheye_ros_interface__py/CMakeFiles/mecheye_ros_interface__py.dir/build.make mecheye_ros_interface__py/CMakeFiles/mecheye_ros_interface__py.dir/build
[59.173s] gmake[2]: Entering directory '/home/inauenma/git/mecheye_ros2_interface/build/mecheye_ros_interface'
[59.194s] [ 88%] Generating Python code for ROS interfaces
[59.195s] cd /home/inauenma/git/mecheye_ros2_interface/build/mecheye_ros_interface/mecheye_ros_interface__py && /usr/bin/python3 /opt/ros/jazzy/share/rosidl_generator_py/cmake/../../../lib/rosidl_generator_py/rosidl_generator_py --generator-arguments-file /home/inauenma/git/mecheye_ros2_interface/build/mecheye_ros_interface/rosidl_generator_py__arguments.json --typesupport-impls "rosidl_typesupport_fastrtps_c;rosidl_typesupport_introspection_c;rosidl_typesupport_c"
[63.530s] gmake[2]: Leaving directory '/home/inauenma/git/mecheye_ros2_interface/build/mecheye_ros_interface'
[63.551s] [ 88%] Built target mecheye_ros_interface__py
[63.552s] /usr/bin/gmake  -f CMakeFiles/mecheye_ros_interface__rosidl_generator_py.dir/build.make CMakeFiles/mecheye_ros_interface__rosidl_generator_py.dir/depend
[63.556s] gmake[2]: Entering directory '/home/inauenma/git/mecheye_ros2_interface/build/mecheye_ros_interface'
[63.556s] cd /home/inauenma/git/mecheye_ros2_interface/build/mecheye_ros_interface && /usr/bin/cmake -E cmake_depends "Unix Makefiles" /home/inauenma/git/mecheye_ros2_interface /home/inauenma/git/mecheye_ros2_interface /home/inauenma/git/mecheye_ros2_interface/build/mecheye_ros_interface /home/inauenma/git/mecheye_ros2_interface/build/mecheye_ros_interface /home/inauenma/git/mecheye_ros2_interface/build/mecheye_ros_interface/CMakeFiles/mecheye_ros_interface__rosidl_generator_py.dir/DependInfo.cmake "--color="
[63.581s] gmake[2]: Leaving directory '/home/inauenma/git/mecheye_ros2_interface/build/mecheye_ros_interface'
[63.582s] /usr/bin/gmake  -f CMakeFiles/mecheye_ros_interface__rosidl_generator_py.dir/build.make CMakeFiles/mecheye_ros_interface__rosidl_generator_py.dir/build
[63.584s] gmake[2]: Entering directory '/home/inauenma/git/mecheye_ros2_interface/build/mecheye_ros_interface'
[63.612s] [ 89%] Building C object CMakeFiles/mecheye_ros_interface__rosidl_generator_py.dir/rosidl_generator_py/mecheye_ros_interface/srv/_save_all_settings_to_user_sets_s.c.o
[63.612s] [ 89%] Building C object CMakeFiles/mecheye_ros_interface__rosidl_generator_py.dir/rosidl_generator_py/mecheye_ros_interface/srv/_capture_color_image_s.c.o
[63.615s] [ 89%] Building C object CMakeFiles/mecheye_ros_interface__rosidl_generator_py.dir/rosidl_generator_py/mecheye_ros_interface/srv/_delete_user_set_s.c.o
[63.616s] [ 89%] Building C object CMakeFiles/mecheye_ros_interface__rosidl_generator_py.dir/rosidl_generator_py/mecheye_ros_interface/srv/_add_user_set_s.c.o
[63.616s] [ 90%] Building C object CMakeFiles/mecheye_ros_interface__rosidl_generator_py.dir/rosidl_generator_py/mecheye_ros_interface/srv/_capture_stereo_color_images_s.c.o
[63.616s] [ 90%] Building C object CMakeFiles/mecheye_ros_interface__rosidl_generator_py.dir/rosidl_generator_py/mecheye_ros_interface/srv/_get_all_user_sets_s.c.o
[63.616s] [ 90%] Building C object CMakeFiles/mecheye_ros_interface__rosidl_generator_py.dir/rosidl_generator_py/mecheye_ros_interface/srv/_capture_textured_point_cloud_s.c.o
[63.617s] [ 91%] Building C object CMakeFiles/mecheye_ros_interface__rosidl_generator_py.dir/rosidl_generator_py/mecheye_ros_interface/srv/_capture_point_cloud_s.c.o
[63.618s] [ 91%] Building C object CMakeFiles/mecheye_ros_interface__rosidl_generator_py.dir/rosidl_generator_py/mecheye_ros_interface/srv/_device_info_s.c.o
[63.618s] /usr/bin/cc -DFASTCDR_DYN_LINK -DROS_PACKAGE_NAME=\"mecheye_ros_interface\" -Dmecheye_ros_interface__rosidl_generator_py_EXPORTS -I/usr/include/eigen3 -I/home/inauenma/git/mecheye_ros2_interface/build/mecheye_ros_interface/rosidl_generator_c -I/home/inauenma/git/mecheye_ros2_interface/build/mecheye_ros_interface/rosidl_generator_py -isystem /opt/ros/jazzy/include/std_msgs -isystem /opt/ros/jazzy/include/builtin_interfaces -isystem /opt/ros/jazzy/include/rosidl_runtime_c -isystem /opt/ros/jazzy/include/rcutils -isystem /opt/ros/jazzy/include/rosidl_typesupport_interface -isystem /opt/ros/jazzy/include/sensor_msgs -isystem /opt/ros/jazzy/include/geometry_msgs -isystem /opt/ros/jazzy/include/service_msgs -isystem /usr/lib/python3/dist-packages/numpy/core/include -isystem /usr/include/python3.12 -isystem /opt/ros/jazzy/include/fastcdr -isystem /opt/ros/jazzy/include/rosidl_runtime_cpp -isystem /opt/ros/jazzy/include/rosidl_typesupport_fastrtps_cpp -isystem /opt/ros/jazzy/include/rmw -isystem /opt/ros/jazzy/include/rosidl_dynamic_typesupport -isystem /opt/ros/jazzy/include/rosidl_typesupport_fastrtps_c -isystem /opt/ros/jazzy/include/rosidl_typesupport_introspection_c -isystem /opt/ros/jazzy/include/rosidl_typesupport_introspection_cpp -fPIC -Wall -Wextra -MD -MT CMakeFiles/mecheye_ros_interface__rosidl_generator_py.dir/rosidl_generator_py/mecheye_ros_interface/srv/_save_all_settings_to_user_sets_s.c.o -MF CMakeFiles/mecheye_ros_interface__rosidl_generator_py.dir/rosidl_generator_py/mecheye_ros_interface/srv/_save_all_settings_to_user_sets_s.c.o.d -o CMakeFiles/mecheye_ros_interface__rosidl_generator_py.dir/rosidl_generator_py/mecheye_ros_interface/srv/_save_all_settings_to_user_sets_s.c.o -c /home/inauenma/git/mecheye_ros2_interface/build/mecheye_ros_interface/rosidl_generator_py/mecheye_ros_interface/srv/_save_all_settings_to_user_sets_s.c
[63.618s] /usr/bin/cc -DFASTCDR_DYN_LINK -DROS_PACKAGE_NAME=\"mecheye_ros_interface\" -Dmecheye_ros_interface__rosidl_generator_py_EXPORTS -I/usr/include/eigen3 -I/home/inauenma/git/mecheye_ros2_interface/build/mecheye_ros_interface/rosidl_generator_c -I/home/inauenma/git/mecheye_ros2_interface/build/mecheye_ros_interface/rosidl_generator_py -isystem /opt/ros/jazzy/include/std_msgs -isystem /opt/ros/jazzy/include/builtin_interfaces -isystem /opt/ros/jazzy/include/rosidl_runtime_c -isystem /opt/ros/jazzy/include/rcutils -isystem /opt/ros/jazzy/include/rosidl_typesupport_interface -isystem /opt/ros/jazzy/include/sensor_msgs -isystem /opt/ros/jazzy/include/geometry_msgs -isystem /opt/ros/jazzy/include/service_msgs -isystem /usr/lib/python3/dist-packages/numpy/core/include -isystem /usr/include/python3.12 -isystem /opt/ros/jazzy/include/fastcdr -isystem /opt/ros/jazzy/include/rosidl_runtime_cpp -isystem /opt/ros/jazzy/include/rosidl_typesupport_fastrtps_cpp -isystem /opt/ros/jazzy/include/rmw -isystem /opt/ros/jazzy/include/rosidl_dynamic_typesupport -isystem /opt/ros/jazzy/include/rosidl_typesupport_fastrtps_c -isystem /opt/ros/jazzy/include/rosidl_typesupport_introspection_c -isystem /opt/ros/jazzy/include/rosidl_typesupport_introspection_cpp -fPIC -Wall -Wextra -MD -MT CMakeFiles/mecheye_ros_interface__rosidl_generator_py.dir/rosidl_generator_py/mecheye_ros_interface/srv/_add_user_set_s.c.o -MF CMakeFiles/mecheye_ros_interface__rosidl_generator_py.dir/rosidl_generator_py/mecheye_ros_interface/srv/_add_user_set_s.c.o.d -o CMakeFiles/mecheye_ros_interface__rosidl_generator_py.dir/rosidl_generator_py/mecheye_ros_interface/srv/_add_user_set_s.c.o -c /home/inauenma/git/mecheye_ros2_interface/build/mecheye_ros_interface/rosidl_generator_py/mecheye_ros_interface/srv/_add_user_set_s.c
[63.618s] /usr/bin/cc -DFASTCDR_DYN_LINK -DROS_PACKAGE_NAME=\"mecheye_ros_interface\" -Dmecheye_ros_interface__rosidl_generator_py_EXPORTS -I/usr/include/eigen3 -I/home/inauenma/git/mecheye_ros2_interface/build/mecheye_ros_interface/rosidl_generator_c -I/home/inauenma/git/mecheye_ros2_interface/build/mecheye_ros_interface/rosidl_generator_py -isystem /opt/ros/jazzy/include/std_msgs -isystem /opt/ros/jazzy/include/builtin_interfaces -isystem /opt/ros/jazzy/include/rosidl_runtime_c -isystem /opt/ros/jazzy/include/rcutils -isystem /opt/ros/jazzy/include/rosidl_typesupport_interface -isystem /opt/ros/jazzy/include/sensor_msgs -isystem /opt/ros/jazzy/include/geometry_msgs -isystem /opt/ros/jazzy/include/service_msgs -isystem /usr/lib/python3/dist-packages/numpy/core/include -isystem /usr/include/python3.12 -isystem /opt/ros/jazzy/include/fastcdr -isystem /opt/ros/jazzy/include/rosidl_runtime_cpp -isystem /opt/ros/jazzy/include/rosidl_typesupport_fastrtps_cpp -isystem /opt/ros/jazzy/include/rmw -isystem /opt/ros/jazzy/include/rosidl_dynamic_typesupport -isystem /opt/ros/jazzy/include/rosidl_typesupport_fastrtps_c -isystem /opt/ros/jazzy/include/rosidl_typesupport_introspection_c -isystem /opt/ros/jazzy/include/rosidl_typesupport_introspection_cpp -fPIC -Wall -Wextra -MD -MT CMakeFiles/mecheye_ros_interface__rosidl_generator_py.dir/rosidl_generator_py/mecheye_ros_interface/srv/_capture_color_image_s.c.o -MF CMakeFiles/mecheye_ros_interface__rosidl_generator_py.dir/rosidl_generator_py/mecheye_ros_interface/srv/_capture_color_image_s.c.o.d -o CMakeFiles/mecheye_ros_interface__rosidl_generator_py.dir/rosidl_generator_py/mecheye_ros_interface/srv/_capture_color_image_s.c.o -c /home/inauenma/git/mecheye_ros2_interface/build/mecheye_ros_interface/rosidl_generator_py/mecheye_ros_interface/srv/_capture_color_image_s.c
[63.619s] /usr/bin/cc -DFASTCDR_DYN_LINK -DROS_PACKAGE_NAME=\"mecheye_ros_interface\" -Dmecheye_ros_interface__rosidl_generator_py_EXPORTS -I/usr/include/eigen3 -I/home/inauenma/git/mecheye_ros2_interface/build/mecheye_ros_interface/rosidl_generator_c -I/home/inauenma/git/mecheye_ros2_interface/build/mecheye_ros_interface/rosidl_generator_py -isystem /opt/ros/jazzy/include/std_msgs -isystem /opt/ros/jazzy/include/builtin_interfaces -isystem /opt/ros/jazzy/include/rosidl_runtime_c -isystem /opt/ros/jazzy/include/rcutils -isystem /opt/ros/jazzy/include/rosidl_typesupport_interface -isystem /opt/ros/jazzy/include/sensor_msgs -isystem /opt/ros/jazzy/include/geometry_msgs -isystem /opt/ros/jazzy/include/service_msgs -isystem /usr/lib/python3/dist-packages/numpy/core/include -isystem /usr/include/python3.12 -isystem /opt/ros/jazzy/include/fastcdr -isystem /opt/ros/jazzy/include/rosidl_runtime_cpp -isystem /opt/ros/jazzy/include/rosidl_typesupport_fastrtps_cpp -isystem /opt/ros/jazzy/include/rmw -isystem /opt/ros/jazzy/include/rosidl_dynamic_typesupport -isystem /opt/ros/jazzy/include/rosidl_typesupport_fastrtps_c -isystem /opt/ros/jazzy/include/rosidl_typesupport_introspection_c -isystem /opt/ros/jazzy/include/rosidl_typesupport_introspection_cpp -fPIC -Wall -Wextra -MD -MT CMakeFiles/mecheye_ros_interface__rosidl_generator_py.dir/rosidl_generator_py/mecheye_ros_interface/srv/_capture_stereo_color_images_s.c.o -MF CMakeFiles/mecheye_ros_interface__rosidl_generator_py.dir/rosidl_generator_py/mecheye_ros_interface/srv/_capture_stereo_color_images_s.c.o.d -o CMakeFiles/mecheye_ros_interface__rosidl_generator_py.dir/rosidl_generator_py/mecheye_ros_interface/srv/_capture_stereo_color_images_s.c.o -c /home/inauenma/git/mecheye_ros2_interface/build/mecheye_ros_interface/rosidl_generator_py/mecheye_ros_interface/srv/_capture_stereo_color_images_s.c
[63.619s] [ 92%] Building C object CMakeFiles/mecheye_ros_interface__rosidl_generator_py.dir/rosidl_generator_py/mecheye_ros_interface/srv/_capture_depth_map_s.c.o
[63.619s] /usr/bin/cc -DFASTCDR_DYN_LINK -DROS_PACKAGE_NAME=\"mecheye_ros_interface\" -Dmecheye_ros_interface__rosidl_generator_py_EXPORTS -I/usr/include/eigen3 -I/home/inauenma/git/mecheye_ros2_interface/build/mecheye_ros_interface/rosidl_generator_c -I/home/inauenma/git/mecheye_ros2_interface/build/mecheye_ros_interface/rosidl_generator_py -isystem /opt/ros/jazzy/include/std_msgs -isystem /opt/ros/jazzy/include/builtin_interfaces -isystem /opt/ros/jazzy/include/rosidl_runtime_c -isystem /opt/ros/jazzy/include/rcutils -isystem /opt/ros/jazzy/include/rosidl_typesupport_interface -isystem /opt/ros/jazzy/include/sensor_msgs -isystem /opt/ros/jazzy/include/geometry_msgs -isystem /opt/ros/jazzy/include/service_msgs -isystem /usr/lib/python3/dist-packages/numpy/core/include -isystem /usr/include/python3.12 -isystem /opt/ros/jazzy/include/fastcdr -isystem /opt/ros/jazzy/include/rosidl_runtime_cpp -isystem /opt/ros/jazzy/include/rosidl_typesupport_fastrtps_cpp -isystem /opt/ros/jazzy/include/rmw -isystem /opt/ros/jazzy/include/rosidl_dynamic_typesupport -isystem /opt/ros/jazzy/include/rosidl_typesupport_fastrtps_c -isystem /opt/ros/jazzy/include/rosidl_typesupport_introspection_c -isystem /opt/ros/jazzy/include/rosidl_typesupport_introspection_cpp -fPIC -Wall -Wextra -MD -MT CMakeFiles/mecheye_ros_interface__rosidl_generator_py.dir/rosidl_generator_py/mecheye_ros_interface/srv/_capture_textured_point_cloud_s.c.o -MF CMakeFiles/mecheye_ros_interface__rosidl_generator_py.dir/rosidl_generator_py/mecheye_ros_interface/srv/_capture_textured_point_cloud_s.c.o.d -o CMakeFiles/mecheye_ros_interface__rosidl_generator_py.dir/rosidl_generator_py/mecheye_ros_interface/srv/_capture_textured_point_cloud_s.c.o -c /home/inauenma/git/mecheye_ros2_interface/build/mecheye_ros_interface/rosidl_generator_py/mecheye_ros_interface/srv/_capture_textured_point_cloud_s.c
[63.620s] /usr/bin/cc -DFASTCDR_DYN_LINK -DROS_PACKAGE_NAME=\"mecheye_ros_interface\" -Dmecheye_ros_interface__rosidl_generator_py_EXPORTS -I/usr/include/eigen3 -I/home/inauenma/git/mecheye_ros2_interface/build/mecheye_ros_interface/rosidl_generator_c -I/home/inauenma/git/mecheye_ros2_interface/build/mecheye_ros_interface/rosidl_generator_py -isystem /opt/ros/jazzy/include/std_msgs -isystem /opt/ros/jazzy/include/builtin_interfaces -isystem /opt/ros/jazzy/include/rosidl_runtime_c -isystem /opt/ros/jazzy/include/rcutils -isystem /opt/ros/jazzy/include/rosidl_typesupport_interface -isystem /opt/ros/jazzy/include/sensor_msgs -isystem /opt/ros/jazzy/include/geometry_msgs -isystem /opt/ros/jazzy/include/service_msgs -isystem /usr/lib/python3/dist-packages/numpy/core/include -isystem /usr/include/python3.12 -isystem /opt/ros/jazzy/include/fastcdr -isystem /opt/ros/jazzy/include/rosidl_runtime_cpp -isystem /opt/ros/jazzy/include/rosidl_typesupport_fastrtps_cpp -isystem /opt/ros/jazzy/include/rmw -isystem /opt/ros/jazzy/include/rosidl_dynamic_typesupport -isystem /opt/ros/jazzy/include/rosidl_typesupport_fastrtps_c -isystem /opt/ros/jazzy/include/rosidl_typesupport_introspection_c -isystem /opt/ros/jazzy/include/rosidl_typesupport_introspection_cpp -fPIC -Wall -Wextra -MD -MT CMakeFiles/mecheye_ros_interface__rosidl_generator_py.dir/rosidl_generator_py/mecheye_ros_interface/srv/_capture_point_cloud_s.c.o -MF CMakeFiles/mecheye_ros_interface__rosidl_generator_py.dir/rosidl_generator_py/mecheye_ros_interface/srv/_capture_point_cloud_s.c.o.d -o CMakeFiles/mecheye_ros_interface__rosidl_generator_py.dir/rosidl_generator_py/mecheye_ros_interface/srv/_capture_point_cloud_s.c.o -c /home/inauenma/git/mecheye_ros2_interface/build/mecheye_ros_interface/rosidl_generator_py/mecheye_ros_interface/srv/_capture_point_cloud_s.c
[63.620s] [ 92%] Building C object CMakeFiles/mecheye_ros_interface__rosidl_generator_py.dir/rosidl_generator_py/mecheye_ros_interface/srv/_get_current_user_set_s.c.o
[63.622s] [ 92%] Building C object CMakeFiles/mecheye_ros_interface__rosidl_generator_py.dir/rosidl_generator_py/mecheye_ros_interface/srv/_set_current_user_set_s.c.o
[63.624s] /usr/bin/cc -DFASTCDR_DYN_LINK -DROS_PACKAGE_NAME=\"mecheye_ros_interface\" -Dmecheye_ros_interface__rosidl_generator_py_EXPORTS -I/usr/include/eigen3 -I/home/inauenma/git/mecheye_ros2_interface/build/mecheye_ros_interface/rosidl_generator_c -I/home/inauenma/git/mecheye_ros2_interface/build/mecheye_ros_interface/rosidl_generator_py -isystem /opt/ros/jazzy/include/std_msgs -isystem /opt/ros/jazzy/include/builtin_interfaces -isystem /opt/ros/jazzy/include/rosidl_runtime_c -isystem /opt/ros/jazzy/include/rcutils -isystem /opt/ros/jazzy/include/rosidl_typesupport_interface -isystem /opt/ros/jazzy/include/sensor_msgs -isystem /opt/ros/jazzy/include/geometry_msgs -isystem /opt/ros/jazzy/include/service_msgs -isystem /usr/lib/python3/dist-packages/numpy/core/include -isystem /usr/include/python3.12 -isystem /opt/ros/jazzy/include/fastcdr -isystem /opt/ros/jazzy/include/rosidl_runtime_cpp -isystem /opt/ros/jazzy/include/rosidl_typesupport_fastrtps_cpp -isystem /opt/ros/jazzy/include/rmw -isystem /opt/ros/jazzy/include/rosidl_dynamic_typesupport -isystem /opt/ros/jazzy/include/rosidl_typesupport_fastrtps_c -isystem /opt/ros/jazzy/include/rosidl_typesupport_introspection_c -isystem /opt/ros/jazzy/include/rosidl_typesupport_introspection_cpp -fPIC -Wall -Wextra -MD -MT CMakeFiles/mecheye_ros_interface__rosidl_generator_py.dir/rosidl_generator_py/mecheye_ros_interface/srv/_capture_depth_map_s.c.o -MF CMakeFiles/mecheye_ros_interface__rosidl_generator_py.dir/rosidl_generator_py/mecheye_ros_interface/srv/_capture_depth_map_s.c.o.d -o CMakeFiles/mecheye_ros_interface__rosidl_generator_py.dir/rosidl_generator_py/mecheye_ros_interface/srv/_capture_depth_map_s.c.o -c /home/inauenma/git/mecheye_ros2_interface/build/mecheye_ros_interface/rosidl_generator_py/mecheye_ros_interface/srv/_capture_depth_map_s.c
[63.625s] /usr/bin/cc -DFASTCDR_DYN_LINK -DROS_PACKAGE_NAME=\"mecheye_ros_interface\" -Dmecheye_ros_interface__rosidl_generator_py_EXPORTS -I/usr/include/eigen3 -I/home/inauenma/git/mecheye_ros2_interface/build/mecheye_ros_interface/rosidl_generator_c -I/home/inauenma/git/mecheye_ros2_interface/build/mecheye_ros_interface/rosidl_generator_py -isystem /opt/ros/jazzy/include/std_msgs -isystem /opt/ros/jazzy/include/builtin_interfaces -isystem /opt/ros/jazzy/include/rosidl_runtime_c -isystem /opt/ros/jazzy/include/rcutils -isystem /opt/ros/jazzy/include/rosidl_typesupport_interface -isystem /opt/ros/jazzy/include/sensor_msgs -isystem /opt/ros/jazzy/include/geometry_msgs -isystem /opt/ros/jazzy/include/service_msgs -isystem /usr/lib/python3/dist-packages/numpy/core/include -isystem /usr/include/python3.12 -isystem /opt/ros/jazzy/include/fastcdr -isystem /opt/ros/jazzy/include/rosidl_runtime_cpp -isystem /opt/ros/jazzy/include/rosidl_typesupport_fastrtps_cpp -isystem /opt/ros/jazzy/include/rmw -isystem /opt/ros/jazzy/include/rosidl_dynamic_typesupport -isystem /opt/ros/jazzy/include/rosidl_typesupport_fastrtps_c -isystem /opt/ros/jazzy/include/rosidl_typesupport_introspection_c -isystem /opt/ros/jazzy/include/rosidl_typesupport_introspection_cpp -fPIC -Wall -Wextra -MD -MT CMakeFiles/mecheye_ros_interface__rosidl_generator_py.dir/rosidl_generator_py/mecheye_ros_interface/srv/_set_current_user_set_s.c.o -MF CMakeFiles/mecheye_ros_interface__rosidl_generator_py.dir/rosidl_generator_py/mecheye_ros_interface/srv/_set_current_user_set_s.c.o.d -o CMakeFiles/mecheye_ros_interface__rosidl_generator_py.dir/rosidl_generator_py/mecheye_ros_interface/srv/_set_current_user_set_s.c.o -c /home/inauenma/git/mecheye_ros2_interface/build/mecheye_ros_interface/rosidl_generator_py/mecheye_ros_interface/srv/_set_current_user_set_s.c
[63.626s] /usr/bin/cc -DFASTCDR_DYN_LINK -DROS_PACKAGE_NAME=\"mecheye_ros_interface\" -Dmecheye_ros_interface__rosidl_generator_py_EXPORTS -I/usr/include/eigen3 -I/home/inauenma/git/mecheye_ros2_interface/build/mecheye_ros_interface/rosidl_generator_c -I/home/inauenma/git/mecheye_ros2_interface/build/mecheye_ros_interface/rosidl_generator_py -isystem /opt/ros/jazzy/include/std_msgs -isystem /opt/ros/jazzy/include/builtin_interfaces -isystem /opt/ros/jazzy/include/rosidl_runtime_c -isystem /opt/ros/jazzy/include/rcutils -isystem /opt/ros/jazzy/include/rosidl_typesupport_interface -isystem /opt/ros/jazzy/include/sensor_msgs -isystem /opt/ros/jazzy/include/geometry_msgs -isystem /opt/ros/jazzy/include/service_msgs -isystem /usr/lib/python3/dist-packages/numpy/core/include -isystem /usr/include/python3.12 -isystem /opt/ros/jazzy/include/fastcdr -isystem /opt/ros/jazzy/include/rosidl_runtime_cpp -isystem /opt/ros/jazzy/include/rosidl_typesupport_fastrtps_cpp -isystem /opt/ros/jazzy/include/rmw -isystem /opt/ros/jazzy/include/rosidl_dynamic_typesupport -isystem /opt/ros/jazzy/include/rosidl_typesupport_fastrtps_c -isystem /opt/ros/jazzy/include/rosidl_typesupport_introspection_c -isystem /opt/ros/jazzy/include/rosidl_typesupport_introspection_cpp -fPIC -Wall -Wextra -MD -MT CMakeFiles/mecheye_ros_interface__rosidl_generator_py.dir/rosidl_generator_py/mecheye_ros_interface/srv/_delete_user_set_s.c.o -MF CMakeFiles/mecheye_ros_interface__rosidl_generator_py.dir/rosidl_generator_py/mecheye_ros_interface/srv/_delete_user_set_s.c.o.d -o CMakeFiles/mecheye_ros_interface__rosidl_generator_py.dir/rosidl_generator_py/mecheye_ros_interface/srv/_delete_user_set_s.c.o -c /home/inauenma/git/mecheye_ros2_interface/build/mecheye_ros_interface/rosidl_generator_py/mecheye_ros_interface/srv/_delete_user_set_s.c
[63.632s] [ 93%] Building C object CMakeFiles/mecheye_ros_interface__rosidl_generator_py.dir/rosidl_generator_py/mecheye_ros_interface/srv/_set_int_parameter_s.c.o
[63.633s] /usr/bin/cc -DFASTCDR_DYN_LINK -DROS_PACKAGE_NAME=\"mecheye_ros_interface\" -Dmecheye_ros_interface__rosidl_generator_py_EXPORTS -I/usr/include/eigen3 -I/home/inauenma/git/mecheye_ros2_interface/build/mecheye_ros_interface/rosidl_generator_c -I/home/inauenma/git/mecheye_ros2_interface/build/mecheye_ros_interface/rosidl_generator_py -isystem /opt/ros/jazzy/include/std_msgs -isystem /opt/ros/jazzy/include/builtin_interfaces -isystem /opt/ros/jazzy/include/rosidl_runtime_c -isystem /opt/ros/jazzy/include/rcutils -isystem /opt/ros/jazzy/include/rosidl_typesupport_interface -isystem /opt/ros/jazzy/include/sensor_msgs -isystem /opt/ros/jazzy/include/geometry_msgs -isystem /opt/ros/jazzy/include/service_msgs -isystem /usr/lib/python3/dist-packages/numpy/core/include -isystem /usr/include/python3.12 -isystem /opt/ros/jazzy/include/fastcdr -isystem /opt/ros/jazzy/include/rosidl_runtime_cpp -isystem /opt/ros/jazzy/include/rosidl_typesupport_fastrtps_cpp -isystem /opt/ros/jazzy/include/rmw -isystem /opt/ros/jazzy/include/rosidl_dynamic_typesupport -isystem /opt/ros/jazzy/include/rosidl_typesupport_fastrtps_c -isystem /opt/ros/jazzy/include/rosidl_typesupport_introspection_c -isystem /opt/ros/jazzy/include/rosidl_typesupport_introspection_cpp -fPIC -Wall -Wextra -MD -MT CMakeFiles/mecheye_ros_interface__rosidl_generator_py.dir/rosidl_generator_py/mecheye_ros_interface/srv/_device_info_s.c.o -MF CMakeFiles/mecheye_ros_interface__rosidl_generator_py.dir/rosidl_generator_py/mecheye_ros_interface/srv/_device_info_s.c.o.d -o CMakeFiles/mecheye_ros_interface__rosidl_generator_py.dir/rosidl_generator_py/mecheye_ros_interface/srv/_device_info_s.c.o -c /home/inauenma/git/mecheye_ros2_interface/build/mecheye_ros_interface/rosidl_generator_py/mecheye_ros_interface/srv/_device_info_s.c
[63.635s] /usr/bin/cc -DFASTCDR_DYN_LINK -DROS_PACKAGE_NAME=\"mecheye_ros_interface\" -Dmecheye_ros_interface__rosidl_generator_py_EXPORTS -I/usr/include/eigen3 -I/home/inauenma/git/mecheye_ros2_interface/build/mecheye_ros_interface/rosidl_generator_c -I/home/inauenma/git/mecheye_ros2_interface/build/mecheye_ros_interface/rosidl_generator_py -isystem /opt/ros/jazzy/include/std_msgs -isystem /opt/ros/jazzy/include/builtin_interfaces -isystem /opt/ros/jazzy/include/rosidl_runtime_c -isystem /opt/ros/jazzy/include/rcutils -isystem /opt/ros/jazzy/include/rosidl_typesupport_interface -isystem /opt/ros/jazzy/include/sensor_msgs -isystem /opt/ros/jazzy/include/geometry_msgs -isystem /opt/ros/jazzy/include/service_msgs -isystem /usr/lib/python3/dist-packages/numpy/core/include -isystem /usr/include/python3.12 -isystem /opt/ros/jazzy/include/fastcdr -isystem /opt/ros/jazzy/include/rosidl_runtime_cpp -isystem /opt/ros/jazzy/include/rosidl_typesupport_fastrtps_cpp -isystem /opt/ros/jazzy/include/rmw -isystem /opt/ros/jazzy/include/rosidl_dynamic_typesupport -isystem /opt/ros/jazzy/include/rosidl_typesupport_fastrtps_c -isystem /opt/ros/jazzy/include/rosidl_typesupport_introspection_c -isystem /opt/ros/jazzy/include/rosidl_typesupport_introspection_cpp -fPIC -Wall -Wextra -MD -MT CMakeFiles/mecheye_ros_interface__rosidl_generator_py.dir/rosidl_generator_py/mecheye_ros_interface/srv/_get_all_user_sets_s.c.o -MF CMakeFiles/mecheye_ros_interface__rosidl_generator_py.dir/rosidl_generator_py/mecheye_ros_interface/srv/_get_all_user_sets_s.c.o.d -o CMakeFiles/mecheye_ros_interface__rosidl_generator_py.dir/rosidl_generator_py/mecheye_ros_interface/srv/_get_all_user_sets_s.c.o -c /home/inauenma/git/mecheye_ros2_interface/build/mecheye_ros_interface/rosidl_generator_py/mecheye_ros_interface/srv/_get_all_user_sets_s.c
[63.636s] /usr/bin/cc -DFASTCDR_DYN_LINK -DROS_PACKAGE_NAME=\"mecheye_ros_interface\" -Dmecheye_ros_interface__rosidl_generator_py_EXPORTS -I/usr/include/eigen3 -I/home/inauenma/git/mecheye_ros2_interface/build/mecheye_ros_interface/rosidl_generator_c -I/home/inauenma/git/mecheye_ros2_interface/build/mecheye_ros_interface/rosidl_generator_py -isystem /opt/ros/jazzy/include/std_msgs -isystem /opt/ros/jazzy/include/builtin_interfaces -isystem /opt/ros/jazzy/include/rosidl_runtime_c -isystem /opt/ros/jazzy/include/rcutils -isystem /opt/ros/jazzy/include/rosidl_typesupport_interface -isystem /opt/ros/jazzy/include/sensor_msgs -isystem /opt/ros/jazzy/include/geometry_msgs -isystem /opt/ros/jazzy/include/service_msgs -isystem /usr/lib/python3/dist-packages/numpy/core/include -isystem /usr/include/python3.12 -isystem /opt/ros/jazzy/include/fastcdr -isystem /opt/ros/jazzy/include/rosidl_runtime_cpp -isystem /opt/ros/jazzy/include/rosidl_typesupport_fastrtps_cpp -isystem /opt/ros/jazzy/include/rmw -isystem /opt/ros/jazzy/include/rosidl_dynamic_typesupport -isystem /opt/ros/jazzy/include/rosidl_typesupport_fastrtps_c -isystem /opt/ros/jazzy/include/rosidl_typesupport_introspection_c -isystem /opt/ros/jazzy/include/rosidl_typesupport_introspection_cpp -fPIC -Wall -Wextra -MD -MT CMakeFiles/mecheye_ros_interface__rosidl_generator_py.dir/rosidl_generator_py/mecheye_ros_interface/srv/_get_current_user_set_s.c.o -MF CMakeFiles/mecheye_ros_interface__rosidl_generator_py.dir/rosidl_generator_py/mecheye_ros_interface/srv/_get_current_user_set_s.c.o.d -o CMakeFiles/mecheye_ros_interface__rosidl_generator_py.dir/rosidl_generator_py/mecheye_ros_interface/srv/_get_current_user_set_s.c.o -c /home/inauenma/git/mecheye_ros2_interface/build/mecheye_ros_interface/rosidl_generator_py/mecheye_ros_interface/srv/_get_current_user_set_s.c
[63.640s] [ 93%] Building C object CMakeFiles/mecheye_ros_interface__rosidl_generator_py.dir/rosidl_generator_py/mecheye_ros_interface/srv/_get_int_parameter_s.c.o
[63.646s] /usr/bin/cc -DFASTCDR_DYN_LINK -DROS_PACKAGE_NAME=\"mecheye_ros_interface\" -Dmecheye_ros_interface__rosidl_generator_py_EXPORTS -I/usr/include/eigen3 -I/home/inauenma/git/mecheye_ros2_interface/build/mecheye_ros_interface/rosidl_generator_c -I/home/inauenma/git/mecheye_ros2_interface/build/mecheye_ros_interface/rosidl_generator_py -isystem /opt/ros/jazzy/include/std_msgs -isystem /opt/ros/jazzy/include/builtin_interfaces -isystem /opt/ros/jazzy/include/rosidl_runtime_c -isystem /opt/ros/jazzy/include/rcutils -isystem /opt/ros/jazzy/include/rosidl_typesupport_interface -isystem /opt/ros/jazzy/include/sensor_msgs -isystem /opt/ros/jazzy/include/geometry_msgs -isystem /opt/ros/jazzy/include/service_msgs -isystem /usr/lib/python3/dist-packages/numpy/core/include -isystem /usr/include/python3.12 -isystem /opt/ros/jazzy/include/fastcdr -isystem /opt/ros/jazzy/include/rosidl_runtime_cpp -isystem /opt/ros/jazzy/include/rosidl_typesupport_fastrtps_cpp -isystem /opt/ros/jazzy/include/rmw -isystem /opt/ros/jazzy/include/rosidl_dynamic_typesupport -isystem /opt/ros/jazzy/include/rosidl_typesupport_fastrtps_c -isystem /opt/ros/jazzy/include/rosidl_typesupport_introspection_c -isystem /opt/ros/jazzy/include/rosidl_typesupport_introspection_cpp -fPIC -Wall -Wextra -MD -MT CMakeFiles/mecheye_ros_interface__rosidl_generator_py.dir/rosidl_generator_py/mecheye_ros_interface/srv/_set_int_parameter_s.c.o -MF CMakeFiles/mecheye_ros_interface__rosidl_generator_py.dir/rosidl_generator_py/mecheye_ros_interface/srv/_set_int_parameter_s.c.o.d -o CMakeFiles/mecheye_ros_interface__rosidl_generator_py.dir/rosidl_generator_py/mecheye_ros_interface/srv/_set_int_parameter_s.c.o -c /home/inauenma/git/mecheye_ros2_interface/build/mecheye_ros_interface/rosidl_generator_py/mecheye_ros_interface/srv/_set_int_parameter_s.c
[63.648s] /usr/bin/cc -DFASTCDR_DYN_LINK -DROS_PACKAGE_NAME=\"mecheye_ros_interface\" -Dmecheye_ros_interface__rosidl_generator_py_EXPORTS -I/usr/include/eigen3 -I/home/inauenma/git/mecheye_ros2_interface/build/mecheye_ros_interface/rosidl_generator_c -I/home/inauenma/git/mecheye_ros2_interface/build/mecheye_ros_interface/rosidl_generator_py -isystem /opt/ros/jazzy/include/std_msgs -isystem /opt/ros/jazzy/include/builtin_interfaces -isystem /opt/ros/jazzy/include/rosidl_runtime_c -isystem /opt/ros/jazzy/include/rcutils -isystem /opt/ros/jazzy/include/rosidl_typesupport_interface -isystem /opt/ros/jazzy/include/sensor_msgs -isystem /opt/ros/jazzy/include/geometry_msgs -isystem /opt/ros/jazzy/include/service_msgs -isystem /usr/lib/python3/dist-packages/numpy/core/include -isystem /usr/include/python3.12 -isystem /opt/ros/jazzy/include/fastcdr -isystem /opt/ros/jazzy/include/rosidl_runtime_cpp -isystem /opt/ros/jazzy/include/rosidl_typesupport_fastrtps_cpp -isystem /opt/ros/jazzy/include/rmw -isystem /opt/ros/jazzy/include/rosidl_dynamic_typesupport -isystem /opt/ros/jazzy/include/rosidl_typesupport_fastrtps_c -isystem /opt/ros/jazzy/include/rosidl_typesupport_introspection_c -isystem /opt/ros/jazzy/include/rosidl_typesupport_introspection_cpp -fPIC -Wall -Wextra -MD -MT CMakeFiles/mecheye_ros_interface__rosidl_generator_py.dir/rosidl_generator_py/mecheye_ros_interface/srv/_get_int_parameter_s.c.o -MF CMakeFiles/mecheye_ros_interface__rosidl_generator_py.dir/rosidl_generator_py/mecheye_ros_interface/srv/_get_int_parameter_s.c.o.d -o CMakeFiles/mecheye_ros_interface__rosidl_generator_py.dir/rosidl_generator_py/mecheye_ros_interface/srv/_get_int_parameter_s.c.o -c /home/inauenma/git/mecheye_ros2_interface/build/mecheye_ros_interface/rosidl_generator_py/mecheye_ros_interface/srv/_get_int_parameter_s.c
[63.936s] [ 93%] Building C object CMakeFiles/mecheye_ros_interface__rosidl_generator_py.dir/rosidl_generator_py/mecheye_ros_interface/srv/_set_range_parameter_s.c.o
[63.941s] /usr/bin/cc -DFASTCDR_DYN_LINK -DROS_PACKAGE_NAME=\"mecheye_ros_interface\" -Dmecheye_ros_interface__rosidl_generator_py_EXPORTS -I/usr/include/eigen3 -I/home/inauenma/git/mecheye_ros2_interface/build/mecheye_ros_interface/rosidl_generator_c -I/home/inauenma/git/mecheye_ros2_interface/build/mecheye_ros_interface/rosidl_generator_py -isystem /opt/ros/jazzy/include/std_msgs -isystem /opt/ros/jazzy/include/builtin_interfaces -isystem /opt/ros/jazzy/include/rosidl_runtime_c -isystem /opt/ros/jazzy/include/rcutils -isystem /opt/ros/jazzy/include/rosidl_typesupport_interface -isystem /opt/ros/jazzy/include/sensor_msgs -isystem /opt/ros/jazzy/include/geometry_msgs -isystem /opt/ros/jazzy/include/service_msgs -isystem /usr/lib/python3/dist-packages/numpy/core/include -isystem /usr/include/python3.12 -isystem /opt/ros/jazzy/include/fastcdr -isystem /opt/ros/jazzy/include/rosidl_runtime_cpp -isystem /opt/ros/jazzy/include/rosidl_typesupport_fastrtps_cpp -isystem /opt/ros/jazzy/include/rmw -isystem /opt/ros/jazzy/include/rosidl_dynamic_typesupport -isystem /opt/ros/jazzy/include/rosidl_typesupport_fastrtps_c -isystem /opt/ros/jazzy/include/rosidl_typesupport_introspection_c -isystem /opt/ros/jazzy/include/rosidl_typesupport_introspection_cpp -fPIC -Wall -Wextra -MD -MT CMakeFiles/mecheye_ros_interface__rosidl_generator_py.dir/rosidl_generator_py/mecheye_ros_interface/srv/_set_range_parameter_s.c.o -MF CMakeFiles/mecheye_ros_interface__rosidl_generator_py.dir/rosidl_generator_py/mecheye_ros_interface/srv/_set_range_parameter_s.c.o.d -o CMakeFiles/mecheye_ros_interface__rosidl_generator_py.dir/rosidl_generator_py/mecheye_ros_interface/srv/_set_range_parameter_s.c.o -c /home/inauenma/git/mecheye_ros2_interface/build/mecheye_ros_interface/rosidl_generator_py/mecheye_ros_interface/srv/_set_range_parameter_s.c
[63.949s] [ 94%] Building C object CMakeFiles/mecheye_ros_interface__rosidl_generator_py.dir/rosidl_generator_py/mecheye_ros_interface/srv/_get_range_parameter_s.c.o
[63.954s] /usr/bin/cc -DFASTCDR_DYN_LINK -DROS_PACKAGE_NAME=\"mecheye_ros_interface\" -Dmecheye_ros_interface__rosidl_generator_py_EXPORTS -I/usr/include/eigen3 -I/home/inauenma/git/mecheye_ros2_interface/build/mecheye_ros_interface/rosidl_generator_c -I/home/inauenma/git/mecheye_ros2_interface/build/mecheye_ros_interface/rosidl_generator_py -isystem /opt/ros/jazzy/include/std_msgs -isystem /opt/ros/jazzy/include/builtin_interfaces -isystem /opt/ros/jazzy/include/rosidl_runtime_c -isystem /opt/ros/jazzy/include/rcutils -isystem /opt/ros/jazzy/include/rosidl_typesupport_interface -isystem /opt/ros/jazzy/include/sensor_msgs -isystem /opt/ros/jazzy/include/geometry_msgs -isystem /opt/ros/jazzy/include/service_msgs -isystem /usr/lib/python3/dist-packages/numpy/core/include -isystem /usr/include/python3.12 -isystem /opt/ros/jazzy/include/fastcdr -isystem /opt/ros/jazzy/include/rosidl_runtime_cpp -isystem /opt/ros/jazzy/include/rosidl_typesupport_fastrtps_cpp -isystem /opt/ros/jazzy/include/rmw -isystem /opt/ros/jazzy/include/rosidl_dynamic_typesupport -isystem /opt/ros/jazzy/include/rosidl_typesupport_fastrtps_c -isystem /opt/ros/jazzy/include/rosidl_typesupport_introspection_c -isystem /opt/ros/jazzy/include/rosidl_typesupport_introspection_cpp -fPIC -Wall -Wextra -MD -MT CMakeFiles/mecheye_ros_interface__rosidl_generator_py.dir/rosidl_generator_py/mecheye_ros_interface/srv/_get_range_parameter_s.c.o -MF CMakeFiles/mecheye_ros_interface__rosidl_generator_py.dir/rosidl_generator_py/mecheye_ros_interface/srv/_get_range_parameter_s.c.o.d -o CMakeFiles/mecheye_ros_interface__rosidl_generator_py.dir/rosidl_generator_py/mecheye_ros_interface/srv/_get_range_parameter_s.c.o -c /home/inauenma/git/mecheye_ros2_interface/build/mecheye_ros_interface/rosidl_generator_py/mecheye_ros_interface/srv/_get_range_parameter_s.c
[63.987s] [ 94%] Building C object CMakeFiles/mecheye_ros_interface__rosidl_generator_py.dir/rosidl_generator_py/mecheye_ros_interface/srv/_set_bool_parameter_s.c.o
[63.993s] [ 95%] Building C object CMakeFiles/mecheye_ros_interface__rosidl_generator_py.dir/rosidl_generator_py/mecheye_ros_interface/srv/_get_bool_parameter_s.c.o
[63.993s] [ 95%] Building C object CMakeFiles/mecheye_ros_interface__rosidl_generator_py.dir/rosidl_generator_py/mecheye_ros_interface/srv/_set_enum_parameter_s.c.o
[63.993s] /usr/bin/cc -DFASTCDR_DYN_LINK -DROS_PACKAGE_NAME=\"mecheye_ros_interface\" -Dmecheye_ros_interface__rosidl_generator_py_EXPORTS -I/usr/include/eigen3 -I/home/inauenma/git/mecheye_ros2_interface/build/mecheye_ros_interface/rosidl_generator_c -I/home/inauenma/git/mecheye_ros2_interface/build/mecheye_ros_interface/rosidl_generator_py -isystem /opt/ros/jazzy/include/std_msgs -isystem /opt/ros/jazzy/include/builtin_interfaces -isystem /opt/ros/jazzy/include/rosidl_runtime_c -isystem /opt/ros/jazzy/include/rcutils -isystem /opt/ros/jazzy/include/rosidl_typesupport_interface -isystem /opt/ros/jazzy/include/sensor_msgs -isystem /opt/ros/jazzy/include/geometry_msgs -isystem /opt/ros/jazzy/include/service_msgs -isystem /usr/lib/python3/dist-packages/numpy/core/include -isystem /usr/include/python3.12 -isystem /opt/ros/jazzy/include/fastcdr -isystem /opt/ros/jazzy/include/rosidl_runtime_cpp -isystem /opt/ros/jazzy/include/rosidl_typesupport_fastrtps_cpp -isystem /opt/ros/jazzy/include/rmw -isystem /opt/ros/jazzy/include/rosidl_dynamic_typesupport -isystem /opt/ros/jazzy/include/rosidl_typesupport_fastrtps_c -isystem /opt/ros/jazzy/include/rosidl_typesupport_introspection_c -isystem /opt/ros/jazzy/include/rosidl_typesupport_introspection_cpp -fPIC -Wall -Wextra -MD -MT CMakeFiles/mecheye_ros_interface__rosidl_generator_py.dir/rosidl_generator_py/mecheye_ros_interface/srv/_set_bool_parameter_s.c.o -MF CMakeFiles/mecheye_ros_interface__rosidl_generator_py.dir/rosidl_generator_py/mecheye_ros_interface/srv/_set_bool_parameter_s.c.o.d -o CMakeFiles/mecheye_ros_interface__rosidl_generator_py.dir/rosidl_generator_py/mecheye_ros_interface/srv/_set_bool_parameter_s.c.o -c /home/inauenma/git/mecheye_ros2_interface/build/mecheye_ros_interface/rosidl_generator_py/mecheye_ros_interface/srv/_set_bool_parameter_s.c
[63.993s] /usr/bin/cc -DFASTCDR_DYN_LINK -DROS_PACKAGE_NAME=\"mecheye_ros_interface\" -Dmecheye_ros_interface__rosidl_generator_py_EXPORTS -I/usr/include/eigen3 -I/home/inauenma/git/mecheye_ros2_interface/build/mecheye_ros_interface/rosidl_generator_c -I/home/inauenma/git/mecheye_ros2_interface/build/mecheye_ros_interface/rosidl_generator_py -isystem /opt/ros/jazzy/include/std_msgs -isystem /opt/ros/jazzy/include/builtin_interfaces -isystem /opt/ros/jazzy/include/rosidl_runtime_c -isystem /opt/ros/jazzy/include/rcutils -isystem /opt/ros/jazzy/include/rosidl_typesupport_interface -isystem /opt/ros/jazzy/include/sensor_msgs -isystem /opt/ros/jazzy/include/geometry_msgs -isystem /opt/ros/jazzy/include/service_msgs -isystem /usr/lib/python3/dist-packages/numpy/core/include -isystem /usr/include/python3.12 -isystem /opt/ros/jazzy/include/fastcdr -isystem /opt/ros/jazzy/include/rosidl_runtime_cpp -isystem /opt/ros/jazzy/include/rosidl_typesupport_fastrtps_cpp -isystem /opt/ros/jazzy/include/rmw -isystem /opt/ros/jazzy/include/rosidl_dynamic_typesupport -isystem /opt/ros/jazzy/include/rosidl_typesupport_fastrtps_c -isystem /opt/ros/jazzy/include/rosidl_typesupport_introspection_c -isystem /opt/ros/jazzy/include/rosidl_typesupport_introspection_cpp -fPIC -Wall -Wextra -MD -MT CMakeFiles/mecheye_ros_interface__rosidl_generator_py.dir/rosidl_generator_py/mecheye_ros_interface/srv/_get_bool_parameter_s.c.o -MF CMakeFiles/mecheye_ros_interface__rosidl_generator_py.dir/rosidl_generator_py/mecheye_ros_interface/srv/_get_bool_parameter_s.c.o.d -o CMakeFiles/mecheye_ros_interface__rosidl_generator_py.dir/rosidl_generator_py/mecheye_ros_interface/srv/_get_bool_parameter_s.c.o -c /home/inauenma/git/mecheye_ros2_interface/build/mecheye_ros_interface/rosidl_generator_py/mecheye_ros_interface/srv/_get_bool_parameter_s.c
[63.993s] [ 95%] Building C object CMakeFiles/mecheye_ros_interface__rosidl_generator_py.dir/rosidl_generator_py/mecheye_ros_interface/srv/_get_enum_parameter_s.c.o
[63.993s] /usr/bin/cc -DFASTCDR_DYN_LINK -DROS_PACKAGE_NAME=\"mecheye_ros_interface\" -Dmecheye_ros_interface__rosidl_generator_py_EXPORTS -I/usr/include/eigen3 -I/home/inauenma/git/mecheye_ros2_interface/build/mecheye_ros_interface/rosidl_generator_c -I/home/inauenma/git/mecheye_ros2_interface/build/mecheye_ros_interface/rosidl_generator_py -isystem /opt/ros/jazzy/include/std_msgs -isystem /opt/ros/jazzy/include/builtin_interfaces -isystem /opt/ros/jazzy/include/rosidl_runtime_c -isystem /opt/ros/jazzy/include/rcutils -isystem /opt/ros/jazzy/include/rosidl_typesupport_interface -isystem /opt/ros/jazzy/include/sensor_msgs -isystem /opt/ros/jazzy/include/geometry_msgs -isystem /opt/ros/jazzy/include/service_msgs -isystem /usr/lib/python3/dist-packages/numpy/core/include -isystem /usr/include/python3.12 -isystem /opt/ros/jazzy/include/fastcdr -isystem /opt/ros/jazzy/include/rosidl_runtime_cpp -isystem /opt/ros/jazzy/include/rosidl_typesupport_fastrtps_cpp -isystem /opt/ros/jazzy/include/rmw -isystem /opt/ros/jazzy/include/rosidl_dynamic_typesupport -isystem /opt/ros/jazzy/include/rosidl_typesupport_fastrtps_c -isystem /opt/ros/jazzy/include/rosidl_typesupport_introspection_c -isystem /opt/ros/jazzy/include/rosidl_typesupport_introspection_cpp -fPIC -Wall -Wextra -MD -MT CMakeFiles/mecheye_ros_interface__rosidl_generator_py.dir/rosidl_generator_py/mecheye_ros_interface/srv/_set_enum_parameter_s.c.o -MF CMakeFiles/mecheye_ros_interface__rosidl_generator_py.dir/rosidl_generator_py/mecheye_ros_interface/srv/_set_enum_parameter_s.c.o.d -o CMakeFiles/mecheye_ros_interface__rosidl_generator_py.dir/rosidl_generator_py/mecheye_ros_interface/srv/_set_enum_parameter_s.c.o -c /home/inauenma/git/mecheye_ros2_interface/build/mecheye_ros_interface/rosidl_generator_py/mecheye_ros_interface/srv/_set_enum_parameter_s.c
[64.005s] /usr/bin/cc -DFASTCDR_DYN_LINK -DROS_PACKAGE_NAME=\"mecheye_ros_interface\" -Dmecheye_ros_interface__rosidl_generator_py_EXPORTS -I/usr/include/eigen3 -I/home/inauenma/git/mecheye_ros2_interface/build/mecheye_ros_interface/rosidl_generator_c -I/home/inauenma/git/mecheye_ros2_interface/build/mecheye_ros_interface/rosidl_generator_py -isystem /opt/ros/jazzy/include/std_msgs -isystem /opt/ros/jazzy/include/builtin_interfaces -isystem /opt/ros/jazzy/include/rosidl_runtime_c -isystem /opt/ros/jazzy/include/rcutils -isystem /opt/ros/jazzy/include/rosidl_typesupport_interface -isystem /opt/ros/jazzy/include/sensor_msgs -isystem /opt/ros/jazzy/include/geometry_msgs -isystem /opt/ros/jazzy/include/service_msgs -isystem /usr/lib/python3/dist-packages/numpy/core/include -isystem /usr/include/python3.12 -isystem /opt/ros/jazzy/include/fastcdr -isystem /opt/ros/jazzy/include/rosidl_runtime_cpp -isystem /opt/ros/jazzy/include/rosidl_typesupport_fastrtps_cpp -isystem /opt/ros/jazzy/include/rmw -isystem /opt/ros/jazzy/include/rosidl_dynamic_typesupport -isystem /opt/ros/jazzy/include/rosidl_typesupport_fastrtps_c -isystem /opt/ros/jazzy/include/rosidl_typesupport_introspection_c -isystem /opt/ros/jazzy/include/rosidl_typesupport_introspection_cpp -fPIC -Wall -Wextra -MD -MT CMakeFiles/mecheye_ros_interface__rosidl_generator_py.dir/rosidl_generator_py/mecheye_ros_interface/srv/_get_enum_parameter_s.c.o -MF CMakeFiles/mecheye_ros_interface__rosidl_generator_py.dir/rosidl_generator_py/mecheye_ros_interface/srv/_get_enum_parameter_s.c.o.d -o CMakeFiles/mecheye_ros_interface__rosidl_generator_py.dir/rosidl_generator_py/mecheye_ros_interface/srv/_get_enum_parameter_s.c.o -c /home/inauenma/git/mecheye_ros2_interface/build/mecheye_ros_interface/rosidl_generator_py/mecheye_ros_interface/srv/_get_enum_parameter_s.c
[64.006s] [ 95%] Building C object CMakeFiles/mecheye_ros_interface__rosidl_generator_py.dir/rosidl_generator_py/mecheye_ros_interface/srv/_set_float_parameter_s.c.o
[64.007s] /usr/bin/cc -DFASTCDR_DYN_LINK -DROS_PACKAGE_NAME=\"mecheye_ros_interface\" -Dmecheye_ros_interface__rosidl_generator_py_EXPORTS -I/usr/include/eigen3 -I/home/inauenma/git/mecheye_ros2_interface/build/mecheye_ros_interface/rosidl_generator_c -I/home/inauenma/git/mecheye_ros2_interface/build/mecheye_ros_interface/rosidl_generator_py -isystem /opt/ros/jazzy/include/std_msgs -isystem /opt/ros/jazzy/include/builtin_interfaces -isystem /opt/ros/jazzy/include/rosidl_runtime_c -isystem /opt/ros/jazzy/include/rcutils -isystem /opt/ros/jazzy/include/rosidl_typesupport_interface -isystem /opt/ros/jazzy/include/sensor_msgs -isystem /opt/ros/jazzy/include/geometry_msgs -isystem /opt/ros/jazzy/include/service_msgs -isystem /usr/lib/python3/dist-packages/numpy/core/include -isystem /usr/include/python3.12 -isystem /opt/ros/jazzy/include/fastcdr -isystem /opt/ros/jazzy/include/rosidl_runtime_cpp -isystem /opt/ros/jazzy/include/rosidl_typesupport_fastrtps_cpp -isystem /opt/ros/jazzy/include/rmw -isystem /opt/ros/jazzy/include/rosidl_dynamic_typesupport -isystem /opt/ros/jazzy/include/rosidl_typesupport_fastrtps_c -isystem /opt/ros/jazzy/include/rosidl_typesupport_introspection_c -isystem /opt/ros/jazzy/include/rosidl_typesupport_introspection_cpp -fPIC -Wall -Wextra -MD -MT CMakeFiles/mecheye_ros_interface__rosidl_generator_py.dir/rosidl_generator_py/mecheye_ros_interface/srv/_set_float_parameter_s.c.o -MF CMakeFiles/mecheye_ros_interface__rosidl_generator_py.dir/rosidl_generator_py/mecheye_ros_interface/srv/_set_float_parameter_s.c.o.d -o CMakeFiles/mecheye_ros_interface__rosidl_generator_py.dir/rosidl_generator_py/mecheye_ros_interface/srv/_set_float_parameter_s.c.o -c /home/inauenma/git/mecheye_ros2_interface/build/mecheye_ros_interface/rosidl_generator_py/mecheye_ros_interface/srv/_set_float_parameter_s.c
[64.037s] [ 96%] Building C object CMakeFiles/mecheye_ros_interface__rosidl_generator_py.dir/rosidl_generator_py/mecheye_ros_interface/srv/_get_float_parameter_s.c.o
[64.037s] /usr/bin/cc -DFASTCDR_DYN_LINK -DROS_PACKAGE_NAME=\"mecheye_ros_interface\" -Dmecheye_ros_interface__rosidl_generator_py_EXPORTS -I/usr/include/eigen3 -I/home/inauenma/git/mecheye_ros2_interface/build/mecheye_ros_interface/rosidl_generator_c -I/home/inauenma/git/mecheye_ros2_interface/build/mecheye_ros_interface/rosidl_generator_py -isystem /opt/ros/jazzy/include/std_msgs -isystem /opt/ros/jazzy/include/builtin_interfaces -isystem /opt/ros/jazzy/include/rosidl_runtime_c -isystem /opt/ros/jazzy/include/rcutils -isystem /opt/ros/jazzy/include/rosidl_typesupport_interface -isystem /opt/ros/jazzy/include/sensor_msgs -isystem /opt/ros/jazzy/include/geometry_msgs -isystem /opt/ros/jazzy/include/service_msgs -isystem /usr/lib/python3/dist-packages/numpy/core/include -isystem /usr/include/python3.12 -isystem /opt/ros/jazzy/include/fastcdr -isystem /opt/ros/jazzy/include/rosidl_runtime_cpp -isystem /opt/ros/jazzy/include/rosidl_typesupport_fastrtps_cpp -isystem /opt/ros/jazzy/include/rmw -isystem /opt/ros/jazzy/include/rosidl_dynamic_typesupport -isystem /opt/ros/jazzy/include/rosidl_typesupport_fastrtps_c -isystem /opt/ros/jazzy/include/rosidl_typesupport_introspection_c -isystem /opt/ros/jazzy/include/rosidl_typesupport_introspection_cpp -fPIC -Wall -Wextra -MD -MT CMakeFiles/mecheye_ros_interface__rosidl_generator_py.dir/rosidl_generator_py/mecheye_ros_interface/srv/_get_float_parameter_s.c.o -MF CMakeFiles/mecheye_ros_interface__rosidl_generator_py.dir/rosidl_generator_py/mecheye_ros_interface/srv/_get_float_parameter_s.c.o.d -o CMakeFiles/mecheye_ros_interface__rosidl_generator_py.dir/rosidl_generator_py/mecheye_ros_interface/srv/_get_float_parameter_s.c.o -c /home/inauenma/git/mecheye_ros2_interface/build/mecheye_ros_interface/rosidl_generator_py/mecheye_ros_interface/srv/_get_float_parameter_s.c
[64.049s] [ 96%] Building C object CMakeFiles/mecheye_ros_interface__rosidl_generator_py.dir/rosidl_generator_py/mecheye_ros_interface/srv/_set_float_array_parameter_s.c.o
[64.060s] /usr/bin/cc -DFASTCDR_DYN_LINK -DROS_PACKAGE_NAME=\"mecheye_ros_interface\" -Dmecheye_ros_interface__rosidl_generator_py_EXPORTS -I/usr/include/eigen3 -I/home/inauenma/git/mecheye_ros2_interface/build/mecheye_ros_interface/rosidl_generator_c -I/home/inauenma/git/mecheye_ros2_interface/build/mecheye_ros_interface/rosidl_generator_py -isystem /opt/ros/jazzy/include/std_msgs -isystem /opt/ros/jazzy/include/builtin_interfaces -isystem /opt/ros/jazzy/include/rosidl_runtime_c -isystem /opt/ros/jazzy/include/rcutils -isystem /opt/ros/jazzy/include/rosidl_typesupport_interface -isystem /opt/ros/jazzy/include/sensor_msgs -isystem /opt/ros/jazzy/include/geometry_msgs -isystem /opt/ros/jazzy/include/service_msgs -isystem /usr/lib/python3/dist-packages/numpy/core/include -isystem /usr/include/python3.12 -isystem /opt/ros/jazzy/include/fastcdr -isystem /opt/ros/jazzy/include/rosidl_runtime_cpp -isystem /opt/ros/jazzy/include/rosidl_typesupport_fastrtps_cpp -isystem /opt/ros/jazzy/include/rmw -isystem /opt/ros/jazzy/include/rosidl_dynamic_typesupport -isystem /opt/ros/jazzy/include/rosidl_typesupport_fastrtps_c -isystem /opt/ros/jazzy/include/rosidl_typesupport_introspection_c -isystem /opt/ros/jazzy/include/rosidl_typesupport_introspection_cpp -fPIC -Wall -Wextra -MD -MT CMakeFiles/mecheye_ros_interface__rosidl_generator_py.dir/rosidl_generator_py/mecheye_ros_interface/srv/_set_float_array_parameter_s.c.o -MF CMakeFiles/mecheye_ros_interface__rosidl_generator_py.dir/rosidl_generator_py/mecheye_ros_interface/srv/_set_float_array_parameter_s.c.o.d -o CMakeFiles/mecheye_ros_interface__rosidl_generator_py.dir/rosidl_generator_py/mecheye_ros_interface/srv/_set_float_array_parameter_s.c.o -c /home/inauenma/git/mecheye_ros2_interface/build/mecheye_ros_interface/rosidl_generator_py/mecheye_ros_interface/srv/_set_float_array_parameter_s.c
[64.069s] [ 96%] Building C object CMakeFiles/mecheye_ros_interface__rosidl_generator_py.dir/rosidl_generator_py/mecheye_ros_interface/srv/_get_float_array_parameter_s.c.o
[64.069s] /usr/bin/cc -DFASTCDR_DYN_LINK -DROS_PACKAGE_NAME=\"mecheye_ros_interface\" -Dmecheye_ros_interface__rosidl_generator_py_EXPORTS -I/usr/include/eigen3 -I/home/inauenma/git/mecheye_ros2_interface/build/mecheye_ros_interface/rosidl_generator_c -I/home/inauenma/git/mecheye_ros2_interface/build/mecheye_ros_interface/rosidl_generator_py -isystem /opt/ros/jazzy/include/std_msgs -isystem /opt/ros/jazzy/include/builtin_interfaces -isystem /opt/ros/jazzy/include/rosidl_runtime_c -isystem /opt/ros/jazzy/include/rcutils -isystem /opt/ros/jazzy/include/rosidl_typesupport_interface -isystem /opt/ros/jazzy/include/sensor_msgs -isystem /opt/ros/jazzy/include/geometry_msgs -isystem /opt/ros/jazzy/include/service_msgs -isystem /usr/lib/python3/dist-packages/numpy/core/include -isystem /usr/include/python3.12 -isystem /opt/ros/jazzy/include/fastcdr -isystem /opt/ros/jazzy/include/rosidl_runtime_cpp -isystem /opt/ros/jazzy/include/rosidl_typesupport_fastrtps_cpp -isystem /opt/ros/jazzy/include/rmw -isystem /opt/ros/jazzy/include/rosidl_dynamic_typesupport -isystem /opt/ros/jazzy/include/rosidl_typesupport_fastrtps_c -isystem /opt/ros/jazzy/include/rosidl_typesupport_introspection_c -isystem /opt/ros/jazzy/include/rosidl_typesupport_introspection_cpp -fPIC -Wall -Wextra -MD -MT CMakeFiles/mecheye_ros_interface__rosidl_generator_py.dir/rosidl_generator_py/mecheye_ros_interface/srv/_get_float_array_parameter_s.c.o -MF CMakeFiles/mecheye_ros_interface__rosidl_generator_py.dir/rosidl_generator_py/mecheye_ros_interface/srv/_get_float_array_parameter_s.c.o.d -o CMakeFiles/mecheye_ros_interface__rosidl_generator_py.dir/rosidl_generator_py/mecheye_ros_interface/srv/_get_float_array_parameter_s.c.o -c /home/inauenma/git/mecheye_ros2_interface/build/mecheye_ros_interface/rosidl_generator_py/mecheye_ros_interface/srv/_get_float_array_parameter_s.c
[64.075s] [ 97%] Building C object CMakeFiles/mecheye_ros_interface__rosidl_generator_py.dir/rosidl_generator_py/mecheye_ros_interface/srv/_set_roi_parameter_s.c.o
[64.076s] [ 97%] Building C object CMakeFiles/mecheye_ros_interface__rosidl_generator_py.dir/rosidl_generator_py/mecheye_ros_interface/srv/_get_roi_parameter_s.c.o
[64.079s] /usr/bin/cc -DFASTCDR_DYN_LINK -DROS_PACKAGE_NAME=\"mecheye_ros_interface\" -Dmecheye_ros_interface__rosidl_generator_py_EXPORTS -I/usr/include/eigen3 -I/home/inauenma/git/mecheye_ros2_interface/build/mecheye_ros_interface/rosidl_generator_c -I/home/inauenma/git/mecheye_ros2_interface/build/mecheye_ros_interface/rosidl_generator_py -isystem /opt/ros/jazzy/include/std_msgs -isystem /opt/ros/jazzy/include/builtin_interfaces -isystem /opt/ros/jazzy/include/rosidl_runtime_c -isystem /opt/ros/jazzy/include/rcutils -isystem /opt/ros/jazzy/include/rosidl_typesupport_interface -isystem /opt/ros/jazzy/include/sensor_msgs -isystem /opt/ros/jazzy/include/geometry_msgs -isystem /opt/ros/jazzy/include/service_msgs -isystem /usr/lib/python3/dist-packages/numpy/core/include -isystem /usr/include/python3.12 -isystem /opt/ros/jazzy/include/fastcdr -isystem /opt/ros/jazzy/include/rosidl_runtime_cpp -isystem /opt/ros/jazzy/include/rosidl_typesupport_fastrtps_cpp -isystem /opt/ros/jazzy/include/rmw -isystem /opt/ros/jazzy/include/rosidl_dynamic_typesupport -isystem /opt/ros/jazzy/include/rosidl_typesupport_fastrtps_c -isystem /opt/ros/jazzy/include/rosidl_typesupport_introspection_c -isystem /opt/ros/jazzy/include/rosidl_typesupport_introspection_cpp -fPIC -Wall -Wextra -MD -MT CMakeFiles/mecheye_ros_interface__rosidl_generator_py.dir/rosidl_generator_py/mecheye_ros_interface/srv/_set_roi_parameter_s.c.o -MF CMakeFiles/mecheye_ros_interface__rosidl_generator_py.dir/rosidl_generator_py/mecheye_ros_interface/srv/_set_roi_parameter_s.c.o.d -o CMakeFiles/mecheye_ros_interface__rosidl_generator_py.dir/rosidl_generator_py/mecheye_ros_interface/srv/_set_roi_parameter_s.c.o -c /home/inauenma/git/mecheye_ros2_interface/build/mecheye_ros_interface/rosidl_generator_py/mecheye_ros_interface/srv/_set_roi_parameter_s.c
[64.083s] /usr/bin/cc -DFASTCDR_DYN_LINK -DROS_PACKAGE_NAME=\"mecheye_ros_interface\" -Dmecheye_ros_interface__rosidl_generator_py_EXPORTS -I/usr/include/eigen3 -I/home/inauenma/git/mecheye_ros2_interface/build/mecheye_ros_interface/rosidl_generator_c -I/home/inauenma/git/mecheye_ros2_interface/build/mecheye_ros_interface/rosidl_generator_py -isystem /opt/ros/jazzy/include/std_msgs -isystem /opt/ros/jazzy/include/builtin_interfaces -isystem /opt/ros/jazzy/include/rosidl_runtime_c -isystem /opt/ros/jazzy/include/rcutils -isystem /opt/ros/jazzy/include/rosidl_typesupport_interface -isystem /opt/ros/jazzy/include/sensor_msgs -isystem /opt/ros/jazzy/include/geometry_msgs -isystem /opt/ros/jazzy/include/service_msgs -isystem /usr/lib/python3/dist-packages/numpy/core/include -isystem /usr/include/python3.12 -isystem /opt/ros/jazzy/include/fastcdr -isystem /opt/ros/jazzy/include/rosidl_runtime_cpp -isystem /opt/ros/jazzy/include/rosidl_typesupport_fastrtps_cpp -isystem /opt/ros/jazzy/include/rmw -isystem /opt/ros/jazzy/include/rosidl_dynamic_typesupport -isystem /opt/ros/jazzy/include/rosidl_typesupport_fastrtps_c -isystem /opt/ros/jazzy/include/rosidl_typesupport_introspection_c -isystem /opt/ros/jazzy/include/rosidl_typesupport_introspection_cpp -fPIC -Wall -Wextra -MD -MT CMakeFiles/mecheye_ros_interface__rosidl_generator_py.dir/rosidl_generator_py/mecheye_ros_interface/srv/_get_roi_parameter_s.c.o -MF CMakeFiles/mecheye_ros_interface__rosidl_generator_py.dir/rosidl_generator_py/mecheye_ros_interface/srv/_get_roi_parameter_s.c.o.d -o CMakeFiles/mecheye_ros_interface__rosidl_generator_py.dir/rosidl_generator_py/mecheye_ros_interface/srv/_get_roi_parameter_s.c.o -c /home/inauenma/git/mecheye_ros2_interface/build/mecheye_ros_interface/rosidl_generator_py/mecheye_ros_interface/srv/_get_roi_parameter_s.c
[64.473s] [ 97%] Linking C shared library libmecheye_ros_interface__rosidl_generator_py.so
[64.475s] /usr/bin/cmake -E cmake_link_script CMakeFiles/mecheye_ros_interface__rosidl_generator_py.dir/link.txt --verbose=1
[64.493s] /usr/bin/cc -fPIC -shared -Wl,-soname,libmecheye_ros_interface__rosidl_generator_py.so -o libmecheye_ros_interface__rosidl_generator_py.so CMakeFiles/mecheye_ros_interface__rosidl_generator_py.dir/rosidl_generator_py/mecheye_ros_interface/srv/_set_current_user_set_s.c.o CMakeFiles/mecheye_ros_interface__rosidl_generator_py.dir/rosidl_generator_py/mecheye_ros_interface/srv/_save_all_settings_to_user_sets_s.c.o CMakeFiles/mecheye_ros_interface__rosidl_generator_py.dir/rosidl_generator_py/mecheye_ros_interface/srv/_add_user_set_s.c.o CMakeFiles/mecheye_ros_interface__rosidl_generator_py.dir/rosidl_generator_py/mecheye_ros_interface/srv/_capture_color_image_s.c.o CMakeFiles/mecheye_ros_interface__rosidl_generator_py.dir/rosidl_generator_py/mecheye_ros_interface/srv/_capture_stereo_color_images_s.c.o CMakeFiles/mecheye_ros_interface__rosidl_generator_py.dir/rosidl_generator_py/mecheye_ros_interface/srv/_capture_textured_point_cloud_s.c.o CMakeFiles/mecheye_ros_interface__rosidl_generator_py.dir/rosidl_generator_py/mecheye_ros_interface/srv/_capture_depth_map_s.c.o CMakeFiles/mecheye_ros_interface__rosidl_generator_py.dir/rosidl_generator_py/mecheye_ros_interface/srv/_capture_point_cloud_s.c.o CMakeFiles/mecheye_ros_interface__rosidl_generator_py.dir/rosidl_generator_py/mecheye_ros_interface/srv/_delete_user_set_s.c.o CMakeFiles/mecheye_ros_interface__rosidl_generator_py.dir/rosidl_generator_py/mecheye_ros_interface/srv/_device_info_s.c.o CMakeFiles/mecheye_ros_interface__rosidl_generator_py.dir/rosidl_generator_py/mecheye_ros_interface/srv/_get_all_user_sets_s.c.o CMakeFiles/mecheye_ros_interface__rosidl_generator_py.dir/rosidl_generator_py/mecheye_ros_interface/srv/_get_current_user_set_s.c.o CMakeFiles/mecheye_ros_interface__rosidl_generator_py.dir/rosidl_generator_py/mecheye_ros_interface/srv/_set_int_parameter_s.c.o CMakeFiles/mecheye_ros_interface__rosidl_generator_py.dir/rosidl_generator_py/mecheye_ros_interface/srv/_get_int_parameter_s.c.o CMakeFiles/mecheye_ros_interface__rosidl_generator_py.dir/rosidl_generator_py/mecheye_ros_interface/srv/_set_range_parameter_s.c.o CMakeFiles/mecheye_ros_interface__rosidl_generator_py.dir/rosidl_generator_py/mecheye_ros_interface/srv/_get_range_parameter_s.c.o CMakeFiles/mecheye_ros_interface__rosidl_generator_py.dir/rosidl_generator_py/mecheye_ros_interface/srv/_set_bool_parameter_s.c.o CMakeFiles/mecheye_ros_interface__rosidl_generator_py.dir/rosidl_generator_py/mecheye_ros_interface/srv/_get_bool_parameter_s.c.o CMakeFiles/mecheye_ros_interface__rosidl_generator_py.dir/rosidl_generator_py/mecheye_ros_interface/srv/_set_enum_parameter_s.c.o CMakeFiles/mecheye_ros_interface__rosidl_generator_py.dir/rosidl_generator_py/mecheye_ros_interface/srv/_get_enum_parameter_s.c.o CMakeFiles/mecheye_ros_interface__rosidl_generator_py.dir/rosidl_generator_py/mecheye_ros_interface/srv/_set_float_parameter_s.c.o CMakeFiles/mecheye_ros_interface__rosidl_generator_py.dir/rosidl_generator_py/mecheye_ros_interface/srv/_get_float_parameter_s.c.o CMakeFiles/mecheye_ros_interface__rosidl_generator_py.dir/rosidl_generator_py/mecheye_ros_interface/srv/_set_float_array_parameter_s.c.o CMakeFiles/mecheye_ros_interface__rosidl_generator_py.dir/rosidl_generator_py/mecheye_ros_interface/srv/_get_float_array_parameter_s.c.o CMakeFiles/mecheye_ros_interface__rosidl_generator_py.dir/rosidl_generator_py/mecheye_ros_interface/srv/_set_roi_parameter_s.c.o CMakeFiles/mecheye_ros_interface__rosidl_generator_py.dir/rosidl_generator_py/mecheye_ros_interface/srv/_get_roi_parameter_s.c.o  -Wl,-rpath,/home/inauenma/git/mecheye_ros2_interface/build/mecheye_ros_interface:/opt/ros/jazzy/lib: libmecheye_ros_interface__rosidl_typesupport_c.so /opt/ros/jazzy/lib/libsensor_msgs__rosidl_typesupport_fastrtps_c.so /opt/ros/jazzy/lib/libsensor_msgs__rosidl_typesupport_fastrtps_cpp.so /opt/ros/jazzy/lib/libsensor_msgs__rosidl_typesupport_introspection_c.so /opt/ros/jazzy/lib/libsensor_msgs__rosidl_typesupport_introspection_cpp.so /opt/ros/jazzy/lib/libsensor_msgs__rosidl_generator_py.so /opt/ros/jazzy/lib/libgeometry_msgs__rosidl_typesupport_fastrtps_c.so /opt/ros/jazzy/lib/libgeometry_msgs__rosidl_typesupport_introspection_c.so /opt/ros/jazzy/lib/libgeometry_msgs__rosidl_typesupport_fastrtps_cpp.so /opt/ros/jazzy/lib/libgeometry_msgs__rosidl_typesupport_introspection_cpp.so /opt/ros/jazzy/lib/libgeometry_msgs__rosidl_generator_py.so /opt/ros/jazzy/lib/libservice_msgs__rosidl_typesupport_fastrtps_c.so /opt/ros/jazzy/lib/libservice_msgs__rosidl_typesupport_fastrtps_cpp.so /opt/ros/jazzy/lib/libservice_msgs__rosidl_typesupport_introspection_c.so /opt/ros/jazzy/lib/libservice_msgs__rosidl_typesupport_introspection_cpp.so /opt/ros/jazzy/lib/libservice_msgs__rosidl_generator_py.so libmecheye_ros_interface__rosidl_generator_c.so /opt/ros/jazzy/lib/libsensor_msgs__rosidl_typesupport_c.so /opt/ros/jazzy/lib/libstd_msgs__rosidl_typesupport_fastrtps_c.so /opt/ros/jazzy/lib/libstd_msgs__rosidl_typesupport_fastrtps_cpp.so /opt/ros/jazzy/lib/libstd_msgs__rosidl_typesupport_introspection_c.so /opt/ros/jazzy/lib/libstd_msgs__rosidl_typesupport_introspection_cpp.so /opt/ros/jazzy/lib/libstd_msgs__rosidl_generator_py.so /opt/ros/jazzy/lib/libgeometry_msgs__rosidl_typesupport_c.so /opt/ros/jazzy/lib/libstd_msgs__rosidl_typesupport_c.so /opt/ros/jazzy/lib/libbuiltin_interfaces__rosidl_typesupport_fastrtps_c.so /opt/ros/jazzy/lib/librosidl_typesupport_fastrtps_c.so /opt/ros/jazzy/lib/libbuiltin_interfaces__rosidl_typesupport_introspection_c.so /opt/ros/jazzy/lib/libbuiltin_interfaces__rosidl_typesupport_fastrtps_cpp.so /opt/ros/jazzy/lib/librosidl_typesupport_fastrtps_cpp.so /opt/ros/jazzy/lib/libfastcdr.so.2.2.5 /opt/ros/jazzy/lib/librmw.so /opt/ros/jazzy/lib/librosidl_dynamic_typesupport.so /opt/ros/jazzy/lib/libbuiltin_interfaces__rosidl_typesupport_introspection_cpp.so /opt/ros/jazzy/lib/librosidl_typesupport_introspection_cpp.so /opt/ros/jazzy/lib/librosidl_typesupport_introspection_c.so /opt/ros/jazzy/lib/libbuiltin_interfaces__rosidl_generator_py.so /usr/lib/x86_64-linux-gnu/libpython3.12.so /opt/ros/jazzy/lib/libservice_msgs__rosidl_typesupport_c.so /opt/ros/jazzy/lib/libbuiltin_interfaces__rosidl_typesupport_c.so /opt/ros/jazzy/lib/libsensor_msgs__rosidl_typesupport_cpp.so /opt/ros/jazzy/lib/libsensor_msgs__rosidl_generator_c.so /opt/ros/jazzy/lib/libgeometry_msgs__rosidl_typesupport_cpp.so /opt/ros/jazzy/lib/libstd_msgs__rosidl_typesupport_cpp.so /opt/ros/jazzy/lib/libgeometry_msgs__rosidl_generator_c.so /opt/ros/jazzy/lib/libstd_msgs__rosidl_generator_c.so /opt/ros/jazzy/lib/libservice_msgs__rosidl_typesupport_cpp.so /opt/ros/jazzy/lib/libbuiltin_interfaces__rosidl_typesupport_cpp.so /opt/ros/jazzy/lib/libservice_msgs__rosidl_generator_c.so /opt/ros/jazzy/lib/libbuiltin_interfaces__rosidl_generator_c.so /opt/ros/jazzy/lib/librosidl_runtime_c.so /opt/ros/jazzy/lib/librcutils.so -ldl -latomic -Wl,-rpath-link,/opt/ros/jazzy/lib 
[64.631s] gmake[2]: Leaving directory '/home/inauenma/git/mecheye_ros2_interface/build/mecheye_ros_interface'
[64.651s] [ 97%] Built target mecheye_ros_interface__rosidl_generator_py
[64.653s] /usr/bin/gmake  -f CMakeFiles/mecheye_ros_interface_s__rosidl_typesupport_fastrtps_c.dir/build.make CMakeFiles/mecheye_ros_interface_s__rosidl_typesupport_fastrtps_c.dir/depend
[64.654s] /usr/bin/gmake  -f CMakeFiles/mecheye_ros_interface_s__rosidl_typesupport_introspection_c.dir/build.make CMakeFiles/mecheye_ros_interface_s__rosidl_typesupport_introspection_c.dir/depend
[64.654s] /usr/bin/gmake  -f CMakeFiles/mecheye_ros_interface_s__rosidl_typesupport_c.dir/build.make CMakeFiles/mecheye_ros_interface_s__rosidl_typesupport_c.dir/depend
[64.657s] gmake[2]: Entering directory '/home/inauenma/git/mecheye_ros2_interface/build/mecheye_ros_interface'
[64.657s] cd /home/inauenma/git/mecheye_ros2_interface/build/mecheye_ros_interface && /usr/bin/cmake -E cmake_depends "Unix Makefiles" /home/inauenma/git/mecheye_ros2_interface /home/inauenma/git/mecheye_ros2_interface /home/inauenma/git/mecheye_ros2_interface/build/mecheye_ros_interface /home/inauenma/git/mecheye_ros2_interface/build/mecheye_ros_interface /home/inauenma/git/mecheye_ros2_interface/build/mecheye_ros_interface/CMakeFiles/mecheye_ros_interface_s__rosidl_typesupport_introspection_c.dir/DependInfo.cmake "--color="
[64.658s] gmake[2]: Entering directory '/home/inauenma/git/mecheye_ros2_interface/build/mecheye_ros_interface'
[64.658s] cd /home/inauenma/git/mecheye_ros2_interface/build/mecheye_ros_interface && /usr/bin/cmake -E cmake_depends "Unix Makefiles" /home/inauenma/git/mecheye_ros2_interface /home/inauenma/git/mecheye_ros2_interface /home/inauenma/git/mecheye_ros2_interface/build/mecheye_ros_interface /home/inauenma/git/mecheye_ros2_interface/build/mecheye_ros_interface /home/inauenma/git/mecheye_ros2_interface/build/mecheye_ros_interface/CMakeFiles/mecheye_ros_interface_s__rosidl_typesupport_fastrtps_c.dir/DependInfo.cmake "--color="
[64.658s] gmake[2]: Entering directory '/home/inauenma/git/mecheye_ros2_interface/build/mecheye_ros_interface'
[64.658s] cd /home/inauenma/git/mecheye_ros2_interface/build/mecheye_ros_interface && /usr/bin/cmake -E cmake_depends "Unix Makefiles" /home/inauenma/git/mecheye_ros2_interface /home/inauenma/git/mecheye_ros2_interface /home/inauenma/git/mecheye_ros2_interface/build/mecheye_ros_interface /home/inauenma/git/mecheye_ros2_interface/build/mecheye_ros_interface /home/inauenma/git/mecheye_ros2_interface/build/mecheye_ros_interface/CMakeFiles/mecheye_ros_interface_s__rosidl_typesupport_c.dir/DependInfo.cmake "--color="
[64.679s] gmake[2]: Leaving directory '/home/inauenma/git/mecheye_ros2_interface/build/mecheye_ros_interface'
[64.680s] /usr/bin/gmake  -f CMakeFiles/mecheye_ros_interface_s__rosidl_typesupport_c.dir/build.make CMakeFiles/mecheye_ros_interface_s__rosidl_typesupport_c.dir/build
[64.680s] gmake[2]: Leaving directory '/home/inauenma/git/mecheye_ros2_interface/build/mecheye_ros_interface'
[64.681s] /usr/bin/gmake  -f CMakeFiles/mecheye_ros_interface_s__rosidl_typesupport_fastrtps_c.dir/build.make CMakeFiles/mecheye_ros_interface_s__rosidl_typesupport_fastrtps_c.dir/build
[64.682s] gmake[2]: Leaving directory '/home/inauenma/git/mecheye_ros2_interface/build/mecheye_ros_interface'
[64.683s] /usr/bin/gmake  -f CMakeFiles/mecheye_ros_interface_s__rosidl_typesupport_introspection_c.dir/build.make CMakeFiles/mecheye_ros_interface_s__rosidl_typesupport_introspection_c.dir/build
[64.683s] gmake[2]: Entering directory '/home/inauenma/git/mecheye_ros2_interface/build/mecheye_ros_interface'
[64.684s] gmake[2]: Entering directory '/home/inauenma/git/mecheye_ros2_interface/build/mecheye_ros_interface'
[64.686s] gmake[2]: Entering directory '/home/inauenma/git/mecheye_ros2_interface/build/mecheye_ros_interface'
[64.708s] [ 98%] Building C object CMakeFiles/mecheye_ros_interface_s__rosidl_typesupport_fastrtps_c.dir/rosidl_generator_py/mecheye_ros_interface/_mecheye_ros_interface_s.ep.rosidl_typesupport_fastrtps_c.c.o
[64.708s] [ 98%] Building C object CMakeFiles/mecheye_ros_interface_s__rosidl_typesupport_c.dir/rosidl_generator_py/mecheye_ros_interface/_mecheye_ros_interface_s.ep.rosidl_typesupport_c.c.o
[64.709s] [ 98%] Building C object CMakeFiles/mecheye_ros_interface_s__rosidl_typesupport_introspection_c.dir/rosidl_generator_py/mecheye_ros_interface/_mecheye_ros_interface_s.ep.rosidl_typesupport_introspection_c.c.o
[64.710s] /usr/bin/cc -DFASTCDR_DYN_LINK -DROS_PACKAGE_NAME=\"mecheye_ros_interface\" -Dmecheye_ros_interface_s__rosidl_typesupport_fastrtps_c_EXPORTS -I/usr/include/eigen3 -I/home/inauenma/git/mecheye_ros2_interface/build/mecheye_ros_interface/rosidl_generator_c -I/home/inauenma/git/mecheye_ros2_interface/build/mecheye_ros_interface/rosidl_generator_py -I/home/inauenma/git/mecheye_ros2_interface/build/mecheye_ros_interface/rosidl_typesupport_fastrtps_c -isystem /opt/ros/jazzy/include/rmw -isystem /usr/include/python3.12 -isystem /opt/ros/jazzy/include/fastcdr -isystem /opt/ros/jazzy/include/rosidl_runtime_c -isystem /opt/ros/jazzy/include/rcutils -isystem /opt/ros/jazzy/include/rosidl_typesupport_interface -isystem /opt/ros/jazzy/include/rosidl_runtime_cpp -isystem /opt/ros/jazzy/include/rosidl_typesupport_fastrtps_cpp -isystem /opt/ros/jazzy/include/rosidl_dynamic_typesupport -isystem /opt/ros/jazzy/include/rosidl_typesupport_fastrtps_c -isystem /opt/ros/jazzy/include/std_msgs -isystem /opt/ros/jazzy/include/builtin_interfaces -isystem /opt/ros/jazzy/include/sensor_msgs -isystem /opt/ros/jazzy/include/geometry_msgs -isystem /opt/ros/jazzy/include/service_msgs -isystem /opt/ros/jazzy/include/rosidl_typesupport_c -fPIC -Wall -Wextra -MD -MT CMakeFiles/mecheye_ros_interface_s__rosidl_typesupport_fastrtps_c.dir/rosidl_generator_py/mecheye_ros_interface/_mecheye_ros_interface_s.ep.rosidl_typesupport_fastrtps_c.c.o -MF CMakeFiles/mecheye_ros_interface_s__rosidl_typesupport_fastrtps_c.dir/rosidl_generator_py/mecheye_ros_interface/_mecheye_ros_interface_s.ep.rosidl_typesupport_fastrtps_c.c.o.d -o CMakeFiles/mecheye_ros_interface_s__rosidl_typesupport_fastrtps_c.dir/rosidl_generator_py/mecheye_ros_interface/_mecheye_ros_interface_s.ep.rosidl_typesupport_fastrtps_c.c.o -c /home/inauenma/git/mecheye_ros2_interface/build/mecheye_ros_interface/rosidl_generator_py/mecheye_ros_interface/_mecheye_ros_interface_s.ep.rosidl_typesupport_fastrtps_c.c
[64.710s] /usr/bin/cc -DROS_PACKAGE_NAME=\"mecheye_ros_interface\" -Dmecheye_ros_interface_s__rosidl_typesupport_c_EXPORTS -I/usr/include/eigen3 -I/home/inauenma/git/mecheye_ros2_interface/build/mecheye_ros_interface/rosidl_generator_c -I/home/inauenma/git/mecheye_ros2_interface/build/mecheye_ros_interface/rosidl_generator_py -I/opt/ros/jazzy/include/rmw -isystem /usr/include/python3.12 -isystem /opt/ros/jazzy/include/std_msgs -isystem /opt/ros/jazzy/include/builtin_interfaces -isystem /opt/ros/jazzy/include/rosidl_runtime_c -isystem /opt/ros/jazzy/include/rcutils -isystem /opt/ros/jazzy/include/rosidl_typesupport_interface -isystem /opt/ros/jazzy/include/sensor_msgs -isystem /opt/ros/jazzy/include/geometry_msgs -isystem /opt/ros/jazzy/include/service_msgs -isystem /opt/ros/jazzy/include/rosidl_typesupport_c -isystem /opt/ros/jazzy/include/rosidl_dynamic_typesupport -fPIC -Wall -Wextra -MD -MT CMakeFiles/mecheye_ros_interface_s__rosidl_typesupport_c.dir/rosidl_generator_py/mecheye_ros_interface/_mecheye_ros_interface_s.ep.rosidl_typesupport_c.c.o -MF CMakeFiles/mecheye_ros_interface_s__rosidl_typesupport_c.dir/rosidl_generator_py/mecheye_ros_interface/_mecheye_ros_interface_s.ep.rosidl_typesupport_c.c.o.d -o CMakeFiles/mecheye_ros_interface_s__rosidl_typesupport_c.dir/rosidl_generator_py/mecheye_ros_interface/_mecheye_ros_interface_s.ep.rosidl_typesupport_c.c.o -c /home/inauenma/git/mecheye_ros2_interface/build/mecheye_ros_interface/rosidl_generator_py/mecheye_ros_interface/_mecheye_ros_interface_s.ep.rosidl_typesupport_c.c
[64.711s] /usr/bin/cc -DROS_PACKAGE_NAME=\"mecheye_ros_interface\" -Dmecheye_ros_interface_s__rosidl_typesupport_introspection_c_EXPORTS -I/usr/include/eigen3 -I/home/inauenma/git/mecheye_ros2_interface/build/mecheye_ros_interface/rosidl_generator_c -I/home/inauenma/git/mecheye_ros2_interface/build/mecheye_ros_interface/rosidl_generator_py -I/opt/ros/jazzy/include/rmw -I/home/inauenma/git/mecheye_ros2_interface/build/mecheye_ros_interface/rosidl_typesupport_introspection_c -isystem /usr/include/python3.12 -isystem /opt/ros/jazzy/include/std_msgs -isystem /opt/ros/jazzy/include/builtin_interfaces -isystem /opt/ros/jazzy/include/rosidl_runtime_c -isystem /opt/ros/jazzy/include/rcutils -isystem /opt/ros/jazzy/include/rosidl_typesupport_interface -isystem /opt/ros/jazzy/include/sensor_msgs -isystem /opt/ros/jazzy/include/geometry_msgs -isystem /opt/ros/jazzy/include/service_msgs -isystem /opt/ros/jazzy/include/rosidl_typesupport_introspection_c -isystem /opt/ros/jazzy/include/rosidl_typesupport_c -isystem /opt/ros/jazzy/include/rosidl_dynamic_typesupport -fPIC -Wall -Wextra -MD -MT CMakeFiles/mecheye_ros_interface_s__rosidl_typesupport_introspection_c.dir/rosidl_generator_py/mecheye_ros_interface/_mecheye_ros_interface_s.ep.rosidl_typesupport_introspection_c.c.o -MF CMakeFiles/mecheye_ros_interface_s__rosidl_typesupport_introspection_c.dir/rosidl_generator_py/mecheye_ros_interface/_mecheye_ros_interface_s.ep.rosidl_typesupport_introspection_c.c.o.d -o CMakeFiles/mecheye_ros_interface_s__rosidl_typesupport_introspection_c.dir/rosidl_generator_py/mecheye_ros_interface/_mecheye_ros_interface_s.ep.rosidl_typesupport_introspection_c.c.o -c /home/inauenma/git/mecheye_ros2_interface/build/mecheye_ros_interface/rosidl_generator_py/mecheye_ros_interface/_mecheye_ros_interface_s.ep.rosidl_typesupport_introspection_c.c
[65.107s] [ 99%] Linking C shared module rosidl_generator_py/mecheye_ros_interface/mecheye_ros_interface_s__rosidl_typesupport_fastrtps_c.so
[65.109s] /usr/bin/cmake -E cmake_link_script CMakeFiles/mecheye_ros_interface_s__rosidl_typesupport_fastrtps_c.dir/link.txt --verbose=1
[65.129s] /usr/bin/cc -fPIC -shared  -o rosidl_generator_py/mecheye_ros_interface/mecheye_ros_interface_s__rosidl_typesupport_fastrtps_c.so CMakeFiles/mecheye_ros_interface_s__rosidl_typesupport_fastrtps_c.dir/rosidl_generator_py/mecheye_ros_interface/_mecheye_ros_interface_s.ep.rosidl_typesupport_fastrtps_c.c.o  -Wl,-rpath,/home/inauenma/git/mecheye_ros2_interface/build/mecheye_ros_interface:/opt/ros/jazzy/lib: libmecheye_ros_interface__rosidl_generator_py.so libmecheye_ros_interface__rosidl_typesupport_fastrtps_c.so libmecheye_ros_interface__rosidl_typesupport_c.so /opt/ros/jazzy/lib/librmw.so /opt/ros/jazzy/lib/libsensor_msgs__rosidl_typesupport_c.so /opt/ros/jazzy/lib/libgeometry_msgs__rosidl_typesupport_c.so /opt/ros/jazzy/lib/libstd_msgs__rosidl_typesupport_c.so /opt/ros/jazzy/lib/libservice_msgs__rosidl_typesupport_c.so /opt/ros/jazzy/lib/libbuiltin_interfaces__rosidl_typesupport_c.so /opt/ros/jazzy/lib/librosidl_typesupport_c.so libmecheye_ros_interface__rosidl_generator_c.so /opt/ros/jazzy/lib/libsensor_msgs__rosidl_typesupport_fastrtps_c.so /opt/ros/jazzy/lib/libsensor_msgs__rosidl_generator_c.so /opt/ros/jazzy/lib/libgeometry_msgs__rosidl_typesupport_fastrtps_c.so /opt/ros/jazzy/lib/libstd_msgs__rosidl_typesupport_fastrtps_c.so /opt/ros/jazzy/lib/libgeometry_msgs__rosidl_generator_c.so /opt/ros/jazzy/lib/libstd_msgs__rosidl_generator_c.so /opt/ros/jazzy/lib/libservice_msgs__rosidl_typesupport_fastrtps_c.so /opt/ros/jazzy/lib/libbuiltin_interfaces__rosidl_typesupport_fastrtps_c.so /opt/ros/jazzy/lib/librosidl_typesupport_fastrtps_cpp.so /opt/ros/jazzy/lib/librmw.so /opt/ros/jazzy/lib/librosidl_dynamic_typesupport.so /opt/ros/jazzy/lib/librosidl_typesupport_fastrtps_c.so /opt/ros/jazzy/lib/libfastcdr.so.2.2.5 /opt/ros/jazzy/lib/libservice_msgs__rosidl_generator_c.so /opt/ros/jazzy/lib/libbuiltin_interfaces__rosidl_generator_c.so /opt/ros/jazzy/lib/librosidl_runtime_c.so /opt/ros/jazzy/lib/librcutils.so -ldl -latomic -Wl,-rpath-link,/opt/ros/jazzy/lib 
[65.129s] [ 99%] Linking C shared module rosidl_generator_py/mecheye_ros_interface/mecheye_ros_interface_s__rosidl_typesupport_introspection_c.so
[65.130s] /usr/bin/cmake -E cmake_link_script CMakeFiles/mecheye_ros_interface_s__rosidl_typesupport_introspection_c.dir/link.txt --verbose=1
[65.142s] [ 99%] Linking C shared module rosidl_generator_py/mecheye_ros_interface/mecheye_ros_interface_s__rosidl_typesupport_c.so
[65.143s] /usr/bin/cmake -E cmake_link_script CMakeFiles/mecheye_ros_interface_s__rosidl_typesupport_c.dir/link.txt --verbose=1
[65.152s] /usr/bin/cc -fPIC -shared  -o rosidl_generator_py/mecheye_ros_interface/mecheye_ros_interface_s__rosidl_typesupport_introspection_c.so CMakeFiles/mecheye_ros_interface_s__rosidl_typesupport_introspection_c.dir/rosidl_generator_py/mecheye_ros_interface/_mecheye_ros_interface_s.ep.rosidl_typesupport_introspection_c.c.o  -Wl,-rpath,/home/inauenma/git/mecheye_ros2_interface/build/mecheye_ros_interface:/opt/ros/jazzy/lib: libmecheye_ros_interface__rosidl_generator_py.so libmecheye_ros_interface__rosidl_typesupport_introspection_c.so libmecheye_ros_interface__rosidl_typesupport_c.so /opt/ros/jazzy/lib/librmw.so /opt/ros/jazzy/lib/libsensor_msgs__rosidl_typesupport_c.so /opt/ros/jazzy/lib/libgeometry_msgs__rosidl_typesupport_c.so /opt/ros/jazzy/lib/libstd_msgs__rosidl_typesupport_c.so /opt/ros/jazzy/lib/libservice_msgs__rosidl_typesupport_c.so /opt/ros/jazzy/lib/librosidl_dynamic_typesupport.so /opt/ros/jazzy/lib/libbuiltin_interfaces__rosidl_typesupport_c.so /opt/ros/jazzy/lib/librosidl_typesupport_c.so libmecheye_ros_interface__rosidl_generator_c.so /opt/ros/jazzy/lib/libsensor_msgs__rosidl_typesupport_introspection_c.so /opt/ros/jazzy/lib/libsensor_msgs__rosidl_generator_c.so /opt/ros/jazzy/lib/libgeometry_msgs__rosidl_typesupport_introspection_c.so /opt/ros/jazzy/lib/libstd_msgs__rosidl_typesupport_introspection_c.so /opt/ros/jazzy/lib/libgeometry_msgs__rosidl_generator_c.so /opt/ros/jazzy/lib/libstd_msgs__rosidl_generator_c.so /opt/ros/jazzy/lib/libservice_msgs__rosidl_typesupport_introspection_c.so /opt/ros/jazzy/lib/libbuiltin_interfaces__rosidl_typesupport_introspection_c.so /opt/ros/jazzy/lib/librosidl_typesupport_introspection_c.so /opt/ros/jazzy/lib/libservice_msgs__rosidl_generator_c.so /opt/ros/jazzy/lib/libbuiltin_interfaces__rosidl_generator_c.so /opt/ros/jazzy/lib/librosidl_runtime_c.so /opt/ros/jazzy/lib/librcutils.so -ldl -latomic -Wl,-rpath-link,/opt/ros/jazzy/lib 
[65.164s] /usr/bin/cc -fPIC -shared  -o rosidl_generator_py/mecheye_ros_interface/mecheye_ros_interface_s__rosidl_typesupport_c.so CMakeFiles/mecheye_ros_interface_s__rosidl_typesupport_c.dir/rosidl_generator_py/mecheye_ros_interface/_mecheye_ros_interface_s.ep.rosidl_typesupport_c.c.o  -Wl,-rpath,/home/inauenma/git/mecheye_ros2_interface/build/mecheye_ros_interface:/opt/ros/jazzy/lib: libmecheye_ros_interface__rosidl_generator_py.so libmecheye_ros_interface__rosidl_typesupport_c.so /opt/ros/jazzy/lib/librmw.so libmecheye_ros_interface__rosidl_generator_c.so /opt/ros/jazzy/lib/libsensor_msgs__rosidl_typesupport_c.so /opt/ros/jazzy/lib/libsensor_msgs__rosidl_generator_c.so /opt/ros/jazzy/lib/libgeometry_msgs__rosidl_typesupport_c.so /opt/ros/jazzy/lib/libgeometry_msgs__rosidl_generator_c.so /opt/ros/jazzy/lib/libstd_msgs__rosidl_typesupport_c.so /opt/ros/jazzy/lib/libstd_msgs__rosidl_generator_c.so /opt/ros/jazzy/lib/libservice_msgs__rosidl_typesupport_c.so /opt/ros/jazzy/lib/libservice_msgs__rosidl_generator_c.so /opt/ros/jazzy/lib/librosidl_dynamic_typesupport.so /opt/ros/jazzy/lib/libbuiltin_interfaces__rosidl_typesupport_c.so /opt/ros/jazzy/lib/librosidl_typesupport_c.so /opt/ros/jazzy/lib/libbuiltin_interfaces__rosidl_generator_c.so /opt/ros/jazzy/lib/librosidl_runtime_c.so /opt/ros/jazzy/lib/librcutils.so -ldl -latomic -Wl,-rpath-link,/opt/ros/jazzy/lib 
[65.241s] gmake[2]: Leaving directory '/home/inauenma/git/mecheye_ros2_interface/build/mecheye_ros_interface'
[65.247s] gmake[2]: Leaving directory '/home/inauenma/git/mecheye_ros2_interface/build/mecheye_ros_interface'
[65.267s] [ 99%] Built target mecheye_ros_interface_s__rosidl_typesupport_fastrtps_c
[65.273s] [ 99%] Built target mecheye_ros_interface_s__rosidl_typesupport_introspection_c
[65.285s] gmake[2]: Leaving directory '/home/inauenma/git/mecheye_ros2_interface/build/mecheye_ros_interface'
[65.307s] [ 99%] Built target mecheye_ros_interface_s__rosidl_typesupport_c
[89.408s] [100%] Linking CXX executable start
[89.409s] /usr/bin/cmake -E cmake_link_script CMakeFiles/start.dir/link.txt --verbose=1
[89.427s] /usr/bin/c++ CMakeFiles/start.dir/src/MechMindCamera.cpp.o CMakeFiles/start.dir/src/main.cpp.o -o start   -L/opt/mech-mind/mech-eye-sdk/lib  -Wl,-rpath,/opt/mech-mind/mech-eye-sdk/lib:/opt/ros/jazzy/lib/x86_64-linux-gnu:/opt/ros/jazzy/lib:/home/inauenma/git/mecheye_ros2_interface/build/mecheye_ros_interface: /opt/ros/jazzy/lib/libcv_bridge.so /opt/ros/jazzy/lib/x86_64-linux-gnu/libimage_transport.so /opt/ros/jazzy/lib/libsensor_msgs__rosidl_generator_py.so /opt/ros/jazzy/lib/libtf2.so /opt/ros/jazzy/lib/libmessage_filters.so /opt/ros/jazzy/lib/libservice_msgs__rosidl_generator_c.so /opt/ros/jazzy/lib/libservice_msgs__rosidl_typesupport_fastrtps_c.so /opt/ros/jazzy/lib/libservice_msgs__rosidl_typesupport_fastrtps_cpp.so /opt/ros/jazzy/lib/libservice_msgs__rosidl_typesupport_introspection_c.so /opt/ros/jazzy/lib/libservice_msgs__rosidl_typesupport_c.so /opt/ros/jazzy/lib/libservice_msgs__rosidl_typesupport_introspection_cpp.so /opt/ros/jazzy/lib/libservice_msgs__rosidl_typesupport_cpp.so /opt/ros/jazzy/lib/libservice_msgs__rosidl_generator_py.so /opt/ros/jazzy/lib/librosidl_typesupport_fastrtps_c.so /opt/ros/jazzy/lib/librmw.so /opt/ros/jazzy/lib/librosidl_typesupport_fastrtps_cpp.so /opt/ros/jazzy/lib/librcutils.so -ldl -latomic /opt/ros/jazzy/lib/librcpputils.so /opt/ros/jazzy/lib/librosidl_typesupport_c.so /opt/ros/jazzy/lib/librosidl_typesupport_cpp.so /opt/ros/jazzy/lib/librosidl_runtime_c.so /opt/ros/jazzy/lib/librosidl_typesupport_introspection_c.so /opt/ros/jazzy/lib/librosidl_typesupport_introspection_cpp.so /opt/ros/jazzy/lib/libpcl_msgs__rosidl_generator_c.so /opt/ros/jazzy/lib/libpcl_msgs__rosidl_typesupport_fastrtps_c.so /opt/ros/jazzy/lib/libsensor_msgs__rosidl_typesupport_fastrtps_c.so /opt/ros/jazzy/lib/libpcl_msgs__rosidl_typesupport_introspection_c.so /opt/ros/jazzy/lib/libsensor_msgs__rosidl_typesupport_introspection_c.so /opt/ros/jazzy/lib/libpcl_msgs__rosidl_typesupport_c.so /opt/ros/jazzy/lib/libsensor_msgs__rosidl_typesupport_c.so /opt/ros/jazzy/lib/libpcl_msgs__rosidl_typesupport_fastrtps_cpp.so /opt/ros/jazzy/lib/libsensor_msgs__rosidl_typesupport_fastrtps_cpp.so /opt/ros/jazzy/lib/libpcl_msgs__rosidl_typesupport_introspection_cpp.so /opt/ros/jazzy/lib/libsensor_msgs__rosidl_typesupport_introspection_cpp.so /opt/ros/jazzy/lib/libpcl_msgs__rosidl_typesupport_cpp.so /opt/ros/jazzy/lib/libpcl_msgs__rosidl_generator_c.so /opt/ros/jazzy/lib/libpcl_msgs__rosidl_generator_py.so /opt/ros/jazzy/lib/librclcpp.so /opt/ros/jazzy/lib/libsensor_msgs__rosidl_generator_c.so /opt/ros/jazzy/lib/libsensor_msgs__rosidl_typesupport_fastrtps_c.so /opt/ros/jazzy/lib/libgeometry_msgs__rosidl_typesupport_fastrtps_c.so /opt/ros/jazzy/lib/libsensor_msgs__rosidl_typesupport_fastrtps_cpp.so /opt/ros/jazzy/lib/libgeometry_msgs__rosidl_typesupport_fastrtps_cpp.so /opt/ros/jazzy/lib/libsensor_msgs__rosidl_typesupport_introspection_c.so /opt/ros/jazzy/lib/libgeometry_msgs__rosidl_typesupport_introspection_c.so /opt/ros/jazzy/lib/libsensor_msgs__rosidl_typesupport_c.so /opt/ros/jazzy/lib/libsensor_msgs__rosidl_typesupport_introspection_cpp.so /opt/ros/jazzy/lib/libgeometry_msgs__rosidl_typesupport_introspection_cpp.so /opt/ros/jazzy/lib/libsensor_msgs__rosidl_typesupport_cpp.so /opt/ros/jazzy/lib/libsensor_msgs__rosidl_generator_py.so /opt/ros/jazzy/lib/libstd_msgs__rosidl_generator_c.so /opt/ros/jazzy/lib/libstd_msgs__rosidl_typesupport_fastrtps_c.so /opt/ros/jazzy/lib/libstd_msgs__rosidl_typesupport_fastrtps_cpp.so /opt/ros/jazzy/lib/libstd_msgs__rosidl_typesupport_introspection_c.so /opt/ros/jazzy/lib/libstd_msgs__rosidl_typesupport_c.so /opt/ros/jazzy/lib/libstd_msgs__rosidl_typesupport_introspection_cpp.so /opt/ros/jazzy/lib/libstd_msgs__rosidl_typesupport_cpp.so /opt/ros/jazzy/lib/libstd_msgs__rosidl_generator_py.so /usr/lib/libOpenNI.so /usr/lib/x86_64-linux-gnu/libOpenNI2.so /usr/lib/x86_64-linux-gnu/libusb-1.0.so /usr/lib/x86_64-linux-gnu/libopencv_stitching.so.4.6.0 /usr/lib/x86_64-linux-gnu/libopencv_alphamat.so.4.6.0 /usr/lib/x86_64-linux-gnu/libopencv_aruco.so.4.6.0 /usr/lib/x86_64-linux-gnu/libopencv_barcode.so.4.6.0 /usr/lib/x86_64-linux-gnu/libopencv_bgsegm.so.4.6.0 /usr/lib/x86_64-linux-gnu/libopencv_bioinspired.so.4.6.0 /usr/lib/x86_64-linux-gnu/libopencv_ccalib.so.4.6.0 /usr/lib/x86_64-linux-gnu/libopencv_cvv.so.4.6.0 /usr/lib/x86_64-linux-gnu/libopencv_dnn_objdetect.so.4.6.0 /usr/lib/x86_64-linux-gnu/libopencv_dnn_superres.so.4.6.0 /usr/lib/x86_64-linux-gnu/libopencv_dpm.so.4.6.0 /usr/lib/x86_64-linux-gnu/libopencv_face.so.4.6.0 /usr/lib/x86_64-linux-gnu/libopencv_freetype.so.4.6.0 /usr/lib/x86_64-linux-gnu/libopencv_fuzzy.so.4.6.0 /usr/lib/x86_64-linux-gnu/libopencv_hdf.so.4.6.0 /usr/lib/x86_64-linux-gnu/libopencv_hfs.so.4.6.0 /usr/lib/x86_64-linux-gnu/libopencv_img_hash.so.4.6.0 /usr/lib/x86_64-linux-gnu/libopencv_intensity_transform.so.4.6.0 /usr/lib/x86_64-linux-gnu/libopencv_line_descriptor.so.4.6.0 /usr/lib/x86_64-linux-gnu/libopencv_mcc.so.4.6.0 /usr/lib/x86_64-linux-gnu/libopencv_quality.so.4.6.0 /usr/lib/x86_64-linux-gnu/libopencv_rapid.so.4.6.0 /usr/lib/x86_64-linux-gnu/libopencv_reg.so.4.6.0 /usr/lib/x86_64-linux-gnu/libopencv_rgbd.so.4.6.0 /usr/lib/x86_64-linux-gnu/libopencv_saliency.so.4.6.0 /usr/lib/x86_64-linux-gnu/libopencv_shape.so.4.6.0 /usr/lib/x86_64-linux-gnu/libopencv_stereo.so.4.6.0 /usr/lib/x86_64-linux-gnu/libopencv_structured_light.so.4.6.0 /usr/lib/x86_64-linux-gnu/libopencv_superres.so.4.6.0 /usr/lib/x86_64-linux-gnu/libopencv_surface_matching.so.4.6.0 /usr/lib/x86_64-linux-gnu/libopencv_tracking.so.4.6.0 /usr/lib/x86_64-linux-gnu/libopencv_videostab.so.4.6.0 /usr/lib/x86_64-linux-gnu/libopencv_viz.so.4.6.0 /usr/lib/x86_64-linux-gnu/libopencv_wechat_qrcode.so.4.6.0 /usr/lib/x86_64-linux-gnu/libopencv_xobjdetect.so.4.6.0 /usr/lib/x86_64-linux-gnu/libopencv_xphoto.so.4.6.0 /usr/lib/x86_64-linux-gnu/libpcl_apps.so /usr/lib/x86_64-linux-gnu/libpcl_outofcore.so /usr/lib/x86_64-linux-gnu/libpcl_people.so /usr/lib/libOpenNI.so /usr/lib/x86_64-linux-gnu/libusb-1.0.so /usr/lib/x86_64-linux-gnu/libOpenNI2.so /usr/lib/x86_64-linux-gnu/libusb-1.0.so /usr/lib/x86_64-linux-gnu/libflann_cpp.so.1.9.2 -lMechEyeApi libmecheye_ros_interface__rosidl_typesupport_cpp.so /opt/ros/jazzy/lib/libmessage_filters.so /opt/ros/jazzy/lib/librclcpp.so /opt/ros/jazzy/lib/liblibstatistics_collector.so /opt/ros/jazzy/lib/librcl.so /opt/ros/jazzy/lib/librmw_implementation.so /opt/ros/jazzy/lib/libtype_description_interfaces__rosidl_typesupport_fastrtps_c.so /opt/ros/jazzy/lib/libtype_description_interfaces__rosidl_typesupport_introspection_c.so /opt/ros/jazzy/lib/libtype_description_interfaces__rosidl_typesupport_fastrtps_cpp.so /opt/ros/jazzy/lib/libtype_description_interfaces__rosidl_typesupport_introspection_cpp.so /opt/ros/jazzy/lib/libtype_description_interfaces__rosidl_typesupport_cpp.so /opt/ros/jazzy/lib/libtype_description_interfaces__rosidl_generator_py.so /opt/ros/jazzy/lib/libtype_description_interfaces__rosidl_typesupport_c.so /opt/ros/jazzy/lib/libtype_description_interfaces__rosidl_generator_c.so /opt/ros/jazzy/lib/librcl_interfaces__rosidl_typesupport_fastrtps_c.so /opt/ros/jazzy/lib/librcl_interfaces__rosidl_typesupport_introspection_c.so /opt/ros/jazzy/lib/librcl_interfaces__rosidl_typesupport_fastrtps_cpp.so /opt/ros/jazzy/lib/librcl_interfaces__rosidl_typesupport_introspection_cpp.so /opt/ros/jazzy/lib/librcl_interfaces__rosidl_typesupport_cpp.so /opt/ros/jazzy/lib/librcl_interfaces__rosidl_generator_py.so /opt/ros/jazzy/lib/librcl_interfaces__rosidl_typesupport_c.so /opt/ros/jazzy/lib/librcl_interfaces__rosidl_generator_c.so /opt/ros/jazzy/lib/libservice_msgs__rosidl_typesupport_fastrtps_c.so /opt/ros/jazzy/lib/libservice_msgs__rosidl_typesupport_fastrtps_cpp.so /opt/ros/jazzy/lib/libservice_msgs__rosidl_typesupport_introspection_c.so /opt/ros/jazzy/lib/libservice_msgs__rosidl_typesupport_introspection_cpp.so /opt/ros/jazzy/lib/libservice_msgs__rosidl_typesupport_c.so /opt/ros/jazzy/lib/librcl_yaml_param_parser.so /opt/ros/jazzy/lib/librosgraph_msgs__rosidl_typesupport_fastrtps_c.so /opt/ros/jazzy/lib/librosgraph_msgs__rosidl_typesupport_fastrtps_cpp.so /opt/ros/jazzy/lib/librosgraph_msgs__rosidl_typesupport_introspection_c.so /opt/ros/jazzy/lib/librosgraph_msgs__rosidl_typesupport_introspection_cpp.so /opt/ros/jazzy/lib/librosgraph_msgs__rosidl_typesupport_cpp.so /opt/ros/jazzy/lib/librosgraph_msgs__rosidl_generator_py.so /opt/ros/jazzy/lib/librosgraph_msgs__rosidl_typesupport_c.so /opt/ros/jazzy/lib/librosgraph_msgs__rosidl_generator_c.so /opt/ros/jazzy/lib/libstatistics_msgs__rosidl_typesupport_fastrtps_c.so /opt/ros/jazzy/lib/libstatistics_msgs__rosidl_typesupport_fastrtps_cpp.so /opt/ros/jazzy/lib/libstatistics_msgs__rosidl_typesupport_introspection_c.so /opt/ros/jazzy/lib/libstatistics_msgs__rosidl_typesupport_introspection_cpp.so /opt/ros/jazzy/lib/libstatistics_msgs__rosidl_typesupport_cpp.so /opt/ros/jazzy/lib/libstatistics_msgs__rosidl_generator_py.so /opt/ros/jazzy/lib/libstatistics_msgs__rosidl_typesupport_c.so /opt/ros/jazzy/lib/libstatistics_msgs__rosidl_generator_c.so /opt/ros/jazzy/lib/libtracetools.so -llttng-ust -llttng-ust-common -rdynamic -ldl /opt/ros/jazzy/lib/librcl_logging_interface.so /opt/ros/jazzy/lib/libgeometry_msgs__rosidl_generator_py.so /opt/ros/jazzy/lib/libstd_msgs__rosidl_typesupport_fastrtps_c.so /opt/ros/jazzy/lib/libstd_msgs__rosidl_typesupport_fastrtps_cpp.so /opt/ros/jazzy/lib/libstd_msgs__rosidl_typesupport_introspection_c.so /opt/ros/jazzy/lib/libstd_msgs__rosidl_typesupport_introspection_cpp.so /opt/ros/jazzy/lib/libstd_msgs__rosidl_generator_py.so /opt/ros/jazzy/lib/libbuiltin_interfaces__rosidl_generator_py.so /opt/ros/jazzy/lib/libgeometry_msgs__rosidl_typesupport_c.so /opt/ros/jazzy/lib/libstd_msgs__rosidl_typesupport_c.so /opt/ros/jazzy/lib/libbuiltin_interfaces__rosidl_typesupport_fastrtps_c.so /opt/ros/jazzy/lib/librosidl_typesupport_fastrtps_c.so /opt/ros/jazzy/lib/libbuiltin_interfaces__rosidl_typesupport_fastrtps_cpp.so /opt/ros/jazzy/lib/librosidl_typesupport_fastrtps_cpp.so /opt/ros/jazzy/lib/libfastcdr.so.2.2.5 /opt/ros/jazzy/lib/librmw.so /opt/ros/jazzy/lib/librosidl_dynamic_typesupport.so /opt/ros/jazzy/lib/libbuiltin_interfaces__rosidl_typesupport_introspection_c.so /opt/ros/jazzy/lib/libbuiltin_interfaces__rosidl_typesupport_c.so /opt/ros/jazzy/lib/libbuiltin_interfaces__rosidl_typesupport_introspection_cpp.so /opt/ros/jazzy/lib/librosidl_typesupport_introspection_cpp.so /opt/ros/jazzy/lib/librosidl_typesupport_introspection_c.so /usr/lib/x86_64-linux-gnu/libpcl_surface.so /usr/lib/x86_64-linux-gnu/libpcl_keypoints.so /usr/lib/x86_64-linux-gnu/libpcl_tracking.so /usr/lib/x86_64-linux-gnu/libpcl_recognition.so /usr/lib/x86_64-linux-gnu/libpcl_registration.so /usr/lib/x86_64-linux-gnu/libpcl_stereo.so /usr/lib/x86_64-linux-gnu/libpcl_segmentation.so /usr/lib/x86_64-linux-gnu/libpcl_features.so /usr/lib/x86_64-linux-gnu/libpcl_filters.so /usr/lib/x86_64-linux-gnu/libpcl_sample_consensus.so /usr/lib/x86_64-linux-gnu/libpcl_ml.so /usr/lib/x86_64-linux-gnu/libpcl_visualization.so /usr/lib/x86_64-linux-gnu/libpcl_search.so /usr/lib/x86_64-linux-gnu/libpcl_kdtree.so /usr/lib/x86_64-linux-gnu/libpcl_io.so /usr/lib/x86_64-linux-gnu/libpcl_octree.so /usr/lib/gcc/x86_64-linux-gnu/13/libgomp.so /usr/lib/x86_64-linux-gnu/libpthread.a /usr/lib/x86_64-linux-gnu/libpng.so /usr/lib/x86_64-linux-gnu/libz.so /usr/lib/libOpenNI.so /usr/lib/x86_64-linux-gnu/libOpenNI2.so /usr/lib/x86_64-linux-gnu/libusb-1.0.so /usr/lib/x86_64-linux-gnu/libvtkChartsCore-9.1.so.9.1.0 /usr/lib/x86_64-linux-gnu/libvtkInteractionImage-9.1.so.9.1.0 /usr/lib/x86_64-linux-gnu/libvtkViewsContext2D-9.1.so.9.1.0 /usr/lib/x86_64-linux-gnu/libvtkViewsCore-9.1.so.9.1.0 /usr/lib/x86_64-linux-gnu/libvtkRenderingContextOpenGL2-9.1.so.9.1.0 /usr/lib/x86_64-linux-gnu/libvtkGUISupportQt-9.1.so.9.1.0 /usr/lib/x86_64-linux-gnu/libvtkInteractionWidgets-9.1.so.9.1.0 /usr/lib/x86_64-linux-gnu/libvtkRenderingAnnotation-9.1.so.9.1.0 /usr/lib/x86_64-linux-gnu/libpcl_common.so /usr/lib/x86_64-linux-gnu/libboost_system.so.1.83.0 /usr/lib/x86_64-linux-gnu/libboost_filesystem.so.1.83.0 /usr/lib/x86_64-linux-gnu/libboost_atomic.so.1.83.0 /usr/lib/x86_64-linux-gnu/libboost_iostreams.so.1.83.0 /usr/lib/x86_64-linux-gnu/libboost_serialization.so.1.83.0 -Wl,-whole-archive /usr/lib/x86_64-linux-gnu/libflann_cpp_s.a /usr/lib/x86_64-linux-gnu/liblz4.so -Wl,-no-whole-archive /usr/lib/x86_64-linux-gnu/libqhull_r.so.8.0.2 -lm /usr/lib/x86_64-linux-gnu/libopencv_highgui.so.4.6.0 /usr/lib/x86_64-linux-gnu/libQt5OpenGL.so.5.15.13 /usr/lib/x86_64-linux-gnu/libQt5Widgets.so.5.15.13 /usr/lib/x86_64-linux-gnu/libQt5Gui.so.5.15.13 /usr/lib/x86_64-linux-gnu/libQt5Core.so.5.15.13 /usr/lib/x86_64-linux-gnu/libopencv_datasets.so.4.6.0 /usr/lib/x86_64-linux-gnu/libopencv_plot.so.4.6.0 /usr/lib/x86_64-linux-gnu/libopencv_text.so.4.6.0 /usr/lib/x86_64-linux-gnu/libopencv_ml.so.4.6.0 /usr/lib/x86_64-linux-gnu/libopencv_phase_unwrapping.so.4.6.0 /usr/lib/x86_64-linux-gnu/libvtkInteractionStyle-9.1.so.9.1.0 /usr/lib/x86_64-linux-gnu/libvtkFiltersExtraction-9.1.so.9.1.0 /usr/lib/x86_64-linux-gnu/libvtkIOPLY-9.1.so.9.1.0 /usr/lib/x86_64-linux-gnu/libvtkRenderingLOD-9.1.so.9.1.0 /usr/lib/x86_64-linux-gnu/libvtkFiltersModeling-9.1.so.9.1.0 /usr/lib/x86_64-linux-gnu/libvtkIOGeometry-9.1.so.9.1.0 /usr/lib/x86_64-linux-gnu/libvtkIOLegacy-9.1.so.9.1.0 /usr/lib/x86_64-linux-gnu/libvtkImagingSources-9.1.so.9.1.0 /usr/lib/x86_64-linux-gnu/libvtkIOImage-9.1.so.9.1.0 /usr/lib/x86_64-linux-gnu/libvtkImagingCore-9.1.so.9.1.0 /usr/lib/x86_64-linux-gnu/libvtkRenderingContext2D-9.1.so.9.1.0 /usr/lib/x86_64-linux-gnu/libvtkRenderingFreeType-9.1.so.9.1.0 /usr/lib/x86_64-linux-gnu/libfreetype.so /usr/lib/x86_64-linux-gnu/libvtkIOCore-9.1.so.9.1.0 /usr/lib/x86_64-linux-gnu/libvtkRenderingOpenGL2-9.1.so.9.1.0 /usr/lib/x86_64-linux-gnu/libvtkRenderingUI-9.1.so.9.1.0 /usr/lib/x86_64-linux-gnu/libGLEW.so /usr/lib/x86_64-linux-gnu/libX11.so /usr/lib/x86_64-linux-gnu/libjsoncpp.so /usr/lib/x86_64-linux-gnu/libvtkRenderingCore-9.1.so.9.1.0 /usr/lib/x86_64-linux-gnu/libvtkCommonColor-9.1.so.9.1.0 /usr/lib/x86_64-linux-gnu/libvtkFiltersGeometry-9.1.so.9.1.0 /usr/lib/x86_64-linux-gnu/libvtkFiltersSources-9.1.so.9.1.0 /usr/lib/x86_64-linux-gnu/libvtkFiltersGeneral-9.1.so.9.1.0 /usr/lib/x86_64-linux-gnu/libvtkCommonComputationalGeometry-9.1.so.9.1.0 /usr/lib/x86_64-linux-gnu/libvtkFiltersCore-9.1.so.9.1.0 /usr/lib/x86_64-linux-gnu/libvtkCommonExecutionModel-9.1.so.9.1.0 /usr/lib/x86_64-linux-gnu/libvtkCommonDataModel-9.1.so.9.1.0 /usr/lib/x86_64-linux-gnu/libvtkCommonMisc-9.1.so.9.1.0 /usr/lib/x86_64-linux-gnu/libvtkCommonTransforms-9.1.so.9.1.0 /usr/lib/x86_64-linux-gnu/libvtkCommonMath-9.1.so.9.1.0 /usr/lib/x86_64-linux-gnu/libvtkkissfft-9.1.so.9.1.0 /usr/lib/x86_64-linux-gnu/libvtkCommonCore-9.1.so.9.1.0 /usr/lib/x86_64-linux-gnu/libtbb.so.12.11 /usr/lib/x86_64-linux-gnu/libvtksys-9.1.so.9.1.0 /usr/lib/x86_64-linux-gnu/libopencv_optflow.so.4.6.0 /usr/lib/x86_64-linux-gnu/libopencv_ximgproc.so.4.6.0 /usr/lib/x86_64-linux-gnu/libopencv_video.so.4.6.0 /usr/lib/x86_64-linux-gnu/libopencv_videoio.so.4.6.0 /usr/lib/x86_64-linux-gnu/libopencv_imgcodecs.so.4.6.0 /usr/lib/x86_64-linux-gnu/libopencv_objdetect.so.4.6.0 /usr/lib/x86_64-linux-gnu/libopencv_calib3d.so.4.6.0 /usr/lib/x86_64-linux-gnu/libopencv_dnn.so.4.6.0 /usr/lib/x86_64-linux-gnu/libopencv_features2d.so.4.6.0 /usr/lib/x86_64-linux-gnu/libopencv_flann.so.4.6.0 /usr/lib/x86_64-linux-gnu/libopencv_photo.so.4.6.0 /usr/lib/x86_64-linux-gnu/libopencv_imgproc.so.4.6.0 /usr/lib/x86_64-linux-gnu/libopencv_core.so.4.6.0 /opt/ros/jazzy/lib/libsensor_msgs__rosidl_typesupport_cpp.so /opt/ros/jazzy/lib/libgeometry_msgs__rosidl_typesupport_cpp.so /opt/ros/jazzy/lib/libstd_msgs__rosidl_typesupport_cpp.so /opt/ros/jazzy/lib/libservice_msgs__rosidl_typesupport_cpp.so /opt/ros/jazzy/lib/libbuiltin_interfaces__rosidl_typesupport_cpp.so /opt/ros/jazzy/lib/librosidl_typesupport_cpp.so /opt/ros/jazzy/lib/librosidl_typesupport_c.so /opt/ros/jazzy/lib/librcpputils.so libmecheye_ros_interface__rosidl_generator_c.so /opt/ros/jazzy/lib/libsensor_msgs__rosidl_generator_c.so /opt/ros/jazzy/lib/libgeometry_msgs__rosidl_generator_c.so /opt/ros/jazzy/lib/libstd_msgs__rosidl_generator_c.so /opt/ros/jazzy/lib/libservice_msgs__rosidl_generator_c.so /opt/ros/jazzy/lib/libbuiltin_interfaces__rosidl_generator_c.so /opt/ros/jazzy/lib/librosidl_runtime_c.so /opt/ros/jazzy/lib/librcutils.so -ldl -latomic -Wl,-rpath-link,/opt/ros/jazzy/lib 
[94.625s] gmake[2]: Leaving directory '/home/inauenma/git/mecheye_ros2_interface/build/mecheye_ros_interface'
[94.644s] [100%] Built target start
[94.646s] gmake[1]: Leaving directory '/home/inauenma/git/mecheye_ros2_interface/build/mecheye_ros_interface'
[94.646s] /usr/bin/cmake -E cmake_progress_start /home/inauenma/git/mecheye_ros2_interface/build/mecheye_ros_interface/CMakeFiles 0
[94.675s] Invoked command in '/home/inauenma/git/mecheye_ros2_interface/build/mecheye_ros_interface' returned '0': CMAKE_PREFIX_PATH=${CMAKE_PREFIX_PATH}:/home/inauenma/ros2_ws/install/mesh_control_ros:/home/inauenma/moveit_ws/install/moveit_configs_utils:/opt/ros/jazzy DEBUGINFOD_URLS=https://debuginfod.ubuntu.com /usr/bin/cmake --build /home/inauenma/git/mecheye_ros2_interface/build/mecheye_ros_interface -- -j16 -l16
[94.697s] Invoking command in '/home/inauenma/git/mecheye_ros2_interface/build/mecheye_ros_interface': CMAKE_PREFIX_PATH=${CMAKE_PREFIX_PATH}:/home/inauenma/ros2_ws/install/mesh_control_ros:/home/inauenma/moveit_ws/install/moveit_configs_utils:/opt/ros/jazzy DEBUGINFOD_URLS=https://debuginfod.ubuntu.com /usr/bin/cmake --install /home/inauenma/git/mecheye_ros2_interface/build/mecheye_ros_interface
[94.716s] -- Install configuration: ""
[94.718s] -- Installing: /home/inauenma/git/mecheye_ros2_interface/install/mecheye_ros_interface/share/ament_index/resource_index/rosidl_interfaces/mecheye_ros_interface
[94.718s] -- Installing: /home/inauenma/git/mecheye_ros2_interface/install/mecheye_ros_interface/share/mecheye_ros_interface/srv/SetCurrentUserSet.json
[94.719s] -- Installing: /home/inauenma/git/mecheye_ros2_interface/install/mecheye_ros_interface/share/mecheye_ros_interface/srv/SaveAllSettingsToUserSets.json
[94.719s] -- Installing: /home/inauenma/git/mecheye_ros2_interface/install/mecheye_ros_interface/share/mecheye_ros_interface/srv/AddUserSet.json
[94.719s] -- Installing: /home/inauenma/git/mecheye_ros2_interface/install/mecheye_ros_interface/share/mecheye_ros_interface/srv/CaptureColorImage.json
[94.720s] -- Installing: /home/inauenma/git/mecheye_ros2_interface/install/mecheye_ros_interface/share/mecheye_ros_interface/srv/CaptureStereoColorImages.json
[94.720s] -- Installing: /home/inauenma/git/mecheye_ros2_interface/install/mecheye_ros_interface/share/mecheye_ros_interface/srv/CaptureTexturedPointCloud.json
[94.720s] -- Installing: /home/inauenma/git/mecheye_ros2_interface/install/mecheye_ros_interface/share/mecheye_ros_interface/srv/CaptureDepthMap.json
[94.721s] -- Installing: /home/inauenma/git/mecheye_ros2_interface/install/mecheye_ros_interface/share/mecheye_ros_interface/srv/CapturePointCloud.json
[94.721s] -- Installing: /home/inauenma/git/mecheye_ros2_interface/install/mecheye_ros_interface/share/mecheye_ros_interface/srv/DeleteUserSet.json
[94.721s] -- Installing: /home/inauenma/git/mecheye_ros2_interface/install/mecheye_ros_interface/share/mecheye_ros_interface/srv/DeviceInfo.json
[94.721s] -- Installing: /home/inauenma/git/mecheye_ros2_interface/install/mecheye_ros_interface/share/mecheye_ros_interface/srv/GetAllUserSets.json
[94.722s] -- Installing: /home/inauenma/git/mecheye_ros2_interface/install/mecheye_ros_interface/share/mecheye_ros_interface/srv/GetCurrentUserSet.json
[94.722s] -- Installing: /home/inauenma/git/mecheye_ros2_interface/install/mecheye_ros_interface/share/mecheye_ros_interface/srv/SetIntParameter.json
[94.723s] -- Installing: /home/inauenma/git/mecheye_ros2_interface/install/mecheye_ros_interface/share/mecheye_ros_interface/srv/GetIntParameter.json
[94.723s] -- Installing: /home/inauenma/git/mecheye_ros2_interface/install/mecheye_ros_interface/share/mecheye_ros_interface/srv/SetRangeParameter.json
[94.723s] -- Installing: /home/inauenma/git/mecheye_ros2_interface/install/mecheye_ros_interface/share/mecheye_ros_interface/srv/GetRangeParameter.json
[94.723s] -- Installing: /home/inauenma/git/mecheye_ros2_interface/install/mecheye_ros_interface/share/mecheye_ros_interface/srv/SetBoolParameter.json
[94.724s] -- Installing: /home/inauenma/git/mecheye_ros2_interface/install/mecheye_ros_interface/share/mecheye_ros_interface/srv/GetBoolParameter.json
[94.724s] -- Installing: /home/inauenma/git/mecheye_ros2_interface/install/mecheye_ros_interface/share/mecheye_ros_interface/srv/SetEnumParameter.json
[94.725s] -- Installing: /home/inauenma/git/mecheye_ros2_interface/install/mecheye_ros_interface/share/mecheye_ros_interface/srv/GetEnumParameter.json
[94.725s] -- Installing: /home/inauenma/git/mecheye_ros2_interface/install/mecheye_ros_interface/share/mecheye_ros_interface/srv/SetFloatParameter.json
[94.725s] -- Installing: /home/inauenma/git/mecheye_ros2_interface/install/mecheye_ros_interface/share/mecheye_ros_interface/srv/GetFloatParameter.json
[94.725s] -- Installing: /home/inauenma/git/mecheye_ros2_interface/install/mecheye_ros_interface/share/mecheye_ros_interface/srv/SetFloatArrayParameter.json
[94.726s] -- Installing: /home/inauenma/git/mecheye_ros2_interface/install/mecheye_ros_interface/share/mecheye_ros_interface/srv/GetFloatArrayParameter.json
[94.726s] -- Installing: /home/inauenma/git/mecheye_ros2_interface/install/mecheye_ros_interface/share/mecheye_ros_interface/srv/SetROIParameter.json
[94.727s] -- Installing: /home/inauenma/git/mecheye_ros2_interface/install/mecheye_ros_interface/share/mecheye_ros_interface/srv/GetROIParameter.json
[94.727s] -- Installing: /home/inauenma/git/mecheye_ros2_interface/install/mecheye_ros_interface/include/mecheye_ros_interface/mecheye_ros_interface
[94.729s] -- Installing: /home/inauenma/git/mecheye_ros2_interface/install/mecheye_ros_interface/include/mecheye_ros_interface/mecheye_ros_interface/srv
[94.730s] -- Installing: /home/inauenma/git/mecheye_ros2_interface/install/mecheye_ros_interface/include/mecheye_ros_interface/mecheye_ros_interface/srv/capture_point_cloud.h
[94.730s] -- Installing: /home/inauenma/git/mecheye_ros2_interface/install/mecheye_ros_interface/include/mecheye_ros_interface/mecheye_ros_interface/srv/set_current_user_set.h
[94.731s] -- Installing: /home/inauenma/git/mecheye_ros2_interface/install/mecheye_ros_interface/include/mecheye_ros_interface/mecheye_ros_interface/srv/capture_depth_map.h
[94.731s] -- Installing: /home/inauenma/git/mecheye_ros2_interface/install/mecheye_ros_interface/include/mecheye_ros_interface/mecheye_ros_interface/srv/set_float_array_parameter.h
[94.731s] -- Installing: /home/inauenma/git/mecheye_ros2_interface/install/mecheye_ros_interface/include/mecheye_ros_interface/mecheye_ros_interface/srv/save_all_settings_to_user_sets.h
[94.731s] -- Installing: /home/inauenma/git/mecheye_ros2_interface/install/mecheye_ros_interface/include/mecheye_ros_interface/mecheye_ros_interface/srv/get_enum_parameter.h
[94.732s] -- Installing: /home/inauenma/git/mecheye_ros2_interface/install/mecheye_ros_interface/include/mecheye_ros_interface/mecheye_ros_interface/srv/set_range_parameter.h
[94.732s] -- Installing: /home/inauenma/git/mecheye_ros2_interface/install/mecheye_ros_interface/include/mecheye_ros_interface/mecheye_ros_interface/srv/capture_textured_point_cloud.h
[94.732s] -- Installing: /home/inauenma/git/mecheye_ros2_interface/install/mecheye_ros_interface/include/mecheye_ros_interface/mecheye_ros_interface/srv/set_int_parameter.h
[94.732s] -- Installing: /home/inauenma/git/mecheye_ros2_interface/install/mecheye_ros_interface/include/mecheye_ros_interface/mecheye_ros_interface/srv/set_roi_parameter.h
[94.733s] -- Installing: /home/inauenma/git/mecheye_ros2_interface/install/mecheye_ros_interface/include/mecheye_ros_interface/mecheye_ros_interface/srv/get_float_array_parameter.h
[94.733s] -- Installing: /home/inauenma/git/mecheye_ros2_interface/install/mecheye_ros_interface/include/mecheye_ros_interface/mecheye_ros_interface/srv/get_current_user_set.h
[94.734s] -- Installing: /home/inauenma/git/mecheye_ros2_interface/install/mecheye_ros_interface/include/mecheye_ros_interface/mecheye_ros_interface/srv/set_float_parameter.h
[94.734s] -- Installing: /home/inauenma/git/mecheye_ros2_interface/install/mecheye_ros_interface/include/mecheye_ros_interface/mecheye_ros_interface/srv/device_info.h
[94.734s] -- Installing: /home/inauenma/git/mecheye_ros2_interface/install/mecheye_ros_interface/include/mecheye_ros_interface/mecheye_ros_interface/srv/capture_color_image.h
[94.735s] -- Installing: /home/inauenma/git/mecheye_ros2_interface/install/mecheye_ros_interface/include/mecheye_ros_interface/mecheye_ros_interface/srv/get_int_parameter.h
[94.735s] -- Installing: /home/inauenma/git/mecheye_ros2_interface/install/mecheye_ros_interface/include/mecheye_ros_interface/mecheye_ros_interface/srv/get_float_parameter.h
[94.735s] -- Installing: /home/inauenma/git/mecheye_ros2_interface/install/mecheye_ros_interface/include/mecheye_ros_interface/mecheye_ros_interface/srv/get_range_parameter.h
[94.735s] -- Installing: /home/inauenma/git/mecheye_ros2_interface/install/mecheye_ros_interface/include/mecheye_ros_interface/mecheye_ros_interface/srv/set_bool_parameter.h
[94.736s] -- Installing: /home/inauenma/git/mecheye_ros2_interface/install/mecheye_ros_interface/include/mecheye_ros_interface/mecheye_ros_interface/srv/get_bool_parameter.h
[94.736s] -- Installing: /home/inauenma/git/mecheye_ros2_interface/install/mecheye_ros_interface/include/mecheye_ros_interface/mecheye_ros_interface/srv/get_roi_parameter.h
[94.736s] -- Installing: /home/inauenma/git/mecheye_ros2_interface/install/mecheye_ros_interface/include/mecheye_ros_interface/mecheye_ros_interface/srv/delete_user_set.h
[94.736s] -- Installing: /home/inauenma/git/mecheye_ros2_interface/install/mecheye_ros_interface/include/mecheye_ros_interface/mecheye_ros_interface/srv/get_all_user_sets.h
[94.736s] -- Installing: /home/inauenma/git/mecheye_ros2_interface/install/mecheye_ros_interface/include/mecheye_ros_interface/mecheye_ros_interface/srv/detail
[94.737s] -- Installing: /home/inauenma/git/mecheye_ros2_interface/install/mecheye_ros_interface/include/mecheye_ros_interface/mecheye_ros_interface/srv/detail/get_current_user_set__functions.c
[94.737s] -- Installing: /home/inauenma/git/mecheye_ros2_interface/install/mecheye_ros_interface/include/mecheye_ros_interface/mecheye_ros_interface/srv/detail/get_current_user_set__struct.h
[94.738s] -- Installing: /home/inauenma/git/mecheye_ros2_interface/install/mecheye_ros_interface/include/mecheye_ros_interface/mecheye_ros_interface/srv/detail/get_roi_parameter__functions.c
[94.738s] -- Installing: /home/inauenma/git/mecheye_ros2_interface/install/mecheye_ros_interface/include/mecheye_ros_interface/mecheye_ros_interface/srv/detail/get_int_parameter__type_support.h
[94.738s] -- Installing: /home/inauenma/git/mecheye_ros2_interface/install/mecheye_ros_interface/include/mecheye_ros_interface/mecheye_ros_interface/srv/detail/capture_depth_map__type_support.c
[94.739s] -- Installing: /home/inauenma/git/mecheye_ros2_interface/install/mecheye_ros_interface/include/mecheye_ros_interface/mecheye_ros_interface/srv/detail/capture_textured_point_cloud__type_support.h
[94.740s] -- Installing: /home/inauenma/git/mecheye_ros2_interface/install/mecheye_ros_interface/include/mecheye_ros_interface/mecheye_ros_interface/srv/detail/set_current_user_set__description.c
[94.740s] -- Installing: /home/inauenma/git/mecheye_ros2_interface/install/mecheye_ros_interface/include/mecheye_ros_interface/mecheye_ros_interface/srv/detail/get_float_array_parameter__struct.h
[94.740s] -- Installing: /home/inauenma/git/mecheye_ros2_interface/install/mecheye_ros_interface/include/mecheye_ros_interface/mecheye_ros_interface/srv/detail/capture_color_image__functions.c
[94.741s] -- Installing: /home/inauenma/git/mecheye_ros2_interface/install/mecheye_ros_interface/include/mecheye_ros_interface/mecheye_ros_interface/srv/detail/save_all_settings_to_user_sets__struct.h
[94.741s] -- Installing: /home/inauenma/git/mecheye_ros2_interface/install/mecheye_ros_interface/include/mecheye_ros_interface/mecheye_ros_interface/srv/detail/set_range_parameter__type_support.c
[94.742s] -- Installing: /home/inauenma/git/mecheye_ros2_interface/install/mecheye_ros_interface/include/mecheye_ros_interface/mecheye_ros_interface/srv/detail/set_enum_parameter__functions.h
[94.742s] -- Installing: /home/inauenma/git/mecheye_ros2_interface/install/mecheye_ros_interface/include/mecheye_ros_interface/mecheye_ros_interface/srv/detail/get_roi_parameter__description.c
[94.743s] -- Installing: /home/inauenma/git/mecheye_ros2_interface/install/mecheye_ros_interface/include/mecheye_ros_interface/mecheye_ros_interface/srv/detail/set_range_parameter__description.c
[94.743s] -- Installing: /home/inauenma/git/mecheye_ros2_interface/install/mecheye_ros_interface/include/mecheye_ros_interface/mecheye_ros_interface/srv/detail/get_int_parameter__type_support.c
[94.744s] -- Installing: /home/inauenma/git/mecheye_ros2_interface/install/mecheye_ros_interface/include/mecheye_ros_interface/mecheye_ros_interface/srv/detail/set_enum_parameter__type_support.c
[94.744s] -- Installing: /home/inauenma/git/mecheye_ros2_interface/install/mecheye_ros_interface/include/mecheye_ros_interface/mecheye_ros_interface/srv/detail/capture_color_image__type_support.h
[94.745s] -- Installing: /home/inauenma/git/mecheye_ros2_interface/install/mecheye_ros_interface/include/mecheye_ros_interface/mecheye_ros_interface/srv/detail/capture_stereo_color_images__struct.h
[94.745s] -- Installing: /home/inauenma/git/mecheye_ros2_interface/install/mecheye_ros_interface/include/mecheye_ros_interface/mecheye_ros_interface/srv/detail/get_enum_parameter__type_support.c
[94.745s] -- Installing: /home/inauenma/git/mecheye_ros2_interface/install/mecheye_ros_interface/include/mecheye_ros_interface/mecheye_ros_interface/srv/detail/get_current_user_set__type_support.c
[94.746s] -- Installing: /home/inauenma/git/mecheye_ros2_interface/install/mecheye_ros_interface/include/mecheye_ros_interface/mecheye_ros_interface/srv/detail/capture_textured_point_cloud__type_support.c
[94.746s] -- Installing: /home/inauenma/git/mecheye_ros2_interface/install/mecheye_ros_interface/include/mecheye_ros_interface/mecheye_ros_interface/srv/detail/set_float_parameter__struct.h
[94.746s] -- Installing: /home/inauenma/git/mecheye_ros2_interface/install/mecheye_ros_interface/include/mecheye_ros_interface/mecheye_ros_interface/srv/detail/device_info__type_support.c
[94.747s] -- Installing: /home/inauenma/git/mecheye_ros2_interface/install/mecheye_ros_interface/include/mecheye_ros_interface/mecheye_ros_interface/srv/detail/set_float_array_parameter__functions.c
[94.747s] -- Installing: /home/inauenma/git/mecheye_ros2_interface/install/mecheye_ros_interface/include/mecheye_ros_interface/mecheye_ros_interface/srv/detail/get_float_parameter__struct.h
[94.748s] -- Installing: /home/inauenma/git/mecheye_ros2_interface/install/mecheye_ros_interface/include/mecheye_ros_interface/mecheye_ros_interface/srv/detail/get_bool_parameter__type_support.h
[94.748s] -- Installing: /home/inauenma/git/mecheye_ros2_interface/install/mecheye_ros_interface/include/mecheye_ros_interface/mecheye_ros_interface/srv/detail/capture_stereo_color_images__functions.h
[94.748s] -- Installing: /home/inauenma/git/mecheye_ros2_interface/install/mecheye_ros_interface/include/mecheye_ros_interface/mecheye_ros_interface/srv/detail/delete_user_set__description.c
[94.749s] -- Installing: /home/inauenma/git/mecheye_ros2_interface/install/mecheye_ros_interface/include/mecheye_ros_interface/mecheye_ros_interface/srv/detail/set_roi_parameter__type_support.h
[94.749s] -- Installing: /home/inauenma/git/mecheye_ros2_interface/install/mecheye_ros_interface/include/mecheye_ros_interface/mecheye_ros_interface/srv/detail/get_int_parameter__functions.h
[94.749s] -- Installing: /home/inauenma/git/mecheye_ros2_interface/install/mecheye_ros_interface/include/mecheye_ros_interface/mecheye_ros_interface/srv/detail/get_float_array_parameter__functions.h
[94.749s] -- Installing: /home/inauenma/git/mecheye_ros2_interface/install/mecheye_ros_interface/include/mecheye_ros_interface/mecheye_ros_interface/srv/detail/get_enum_parameter__functions.h
[94.749s] -- Installing: /home/inauenma/git/mecheye_ros2_interface/install/mecheye_ros_interface/include/mecheye_ros_interface/mecheye_ros_interface/srv/detail/get_bool_parameter__functions.h
[94.749s] -- Installing: /home/inauenma/git/mecheye_ros2_interface/install/mecheye_ros_interface/include/mecheye_ros_interface/mecheye_ros_interface/srv/detail/get_float_parameter__description.c
[94.749s] -- Installing: /home/inauenma/git/mecheye_ros2_interface/install/mecheye_ros_interface/include/mecheye_ros_interface/mecheye_ros_interface/srv/detail/set_bool_parameter__functions.h
[94.750s] -- Installing: /home/inauenma/git/mecheye_ros2_interface/install/mecheye_ros_interface/include/mecheye_ros_interface/mecheye_ros_interface/srv/detail/get_roi_parameter__functions.h
[94.750s] -- Installing: /home/inauenma/git/mecheye_ros2_interface/install/mecheye_ros_interface/include/mecheye_ros_interface/mecheye_ros_interface/srv/detail/get_enum_parameter__functions.c
[94.751s] -- Installing: /home/inauenma/git/mecheye_ros2_interface/install/mecheye_ros_interface/include/mecheye_ros_interface/mecheye_ros_interface/srv/detail/set_enum_parameter__description.c
[94.751s] -- Installing: /home/inauenma/git/mecheye_ros2_interface/install/mecheye_ros_interface/include/mecheye_ros_interface/mecheye_ros_interface/srv/detail/save_all_settings_to_user_sets__functions.h
[94.752s] -- Installing: /home/inauenma/git/mecheye_ros2_interface/install/mecheye_ros_interface/include/mecheye_ros_interface/mecheye_ros_interface/srv/detail/device_info__type_support.h
[94.752s] -- Installing: /home/inauenma/git/mecheye_ros2_interface/install/mecheye_ros_interface/include/mecheye_ros_interface/mecheye_ros_interface/srv/detail/get_all_user_sets__type_support.c
[94.753s] -- Installing: /home/inauenma/git/mecheye_ros2_interface/install/mecheye_ros_interface/include/mecheye_ros_interface/mecheye_ros_interface/srv/detail/set_range_parameter__type_support.h
[94.753s] -- Installing: /home/inauenma/git/mecheye_ros2_interface/install/mecheye_ros_interface/include/mecheye_ros_interface/mecheye_ros_interface/srv/detail/set_bool_parameter__type_support.h
[94.754s] -- Installing: /home/inauenma/git/mecheye_ros2_interface/install/mecheye_ros_interface/include/mecheye_ros_interface/mecheye_ros_interface/srv/detail/set_current_user_set__functions.h
[94.754s] -- Installing: /home/inauenma/git/mecheye_ros2_interface/install/mecheye_ros_interface/include/mecheye_ros_interface/mecheye_ros_interface/srv/detail/set_int_parameter__functions.c
[94.754s] -- Installing: /home/inauenma/git/mecheye_ros2_interface/install/mecheye_ros_interface/include/mecheye_ros_interface/mecheye_ros_interface/srv/detail/get_float_array_parameter__description.c
[94.755s] -- Installing: /home/inauenma/git/mecheye_ros2_interface/install/mecheye_ros_interface/include/mecheye_ros_interface/mecheye_ros_interface/srv/detail/set_current_user_set__struct.h
[94.755s] -- Installing: /home/inauenma/git/mecheye_ros2_interface/install/mecheye_ros_interface/include/mecheye_ros_interface/mecheye_ros_interface/srv/detail/set_range_parameter__functions.h
[94.755s] -- Installing: /home/inauenma/git/mecheye_ros2_interface/install/mecheye_ros_interface/include/mecheye_ros_interface/mecheye_ros_interface/srv/detail/capture_color_image__functions.h
[94.756s] -- Installing: /home/inauenma/git/mecheye_ros2_interface/install/mecheye_ros_interface/include/mecheye_ros_interface/mecheye_ros_interface/srv/detail/add_user_set__type_support.c
[94.756s] -- Installing: /home/inauenma/git/mecheye_ros2_interface/install/mecheye_ros_interface/include/mecheye_ros_interface/mecheye_ros_interface/srv/detail/set_int_parameter__struct.h
[94.757s] -- Installing: /home/inauenma/git/mecheye_ros2_interface/install/mecheye_ros_interface/include/mecheye_ros_interface/mecheye_ros_interface/srv/detail/capture_point_cloud__functions.h
[94.757s] -- Installing: /home/inauenma/git/mecheye_ros2_interface/install/mecheye_ros_interface/include/mecheye_ros_interface/mecheye_ros_interface/srv/detail/set_roi_parameter__description.c
[94.757s] -- Installing: /home/inauenma/git/mecheye_ros2_interface/install/mecheye_ros_interface/include/mecheye_ros_interface/mecheye_ros_interface/srv/detail/capture_stereo_color_images__type_support.h
[94.758s] -- Installing: /home/inauenma/git/mecheye_ros2_interface/install/mecheye_ros_interface/include/mecheye_ros_interface/mecheye_ros_interface/srv/detail/set_float_array_parameter__struct.h
[94.758s] -- Installing: /home/inauenma/git/mecheye_ros2_interface/install/mecheye_ros_interface/include/mecheye_ros_interface/mecheye_ros_interface/srv/detail/capture_color_image__type_support.c
[94.758s] -- Installing: /home/inauenma/git/mecheye_ros2_interface/install/mecheye_ros_interface/include/mecheye_ros_interface/mecheye_ros_interface/srv/detail/get_enum_parameter__struct.h
[94.758s] -- Installing: /home/inauenma/git/mecheye_ros2_interface/install/mecheye_ros_interface/include/mecheye_ros_interface/mecheye_ros_interface/srv/detail/set_roi_parameter__functions.h
[94.759s] -- Installing: /home/inauenma/git/mecheye_ros2_interface/install/mecheye_ros_interface/include/mecheye_ros_interface/mecheye_ros_interface/srv/detail/get_bool_parameter__description.c
[94.759s] -- Installing: /home/inauenma/git/mecheye_ros2_interface/install/mecheye_ros_interface/include/mecheye_ros_interface/mecheye_ros_interface/srv/detail/get_int_parameter__struct.h
[94.760s] -- Installing: /home/inauenma/git/mecheye_ros2_interface/install/mecheye_ros_interface/include/mecheye_ros_interface/mecheye_ros_interface/srv/detail/set_float_array_parameter__functions.h
[94.760s] -- Installing: /home/inauenma/git/mecheye_ros2_interface/install/mecheye_ros_interface/include/mecheye_ros_interface/mecheye_ros_interface/srv/detail/device_info__description.c
[94.760s] -- Installing: /home/inauenma/git/mecheye_ros2_interface/install/mecheye_ros_interface/include/mecheye_ros_interface/mecheye_ros_interface/srv/detail/delete_user_set__functions.c
[94.761s] -- Installing: /home/inauenma/git/mecheye_ros2_interface/install/mecheye_ros_interface/include/mecheye_ros_interface/mecheye_ros_interface/srv/detail/set_int_parameter__type_support.c
[94.761s] -- Installing: /home/inauenma/git/mecheye_ros2_interface/install/mecheye_ros_interface/include/mecheye_ros_interface/mecheye_ros_interface/srv/detail/device_info__functions.c
[94.762s] -- Installing: /home/inauenma/git/mecheye_ros2_interface/install/mecheye_ros_interface/include/mecheye_ros_interface/mecheye_ros_interface/srv/detail/get_bool_parameter__type_support.c
[94.762s] -- Installing: /home/inauenma/git/mecheye_ros2_interface/install/mecheye_ros_interface/include/mecheye_ros_interface/mecheye_ros_interface/srv/detail/set_enum_parameter__struct.h
[94.762s] -- Installing: /home/inauenma/git/mecheye_ros2_interface/install/mecheye_ros_interface/include/mecheye_ros_interface/mecheye_ros_interface/srv/detail/set_int_parameter__type_support.h
[94.763s] -- Installing: /home/inauenma/git/mecheye_ros2_interface/install/mecheye_ros_interface/include/mecheye_ros_interface/mecheye_ros_interface/srv/detail/save_all_settings_to_user_sets__functions.c
[94.763s] -- Installing: /home/inauenma/git/mecheye_ros2_interface/install/mecheye_ros_interface/include/mecheye_ros_interface/mecheye_ros_interface/srv/detail/get_current_user_set__type_support.h
[94.763s] -- Installing: /home/inauenma/git/mecheye_ros2_interface/install/mecheye_ros_interface/include/mecheye_ros_interface/mecheye_ros_interface/srv/detail/get_bool_parameter__struct.h
[94.764s] -- Installing: /home/inauenma/git/mecheye_ros2_interface/install/mecheye_ros_interface/include/mecheye_ros_interface/mecheye_ros_interface/srv/detail/set_float_parameter__type_support.h
[94.764s] -- Installing: /home/inauenma/git/mecheye_ros2_interface/install/mecheye_ros_interface/include/mecheye_ros_interface/mecheye_ros_interface/srv/detail/set_float_parameter__functions.c
[94.765s] -- Installing: /home/inauenma/git/mecheye_ros2_interface/install/mecheye_ros_interface/include/mecheye_ros_interface/mecheye_ros_interface/srv/detail/get_float_array_parameter__type_support.c
[94.765s] -- Installing: /home/inauenma/git/mecheye_ros2_interface/install/mecheye_ros_interface/include/mecheye_ros_interface/mecheye_ros_interface/srv/detail/capture_textured_point_cloud__functions.h
[94.766s] -- Installing: /home/inauenma/git/mecheye_ros2_interface/install/mecheye_ros_interface/include/mecheye_ros_interface/mecheye_ros_interface/srv/detail/save_all_settings_to_user_sets__description.c
[94.766s] -- Installing: /home/inauenma/git/mecheye_ros2_interface/install/mecheye_ros_interface/include/mecheye_ros_interface/mecheye_ros_interface/srv/detail/set_range_parameter__functions.c
[94.767s] -- Installing: /home/inauenma/git/mecheye_ros2_interface/install/mecheye_ros_interface/include/mecheye_ros_interface/mecheye_ros_interface/srv/detail/get_current_user_set__description.c
[94.767s] -- Installing: /home/inauenma/git/mecheye_ros2_interface/install/mecheye_ros_interface/include/mecheye_ros_interface/mecheye_ros_interface/srv/detail/capture_color_image__struct.h
[94.767s] -- Installing: /home/inauenma/git/mecheye_ros2_interface/install/mecheye_ros_interface/include/mecheye_ros_interface/mecheye_ros_interface/srv/detail/add_user_set__functions.c
[94.768s] -- Installing: /home/inauenma/git/mecheye_ros2_interface/install/mecheye_ros_interface/include/mecheye_ros_interface/mecheye_ros_interface/srv/detail/set_bool_parameter__functions.c
[94.768s] -- Installing: /home/inauenma/git/mecheye_ros2_interface/install/mecheye_ros_interface/include/mecheye_ros_interface/mecheye_ros_interface/srv/detail/set_enum_parameter__type_support.h
[94.768s] -- Installing: /home/inauenma/git/mecheye_ros2_interface/install/mecheye_ros_interface/include/mecheye_ros_interface/mecheye_ros_interface/srv/detail/device_info__functions.h
[94.769s] -- Installing: /home/inauenma/git/mecheye_ros2_interface/install/mecheye_ros_interface/include/mecheye_ros_interface/mecheye_ros_interface/srv/detail/get_enum_parameter__description.c
[94.769s] -- Installing: /home/inauenma/git/mecheye_ros2_interface/install/mecheye_ros_interface/include/mecheye_ros_interface/mecheye_ros_interface/srv/detail/set_bool_parameter__description.c
[94.770s] -- Installing: /home/inauenma/git/mecheye_ros2_interface/install/mecheye_ros_interface/include/mecheye_ros_interface/mecheye_ros_interface/srv/detail/get_bool_parameter__functions.c
[94.770s] -- Installing: /home/inauenma/git/mecheye_ros2_interface/install/mecheye_ros_interface/include/mecheye_ros_interface/mecheye_ros_interface/srv/detail/get_roi_parameter__type_support.c
[94.770s] -- Installing: /home/inauenma/git/mecheye_ros2_interface/install/mecheye_ros_interface/include/mecheye_ros_interface/mecheye_ros_interface/srv/detail/capture_point_cloud__functions.c
[94.771s] -- Installing: /home/inauenma/git/mecheye_ros2_interface/install/mecheye_ros_interface/include/mecheye_ros_interface/mecheye_ros_interface/srv/detail/capture_textured_point_cloud__description.c
[94.771s] -- Installing: /home/inauenma/git/mecheye_ros2_interface/install/mecheye_ros_interface/include/mecheye_ros_interface/mecheye_ros_interface/srv/detail/get_all_user_sets__type_support.h
[94.772s] -- Installing: /home/inauenma/git/mecheye_ros2_interface/install/mecheye_ros_interface/include/mecheye_ros_interface/mecheye_ros_interface/srv/detail/set_bool_parameter__type_support.c
[94.772s] -- Installing: /home/inauenma/git/mecheye_ros2_interface/install/mecheye_ros_interface/include/mecheye_ros_interface/mecheye_ros_interface/srv/detail/save_all_settings_to_user_sets__type_support.c
[94.772s] -- Installing: /home/inauenma/git/mecheye_ros2_interface/install/mecheye_ros_interface/include/mecheye_ros_interface/mecheye_ros_interface/srv/detail/capture_depth_map__description.c
[94.773s] -- Installing: /home/inauenma/git/mecheye_ros2_interface/install/mecheye_ros_interface/include/mecheye_ros_interface/mecheye_ros_interface/srv/detail/capture_color_image__description.c
[94.773s] -- Installing: /home/inauenma/git/mecheye_ros2_interface/install/mecheye_ros_interface/include/mecheye_ros_interface/mecheye_ros_interface/srv/detail/get_range_parameter__description.c
[94.774s] -- Installing: /home/inauenma/git/mecheye_ros2_interface/install/mecheye_ros_interface/include/mecheye_ros_interface/mecheye_ros_interface/srv/detail/set_float_parameter__description.c
[94.775s] -- Installing: /home/inauenma/git/mecheye_ros2_interface/install/mecheye_ros_interface/include/mecheye_ros_interface/mecheye_ros_interface/srv/detail/capture_stereo_color_images__functions.c
[94.775s] -- Installing: /home/inauenma/git/mecheye_ros2_interface/install/mecheye_ros_interface/include/mecheye_ros_interface/mecheye_ros_interface/srv/detail/save_all_settings_to_user_sets__type_support.h
[94.776s] -- Installing: /home/inauenma/git/mecheye_ros2_interface/install/mecheye_ros_interface/include/mecheye_ros_interface/mecheye_ros_interface/srv/detail/get_roi_parameter__type_support.h
[94.776s] -- Installing: /home/inauenma/git/mecheye_ros2_interface/install/mecheye_ros_interface/include/mecheye_ros_interface/mecheye_ros_interface/srv/detail/set_int_parameter__functions.h
[94.776s] -- Installing: /home/inauenma/git/mecheye_ros2_interface/install/mecheye_ros_interface/include/mecheye_ros_interface/mecheye_ros_interface/srv/detail/capture_textured_point_cloud__functions.c
[94.777s] -- Installing: /home/inauenma/git/mecheye_ros2_interface/install/mecheye_ros_interface/include/mecheye_ros_interface/mecheye_ros_interface/srv/detail/capture_point_cloud__type_support.c
[94.777s] -- Installing: /home/inauenma/git/mecheye_ros2_interface/install/mecheye_ros_interface/include/mecheye_ros_interface/mecheye_ros_interface/srv/detail/get_float_parameter__type_support.h
[94.777s] -- Installing: /home/inauenma/git/mecheye_ros2_interface/install/mecheye_ros_interface/include/mecheye_ros_interface/mecheye_ros_interface/srv/detail/get_float_array_parameter__type_support.h
[94.778s] -- Installing: /home/inauenma/git/mecheye_ros2_interface/install/mecheye_ros_interface/include/mecheye_ros_interface/mecheye_ros_interface/srv/detail/device_info__struct.h
[94.778s] -- Installing: /home/inauenma/git/mecheye_ros2_interface/install/mecheye_ros_interface/include/mecheye_ros_interface/mecheye_ros_interface/srv/detail/add_user_set__description.c
[94.778s] -- Installing: /home/inauenma/git/mecheye_ros2_interface/install/mecheye_ros_interface/include/mecheye_ros_interface/mecheye_ros_interface/srv/detail/get_all_user_sets__description.c
[94.778s] -- Installing: /home/inauenma/git/mecheye_ros2_interface/install/mecheye_ros_interface/include/mecheye_ros_interface/mecheye_ros_interface/srv/detail/get_float_parameter__functions.c
[94.779s] -- Installing: /home/inauenma/git/mecheye_ros2_interface/install/mecheye_ros_interface/include/mecheye_ros_interface/mecheye_ros_interface/srv/detail/get_range_parameter__type_support.h
[94.779s] -- Installing: /home/inauenma/git/mecheye_ros2_interface/install/mecheye_ros_interface/include/mecheye_ros_interface/mecheye_ros_interface/srv/detail/set_float_parameter__functions.h
[94.780s] -- Installing: /home/inauenma/git/mecheye_ros2_interface/install/mecheye_ros_interface/include/mecheye_ros_interface/mecheye_ros_interface/srv/detail/set_roi_parameter__type_support.c
[94.780s] -- Installing: /home/inauenma/git/mecheye_ros2_interface/install/mecheye_ros_interface/include/mecheye_ros_interface/mecheye_ros_interface/srv/detail/get_all_user_sets__functions.h
[94.780s] -- Installing: /home/inauenma/git/mecheye_ros2_interface/install/mecheye_ros_interface/include/mecheye_ros_interface/mecheye_ros_interface/srv/detail/get_all_user_sets__functions.c
[94.781s] -- Installing: /home/inauenma/git/mecheye_ros2_interface/install/mecheye_ros_interface/include/mecheye_ros_interface/mecheye_ros_interface/srv/detail/capture_depth_map__type_support.h
[94.781s] -- Installing: /home/inauenma/git/mecheye_ros2_interface/install/mecheye_ros_interface/include/mecheye_ros_interface/mecheye_ros_interface/srv/detail/get_range_parameter__functions.h
[94.781s] -- Installing: /home/inauenma/git/mecheye_ros2_interface/install/mecheye_ros_interface/include/mecheye_ros_interface/mecheye_ros_interface/srv/detail/capture_point_cloud__description.c
[94.782s] -- Installing: /home/inauenma/git/mecheye_ros2_interface/install/mecheye_ros_interface/include/mecheye_ros_interface/mecheye_ros_interface/srv/detail/set_current_user_set__type_support.c
[94.782s] -- Installing: /home/inauenma/git/mecheye_ros2_interface/install/mecheye_ros_interface/include/mecheye_ros_interface/mecheye_ros_interface/srv/detail/get_int_parameter__description.c
[94.783s] -- Installing: /home/inauenma/git/mecheye_ros2_interface/install/mecheye_ros_interface/include/mecheye_ros_interface/mecheye_ros_interface/srv/detail/capture_depth_map__functions.h
[94.783s] -- Installing: /home/inauenma/git/mecheye_ros2_interface/install/mecheye_ros_interface/include/mecheye_ros_interface/mecheye_ros_interface/srv/detail/capture_point_cloud__struct.h
[94.784s] -- Installing: /home/inauenma/git/mecheye_ros2_interface/install/mecheye_ros_interface/include/mecheye_ros_interface/mecheye_ros_interface/srv/detail/get_enum_parameter__type_support.h
[94.784s] -- Installing: /home/inauenma/git/mecheye_ros2_interface/install/mecheye_ros_interface/include/mecheye_ros_interface/mecheye_ros_interface/srv/detail/get_float_parameter__functions.h
[94.784s] -- Installing: /home/inauenma/git/mecheye_ros2_interface/install/mecheye_ros_interface/include/mecheye_ros_interface/mecheye_ros_interface/srv/detail/get_range_parameter__type_support.c
[94.785s] -- Installing: /home/inauenma/git/mecheye_ros2_interface/install/mecheye_ros_interface/include/mecheye_ros_interface/mecheye_ros_interface/srv/detail/delete_user_set__struct.h
[94.785s] -- Installing: /home/inauenma/git/mecheye_ros2_interface/install/mecheye_ros_interface/include/mecheye_ros_interface/mecheye_ros_interface/srv/detail/capture_depth_map__functions.c
[94.786s] -- Installing: /home/inauenma/git/mecheye_ros2_interface/install/mecheye_ros_interface/include/mecheye_ros_interface/mecheye_ros_interface/srv/detail/capture_textured_point_cloud__struct.h
[94.786s] -- Installing: /home/inauenma/git/mecheye_ros2_interface/install/mecheye_ros_interface/include/mecheye_ros_interface/mecheye_ros_interface/srv/detail/get_range_parameter__struct.h
[94.786s] -- Installing: /home/inauenma/git/mecheye_ros2_interface/install/mecheye_ros_interface/include/mecheye_ros_interface/mecheye_ros_interface/srv/detail/get_roi_parameter__struct.h
[94.787s] -- Installing: /home/inauenma/git/mecheye_ros2_interface/install/mecheye_ros_interface/include/mecheye_ros_interface/mecheye_ros_interface/srv/detail/capture_stereo_color_images__description.c
[94.787s] -- Installing: /home/inauenma/git/mecheye_ros2_interface/install/mecheye_ros_interface/include/mecheye_ros_interface/mecheye_ros_interface/srv/detail/add_user_set__functions.h
[94.788s] -- Installing: /home/inauenma/git/mecheye_ros2_interface/install/mecheye_ros_interface/include/mecheye_ros_interface/mecheye_ros_interface/srv/detail/delete_user_set__type_support.h
[94.788s] -- Installing: /home/inauenma/git/mecheye_ros2_interface/install/mecheye_ros_interface/include/mecheye_ros_interface/mecheye_ros_interface/srv/detail/get_int_parameter__functions.c
[94.789s] -- Installing: /home/inauenma/git/mecheye_ros2_interface/install/mecheye_ros_interface/include/mecheye_ros_interface/mecheye_ros_interface/srv/detail/set_roi_parameter__functions.c
[94.789s] -- Installing: /home/inauenma/git/mecheye_ros2_interface/install/mecheye_ros_interface/include/mecheye_ros_interface/mecheye_ros_interface/srv/detail/get_all_user_sets__struct.h
[94.790s] -- Installing: /home/inauenma/git/mecheye_ros2_interface/install/mecheye_ros_interface/include/mecheye_ros_interface/mecheye_ros_interface/srv/detail/get_float_parameter__type_support.c
[94.790s] -- Installing: /home/inauenma/git/mecheye_ros2_interface/install/mecheye_ros_interface/include/mecheye_ros_interface/mecheye_ros_interface/srv/detail/set_float_array_parameter__description.c
[94.791s] -- Installing: /home/inauenma/git/mecheye_ros2_interface/install/mecheye_ros_interface/include/mecheye_ros_interface/mecheye_ros_interface/srv/detail/set_int_parameter__description.c
[94.791s] -- Installing: /home/inauenma/git/mecheye_ros2_interface/install/mecheye_ros_interface/include/mecheye_ros_interface/mecheye_ros_interface/srv/detail/capture_stereo_color_images__type_support.c
[94.791s] -- Installing: /home/inauenma/git/mecheye_ros2_interface/install/mecheye_ros_interface/include/mecheye_ros_interface/mecheye_ros_interface/srv/detail/set_float_array_parameter__type_support.c
[94.792s] -- Installing: /home/inauenma/git/mecheye_ros2_interface/install/mecheye_ros_interface/include/mecheye_ros_interface/mecheye_ros_interface/srv/detail/set_roi_parameter__struct.h
[94.792s] -- Installing: /home/inauenma/git/mecheye_ros2_interface/install/mecheye_ros_interface/include/mecheye_ros_interface/mecheye_ros_interface/srv/detail/get_float_array_parameter__functions.c
[94.792s] -- Installing: /home/inauenma/git/mecheye_ros2_interface/install/mecheye_ros_interface/include/mecheye_ros_interface/mecheye_ros_interface/srv/detail/add_user_set__type_support.h
[94.792s] -- Installing: /home/inauenma/git/mecheye_ros2_interface/install/mecheye_ros_interface/include/mecheye_ros_interface/mecheye_ros_interface/srv/detail/set_current_user_set__type_support.h
[94.792s] -- Installing: /home/inauenma/git/mecheye_ros2_interface/install/mecheye_ros_interface/include/mecheye_ros_interface/mecheye_ros_interface/srv/detail/add_user_set__struct.h
[94.793s] -- Installing: /home/inauenma/git/mecheye_ros2_interface/install/mecheye_ros_interface/include/mecheye_ros_interface/mecheye_ros_interface/srv/detail/delete_user_set__type_support.c
[94.794s] -- Installing: /home/inauenma/git/mecheye_ros2_interface/install/mecheye_ros_interface/include/mecheye_ros_interface/mecheye_ros_interface/srv/detail/delete_user_set__functions.h
[94.794s] -- Installing: /home/inauenma/git/mecheye_ros2_interface/install/mecheye_ros_interface/include/mecheye_ros_interface/mecheye_ros_interface/srv/detail/set_range_parameter__struct.h
[94.794s] -- Installing: /home/inauenma/git/mecheye_ros2_interface/install/mecheye_ros_interface/include/mecheye_ros_interface/mecheye_ros_interface/srv/detail/set_current_user_set__functions.c
[94.794s] -- Installing: /home/inauenma/git/mecheye_ros2_interface/install/mecheye_ros_interface/include/mecheye_ros_interface/mecheye_ros_interface/srv/detail/get_range_parameter__functions.c
[94.795s] -- Installing: /home/inauenma/git/mecheye_ros2_interface/install/mecheye_ros_interface/include/mecheye_ros_interface/mecheye_ros_interface/srv/detail/set_enum_parameter__functions.c
[94.795s] -- Installing: /home/inauenma/git/mecheye_ros2_interface/install/mecheye_ros_interface/include/mecheye_ros_interface/mecheye_ros_interface/srv/detail/set_bool_parameter__struct.h
[94.796s] -- Installing: /home/inauenma/git/mecheye_ros2_interface/install/mecheye_ros_interface/include/mecheye_ros_interface/mecheye_ros_interface/srv/detail/capture_depth_map__struct.h
[94.796s] -- Installing: /home/inauenma/git/mecheye_ros2_interface/install/mecheye_ros_interface/include/mecheye_ros_interface/mecheye_ros_interface/srv/detail/set_float_array_parameter__type_support.h
[94.796s] -- Installing: /home/inauenma/git/mecheye_ros2_interface/install/mecheye_ros_interface/include/mecheye_ros_interface/mecheye_ros_interface/srv/detail/get_current_user_set__functions.h
[94.797s] -- Installing: /home/inauenma/git/mecheye_ros2_interface/install/mecheye_ros_interface/include/mecheye_ros_interface/mecheye_ros_interface/srv/detail/capture_point_cloud__type_support.h
[94.797s] -- Installing: /home/inauenma/git/mecheye_ros2_interface/install/mecheye_ros_interface/include/mecheye_ros_interface/mecheye_ros_interface/srv/detail/set_float_parameter__type_support.c
[94.797s] -- Installing: /home/inauenma/git/mecheye_ros2_interface/install/mecheye_ros_interface/include/mecheye_ros_interface/mecheye_ros_interface/srv/capture_stereo_color_images.h
[94.798s] -- Installing: /home/inauenma/git/mecheye_ros2_interface/install/mecheye_ros_interface/include/mecheye_ros_interface/mecheye_ros_interface/srv/add_user_set.h
[94.798s] -- Installing: /home/inauenma/git/mecheye_ros2_interface/install/mecheye_ros_interface/include/mecheye_ros_interface/mecheye_ros_interface/srv/set_enum_parameter.h
[94.798s] -- Installing: /home/inauenma/git/mecheye_ros2_interface/install/mecheye_ros_interface/include/mecheye_ros_interface/mecheye_ros_interface/msg
[94.800s] -- Installing: /home/inauenma/git/mecheye_ros2_interface/install/mecheye_ros_interface/include/mecheye_ros_interface/mecheye_ros_interface/msg/rosidl_generator_c__visibility_control.h
[94.802s] -- Installing: /home/inauenma/git/mecheye_ros2_interface/install/mecheye_ros_interface/share/mecheye_ros_interface/environment/library_path.sh
[94.802s] -- Installing: /home/inauenma/git/mecheye_ros2_interface/install/mecheye_ros_interface/share/mecheye_ros_interface/environment/library_path.dsv
[94.804s] -- Installing: /home/inauenma/git/mecheye_ros2_interface/install/mecheye_ros_interface/lib/libmecheye_ros_interface__rosidl_generator_c.so
[94.807s] -- Set non-toolchain portion of runtime path of "/home/inauenma/git/mecheye_ros2_interface/install/mecheye_ros_interface/lib/libmecheye_ros_interface__rosidl_generator_c.so" to ""
[94.808s] -- Up-to-date: /home/inauenma/git/mecheye_ros2_interface/install/mecheye_ros_interface/include/mecheye_ros_interface/mecheye_ros_interface
[94.808s] -- Up-to-date: /home/inauenma/git/mecheye_ros2_interface/install/mecheye_ros_interface/include/mecheye_ros_interface/mecheye_ros_interface/srv
[94.809s] -- Up-to-date: /home/inauenma/git/mecheye_ros2_interface/install/mecheye_ros_interface/include/mecheye_ros_interface/mecheye_ros_interface/srv/detail
[94.809s] -- Installing: /home/inauenma/git/mecheye_ros2_interface/install/mecheye_ros_interface/include/mecheye_ros_interface/mecheye_ros_interface/srv/detail/device_info__rosidl_typesupport_fastrtps_c.h
[94.810s] -- Installing: /home/inauenma/git/mecheye_ros2_interface/install/mecheye_ros_interface/include/mecheye_ros_interface/mecheye_ros_interface/srv/detail/get_roi_parameter__rosidl_typesupport_fastrtps_c.h
[94.810s] -- Installing: /home/inauenma/git/mecheye_ros2_interface/install/mecheye_ros_interface/include/mecheye_ros_interface/mecheye_ros_interface/srv/detail/capture_point_cloud__rosidl_typesupport_fastrtps_c.h
[94.810s] -- Installing: /home/inauenma/git/mecheye_ros2_interface/install/mecheye_ros_interface/include/mecheye_ros_interface/mecheye_ros_interface/srv/detail/get_enum_parameter__rosidl_typesupport_fastrtps_c.h
[94.811s] -- Installing: /home/inauenma/git/mecheye_ros2_interface/install/mecheye_ros_interface/include/mecheye_ros_interface/mecheye_ros_interface/srv/detail/save_all_settings_to_user_sets__rosidl_typesupport_fastrtps_c.h
[94.811s] -- Installing: /home/inauenma/git/mecheye_ros2_interface/install/mecheye_ros_interface/include/mecheye_ros_interface/mecheye_ros_interface/srv/detail/get_all_user_sets__rosidl_typesupport_fastrtps_c.h
[94.812s] -- Installing: /home/inauenma/git/mecheye_ros2_interface/install/mecheye_ros_interface/include/mecheye_ros_interface/mecheye_ros_interface/srv/detail/capture_depth_map__rosidl_typesupport_fastrtps_c.h
[94.812s] -- Installing: /home/inauenma/git/mecheye_ros2_interface/install/mecheye_ros_interface/include/mecheye_ros_interface/mecheye_ros_interface/srv/detail/set_float_array_parameter__rosidl_typesupport_fastrtps_c.h
[94.812s] -- Installing: /home/inauenma/git/mecheye_ros2_interface/install/mecheye_ros_interface/include/mecheye_ros_interface/mecheye_ros_interface/srv/detail/capture_textured_point_cloud__rosidl_typesupport_fastrtps_c.h
[94.812s] -- Installing: /home/inauenma/git/mecheye_ros2_interface/install/mecheye_ros_interface/include/mecheye_ros_interface/mecheye_ros_interface/srv/detail/get_bool_parameter__rosidl_typesupport_fastrtps_c.h
[94.812s] -- Installing: /home/inauenma/git/mecheye_ros2_interface/install/mecheye_ros_interface/include/mecheye_ros_interface/mecheye_ros_interface/srv/detail/get_range_parameter__rosidl_typesupport_fastrtps_c.h
[94.812s] -- Installing: /home/inauenma/git/mecheye_ros2_interface/install/mecheye_ros_interface/include/mecheye_ros_interface/mecheye_ros_interface/srv/detail/get_current_user_set__rosidl_typesupport_fastrtps_c.h
[94.816s] -- Installing: /home/inauenma/git/mecheye_ros2_interface/install/mecheye_ros_interface/include/mecheye_ros_interface/mecheye_ros_interface/srv/detail/get_float_array_parameter__rosidl_typesupport_fastrtps_c.h
[94.816s] -- Installing: /home/inauenma/git/mecheye_ros2_interface/install/mecheye_ros_interface/include/mecheye_ros_interface/mecheye_ros_interface/srv/detail/capture_stereo_color_images__rosidl_typesupport_fastrtps_c.h
[94.818s] -- Installing: /home/inauenma/git/mecheye_ros2_interface/install/mecheye_ros_interface/include/mecheye_ros_interface/mecheye_ros_interface/srv/detail/set_bool_parameter__rosidl_typesupport_fastrtps_c.h
[94.818s] -- Installing: /home/inauenma/git/mecheye_ros2_interface/install/mecheye_ros_interface/include/mecheye_ros_interface/mecheye_ros_interface/srv/detail/add_user_set__rosidl_typesupport_fastrtps_c.h
[94.819s] -- Installing: /home/inauenma/git/mecheye_ros2_interface/install/mecheye_ros_interface/include/mecheye_ros_interface/mecheye_ros_interface/srv/detail/set_float_parameter__rosidl_typesupport_fastrtps_c.h
[94.819s] -- Installing: /home/inauenma/git/mecheye_ros2_interface/install/mecheye_ros_interface/include/mecheye_ros_interface/mecheye_ros_interface/srv/detail/set_current_user_set__rosidl_typesupport_fastrtps_c.h
[94.819s] -- Installing: /home/inauenma/git/mecheye_ros2_interface/install/mecheye_ros_interface/include/mecheye_ros_interface/mecheye_ros_interface/srv/detail/set_int_parameter__rosidl_typesupport_fastrtps_c.h
[94.819s] -- Installing: /home/inauenma/git/mecheye_ros2_interface/install/mecheye_ros_interface/include/mecheye_ros_interface/mecheye_ros_interface/srv/detail/capture_color_image__rosidl_typesupport_fastrtps_c.h
[94.820s] -- Installing: /home/inauenma/git/mecheye_ros2_interface/install/mecheye_ros_interface/include/mecheye_ros_interface/mecheye_ros_interface/srv/detail/get_int_parameter__rosidl_typesupport_fastrtps_c.h
[94.820s] -- Installing: /home/inauenma/git/mecheye_ros2_interface/install/mecheye_ros_interface/include/mecheye_ros_interface/mecheye_ros_interface/srv/detail/set_roi_parameter__rosidl_typesupport_fastrtps_c.h
[94.821s] -- Installing: /home/inauenma/git/mecheye_ros2_interface/install/mecheye_ros_interface/include/mecheye_ros_interface/mecheye_ros_interface/srv/detail/get_float_parameter__rosidl_typesupport_fastrtps_c.h
[94.824s] -- Installing: /home/inauenma/git/mecheye_ros2_interface/install/mecheye_ros_interface/include/mecheye_ros_interface/mecheye_ros_interface/srv/detail/set_range_parameter__rosidl_typesupport_fastrtps_c.h
[94.824s] -- Installing: /home/inauenma/git/mecheye_ros2_interface/install/mecheye_ros_interface/include/mecheye_ros_interface/mecheye_ros_interface/srv/detail/set_enum_parameter__rosidl_typesupport_fastrtps_c.h
[94.825s] -- Installing: /home/inauenma/git/mecheye_ros2_interface/install/mecheye_ros_interface/include/mecheye_ros_interface/mecheye_ros_interface/srv/detail/delete_user_set__rosidl_typesupport_fastrtps_c.h
[94.825s] -- Up-to-date: /home/inauenma/git/mecheye_ros2_interface/install/mecheye_ros_interface/include/mecheye_ros_interface/mecheye_ros_interface/msg
[94.825s] -- Installing: /home/inauenma/git/mecheye_ros2_interface/install/mecheye_ros_interface/include/mecheye_ros_interface/mecheye_ros_interface/msg/rosidl_typesupport_fastrtps_c__visibility_control.h
[94.825s] -- Installing: /home/inauenma/git/mecheye_ros2_interface/install/mecheye_ros_interface/lib/libmecheye_ros_interface__rosidl_typesupport_fastrtps_c.so
[94.827s] -- Set non-toolchain portion of runtime path of "/home/inauenma/git/mecheye_ros2_interface/install/mecheye_ros_interface/lib/libmecheye_ros_interface__rosidl_typesupport_fastrtps_c.so" to ""
[94.827s] -- Up-to-date: /home/inauenma/git/mecheye_ros2_interface/install/mecheye_ros_interface/include/mecheye_ros_interface/mecheye_ros_interface
[94.828s] -- Up-to-date: /home/inauenma/git/mecheye_ros2_interface/install/mecheye_ros_interface/include/mecheye_ros_interface/mecheye_ros_interface/srv
[94.828s] -- Installing: /home/inauenma/git/mecheye_ros2_interface/install/mecheye_ros_interface/include/mecheye_ros_interface/mecheye_ros_interface/srv/capture_depth_map.hpp
[94.829s] -- Installing: /home/inauenma/git/mecheye_ros2_interface/install/mecheye_ros_interface/include/mecheye_ros_interface/mecheye_ros_interface/srv/get_current_user_set.hpp
[94.829s] -- Installing: /home/inauenma/git/mecheye_ros2_interface/install/mecheye_ros_interface/include/mecheye_ros_interface/mecheye_ros_interface/srv/get_float_array_parameter.hpp
[94.830s] -- Installing: /home/inauenma/git/mecheye_ros2_interface/install/mecheye_ros_interface/include/mecheye_ros_interface/mecheye_ros_interface/srv/get_roi_parameter.hpp
[94.830s] -- Installing: /home/inauenma/git/mecheye_ros2_interface/install/mecheye_ros_interface/include/mecheye_ros_interface/mecheye_ros_interface/srv/set_roi_parameter.hpp
[94.831s] -- Installing: /home/inauenma/git/mecheye_ros2_interface/install/mecheye_ros_interface/include/mecheye_ros_interface/mecheye_ros_interface/srv/add_user_set.hpp
[94.831s] -- Installing: /home/inauenma/git/mecheye_ros2_interface/install/mecheye_ros_interface/include/mecheye_ros_interface/mecheye_ros_interface/srv/get_float_parameter.hpp
[94.831s] -- Installing: /home/inauenma/git/mecheye_ros2_interface/install/mecheye_ros_interface/include/mecheye_ros_interface/mecheye_ros_interface/srv/set_bool_parameter.hpp
[94.832s] -- Installing: /home/inauenma/git/mecheye_ros2_interface/install/mecheye_ros_interface/include/mecheye_ros_interface/mecheye_ros_interface/srv/capture_color_image.hpp
[94.832s] -- Installing: /home/inauenma/git/mecheye_ros2_interface/install/mecheye_ros_interface/include/mecheye_ros_interface/mecheye_ros_interface/srv/set_float_array_parameter.hpp
[94.832s] -- Installing: /home/inauenma/git/mecheye_ros2_interface/install/mecheye_ros_interface/include/mecheye_ros_interface/mecheye_ros_interface/srv/set_range_parameter.hpp
[94.833s] -- Installing: /home/inauenma/git/mecheye_ros2_interface/install/mecheye_ros_interface/include/mecheye_ros_interface/mecheye_ros_interface/srv/device_info.hpp
[94.833s] -- Installing: /home/inauenma/git/mecheye_ros2_interface/install/mecheye_ros_interface/include/mecheye_ros_interface/mecheye_ros_interface/srv/save_all_settings_to_user_sets.hpp
[94.833s] -- Installing: /home/inauenma/git/mecheye_ros2_interface/install/mecheye_ros_interface/include/mecheye_ros_interface/mecheye_ros_interface/srv/get_enum_parameter.hpp
[94.833s] -- Installing: /home/inauenma/git/mecheye_ros2_interface/install/mecheye_ros_interface/include/mecheye_ros_interface/mecheye_ros_interface/srv/capture_point_cloud.hpp
[94.834s] -- Installing: /home/inauenma/git/mecheye_ros2_interface/install/mecheye_ros_interface/include/mecheye_ros_interface/mecheye_ros_interface/srv/get_int_parameter.hpp
[94.834s] -- Installing: /home/inauenma/git/mecheye_ros2_interface/install/mecheye_ros_interface/include/mecheye_ros_interface/mecheye_ros_interface/srv/get_all_user_sets.hpp
[94.835s] -- Installing: /home/inauenma/git/mecheye_ros2_interface/install/mecheye_ros_interface/include/mecheye_ros_interface/mecheye_ros_interface/srv/capture_textured_point_cloud.hpp
[94.836s] -- Installing: /home/inauenma/git/mecheye_ros2_interface/install/mecheye_ros_interface/include/mecheye_ros_interface/mecheye_ros_interface/srv/delete_user_set.hpp
[94.836s] -- Installing: /home/inauenma/git/mecheye_ros2_interface/install/mecheye_ros_interface/include/mecheye_ros_interface/mecheye_ros_interface/srv/set_current_user_set.hpp
[94.837s] -- Installing: /home/inauenma/git/mecheye_ros2_interface/install/mecheye_ros_interface/include/mecheye_ros_interface/mecheye_ros_interface/srv/set_float_parameter.hpp
[94.838s] -- Installing: /home/inauenma/git/mecheye_ros2_interface/install/mecheye_ros_interface/include/mecheye_ros_interface/mecheye_ros_interface/srv/set_int_parameter.hpp
[94.839s] -- Installing: /home/inauenma/git/mecheye_ros2_interface/install/mecheye_ros_interface/include/mecheye_ros_interface/mecheye_ros_interface/srv/set_enum_parameter.hpp
[94.839s] -- Up-to-date: /home/inauenma/git/mecheye_ros2_interface/install/mecheye_ros_interface/include/mecheye_ros_interface/mecheye_ros_interface/srv/detail
[94.840s] -- Installing: /home/inauenma/git/mecheye_ros2_interface/install/mecheye_ros_interface/include/mecheye_ros_interface/mecheye_ros_interface/srv/detail/capture_color_image__type_support.hpp
[94.841s] -- Installing: /home/inauenma/git/mecheye_ros2_interface/install/mecheye_ros_interface/include/mecheye_ros_interface/mecheye_ros_interface/srv/detail/set_float_array_parameter__builder.hpp
[94.842s] -- Installing: /home/inauenma/git/mecheye_ros2_interface/install/mecheye_ros_interface/include/mecheye_ros_interface/mecheye_ros_interface/srv/detail/get_roi_parameter__type_support.hpp
[94.842s] -- Installing: /home/inauenma/git/mecheye_ros2_interface/install/mecheye_ros_interface/include/mecheye_ros_interface/mecheye_ros_interface/srv/detail/set_roi_parameter__builder.hpp
[94.842s] -- Installing: /home/inauenma/git/mecheye_ros2_interface/install/mecheye_ros_interface/include/mecheye_ros_interface/mecheye_ros_interface/srv/detail/get_all_user_sets__struct.hpp
[94.843s] -- Installing: /home/inauenma/git/mecheye_ros2_interface/install/mecheye_ros_interface/include/mecheye_ros_interface/mecheye_ros_interface/srv/detail/save_all_settings_to_user_sets__type_support.hpp
[94.843s] -- Installing: /home/inauenma/git/mecheye_ros2_interface/install/mecheye_ros_interface/include/mecheye_ros_interface/mecheye_ros_interface/srv/detail/delete_user_set__type_support.hpp
[94.843s] -- Installing: /home/inauenma/git/mecheye_ros2_interface/install/mecheye_ros_interface/include/mecheye_ros_interface/mecheye_ros_interface/srv/detail/set_int_parameter__traits.hpp
[94.844s] -- Installing: /home/inauenma/git/mecheye_ros2_interface/install/mecheye_ros_interface/include/mecheye_ros_interface/mecheye_ros_interface/srv/detail/get_float_parameter__traits.hpp
[94.844s] -- Installing: /home/inauenma/git/mecheye_ros2_interface/install/mecheye_ros_interface/include/mecheye_ros_interface/mecheye_ros_interface/srv/detail/capture_depth_map__builder.hpp
[94.845s] -- Installing: /home/inauenma/git/mecheye_ros2_interface/install/mecheye_ros_interface/include/mecheye_ros_interface/mecheye_ros_interface/srv/detail/capture_stereo_color_images__struct.hpp
[94.845s] -- Installing: /home/inauenma/git/mecheye_ros2_interface/install/mecheye_ros_interface/include/mecheye_ros_interface/mecheye_ros_interface/srv/detail/set_range_parameter__traits.hpp
[94.846s] -- Installing: /home/inauenma/git/mecheye_ros2_interface/install/mecheye_ros_interface/include/mecheye_ros_interface/mecheye_ros_interface/srv/detail/set_float_array_parameter__type_support.hpp
[94.846s] -- Installing: /home/inauenma/git/mecheye_ros2_interface/install/mecheye_ros_interface/include/mecheye_ros_interface/mecheye_ros_interface/srv/detail/get_float_parameter__builder.hpp
[94.847s] -- Installing: /home/inauenma/git/mecheye_ros2_interface/install/mecheye_ros_interface/include/mecheye_ros_interface/mecheye_ros_interface/srv/detail/capture_color_image__traits.hpp
[94.847s] -- Installing: /home/inauenma/git/mecheye_ros2_interface/install/mecheye_ros_interface/include/mecheye_ros_interface/mecheye_ros_interface/srv/detail/set_roi_parameter__struct.hpp
[94.848s] -- Installing: /home/inauenma/git/mecheye_ros2_interface/install/mecheye_ros_interface/include/mecheye_ros_interface/mecheye_ros_interface/srv/detail/get_bool_parameter__builder.hpp
[94.848s] -- Installing: /home/inauenma/git/mecheye_ros2_interface/install/mecheye_ros_interface/include/mecheye_ros_interface/mecheye_ros_interface/srv/detail/set_enum_parameter__struct.hpp
[94.848s] -- Installing: /home/inauenma/git/mecheye_ros2_interface/install/mecheye_ros_interface/include/mecheye_ros_interface/mecheye_ros_interface/srv/detail/set_bool_parameter__type_support.hpp
[94.849s] -- Installing: /home/inauenma/git/mecheye_ros2_interface/install/mecheye_ros_interface/include/mecheye_ros_interface/mecheye_ros_interface/srv/detail/capture_point_cloud__struct.hpp
[94.849s] -- Installing: /home/inauenma/git/mecheye_ros2_interface/install/mecheye_ros_interface/include/mecheye_ros_interface/mecheye_ros_interface/srv/detail/get_enum_parameter__type_support.hpp
[94.850s] -- Installing: /home/inauenma/git/mecheye_ros2_interface/install/mecheye_ros_interface/include/mecheye_ros_interface/mecheye_ros_interface/srv/detail/add_user_set__struct.hpp
[94.850s] -- Installing: /home/inauenma/git/mecheye_ros2_interface/install/mecheye_ros_interface/include/mecheye_ros_interface/mecheye_ros_interface/srv/detail/get_current_user_set__struct.hpp
[94.850s] -- Installing: /home/inauenma/git/mecheye_ros2_interface/install/mecheye_ros_interface/include/mecheye_ros_interface/mecheye_ros_interface/srv/detail/get_float_array_parameter__type_support.hpp
[94.851s] -- Installing: /home/inauenma/git/mecheye_ros2_interface/install/mecheye_ros_interface/include/mecheye_ros_interface/mecheye_ros_interface/srv/detail/add_user_set__builder.hpp
[94.851s] -- Installing: /home/inauenma/git/mecheye_ros2_interface/install/mecheye_ros_interface/include/mecheye_ros_interface/mecheye_ros_interface/srv/detail/set_float_parameter__type_support.hpp
[94.851s] -- Installing: /home/inauenma/git/mecheye_ros2_interface/install/mecheye_ros_interface/include/mecheye_ros_interface/mecheye_ros_interface/srv/detail/capture_point_cloud__type_support.hpp
[94.852s] -- Installing: /home/inauenma/git/mecheye_ros2_interface/install/mecheye_ros_interface/include/mecheye_ros_interface/mecheye_ros_interface/srv/detail/set_float_array_parameter__struct.hpp
[94.852s] -- Installing: /home/inauenma/git/mecheye_ros2_interface/install/mecheye_ros_interface/include/mecheye_ros_interface/mecheye_ros_interface/srv/detail/device_info__builder.hpp
[94.853s] -- Installing: /home/inauenma/git/mecheye_ros2_interface/install/mecheye_ros_interface/include/mecheye_ros_interface/mecheye_ros_interface/srv/detail/capture_stereo_color_images__traits.hpp
[94.853s] -- Installing: /home/inauenma/git/mecheye_ros2_interface/install/mecheye_ros_interface/include/mecheye_ros_interface/mecheye_ros_interface/srv/detail/capture_textured_point_cloud__builder.hpp
[94.854s] -- Installing: /home/inauenma/git/mecheye_ros2_interface/install/mecheye_ros_interface/include/mecheye_ros_interface/mecheye_ros_interface/srv/detail/set_bool_parameter__traits.hpp
[94.854s] -- Installing: /home/inauenma/git/mecheye_ros2_interface/install/mecheye_ros_interface/include/mecheye_ros_interface/mecheye_ros_interface/srv/detail/get_int_parameter__type_support.hpp
[94.855s] -- Installing: /home/inauenma/git/mecheye_ros2_interface/install/mecheye_ros_interface/include/mecheye_ros_interface/mecheye_ros_interface/srv/detail/capture_depth_map__traits.hpp
[94.855s] -- Installing: /home/inauenma/git/mecheye_ros2_interface/install/mecheye_ros_interface/include/mecheye_ros_interface/mecheye_ros_interface/srv/detail/set_enum_parameter__builder.hpp
[94.855s] -- Installing: /home/inauenma/git/mecheye_ros2_interface/install/mecheye_ros_interface/include/mecheye_ros_interface/mecheye_ros_interface/srv/detail/capture_stereo_color_images__builder.hpp
[94.856s] -- Installing: /home/inauenma/git/mecheye_ros2_interface/install/mecheye_ros_interface/include/mecheye_ros_interface/mecheye_ros_interface/srv/detail/set_current_user_set__struct.hpp
[94.856s] -- Installing: /home/inauenma/git/mecheye_ros2_interface/install/mecheye_ros_interface/include/mecheye_ros_interface/mecheye_ros_interface/srv/detail/device_info__type_support.hpp
[94.857s] -- Installing: /home/inauenma/git/mecheye_ros2_interface/install/mecheye_ros_interface/include/mecheye_ros_interface/mecheye_ros_interface/srv/detail/capture_point_cloud__traits.hpp
[94.857s] -- Installing: /home/inauenma/git/mecheye_ros2_interface/install/mecheye_ros_interface/include/mecheye_ros_interface/mecheye_ros_interface/srv/detail/get_all_user_sets__traits.hpp
[94.857s] -- Installing: /home/inauenma/git/mecheye_ros2_interface/install/mecheye_ros_interface/include/mecheye_ros_interface/mecheye_ros_interface/srv/detail/get_enum_parameter__builder.hpp
[94.857s] -- Installing: /home/inauenma/git/mecheye_ros2_interface/install/mecheye_ros_interface/include/mecheye_ros_interface/mecheye_ros_interface/srv/detail/set_bool_parameter__builder.hpp
[94.858s] -- Installing: /home/inauenma/git/mecheye_ros2_interface/install/mecheye_ros_interface/include/mecheye_ros_interface/mecheye_ros_interface/srv/detail/set_range_parameter__struct.hpp
[94.858s] -- Installing: /home/inauenma/git/mecheye_ros2_interface/install/mecheye_ros_interface/include/mecheye_ros_interface/mecheye_ros_interface/srv/detail/get_enum_parameter__struct.hpp
[94.859s] -- Installing: /home/inauenma/git/mecheye_ros2_interface/install/mecheye_ros_interface/include/mecheye_ros_interface/mecheye_ros_interface/srv/detail/get_all_user_sets__builder.hpp
[94.859s] -- Installing: /home/inauenma/git/mecheye_ros2_interface/install/mecheye_ros_interface/include/mecheye_ros_interface/mecheye_ros_interface/srv/detail/set_current_user_set__traits.hpp
[94.859s] -- Installing: /home/inauenma/git/mecheye_ros2_interface/install/mecheye_ros_interface/include/mecheye_ros_interface/mecheye_ros_interface/srv/detail/get_bool_parameter__type_support.hpp
[94.860s] -- Installing: /home/inauenma/git/mecheye_ros2_interface/install/mecheye_ros_interface/include/mecheye_ros_interface/mecheye_ros_interface/srv/detail/set_current_user_set__builder.hpp
[94.860s] -- Installing: /home/inauenma/git/mecheye_ros2_interface/install/mecheye_ros_interface/include/mecheye_ros_interface/mecheye_ros_interface/srv/detail/get_range_parameter__traits.hpp
[94.861s] -- Installing: /home/inauenma/git/mecheye_ros2_interface/install/mecheye_ros_interface/include/mecheye_ros_interface/mecheye_ros_interface/srv/detail/set_float_parameter__builder.hpp
[94.861s] -- Installing: /home/inauenma/git/mecheye_ros2_interface/install/mecheye_ros_interface/include/mecheye_ros_interface/mecheye_ros_interface/srv/detail/get_float_parameter__struct.hpp
[94.861s] -- Installing: /home/inauenma/git/mecheye_ros2_interface/install/mecheye_ros_interface/include/mecheye_ros_interface/mecheye_ros_interface/srv/detail/capture_color_image__builder.hpp
[94.861s] -- Installing: /home/inauenma/git/mecheye_ros2_interface/install/mecheye_ros_interface/include/mecheye_ros_interface/mecheye_ros_interface/srv/detail/get_bool_parameter__struct.hpp
[94.862s] -- Installing: /home/inauenma/git/mecheye_ros2_interface/install/mecheye_ros_interface/include/mecheye_ros_interface/mecheye_ros_interface/srv/detail/set_float_parameter__struct.hpp
[94.862s] -- Installing: /home/inauenma/git/mecheye_ros2_interface/install/mecheye_ros_interface/include/mecheye_ros_interface/mecheye_ros_interface/srv/detail/get_float_array_parameter__traits.hpp
[94.862s] -- Installing: /home/inauenma/git/mecheye_ros2_interface/install/mecheye_ros_interface/include/mecheye_ros_interface/mecheye_ros_interface/srv/detail/delete_user_set__struct.hpp
[94.862s] -- Installing: /home/inauenma/git/mecheye_ros2_interface/install/mecheye_ros_interface/include/mecheye_ros_interface/mecheye_ros_interface/srv/detail/set_enum_parameter__traits.hpp
[94.863s] -- Installing: /home/inauenma/git/mecheye_ros2_interface/install/mecheye_ros_interface/include/mecheye_ros_interface/mecheye_ros_interface/srv/detail/get_roi_parameter__struct.hpp
[94.863s] -- Installing: /home/inauenma/git/mecheye_ros2_interface/install/mecheye_ros_interface/include/mecheye_ros_interface/mecheye_ros_interface/srv/detail/get_all_user_sets__type_support.hpp
[94.863s] -- Installing: /home/inauenma/git/mecheye_ros2_interface/install/mecheye_ros_interface/include/mecheye_ros_interface/mecheye_ros_interface/srv/detail/add_user_set__type_support.hpp
[94.864s] -- Installing: /home/inauenma/git/mecheye_ros2_interface/install/mecheye_ros_interface/include/mecheye_ros_interface/mecheye_ros_interface/srv/detail/get_roi_parameter__traits.hpp
[94.864s] -- Installing: /home/inauenma/git/mecheye_ros2_interface/install/mecheye_ros_interface/include/mecheye_ros_interface/mecheye_ros_interface/srv/detail/get_roi_parameter__builder.hpp
[94.864s] -- Installing: /home/inauenma/git/mecheye_ros2_interface/install/mecheye_ros_interface/include/mecheye_ros_interface/mecheye_ros_interface/srv/detail/capture_color_image__struct.hpp
[94.866s] -- Installing: /home/inauenma/git/mecheye_ros2_interface/install/mecheye_ros_interface/include/mecheye_ros_interface/mecheye_ros_interface/srv/detail/capture_textured_point_cloud__type_support.hpp
[94.866s] -- Installing: /home/inauenma/git/mecheye_ros2_interface/install/mecheye_ros_interface/include/mecheye_ros_interface/mecheye_ros_interface/srv/detail/capture_textured_point_cloud__struct.hpp
[94.866s] -- Installing: /home/inauenma/git/mecheye_ros2_interface/install/mecheye_ros_interface/include/mecheye_ros_interface/mecheye_ros_interface/srv/detail/device_info__traits.hpp
[94.867s] -- Installing: /home/inauenma/git/mecheye_ros2_interface/install/mecheye_ros_interface/include/mecheye_ros_interface/mecheye_ros_interface/srv/detail/get_range_parameter__type_support.hpp
[94.867s] -- Installing: /home/inauenma/git/mecheye_ros2_interface/install/mecheye_ros_interface/include/mecheye_ros_interface/mecheye_ros_interface/srv/detail/get_int_parameter__builder.hpp
[94.867s] -- Installing: /home/inauenma/git/mecheye_ros2_interface/install/mecheye_ros_interface/include/mecheye_ros_interface/mecheye_ros_interface/srv/detail/get_enum_parameter__traits.hpp
[94.867s] -- Installing: /home/inauenma/git/mecheye_ros2_interface/install/mecheye_ros_interface/include/mecheye_ros_interface/mecheye_ros_interface/srv/detail/get_current_user_set__builder.hpp
[94.868s] -- Installing: /home/inauenma/git/mecheye_ros2_interface/install/mecheye_ros_interface/include/mecheye_ros_interface/mecheye_ros_interface/srv/detail/capture_depth_map__struct.hpp
[94.868s] -- Installing: /home/inauenma/git/mecheye_ros2_interface/install/mecheye_ros_interface/include/mecheye_ros_interface/mecheye_ros_interface/srv/detail/add_user_set__traits.hpp
[94.870s] -- Installing: /home/inauenma/git/mecheye_ros2_interface/install/mecheye_ros_interface/include/mecheye_ros_interface/mecheye_ros_interface/srv/detail/save_all_settings_to_user_sets__struct.hpp
[94.873s] -- Installing: /home/inauenma/git/mecheye_ros2_interface/install/mecheye_ros_interface/include/mecheye_ros_interface/mecheye_ros_interface/srv/detail/set_int_parameter__struct.hpp
[94.874s] -- Installing: /home/inauenma/git/mecheye_ros2_interface/install/mecheye_ros_interface/include/mecheye_ros_interface/mecheye_ros_interface/srv/detail/get_float_parameter__type_support.hpp
[94.875s] -- Installing: /home/inauenma/git/mecheye_ros2_interface/install/mecheye_ros_interface/include/mecheye_ros_interface/mecheye_ros_interface/srv/detail/save_all_settings_to_user_sets__traits.hpp
[94.875s] -- Installing: /home/inauenma/git/mecheye_ros2_interface/install/mecheye_ros_interface/include/mecheye_ros_interface/mecheye_ros_interface/srv/detail/get_range_parameter__builder.hpp
[94.876s] -- Installing: /home/inauenma/git/mecheye_ros2_interface/install/mecheye_ros_interface/include/mecheye_ros_interface/mecheye_ros_interface/srv/detail/delete_user_set__traits.hpp
[94.876s] -- Installing: /home/inauenma/git/mecheye_ros2_interface/install/mecheye_ros_interface/include/mecheye_ros_interface/mecheye_ros_interface/srv/detail/get_int_parameter__struct.hpp
[94.876s] -- Installing: /home/inauenma/git/mecheye_ros2_interface/install/mecheye_ros_interface/include/mecheye_ros_interface/mecheye_ros_interface/srv/detail/set_float_array_parameter__traits.hpp
[94.876s] -- Installing: /home/inauenma/git/mecheye_ros2_interface/install/mecheye_ros_interface/include/mecheye_ros_interface/mecheye_ros_interface/srv/detail/set_bool_parameter__struct.hpp
[94.877s] -- Installing: /home/inauenma/git/mecheye_ros2_interface/install/mecheye_ros_interface/include/mecheye_ros_interface/mecheye_ros_interface/srv/detail/device_info__struct.hpp
[94.877s] -- Installing: /home/inauenma/git/mecheye_ros2_interface/install/mecheye_ros_interface/include/mecheye_ros_interface/mecheye_ros_interface/srv/detail/set_range_parameter__builder.hpp
[94.877s] -- Installing: /home/inauenma/git/mecheye_ros2_interface/install/mecheye_ros_interface/include/mecheye_ros_interface/mecheye_ros_interface/srv/detail/get_range_parameter__struct.hpp
[94.878s] -- Installing: /home/inauenma/git/mecheye_ros2_interface/install/mecheye_ros_interface/include/mecheye_ros_interface/mecheye_ros_interface/srv/detail/set_range_parameter__type_support.hpp
[94.879s] -- Installing: /home/inauenma/git/mecheye_ros2_interface/install/mecheye_ros_interface/include/mecheye_ros_interface/mecheye_ros_interface/srv/detail/get_current_user_set__type_support.hpp
[94.879s] -- Installing: /home/inauenma/git/mecheye_ros2_interface/install/mecheye_ros_interface/include/mecheye_ros_interface/mecheye_ros_interface/srv/detail/get_bool_parameter__traits.hpp
[94.880s] -- Installing: /home/inauenma/git/mecheye_ros2_interface/install/mecheye_ros_interface/include/mecheye_ros_interface/mecheye_ros_interface/srv/detail/set_enum_parameter__type_support.hpp
[94.880s] -- Installing: /home/inauenma/git/mecheye_ros2_interface/install/mecheye_ros_interface/include/mecheye_ros_interface/mecheye_ros_interface/srv/detail/set_int_parameter__builder.hpp
[94.881s] -- Installing: /home/inauenma/git/mecheye_ros2_interface/install/mecheye_ros_interface/include/mecheye_ros_interface/mecheye_ros_interface/srv/detail/get_int_parameter__traits.hpp
[94.881s] -- Installing: /home/inauenma/git/mecheye_ros2_interface/install/mecheye_ros_interface/include/mecheye_ros_interface/mecheye_ros_interface/srv/detail/capture_depth_map__type_support.hpp
[94.881s] -- Installing: /home/inauenma/git/mecheye_ros2_interface/install/mecheye_ros_interface/include/mecheye_ros_interface/mecheye_ros_interface/srv/detail/set_roi_parameter__traits.hpp
[94.881s] -- Installing: /home/inauenma/git/mecheye_ros2_interface/install/mecheye_ros_interface/include/mecheye_ros_interface/mecheye_ros_interface/srv/detail/set_current_user_set__type_support.hpp
[94.882s] -- Installing: /home/inauenma/git/mecheye_ros2_interface/install/mecheye_ros_interface/include/mecheye_ros_interface/mecheye_ros_interface/srv/detail/get_float_array_parameter__struct.hpp
[94.882s] -- Installing: /home/inauenma/git/mecheye_ros2_interface/install/mecheye_ros_interface/include/mecheye_ros_interface/mecheye_ros_interface/srv/detail/set_float_parameter__traits.hpp
[94.882s] -- Installing: /home/inauenma/git/mecheye_ros2_interface/install/mecheye_ros_interface/include/mecheye_ros_interface/mecheye_ros_interface/srv/detail/set_roi_parameter__type_support.hpp
[94.883s] -- Installing: /home/inauenma/git/mecheye_ros2_interface/install/mecheye_ros_interface/include/mecheye_ros_interface/mecheye_ros_interface/srv/detail/capture_textured_point_cloud__traits.hpp
[94.883s] -- Installing: /home/inauenma/git/mecheye_ros2_interface/install/mecheye_ros_interface/include/mecheye_ros_interface/mecheye_ros_interface/srv/detail/set_int_parameter__type_support.hpp
[94.883s] -- Installing: /home/inauenma/git/mecheye_ros2_interface/install/mecheye_ros_interface/include/mecheye_ros_interface/mecheye_ros_interface/srv/detail/get_current_user_set__traits.hpp
[94.883s] -- Installing: /home/inauenma/git/mecheye_ros2_interface/install/mecheye_ros_interface/include/mecheye_ros_interface/mecheye_ros_interface/srv/detail/capture_stereo_color_images__type_support.hpp
[94.884s] -- Installing: /home/inauenma/git/mecheye_ros2_interface/install/mecheye_ros_interface/include/mecheye_ros_interface/mecheye_ros_interface/srv/detail/save_all_settings_to_user_sets__builder.hpp
[94.884s] -- Installing: /home/inauenma/git/mecheye_ros2_interface/install/mecheye_ros_interface/include/mecheye_ros_interface/mecheye_ros_interface/srv/detail/capture_point_cloud__builder.hpp
[94.884s] -- Installing: /home/inauenma/git/mecheye_ros2_interface/install/mecheye_ros_interface/include/mecheye_ros_interface/mecheye_ros_interface/srv/detail/get_float_array_parameter__builder.hpp
[94.885s] -- Installing: /home/inauenma/git/mecheye_ros2_interface/install/mecheye_ros_interface/include/mecheye_ros_interface/mecheye_ros_interface/srv/detail/delete_user_set__builder.hpp
[94.885s] -- Installing: /home/inauenma/git/mecheye_ros2_interface/install/mecheye_ros_interface/include/mecheye_ros_interface/mecheye_ros_interface/srv/get_bool_parameter.hpp
[94.885s] -- Installing: /home/inauenma/git/mecheye_ros2_interface/install/mecheye_ros_interface/include/mecheye_ros_interface/mecheye_ros_interface/srv/get_range_parameter.hpp
[94.886s] -- Installing: /home/inauenma/git/mecheye_ros2_interface/install/mecheye_ros_interface/include/mecheye_ros_interface/mecheye_ros_interface/srv/capture_stereo_color_images.hpp
[94.886s] -- Up-to-date: /home/inauenma/git/mecheye_ros2_interface/install/mecheye_ros_interface/include/mecheye_ros_interface/mecheye_ros_interface/msg
[94.886s] -- Installing: /home/inauenma/git/mecheye_ros2_interface/install/mecheye_ros_interface/include/mecheye_ros_interface/mecheye_ros_interface/msg/rosidl_generator_cpp__visibility_control.hpp
[94.888s] -- Up-to-date: /home/inauenma/git/mecheye_ros2_interface/install/mecheye_ros_interface/include/mecheye_ros_interface/mecheye_ros_interface
[94.889s] -- Up-to-date: /home/inauenma/git/mecheye_ros2_interface/install/mecheye_ros_interface/include/mecheye_ros_interface/mecheye_ros_interface/srv
[94.890s] -- Up-to-date: /home/inauenma/git/mecheye_ros2_interface/install/mecheye_ros_interface/include/mecheye_ros_interface/mecheye_ros_interface/srv/detail
[94.891s] -- Installing: /home/inauenma/git/mecheye_ros2_interface/install/mecheye_ros_interface/include/mecheye_ros_interface/mecheye_ros_interface/srv/detail/set_float_array_parameter__rosidl_typesupport_fastrtps_cpp.hpp
[94.891s] -- Installing: /home/inauenma/git/mecheye_ros2_interface/install/mecheye_ros_interface/include/mecheye_ros_interface/mecheye_ros_interface/srv/detail/set_range_parameter__rosidl_typesupport_fastrtps_cpp.hpp
[94.891s] -- Installing: /home/inauenma/git/mecheye_ros2_interface/install/mecheye_ros_interface/include/mecheye_ros_interface/mecheye_ros_interface/srv/detail/set_enum_parameter__rosidl_typesupport_fastrtps_cpp.hpp
[94.891s] -- Installing: /home/inauenma/git/mecheye_ros2_interface/install/mecheye_ros_interface/include/mecheye_ros_interface/mecheye_ros_interface/srv/detail/capture_point_cloud__rosidl_typesupport_fastrtps_cpp.hpp
[94.892s] -- Installing: /home/inauenma/git/mecheye_ros2_interface/install/mecheye_ros_interface/include/mecheye_ros_interface/mecheye_ros_interface/srv/detail/capture_color_image__rosidl_typesupport_fastrtps_cpp.hpp
[94.892s] -- Installing: /home/inauenma/git/mecheye_ros2_interface/install/mecheye_ros_interface/include/mecheye_ros_interface/mecheye_ros_interface/srv/detail/set_roi_parameter__rosidl_typesupport_fastrtps_cpp.hpp
[94.892s] -- Installing: /home/inauenma/git/mecheye_ros2_interface/install/mecheye_ros_interface/include/mecheye_ros_interface/mecheye_ros_interface/srv/detail/delete_user_set__rosidl_typesupport_fastrtps_cpp.hpp
[94.893s] -- Installing: /home/inauenma/git/mecheye_ros2_interface/install/mecheye_ros_interface/include/mecheye_ros_interface/mecheye_ros_interface/srv/detail/capture_textured_point_cloud__rosidl_typesupport_fastrtps_cpp.hpp
[94.893s] -- Installing: /home/inauenma/git/mecheye_ros2_interface/install/mecheye_ros_interface/include/mecheye_ros_interface/mecheye_ros_interface/srv/detail/get_roi_parameter__rosidl_typesupport_fastrtps_cpp.hpp
[94.894s] -- Installing: /home/inauenma/git/mecheye_ros2_interface/install/mecheye_ros_interface/include/mecheye_ros_interface/mecheye_ros_interface/srv/detail/get_current_user_set__rosidl_typesupport_fastrtps_cpp.hpp
[94.894s] -- Installing: /home/inauenma/git/mecheye_ros2_interface/install/mecheye_ros_interface/include/mecheye_ros_interface/mecheye_ros_interface/srv/detail/get_bool_parameter__rosidl_typesupport_fastrtps_cpp.hpp
[94.895s] -- Installing: /home/inauenma/git/mecheye_ros2_interface/install/mecheye_ros_interface/include/mecheye_ros_interface/mecheye_ros_interface/srv/detail/get_all_user_sets__rosidl_typesupport_fastrtps_cpp.hpp
[94.895s] -- Installing: /home/inauenma/git/mecheye_ros2_interface/install/mecheye_ros_interface/include/mecheye_ros_interface/mecheye_ros_interface/srv/detail/get_float_parameter__rosidl_typesupport_fastrtps_cpp.hpp
[94.895s] -- Installing: /home/inauenma/git/mecheye_ros2_interface/install/mecheye_ros_interface/include/mecheye_ros_interface/mecheye_ros_interface/srv/detail/get_enum_parameter__rosidl_typesupport_fastrtps_cpp.hpp
[94.896s] -- Installing: /home/inauenma/git/mecheye_ros2_interface/install/mecheye_ros_interface/include/mecheye_ros_interface/mecheye_ros_interface/srv/detail/capture_depth_map__rosidl_typesupport_fastrtps_cpp.hpp
[94.896s] -- Installing: /home/inauenma/git/mecheye_ros2_interface/install/mecheye_ros_interface/include/mecheye_ros_interface/mecheye_ros_interface/srv/detail/set_float_parameter__rosidl_typesupport_fastrtps_cpp.hpp
[94.896s] -- Installing: /home/inauenma/git/mecheye_ros2_interface/install/mecheye_ros_interface/include/mecheye_ros_interface/mecheye_ros_interface/srv/detail/save_all_settings_to_user_sets__rosidl_typesupport_fastrtps_cpp.hpp
[94.897s] -- Installing: /home/inauenma/git/mecheye_ros2_interface/install/mecheye_ros_interface/include/mecheye_ros_interface/mecheye_ros_interface/srv/detail/get_float_array_parameter__rosidl_typesupport_fastrtps_cpp.hpp
[94.897s] -- Installing: /home/inauenma/git/mecheye_ros2_interface/install/mecheye_ros_interface/include/mecheye_ros_interface/mecheye_ros_interface/srv/detail/device_info__rosidl_typesupport_fastrtps_cpp.hpp
[94.898s] -- Installing: /home/inauenma/git/mecheye_ros2_interface/install/mecheye_ros_interface/include/mecheye_ros_interface/mecheye_ros_interface/srv/detail/add_user_set__rosidl_typesupport_fastrtps_cpp.hpp
[94.898s] -- Installing: /home/inauenma/git/mecheye_ros2_interface/install/mecheye_ros_interface/include/mecheye_ros_interface/mecheye_ros_interface/srv/detail/get_range_parameter__rosidl_typesupport_fastrtps_cpp.hpp
[94.898s] -- Installing: /home/inauenma/git/mecheye_ros2_interface/install/mecheye_ros_interface/include/mecheye_ros_interface/mecheye_ros_interface/srv/detail/get_int_parameter__rosidl_typesupport_fastrtps_cpp.hpp
[94.898s] -- Installing: /home/inauenma/git/mecheye_ros2_interface/install/mecheye_ros_interface/include/mecheye_ros_interface/mecheye_ros_interface/srv/detail/capture_stereo_color_images__rosidl_typesupport_fastrtps_cpp.hpp
[94.899s] -- Installing: /home/inauenma/git/mecheye_ros2_interface/install/mecheye_ros_interface/include/mecheye_ros_interface/mecheye_ros_interface/srv/detail/set_current_user_set__rosidl_typesupport_fastrtps_cpp.hpp
[94.899s] -- Installing: /home/inauenma/git/mecheye_ros2_interface/install/mecheye_ros_interface/include/mecheye_ros_interface/mecheye_ros_interface/srv/detail/set_bool_parameter__rosidl_typesupport_fastrtps_cpp.hpp
[94.899s] -- Installing: /home/inauenma/git/mecheye_ros2_interface/install/mecheye_ros_interface/include/mecheye_ros_interface/mecheye_ros_interface/srv/detail/set_int_parameter__rosidl_typesupport_fastrtps_cpp.hpp
[94.899s] -- Installing: /home/inauenma/git/mecheye_ros2_interface/install/mecheye_ros_interface/include/mecheye_ros_interface/mecheye_ros_interface/srv/detail/dds_fastrtps
[94.900s] -- Up-to-date: /home/inauenma/git/mecheye_ros2_interface/install/mecheye_ros_interface/include/mecheye_ros_interface/mecheye_ros_interface/msg
[94.900s] -- Installing: /home/inauenma/git/mecheye_ros2_interface/install/mecheye_ros_interface/include/mecheye_ros_interface/mecheye_ros_interface/msg/rosidl_typesupport_fastrtps_cpp__visibility_control.h
[94.900s] -- Installing: /home/inauenma/git/mecheye_ros2_interface/install/mecheye_ros_interface/lib/libmecheye_ros_interface__rosidl_typesupport_fastrtps_cpp.so
[94.907s] -- Set non-toolchain portion of runtime path of "/home/inauenma/git/mecheye_ros2_interface/install/mecheye_ros_interface/lib/libmecheye_ros_interface__rosidl_typesupport_fastrtps_cpp.so" to ""
[94.908s] -- Up-to-date: /home/inauenma/git/mecheye_ros2_interface/install/mecheye_ros_interface/include/mecheye_ros_interface/mecheye_ros_interface
[94.908s] -- Up-to-date: /home/inauenma/git/mecheye_ros2_interface/install/mecheye_ros_interface/include/mecheye_ros_interface/mecheye_ros_interface/srv
[94.909s] -- Up-to-date: /home/inauenma/git/mecheye_ros2_interface/install/mecheye_ros_interface/include/mecheye_ros_interface/mecheye_ros_interface/srv/detail
[94.909s] -- Installing: /home/inauenma/git/mecheye_ros2_interface/install/mecheye_ros_interface/include/mecheye_ros_interface/mecheye_ros_interface/srv/detail/set_float_parameter__rosidl_typesupport_introspection_c.h
[94.909s] -- Installing: /home/inauenma/git/mecheye_ros2_interface/install/mecheye_ros_interface/include/mecheye_ros_interface/mecheye_ros_interface/srv/detail/capture_depth_map__type_support.c
[94.909s] -- Installing: /home/inauenma/git/mecheye_ros2_interface/install/mecheye_ros_interface/include/mecheye_ros_interface/mecheye_ros_interface/srv/detail/capture_stereo_color_images__rosidl_typesupport_introspection_c.h
[94.910s] -- Installing: /home/inauenma/git/mecheye_ros2_interface/install/mecheye_ros_interface/include/mecheye_ros_interface/mecheye_ros_interface/srv/detail/set_range_parameter__type_support.c
[94.910s] -- Installing: /home/inauenma/git/mecheye_ros2_interface/install/mecheye_ros_interface/include/mecheye_ros_interface/mecheye_ros_interface/srv/detail/device_info__rosidl_typesupport_introspection_c.h
[94.910s] -- Installing: /home/inauenma/git/mecheye_ros2_interface/install/mecheye_ros_interface/include/mecheye_ros_interface/mecheye_ros_interface/srv/detail/get_int_parameter__type_support.c
[94.910s] -- Installing: /home/inauenma/git/mecheye_ros2_interface/install/mecheye_ros_interface/include/mecheye_ros_interface/mecheye_ros_interface/srv/detail/set_enum_parameter__type_support.c
[94.910s] -- Installing: /home/inauenma/git/mecheye_ros2_interface/install/mecheye_ros_interface/include/mecheye_ros_interface/mecheye_ros_interface/srv/detail/get_enum_parameter__type_support.c
[94.911s] -- Installing: /home/inauenma/git/mecheye_ros2_interface/install/mecheye_ros_interface/include/mecheye_ros_interface/mecheye_ros_interface/srv/detail/get_current_user_set__type_support.c
[94.911s] -- Installing: /home/inauenma/git/mecheye_ros2_interface/install/mecheye_ros_interface/include/mecheye_ros_interface/mecheye_ros_interface/srv/detail/delete_user_set__rosidl_typesupport_introspection_c.h
[94.911s] -- Installing: /home/inauenma/git/mecheye_ros2_interface/install/mecheye_ros_interface/include/mecheye_ros_interface/mecheye_ros_interface/srv/detail/capture_textured_point_cloud__type_support.c
[94.911s] -- Installing: /home/inauenma/git/mecheye_ros2_interface/install/mecheye_ros_interface/include/mecheye_ros_interface/mecheye_ros_interface/srv/detail/device_info__type_support.c
[94.911s] -- Installing: /home/inauenma/git/mecheye_ros2_interface/install/mecheye_ros_interface/include/mecheye_ros_interface/mecheye_ros_interface/srv/detail/get_float_parameter__rosidl_typesupport_introspection_c.h
[94.911s] -- Installing: /home/inauenma/git/mecheye_ros2_interface/install/mecheye_ros_interface/include/mecheye_ros_interface/mecheye_ros_interface/srv/detail/get_int_parameter__rosidl_typesupport_introspection_c.h
[94.912s] -- Installing: /home/inauenma/git/mecheye_ros2_interface/install/mecheye_ros_interface/include/mecheye_ros_interface/mecheye_ros_interface/srv/detail/get_range_parameter__rosidl_typesupport_introspection_c.h
[94.912s] -- Installing: /home/inauenma/git/mecheye_ros2_interface/install/mecheye_ros_interface/include/mecheye_ros_interface/mecheye_ros_interface/srv/detail/get_all_user_sets__type_support.c
[94.912s] -- Installing: /home/inauenma/git/mecheye_ros2_interface/install/mecheye_ros_interface/include/mecheye_ros_interface/mecheye_ros_interface/srv/detail/add_user_set__type_support.c
[94.913s] -- Installing: /home/inauenma/git/mecheye_ros2_interface/install/mecheye_ros_interface/include/mecheye_ros_interface/mecheye_ros_interface/srv/detail/capture_depth_map__rosidl_typesupport_introspection_c.h
[94.913s] -- Installing: /home/inauenma/git/mecheye_ros2_interface/install/mecheye_ros_interface/include/mecheye_ros_interface/mecheye_ros_interface/srv/detail/set_enum_parameter__rosidl_typesupport_introspection_c.h
[94.913s] -- Installing: /home/inauenma/git/mecheye_ros2_interface/install/mecheye_ros_interface/include/mecheye_ros_interface/mecheye_ros_interface/srv/detail/capture_color_image__type_support.c
[94.914s] -- Installing: /home/inauenma/git/mecheye_ros2_interface/install/mecheye_ros_interface/include/mecheye_ros_interface/mecheye_ros_interface/srv/detail/set_bool_parameter__rosidl_typesupport_introspection_c.h
[94.914s] -- Installing: /home/inauenma/git/mecheye_ros2_interface/install/mecheye_ros_interface/include/mecheye_ros_interface/mecheye_ros_interface/srv/detail/set_float_array_parameter__rosidl_typesupport_introspection_c.h
[94.915s] -- Installing: /home/inauenma/git/mecheye_ros2_interface/install/mecheye_ros_interface/include/mecheye_ros_interface/mecheye_ros_interface/srv/detail/set_int_parameter__type_support.c
[94.915s] -- Installing: /home/inauenma/git/mecheye_ros2_interface/install/mecheye_ros_interface/include/mecheye_ros_interface/mecheye_ros_interface/srv/detail/get_all_user_sets__rosidl_typesupport_introspection_c.h
[94.915s] -- Installing: /home/inauenma/git/mecheye_ros2_interface/install/mecheye_ros_interface/include/mecheye_ros_interface/mecheye_ros_interface/srv/detail/get_bool_parameter__type_support.c
[94.916s] -- Installing: /home/inauenma/git/mecheye_ros2_interface/install/mecheye_ros_interface/include/mecheye_ros_interface/mecheye_ros_interface/srv/detail/capture_textured_point_cloud__rosidl_typesupport_introspection_c.h
[94.916s] -- Installing: /home/inauenma/git/mecheye_ros2_interface/install/mecheye_ros_interface/include/mecheye_ros_interface/mecheye_ros_interface/srv/detail/get_float_array_parameter__type_support.c
[94.917s] -- Installing: /home/inauenma/git/mecheye_ros2_interface/install/mecheye_ros_interface/include/mecheye_ros_interface/mecheye_ros_interface/srv/detail/get_bool_parameter__rosidl_typesupport_introspection_c.h
[94.917s] -- Installing: /home/inauenma/git/mecheye_ros2_interface/install/mecheye_ros_interface/include/mecheye_ros_interface/mecheye_ros_interface/srv/detail/get_float_array_parameter__rosidl_typesupport_introspection_c.h
[94.917s] -- Installing: /home/inauenma/git/mecheye_ros2_interface/install/mecheye_ros_interface/include/mecheye_ros_interface/mecheye_ros_interface/srv/detail/get_roi_parameter__type_support.c
[94.918s] -- Installing: /home/inauenma/git/mecheye_ros2_interface/install/mecheye_ros_interface/include/mecheye_ros_interface/mecheye_ros_interface/srv/detail/capture_color_image__rosidl_typesupport_introspection_c.h
[94.919s] -- Installing: /home/inauenma/git/mecheye_ros2_interface/install/mecheye_ros_interface/include/mecheye_ros_interface/mecheye_ros_interface/srv/detail/set_bool_parameter__type_support.c
[94.919s] -- Installing: /home/inauenma/git/mecheye_ros2_interface/install/mecheye_ros_interface/include/mecheye_ros_interface/mecheye_ros_interface/srv/detail/save_all_settings_to_user_sets__type_support.c
[94.919s] -- Installing: /home/inauenma/git/mecheye_ros2_interface/install/mecheye_ros_interface/include/mecheye_ros_interface/mecheye_ros_interface/srv/detail/set_range_parameter__rosidl_typesupport_introspection_c.h
[94.920s] -- Installing: /home/inauenma/git/mecheye_ros2_interface/install/mecheye_ros_interface/include/mecheye_ros_interface/mecheye_ros_interface/srv/detail/get_enum_parameter__rosidl_typesupport_introspection_c.h
[94.920s] -- Installing: /home/inauenma/git/mecheye_ros2_interface/install/mecheye_ros_interface/include/mecheye_ros_interface/mecheye_ros_interface/srv/detail/set_int_parameter__rosidl_typesupport_introspection_c.h
[94.921s] -- Installing: /home/inauenma/git/mecheye_ros2_interface/install/mecheye_ros_interface/include/mecheye_ros_interface/mecheye_ros_interface/srv/detail/capture_point_cloud__type_support.c
[94.921s] -- Installing: /home/inauenma/git/mecheye_ros2_interface/install/mecheye_ros_interface/include/mecheye_ros_interface/mecheye_ros_interface/srv/detail/save_all_settings_to_user_sets__rosidl_typesupport_introspection_c.h
[94.922s] -- Installing: /home/inauenma/git/mecheye_ros2_interface/install/mecheye_ros_interface/include/mecheye_ros_interface/mecheye_ros_interface/srv/detail/capture_point_cloud__rosidl_typesupport_introspection_c.h
[94.922s] -- Installing: /home/inauenma/git/mecheye_ros2_interface/install/mecheye_ros_interface/include/mecheye_ros_interface/mecheye_ros_interface/srv/detail/set_roi_parameter__type_support.c
[94.923s] -- Installing: /home/inauenma/git/mecheye_ros2_interface/install/mecheye_ros_interface/include/mecheye_ros_interface/mecheye_ros_interface/srv/detail/get_roi_parameter__rosidl_typesupport_introspection_c.h
[94.923s] -- Installing: /home/inauenma/git/mecheye_ros2_interface/install/mecheye_ros_interface/include/mecheye_ros_interface/mecheye_ros_interface/srv/detail/set_roi_parameter__rosidl_typesupport_introspection_c.h
[94.924s] -- Installing: /home/inauenma/git/mecheye_ros2_interface/install/mecheye_ros_interface/include/mecheye_ros_interface/mecheye_ros_interface/srv/detail/set_current_user_set__type_support.c
[94.924s] -- Installing: /home/inauenma/git/mecheye_ros2_interface/install/mecheye_ros_interface/include/mecheye_ros_interface/mecheye_ros_interface/srv/detail/set_current_user_set__rosidl_typesupport_introspection_c.h
[94.925s] -- Installing: /home/inauenma/git/mecheye_ros2_interface/install/mecheye_ros_interface/include/mecheye_ros_interface/mecheye_ros_interface/srv/detail/get_current_user_set__rosidl_typesupport_introspection_c.h
[94.925s] -- Installing: /home/inauenma/git/mecheye_ros2_interface/install/mecheye_ros_interface/include/mecheye_ros_interface/mecheye_ros_interface/srv/detail/get_range_parameter__type_support.c
[94.926s] -- Installing: /home/inauenma/git/mecheye_ros2_interface/install/mecheye_ros_interface/include/mecheye_ros_interface/mecheye_ros_interface/srv/detail/get_float_parameter__type_support.c
[94.927s] -- Installing: /home/inauenma/git/mecheye_ros2_interface/install/mecheye_ros_interface/include/mecheye_ros_interface/mecheye_ros_interface/srv/detail/capture_stereo_color_images__type_support.c
[94.928s] -- Installing: /home/inauenma/git/mecheye_ros2_interface/install/mecheye_ros_interface/include/mecheye_ros_interface/mecheye_ros_interface/srv/detail/set_float_array_parameter__type_support.c
[94.928s] -- Installing: /home/inauenma/git/mecheye_ros2_interface/install/mecheye_ros_interface/include/mecheye_ros_interface/mecheye_ros_interface/srv/detail/delete_user_set__type_support.c
[94.929s] -- Installing: /home/inauenma/git/mecheye_ros2_interface/install/mecheye_ros_interface/include/mecheye_ros_interface/mecheye_ros_interface/srv/detail/add_user_set__rosidl_typesupport_introspection_c.h
[94.929s] -- Installing: /home/inauenma/git/mecheye_ros2_interface/install/mecheye_ros_interface/include/mecheye_ros_interface/mecheye_ros_interface/srv/detail/set_float_parameter__type_support.c
[94.929s] -- Up-to-date: /home/inauenma/git/mecheye_ros2_interface/install/mecheye_ros_interface/include/mecheye_ros_interface/mecheye_ros_interface/msg
[94.930s] -- Installing: /home/inauenma/git/mecheye_ros2_interface/install/mecheye_ros_interface/include/mecheye_ros_interface/mecheye_ros_interface/msg/rosidl_typesupport_introspection_c__visibility_control.h
[94.930s] -- Installing: /home/inauenma/git/mecheye_ros2_interface/install/mecheye_ros_interface/lib/libmecheye_ros_interface__rosidl_typesupport_introspection_c.so
[94.933s] -- Set non-toolchain portion of runtime path of "/home/inauenma/git/mecheye_ros2_interface/install/mecheye_ros_interface/lib/libmecheye_ros_interface__rosidl_typesupport_introspection_c.so" to ""
[94.933s] -- Installing: /home/inauenma/git/mecheye_ros2_interface/install/mecheye_ros_interface/lib/libmecheye_ros_interface__rosidl_typesupport_c.so
[94.935s] -- Set non-toolchain portion of runtime path of "/home/inauenma/git/mecheye_ros2_interface/install/mecheye_ros_interface/lib/libmecheye_ros_interface__rosidl_typesupport_c.so" to ""
[94.935s] -- Up-to-date: /home/inauenma/git/mecheye_ros2_interface/install/mecheye_ros_interface/include/mecheye_ros_interface/mecheye_ros_interface
[94.935s] -- Up-to-date: /home/inauenma/git/mecheye_ros2_interface/install/mecheye_ros_interface/include/mecheye_ros_interface/mecheye_ros_interface/srv
[94.936s] -- Up-to-date: /home/inauenma/git/mecheye_ros2_interface/install/mecheye_ros_interface/include/mecheye_ros_interface/mecheye_ros_interface/srv/detail
[94.936s] -- Installing: /home/inauenma/git/mecheye_ros2_interface/install/mecheye_ros_interface/include/mecheye_ros_interface/mecheye_ros_interface/srv/detail/get_all_user_sets__type_support.cpp
[94.936s] -- Installing: /home/inauenma/git/mecheye_ros2_interface/install/mecheye_ros_interface/include/mecheye_ros_interface/mecheye_ros_interface/srv/detail/delete_user_set__type_support.cpp
[94.936s] -- Installing: /home/inauenma/git/mecheye_ros2_interface/install/mecheye_ros_interface/include/mecheye_ros_interface/mecheye_ros_interface/srv/detail/capture_depth_map__type_support.cpp
[94.936s] -- Installing: /home/inauenma/git/mecheye_ros2_interface/install/mecheye_ros_interface/include/mecheye_ros_interface/mecheye_ros_interface/srv/detail/device_info__rosidl_typesupport_introspection_cpp.hpp
[94.937s] -- Installing: /home/inauenma/git/mecheye_ros2_interface/install/mecheye_ros_interface/include/mecheye_ros_interface/mecheye_ros_interface/srv/detail/get_bool_parameter__type_support.cpp
[94.937s] -- Installing: /home/inauenma/git/mecheye_ros2_interface/install/mecheye_ros_interface/include/mecheye_ros_interface/mecheye_ros_interface/srv/detail/set_range_parameter__rosidl_typesupport_introspection_cpp.hpp
[94.937s] -- Installing: /home/inauenma/git/mecheye_ros2_interface/install/mecheye_ros_interface/include/mecheye_ros_interface/mecheye_ros_interface/srv/detail/get_float_parameter__rosidl_typesupport_introspection_cpp.hpp
[94.938s] -- Installing: /home/inauenma/git/mecheye_ros2_interface/install/mecheye_ros_interface/include/mecheye_ros_interface/mecheye_ros_interface/srv/detail/get_current_user_set__type_support.cpp
[94.938s] -- Installing: /home/inauenma/git/mecheye_ros2_interface/install/mecheye_ros_interface/include/mecheye_ros_interface/mecheye_ros_interface/srv/detail/get_roi_parameter__type_support.cpp
[94.939s] -- Installing: /home/inauenma/git/mecheye_ros2_interface/install/mecheye_ros_interface/include/mecheye_ros_interface/mecheye_ros_interface/srv/detail/capture_point_cloud__rosidl_typesupport_introspection_cpp.hpp
[94.940s] -- Installing: /home/inauenma/git/mecheye_ros2_interface/install/mecheye_ros_interface/include/mecheye_ros_interface/mecheye_ros_interface/srv/detail/get_range_parameter__rosidl_typesupport_introspection_cpp.hpp
[94.940s] -- Installing: /home/inauenma/git/mecheye_ros2_interface/install/mecheye_ros_interface/include/mecheye_ros_interface/mecheye_ros_interface/srv/detail/set_float_array_parameter__type_support.cpp
[94.940s] -- Installing: /home/inauenma/git/mecheye_ros2_interface/install/mecheye_ros_interface/include/mecheye_ros_interface/mecheye_ros_interface/srv/detail/save_all_settings_to_user_sets__type_support.cpp
[94.941s] -- Installing: /home/inauenma/git/mecheye_ros2_interface/install/mecheye_ros_interface/include/mecheye_ros_interface/mecheye_ros_interface/srv/detail/add_user_set__rosidl_typesupport_introspection_cpp.hpp
[94.941s] -- Installing: /home/inauenma/git/mecheye_ros2_interface/install/mecheye_ros_interface/include/mecheye_ros_interface/mecheye_ros_interface/srv/detail/get_int_parameter__type_support.cpp
[94.942s] -- Installing: /home/inauenma/git/mecheye_ros2_interface/install/mecheye_ros_interface/include/mecheye_ros_interface/mecheye_ros_interface/srv/detail/set_current_user_set__type_support.cpp
[94.942s] -- Installing: /home/inauenma/git/mecheye_ros2_interface/install/mecheye_ros_interface/include/mecheye_ros_interface/mecheye_ros_interface/srv/detail/set_float_parameter__rosidl_typesupport_introspection_cpp.hpp
[94.943s] -- Installing: /home/inauenma/git/mecheye_ros2_interface/install/mecheye_ros_interface/include/mecheye_ros_interface/mecheye_ros_interface/srv/detail/set_int_parameter__rosidl_typesupport_introspection_cpp.hpp
[94.943s] -- Installing: /home/inauenma/git/mecheye_ros2_interface/install/mecheye_ros_interface/include/mecheye_ros_interface/mecheye_ros_interface/srv/detail/get_float_parameter__type_support.cpp
[94.944s] -- Installing: /home/inauenma/git/mecheye_ros2_interface/install/mecheye_ros_interface/include/mecheye_ros_interface/mecheye_ros_interface/srv/detail/capture_textured_point_cloud__type_support.cpp
[94.944s] -- Installing: /home/inauenma/git/mecheye_ros2_interface/install/mecheye_ros_interface/include/mecheye_ros_interface/mecheye_ros_interface/srv/detail/add_user_set__type_support.cpp
[94.945s] -- Installing: /home/inauenma/git/mecheye_ros2_interface/install/mecheye_ros_interface/include/mecheye_ros_interface/mecheye_ros_interface/srv/detail/set_roi_parameter__type_support.cpp
[94.945s] -- Installing: /home/inauenma/git/mecheye_ros2_interface/install/mecheye_ros_interface/include/mecheye_ros_interface/mecheye_ros_interface/srv/detail/set_roi_parameter__rosidl_typesupport_introspection_cpp.hpp
[94.946s] -- Installing: /home/inauenma/git/mecheye_ros2_interface/install/mecheye_ros_interface/include/mecheye_ros_interface/mecheye_ros_interface/srv/detail/get_current_user_set__rosidl_typesupport_introspection_cpp.hpp
[94.946s] -- Installing: /home/inauenma/git/mecheye_ros2_interface/install/mecheye_ros_interface/include/mecheye_ros_interface/mecheye_ros_interface/srv/detail/capture_color_image__type_support.cpp
[94.947s] -- Installing: /home/inauenma/git/mecheye_ros2_interface/install/mecheye_ros_interface/include/mecheye_ros_interface/mecheye_ros_interface/srv/detail/get_int_parameter__rosidl_typesupport_introspection_cpp.hpp
[94.947s] -- Installing: /home/inauenma/git/mecheye_ros2_interface/install/mecheye_ros_interface/include/mecheye_ros_interface/mecheye_ros_interface/srv/detail/save_all_settings_to_user_sets__rosidl_typesupport_introspection_cpp.hpp
[94.948s] -- Installing: /home/inauenma/git/mecheye_ros2_interface/install/mecheye_ros_interface/include/mecheye_ros_interface/mecheye_ros_interface/srv/detail/get_float_array_parameter__type_support.cpp
[94.948s] -- Installing: /home/inauenma/git/mecheye_ros2_interface/install/mecheye_ros_interface/include/mecheye_ros_interface/mecheye_ros_interface/srv/detail/capture_stereo_color_images__type_support.cpp
[94.949s] -- Installing: /home/inauenma/git/mecheye_ros2_interface/install/mecheye_ros_interface/include/mecheye_ros_interface/mecheye_ros_interface/srv/detail/capture_depth_map__rosidl_typesupport_introspection_cpp.hpp
[94.949s] -- Installing: /home/inauenma/git/mecheye_ros2_interface/install/mecheye_ros_interface/include/mecheye_ros_interface/mecheye_ros_interface/srv/detail/set_float_parameter__type_support.cpp
[94.950s] -- Installing: /home/inauenma/git/mecheye_ros2_interface/install/mecheye_ros_interface/include/mecheye_ros_interface/mecheye_ros_interface/srv/detail/capture_color_image__rosidl_typesupport_introspection_cpp.hpp
[94.950s] -- Installing: /home/inauenma/git/mecheye_ros2_interface/install/mecheye_ros_interface/include/mecheye_ros_interface/mecheye_ros_interface/srv/detail/set_float_array_parameter__rosidl_typesupport_introspection_cpp.hpp
[94.950s] -- Installing: /home/inauenma/git/mecheye_ros2_interface/install/mecheye_ros_interface/include/mecheye_ros_interface/mecheye_ros_interface/srv/detail/get_all_user_sets__rosidl_typesupport_introspection_cpp.hpp
[94.951s] -- Installing: /home/inauenma/git/mecheye_ros2_interface/install/mecheye_ros_interface/include/mecheye_ros_interface/mecheye_ros_interface/srv/detail/get_float_array_parameter__rosidl_typesupport_introspection_cpp.hpp
[94.951s] -- Installing: /home/inauenma/git/mecheye_ros2_interface/install/mecheye_ros_interface/include/mecheye_ros_interface/mecheye_ros_interface/srv/detail/capture_textured_point_cloud__rosidl_typesupport_introspection_cpp.hpp
[94.951s] -- Installing: /home/inauenma/git/mecheye_ros2_interface/install/mecheye_ros_interface/include/mecheye_ros_interface/mecheye_ros_interface/srv/detail/set_range_parameter__type_support.cpp
[94.952s] -- Installing: /home/inauenma/git/mecheye_ros2_interface/install/mecheye_ros_interface/include/mecheye_ros_interface/mecheye_ros_interface/srv/detail/set_int_parameter__type_support.cpp
[94.952s] -- Installing: /home/inauenma/git/mecheye_ros2_interface/install/mecheye_ros_interface/include/mecheye_ros_interface/mecheye_ros_interface/srv/detail/set_bool_parameter__type_support.cpp
[94.953s] -- Installing: /home/inauenma/git/mecheye_ros2_interface/install/mecheye_ros_interface/include/mecheye_ros_interface/mecheye_ros_interface/srv/detail/get_bool_parameter__rosidl_typesupport_introspection_cpp.hpp
[94.954s] -- Installing: /home/inauenma/git/mecheye_ros2_interface/install/mecheye_ros_interface/include/mecheye_ros_interface/mecheye_ros_interface/srv/detail/set_current_user_set__rosidl_typesupport_introspection_cpp.hpp
[94.954s] -- Installing: /home/inauenma/git/mecheye_ros2_interface/install/mecheye_ros_interface/include/mecheye_ros_interface/mecheye_ros_interface/srv/detail/set_enum_parameter__rosidl_typesupport_introspection_cpp.hpp
[94.954s] -- Installing: /home/inauenma/git/mecheye_ros2_interface/install/mecheye_ros_interface/include/mecheye_ros_interface/mecheye_ros_interface/srv/detail/capture_stereo_color_images__rosidl_typesupport_introspection_cpp.hpp
[94.955s] -- Installing: /home/inauenma/git/mecheye_ros2_interface/install/mecheye_ros_interface/include/mecheye_ros_interface/mecheye_ros_interface/srv/detail/set_enum_parameter__type_support.cpp
[94.956s] -- Installing: /home/inauenma/git/mecheye_ros2_interface/install/mecheye_ros_interface/include/mecheye_ros_interface/mecheye_ros_interface/srv/detail/delete_user_set__rosidl_typesupport_introspection_cpp.hpp
[94.956s] -- Installing: /home/inauenma/git/mecheye_ros2_interface/install/mecheye_ros_interface/include/mecheye_ros_interface/mecheye_ros_interface/srv/detail/set_bool_parameter__rosidl_typesupport_introspection_cpp.hpp
[94.958s] -- Installing: /home/inauenma/git/mecheye_ros2_interface/install/mecheye_ros_interface/include/mecheye_ros_interface/mecheye_ros_interface/srv/detail/get_enum_parameter__rosidl_typesupport_introspection_cpp.hpp
[94.958s] -- Installing: /home/inauenma/git/mecheye_ros2_interface/install/mecheye_ros_interface/include/mecheye_ros_interface/mecheye_ros_interface/srv/detail/capture_point_cloud__type_support.cpp
[94.958s] -- Installing: /home/inauenma/git/mecheye_ros2_interface/install/mecheye_ros_interface/include/mecheye_ros_interface/mecheye_ros_interface/srv/detail/get_range_parameter__type_support.cpp
[94.958s] -- Installing: /home/inauenma/git/mecheye_ros2_interface/install/mecheye_ros_interface/include/mecheye_ros_interface/mecheye_ros_interface/srv/detail/device_info__type_support.cpp
[94.959s] -- Installing: /home/inauenma/git/mecheye_ros2_interface/install/mecheye_ros_interface/include/mecheye_ros_interface/mecheye_ros_interface/srv/detail/get_roi_parameter__rosidl_typesupport_introspection_cpp.hpp
[94.959s] -- Installing: /home/inauenma/git/mecheye_ros2_interface/install/mecheye_ros_interface/include/mecheye_ros_interface/mecheye_ros_interface/srv/detail/get_enum_parameter__type_support.cpp
[94.960s] -- Installing: /home/inauenma/git/mecheye_ros2_interface/install/mecheye_ros_interface/lib/libmecheye_ros_interface__rosidl_typesupport_introspection_cpp.so
[94.967s] -- Set non-toolchain portion of runtime path of "/home/inauenma/git/mecheye_ros2_interface/install/mecheye_ros_interface/lib/libmecheye_ros_interface__rosidl_typesupport_introspection_cpp.so" to ""
[94.967s] -- Installing: /home/inauenma/git/mecheye_ros2_interface/install/mecheye_ros_interface/lib/libmecheye_ros_interface__rosidl_typesupport_cpp.so
[94.971s] -- Set non-toolchain portion of runtime path of "/home/inauenma/git/mecheye_ros2_interface/install/mecheye_ros_interface/lib/libmecheye_ros_interface__rosidl_typesupport_cpp.so" to ""
[94.971s] -- Installing: /home/inauenma/git/mecheye_ros2_interface/install/mecheye_ros_interface/share/mecheye_ros_interface/environment/pythonpath.sh
[94.972s] -- Installing: /home/inauenma/git/mecheye_ros2_interface/install/mecheye_ros_interface/share/mecheye_ros_interface/environment/pythonpath.dsv
[94.972s] -- Installing: /home/inauenma/git/mecheye_ros2_interface/install/mecheye_ros_interface/lib/python3.12/site-packages/mecheye_ros_interface-0.0.2-py3.12.egg-info
[94.974s] -- Installing: /home/inauenma/git/mecheye_ros2_interface/install/mecheye_ros_interface/lib/python3.12/site-packages/mecheye_ros_interface-0.0.2-py3.12.egg-info/SOURCES.txt
[94.974s] -- Installing: /home/inauenma/git/mecheye_ros2_interface/install/mecheye_ros_interface/lib/python3.12/site-packages/mecheye_ros_interface-0.0.2-py3.12.egg-info/PKG-INFO
[94.975s] -- Installing: /home/inauenma/git/mecheye_ros2_interface/install/mecheye_ros_interface/lib/python3.12/site-packages/mecheye_ros_interface-0.0.2-py3.12.egg-info/top_level.txt
[94.975s] -- Installing: /home/inauenma/git/mecheye_ros2_interface/install/mecheye_ros_interface/lib/python3.12/site-packages/mecheye_ros_interface-0.0.2-py3.12.egg-info/dependency_links.txt
[94.975s] -- Installing: /home/inauenma/git/mecheye_ros2_interface/install/mecheye_ros_interface/lib/python3.12/site-packages/mecheye_ros_interface
[94.976s] -- Installing: /home/inauenma/git/mecheye_ros2_interface/install/mecheye_ros_interface/lib/python3.12/site-packages/mecheye_ros_interface/_mecheye_ros_interface_s.ep.rosidl_typesupport_fastrtps_c.c
[94.978s] -- Installing: /home/inauenma/git/mecheye_ros2_interface/install/mecheye_ros_interface/lib/python3.12/site-packages/mecheye_ros_interface/mecheye_ros_interface_s__rosidl_typesupport_c.so
[94.978s] -- Installing: /home/inauenma/git/mecheye_ros2_interface/install/mecheye_ros_interface/lib/python3.12/site-packages/mecheye_ros_interface/mecheye_ros_interface_s__rosidl_typesupport_introspection_c.so
[94.979s] -- Installing: /home/inauenma/git/mecheye_ros2_interface/install/mecheye_ros_interface/lib/python3.12/site-packages/mecheye_ros_interface/mecheye_ros_interface_s__rosidl_typesupport_fastrtps_c.so
[94.980s] -- Installing: /home/inauenma/git/mecheye_ros2_interface/install/mecheye_ros_interface/lib/python3.12/site-packages/mecheye_ros_interface/srv
[94.981s] -- Installing: /home/inauenma/git/mecheye_ros2_interface/install/mecheye_ros_interface/lib/python3.12/site-packages/mecheye_ros_interface/srv/_capture_textured_point_cloud_s.c
[94.981s] -- Installing: /home/inauenma/git/mecheye_ros2_interface/install/mecheye_ros_interface/lib/python3.12/site-packages/mecheye_ros_interface/srv/_set_range_parameter_s.c
[94.981s] -- Installing: /home/inauenma/git/mecheye_ros2_interface/install/mecheye_ros_interface/lib/python3.12/site-packages/mecheye_ros_interface/srv/_get_float_parameter_s.c
[94.982s] -- Installing: /home/inauenma/git/mecheye_ros2_interface/install/mecheye_ros_interface/lib/python3.12/site-packages/mecheye_ros_interface/srv/_capture_depth_map_s.c
[94.982s] -- Installing: /home/inauenma/git/mecheye_ros2_interface/install/mecheye_ros_interface/lib/python3.12/site-packages/mecheye_ros_interface/srv/_get_all_user_sets_s.c
[94.982s] -- Installing: /home/inauenma/git/mecheye_ros2_interface/install/mecheye_ros_interface/lib/python3.12/site-packages/mecheye_ros_interface/srv/_get_float_array_parameter.py
[94.982s] -- Installing: /home/inauenma/git/mecheye_ros2_interface/install/mecheye_ros_interface/lib/python3.12/site-packages/mecheye_ros_interface/srv/_get_current_user_set.py
[94.983s] -- Installing: /home/inauenma/git/mecheye_ros2_interface/install/mecheye_ros_interface/lib/python3.12/site-packages/mecheye_ros_interface/srv/_set_bool_parameter_s.c
[94.983s] -- Installing: /home/inauenma/git/mecheye_ros2_interface/install/mecheye_ros_interface/lib/python3.12/site-packages/mecheye_ros_interface/srv/_device_info_s.c
[94.983s] -- Installing: /home/inauenma/git/mecheye_ros2_interface/install/mecheye_ros_interface/lib/python3.12/site-packages/mecheye_ros_interface/srv/_capture_depth_map.py
[94.984s] -- Installing: /home/inauenma/git/mecheye_ros2_interface/install/mecheye_ros_interface/lib/python3.12/site-packages/mecheye_ros_interface/srv/_add_user_set.py
[94.984s] -- Installing: /home/inauenma/git/mecheye_ros2_interface/install/mecheye_ros_interface/lib/python3.12/site-packages/mecheye_ros_interface/srv/_set_roi_parameter_s.c
[94.984s] -- Installing: /home/inauenma/git/mecheye_ros2_interface/install/mecheye_ros_interface/lib/python3.12/site-packages/mecheye_ros_interface/srv/_set_current_user_set_s.c
[94.984s] -- Installing: /home/inauenma/git/mecheye_ros2_interface/install/mecheye_ros_interface/lib/python3.12/site-packages/mecheye_ros_interface/srv/_capture_stereo_color_images_s.c
[94.985s] -- Installing: /home/inauenma/git/mecheye_ros2_interface/install/mecheye_ros_interface/lib/python3.12/site-packages/mecheye_ros_interface/srv/_save_all_settings_to_user_sets_s.c
[94.985s] -- Installing: /home/inauenma/git/mecheye_ros2_interface/install/mecheye_ros_interface/lib/python3.12/site-packages/mecheye_ros_interface/srv/_set_range_parameter.py
[94.985s] -- Installing: /home/inauenma/git/mecheye_ros2_interface/install/mecheye_ros_interface/lib/python3.12/site-packages/mecheye_ros_interface/srv/_capture_textured_point_cloud.py
[94.986s] -- Installing: /home/inauenma/git/mecheye_ros2_interface/install/mecheye_ros_interface/lib/python3.12/site-packages/mecheye_ros_interface/srv/_get_range_parameter_s.c
[94.986s] -- Installing: /home/inauenma/git/mecheye_ros2_interface/install/mecheye_ros_interface/lib/python3.12/site-packages/mecheye_ros_interface/srv/_set_roi_parameter.py
[94.987s] -- Installing: /home/inauenma/git/mecheye_ros2_interface/install/mecheye_ros_interface/lib/python3.12/site-packages/mecheye_ros_interface/srv/_get_enum_parameter.py
[94.987s] -- Installing: /home/inauenma/git/mecheye_ros2_interface/install/mecheye_ros_interface/lib/python3.12/site-packages/mecheye_ros_interface/srv/_capture_color_image_s.c
[94.987s] -- Installing: /home/inauenma/git/mecheye_ros2_interface/install/mecheye_ros_interface/lib/python3.12/site-packages/mecheye_ros_interface/srv/_get_current_user_set_s.c
[94.988s] -- Installing: /home/inauenma/git/mecheye_ros2_interface/install/mecheye_ros_interface/lib/python3.12/site-packages/mecheye_ros_interface/srv/__init__.py
[94.988s] -- Installing: /home/inauenma/git/mecheye_ros2_interface/install/mecheye_ros_interface/lib/python3.12/site-packages/mecheye_ros_interface/srv/_capture_point_cloud_s.c
[94.988s] -- Installing: /home/inauenma/git/mecheye_ros2_interface/install/mecheye_ros_interface/lib/python3.12/site-packages/mecheye_ros_interface/srv/_set_float_array_parameter_s.c
[94.989s] -- Installing: /home/inauenma/git/mecheye_ros2_interface/install/mecheye_ros_interface/lib/python3.12/site-packages/mecheye_ros_interface/srv/_get_roi_parameter_s.c
[94.989s] -- Installing: /home/inauenma/git/mecheye_ros2_interface/install/mecheye_ros_interface/lib/python3.12/site-packages/mecheye_ros_interface/srv/_device_info.py
[94.990s] -- Installing: /home/inauenma/git/mecheye_ros2_interface/install/mecheye_ros_interface/lib/python3.12/site-packages/mecheye_ros_interface/srv/_delete_user_set_s.c
[94.990s] -- Installing: /home/inauenma/git/mecheye_ros2_interface/install/mecheye_ros_interface/lib/python3.12/site-packages/mecheye_ros_interface/srv/_set_current_user_set.py
[94.990s] -- Installing: /home/inauenma/git/mecheye_ros2_interface/install/mecheye_ros_interface/lib/python3.12/site-packages/mecheye_ros_interface/srv/_capture_color_image.py
[94.991s] -- Installing: /home/inauenma/git/mecheye_ros2_interface/install/mecheye_ros_interface/lib/python3.12/site-packages/mecheye_ros_interface/srv/_set_int_parameter_s.c
[94.991s] -- Installing: /home/inauenma/git/mecheye_ros2_interface/install/mecheye_ros_interface/lib/python3.12/site-packages/mecheye_ros_interface/srv/_capture_stereo_color_images.py
[94.991s] -- Installing: /home/inauenma/git/mecheye_ros2_interface/install/mecheye_ros_interface/lib/python3.12/site-packages/mecheye_ros_interface/srv/_get_bool_parameter_s.c
[94.992s] -- Installing: /home/inauenma/git/mecheye_ros2_interface/install/mecheye_ros_interface/lib/python3.12/site-packages/mecheye_ros_interface/srv/_set_float_parameter.py
[94.992s] -- Installing: /home/inauenma/git/mecheye_ros2_interface/install/mecheye_ros_interface/lib/python3.12/site-packages/mecheye_ros_interface/srv/_add_user_set_s.c
[94.992s] -- Installing: /home/inauenma/git/mecheye_ros2_interface/install/mecheye_ros_interface/lib/python3.12/site-packages/mecheye_ros_interface/srv/_delete_user_set.py
[94.993s] -- Installing: /home/inauenma/git/mecheye_ros2_interface/install/mecheye_ros_interface/lib/python3.12/site-packages/mecheye_ros_interface/srv/_get_int_parameter_s.c
[94.993s] -- Installing: /home/inauenma/git/mecheye_ros2_interface/install/mecheye_ros_interface/lib/python3.12/site-packages/mecheye_ros_interface/srv/_set_bool_parameter.py
[94.993s] -- Installing: /home/inauenma/git/mecheye_ros2_interface/install/mecheye_ros_interface/lib/python3.12/site-packages/mecheye_ros_interface/srv/_set_enum_parameter.py
[94.995s] -- Installing: /home/inauenma/git/mecheye_ros2_interface/install/mecheye_ros_interface/lib/python3.12/site-packages/mecheye_ros_interface/srv/_get_all_user_sets.py
[94.995s] -- Installing: /home/inauenma/git/mecheye_ros2_interface/install/mecheye_ros_interface/lib/python3.12/site-packages/mecheye_ros_interface/srv/_get_int_parameter.py
[94.996s] -- Installing: /home/inauenma/git/mecheye_ros2_interface/install/mecheye_ros_interface/lib/python3.12/site-packages/mecheye_ros_interface/srv/_set_float_parameter_s.c
[94.996s] -- Installing: /home/inauenma/git/mecheye_ros2_interface/install/mecheye_ros_interface/lib/python3.12/site-packages/mecheye_ros_interface/srv/_set_enum_parameter_s.c
[94.996s] -- Installing: /home/inauenma/git/mecheye_ros2_interface/install/mecheye_ros_interface/lib/python3.12/site-packages/mecheye_ros_interface/srv/_get_range_parameter.py
[94.996s] -- Installing: /home/inauenma/git/mecheye_ros2_interface/install/mecheye_ros_interface/lib/python3.12/site-packages/mecheye_ros_interface/srv/_get_enum_parameter_s.c
[94.997s] -- Installing: /home/inauenma/git/mecheye_ros2_interface/install/mecheye_ros_interface/lib/python3.12/site-packages/mecheye_ros_interface/srv/_get_roi_parameter.py
[94.997s] -- Installing: /home/inauenma/git/mecheye_ros2_interface/install/mecheye_ros_interface/lib/python3.12/site-packages/mecheye_ros_interface/srv/_get_float_array_parameter_s.c
[94.997s] -- Installing: /home/inauenma/git/mecheye_ros2_interface/install/mecheye_ros_interface/lib/python3.12/site-packages/mecheye_ros_interface/srv/_set_int_parameter.py
[94.997s] -- Installing: /home/inauenma/git/mecheye_ros2_interface/install/mecheye_ros_interface/lib/python3.12/site-packages/mecheye_ros_interface/srv/_get_bool_parameter.py
[94.997s] -- Installing: /home/inauenma/git/mecheye_ros2_interface/install/mecheye_ros_interface/lib/python3.12/site-packages/mecheye_ros_interface/srv/_save_all_settings_to_user_sets.py
[94.998s] -- Installing: /home/inauenma/git/mecheye_ros2_interface/install/mecheye_ros_interface/lib/python3.12/site-packages/mecheye_ros_interface/srv/_capture_point_cloud.py
[94.998s] -- Installing: /home/inauenma/git/mecheye_ros2_interface/install/mecheye_ros_interface/lib/python3.12/site-packages/mecheye_ros_interface/srv/_get_float_parameter.py
[94.999s] -- Installing: /home/inauenma/git/mecheye_ros2_interface/install/mecheye_ros_interface/lib/python3.12/site-packages/mecheye_ros_interface/srv/_set_float_array_parameter.py
[94.999s] -- Installing: /home/inauenma/git/mecheye_ros2_interface/install/mecheye_ros_interface/lib/python3.12/site-packages/mecheye_ros_interface/__init__.py
[94.999s] -- Installing: /home/inauenma/git/mecheye_ros2_interface/install/mecheye_ros_interface/lib/python3.12/site-packages/mecheye_ros_interface/_mecheye_ros_interface_s.ep.rosidl_typesupport_introspection_c.c
[95.000s] -- Installing: /home/inauenma/git/mecheye_ros2_interface/install/mecheye_ros_interface/lib/python3.12/site-packages/mecheye_ros_interface/_mecheye_ros_interface_s.ep.rosidl_typesupport_c.c
[95.154s] Listing '/home/inauenma/git/mecheye_ros2_interface/install/mecheye_ros_interface/lib/python3.12/site-packages/mecheye_ros_interface'...
[95.155s] Compiling '/home/inauenma/git/mecheye_ros2_interface/install/mecheye_ros_interface/lib/python3.12/site-packages/mecheye_ros_interface/__init__.py'...
[95.155s] Listing '/home/inauenma/git/mecheye_ros2_interface/install/mecheye_ros_interface/lib/python3.12/site-packages/mecheye_ros_interface/srv'...
[95.155s] Compiling '/home/inauenma/git/mecheye_ros2_interface/install/mecheye_ros_interface/lib/python3.12/site-packages/mecheye_ros_interface/srv/__init__.py'...
[95.155s] Compiling '/home/inauenma/git/mecheye_ros2_interface/install/mecheye_ros_interface/lib/python3.12/site-packages/mecheye_ros_interface/srv/_add_user_set.py'...
[95.155s] Compiling '/home/inauenma/git/mecheye_ros2_interface/install/mecheye_ros_interface/lib/python3.12/site-packages/mecheye_ros_interface/srv/_capture_color_image.py'...
[95.155s] Compiling '/home/inauenma/git/mecheye_ros2_interface/install/mecheye_ros_interface/lib/python3.12/site-packages/mecheye_ros_interface/srv/_capture_depth_map.py'...
[95.155s] Compiling '/home/inauenma/git/mecheye_ros2_interface/install/mecheye_ros_interface/lib/python3.12/site-packages/mecheye_ros_interface/srv/_capture_point_cloud.py'...
[95.155s] Compiling '/home/inauenma/git/mecheye_ros2_interface/install/mecheye_ros_interface/lib/python3.12/site-packages/mecheye_ros_interface/srv/_capture_stereo_color_images.py'...
[95.156s] Compiling '/home/inauenma/git/mecheye_ros2_interface/install/mecheye_ros_interface/lib/python3.12/site-packages/mecheye_ros_interface/srv/_capture_textured_point_cloud.py'...
[95.156s] Compiling '/home/inauenma/git/mecheye_ros2_interface/install/mecheye_ros_interface/lib/python3.12/site-packages/mecheye_ros_interface/srv/_delete_user_set.py'...
[95.156s] Compiling '/home/inauenma/git/mecheye_ros2_interface/install/mecheye_ros_interface/lib/python3.12/site-packages/mecheye_ros_interface/srv/_device_info.py'...
[95.156s] Compiling '/home/inauenma/git/mecheye_ros2_interface/install/mecheye_ros_interface/lib/python3.12/site-packages/mecheye_ros_interface/srv/_get_all_user_sets.py'...
[95.156s] Compiling '/home/inauenma/git/mecheye_ros2_interface/install/mecheye_ros_interface/lib/python3.12/site-packages/mecheye_ros_interface/srv/_get_bool_parameter.py'...
[95.156s] Compiling '/home/inauenma/git/mecheye_ros2_interface/install/mecheye_ros_interface/lib/python3.12/site-packages/mecheye_ros_interface/srv/_get_current_user_set.py'...
[95.156s] Compiling '/home/inauenma/git/mecheye_ros2_interface/install/mecheye_ros_interface/lib/python3.12/site-packages/mecheye_ros_interface/srv/_get_enum_parameter.py'...
[95.156s] Compiling '/home/inauenma/git/mecheye_ros2_interface/install/mecheye_ros_interface/lib/python3.12/site-packages/mecheye_ros_interface/srv/_get_float_array_parameter.py'...
[95.156s] Compiling '/home/inauenma/git/mecheye_ros2_interface/install/mecheye_ros_interface/lib/python3.12/site-packages/mecheye_ros_interface/srv/_get_float_parameter.py'...
[95.156s] Compiling '/home/inauenma/git/mecheye_ros2_interface/install/mecheye_ros_interface/lib/python3.12/site-packages/mecheye_ros_interface/srv/_get_int_parameter.py'...
[95.157s] Compiling '/home/inauenma/git/mecheye_ros2_interface/install/mecheye_ros_interface/lib/python3.12/site-packages/mecheye_ros_interface/srv/_get_range_parameter.py'...
[95.157s] Compiling '/home/inauenma/git/mecheye_ros2_interface/install/mecheye_ros_interface/lib/python3.12/site-packages/mecheye_ros_interface/srv/_get_roi_parameter.py'...
[95.157s] Compiling '/home/inauenma/git/mecheye_ros2_interface/install/mecheye_ros_interface/lib/python3.12/site-packages/mecheye_ros_interface/srv/_save_all_settings_to_user_sets.py'...
[95.157s] Compiling '/home/inauenma/git/mecheye_ros2_interface/install/mecheye_ros_interface/lib/python3.12/site-packages/mecheye_ros_interface/srv/_set_bool_parameter.py'...
[95.157s] Compiling '/home/inauenma/git/mecheye_ros2_interface/install/mecheye_ros_interface/lib/python3.12/site-packages/mecheye_ros_interface/srv/_set_current_user_set.py'...
[95.157s] Compiling '/home/inauenma/git/mecheye_ros2_interface/install/mecheye_ros_interface/lib/python3.12/site-packages/mecheye_ros_interface/srv/_set_enum_parameter.py'...
[95.157s] Compiling '/home/inauenma/git/mecheye_ros2_interface/install/mecheye_ros_interface/lib/python3.12/site-packages/mecheye_ros_interface/srv/_set_float_array_parameter.py'...
[95.157s] Compiling '/home/inauenma/git/mecheye_ros2_interface/install/mecheye_ros_interface/lib/python3.12/site-packages/mecheye_ros_interface/srv/_set_float_parameter.py'...
[95.157s] Compiling '/home/inauenma/git/mecheye_ros2_interface/install/mecheye_ros_interface/lib/python3.12/site-packages/mecheye_ros_interface/srv/_set_int_parameter.py'...
[95.157s] Compiling '/home/inauenma/git/mecheye_ros2_interface/install/mecheye_ros_interface/lib/python3.12/site-packages/mecheye_ros_interface/srv/_set_range_parameter.py'...
[95.158s] Compiling '/home/inauenma/git/mecheye_ros2_interface/install/mecheye_ros_interface/lib/python3.12/site-packages/mecheye_ros_interface/srv/_set_roi_parameter.py'...
[95.165s] -- Installing: /home/inauenma/git/mecheye_ros2_interface/install/mecheye_ros_interface/lib/python3.12/site-packages/mecheye_ros_interface/mecheye_ros_interface_s__rosidl_typesupport_fastrtps_c.so
[95.166s] -- Set non-toolchain portion of runtime path of "/home/inauenma/git/mecheye_ros2_interface/install/mecheye_ros_interface/lib/python3.12/site-packages/mecheye_ros_interface/mecheye_ros_interface_s__rosidl_typesupport_fastrtps_c.so" to ""
[95.166s] -- Installing: /home/inauenma/git/mecheye_ros2_interface/install/mecheye_ros_interface/lib/python3.12/site-packages/mecheye_ros_interface/mecheye_ros_interface_s__rosidl_typesupport_introspection_c.so
[95.168s] -- Set non-toolchain portion of runtime path of "/home/inauenma/git/mecheye_ros2_interface/install/mecheye_ros_interface/lib/python3.12/site-packages/mecheye_ros_interface/mecheye_ros_interface_s__rosidl_typesupport_introspection_c.so" to ""
[95.168s] -- Installing: /home/inauenma/git/mecheye_ros2_interface/install/mecheye_ros_interface/lib/python3.12/site-packages/mecheye_ros_interface/mecheye_ros_interface_s__rosidl_typesupport_c.so
[95.169s] -- Set non-toolchain portion of runtime path of "/home/inauenma/git/mecheye_ros2_interface/install/mecheye_ros_interface/lib/python3.12/site-packages/mecheye_ros_interface/mecheye_ros_interface_s__rosidl_typesupport_c.so" to ""
[95.169s] -- Installing: /home/inauenma/git/mecheye_ros2_interface/install/mecheye_ros_interface/lib/libmecheye_ros_interface__rosidl_generator_py.so
[95.171s] -- Set non-toolchain portion of runtime path of "/home/inauenma/git/mecheye_ros2_interface/install/mecheye_ros_interface/lib/libmecheye_ros_interface__rosidl_generator_py.so" to ""
[95.172s] -- Installing: /home/inauenma/git/mecheye_ros2_interface/install/mecheye_ros_interface/share/mecheye_ros_interface/srv/SetCurrentUserSet.idl
[95.172s] -- Installing: /home/inauenma/git/mecheye_ros2_interface/install/mecheye_ros_interface/share/mecheye_ros_interface/srv/SaveAllSettingsToUserSets.idl
[95.172s] -- Installing: /home/inauenma/git/mecheye_ros2_interface/install/mecheye_ros_interface/share/mecheye_ros_interface/srv/AddUserSet.idl
[95.173s] -- Installing: /home/inauenma/git/mecheye_ros2_interface/install/mecheye_ros_interface/share/mecheye_ros_interface/srv/CaptureColorImage.idl
[95.173s] -- Installing: /home/inauenma/git/mecheye_ros2_interface/install/mecheye_ros_interface/share/mecheye_ros_interface/srv/CaptureStereoColorImages.idl
[95.173s] -- Installing: /home/inauenma/git/mecheye_ros2_interface/install/mecheye_ros_interface/share/mecheye_ros_interface/srv/CaptureTexturedPointCloud.idl
[95.174s] -- Installing: /home/inauenma/git/mecheye_ros2_interface/install/mecheye_ros_interface/share/mecheye_ros_interface/srv/CaptureDepthMap.idl
[95.174s] -- Installing: /home/inauenma/git/mecheye_ros2_interface/install/mecheye_ros_interface/share/mecheye_ros_interface/srv/CapturePointCloud.idl
[95.175s] -- Installing: /home/inauenma/git/mecheye_ros2_interface/install/mecheye_ros_interface/share/mecheye_ros_interface/srv/DeleteUserSet.idl
[95.175s] -- Installing: /home/inauenma/git/mecheye_ros2_interface/install/mecheye_ros_interface/share/mecheye_ros_interface/srv/DeviceInfo.idl
[95.175s] -- Installing: /home/inauenma/git/mecheye_ros2_interface/install/mecheye_ros_interface/share/mecheye_ros_interface/srv/GetAllUserSets.idl
[95.176s] -- Installing: /home/inauenma/git/mecheye_ros2_interface/install/mecheye_ros_interface/share/mecheye_ros_interface/srv/GetCurrentUserSet.idl
[95.176s] -- Installing: /home/inauenma/git/mecheye_ros2_interface/install/mecheye_ros_interface/share/mecheye_ros_interface/srv/SetIntParameter.idl
[95.177s] -- Installing: /home/inauenma/git/mecheye_ros2_interface/install/mecheye_ros_interface/share/mecheye_ros_interface/srv/GetIntParameter.idl
[95.177s] -- Installing: /home/inauenma/git/mecheye_ros2_interface/install/mecheye_ros_interface/share/mecheye_ros_interface/srv/SetRangeParameter.idl
[95.177s] -- Installing: /home/inauenma/git/mecheye_ros2_interface/install/mecheye_ros_interface/share/mecheye_ros_interface/srv/GetRangeParameter.idl
[95.178s] -- Installing: /home/inauenma/git/mecheye_ros2_interface/install/mecheye_ros_interface/share/mecheye_ros_interface/srv/SetBoolParameter.idl
[95.178s] -- Installing: /home/inauenma/git/mecheye_ros2_interface/install/mecheye_ros_interface/share/mecheye_ros_interface/srv/GetBoolParameter.idl
[95.179s] -- Installing: /home/inauenma/git/mecheye_ros2_interface/install/mecheye_ros_interface/share/mecheye_ros_interface/srv/SetEnumParameter.idl
[95.179s] -- Installing: /home/inauenma/git/mecheye_ros2_interface/install/mecheye_ros_interface/share/mecheye_ros_interface/srv/GetEnumParameter.idl
[95.180s] -- Installing: /home/inauenma/git/mecheye_ros2_interface/install/mecheye_ros_interface/share/mecheye_ros_interface/srv/SetFloatParameter.idl
[95.180s] -- Installing: /home/inauenma/git/mecheye_ros2_interface/install/mecheye_ros_interface/share/mecheye_ros_interface/srv/GetFloatParameter.idl
[95.181s] -- Installing: /home/inauenma/git/mecheye_ros2_interface/install/mecheye_ros_interface/share/mecheye_ros_interface/srv/SetFloatArrayParameter.idl
[95.181s] -- Installing: /home/inauenma/git/mecheye_ros2_interface/install/mecheye_ros_interface/share/mecheye_ros_interface/srv/GetFloatArrayParameter.idl
[95.181s] -- Installing: /home/inauenma/git/mecheye_ros2_interface/install/mecheye_ros_interface/share/mecheye_ros_interface/srv/SetROIParameter.idl
[95.182s] -- Installing: /home/inauenma/git/mecheye_ros2_interface/install/mecheye_ros_interface/share/mecheye_ros_interface/srv/GetROIParameter.idl
[95.182s] -- Installing: /home/inauenma/git/mecheye_ros2_interface/install/mecheye_ros_interface/share/mecheye_ros_interface/srv/SetCurrentUserSet.srv
[95.183s] -- Installing: /home/inauenma/git/mecheye_ros2_interface/install/mecheye_ros_interface/share/mecheye_ros_interface/srv/SaveAllSettingsToUserSets.srv
[95.183s] -- Installing: /home/inauenma/git/mecheye_ros2_interface/install/mecheye_ros_interface/share/mecheye_ros_interface/srv/AddUserSet.srv
[95.183s] -- Installing: /home/inauenma/git/mecheye_ros2_interface/install/mecheye_ros_interface/share/mecheye_ros_interface/srv/CaptureColorImage.srv
[95.184s] -- Installing: /home/inauenma/git/mecheye_ros2_interface/install/mecheye_ros_interface/share/mecheye_ros_interface/srv/CaptureStereoColorImages.srv
[95.184s] -- Installing: /home/inauenma/git/mecheye_ros2_interface/install/mecheye_ros_interface/share/mecheye_ros_interface/srv/CaptureTexturedPointCloud.srv
[95.184s] -- Installing: /home/inauenma/git/mecheye_ros2_interface/install/mecheye_ros_interface/share/mecheye_ros_interface/srv/CaptureDepthMap.srv
[95.185s] -- Installing: /home/inauenma/git/mecheye_ros2_interface/install/mecheye_ros_interface/share/mecheye_ros_interface/srv/CapturePointCloud.srv
[95.185s] -- Installing: /home/inauenma/git/mecheye_ros2_interface/install/mecheye_ros_interface/share/mecheye_ros_interface/srv/DeleteUserSet.srv
[95.185s] -- Installing: /home/inauenma/git/mecheye_ros2_interface/install/mecheye_ros_interface/share/mecheye_ros_interface/srv/DeviceInfo.srv
[95.186s] -- Installing: /home/inauenma/git/mecheye_ros2_interface/install/mecheye_ros_interface/share/mecheye_ros_interface/srv/GetAllUserSets.srv
[95.186s] -- Installing: /home/inauenma/git/mecheye_ros2_interface/install/mecheye_ros_interface/share/mecheye_ros_interface/srv/GetCurrentUserSet.srv
[95.187s] -- Installing: /home/inauenma/git/mecheye_ros2_interface/install/mecheye_ros_interface/share/mecheye_ros_interface/srv/SetIntParameter.srv
[95.187s] -- Installing: /home/inauenma/git/mecheye_ros2_interface/install/mecheye_ros_interface/share/mecheye_ros_interface/srv/GetIntParameter.srv
[95.188s] -- Installing: /home/inauenma/git/mecheye_ros2_interface/install/mecheye_ros_interface/share/mecheye_ros_interface/srv/SetRangeParameter.srv
[95.188s] -- Installing: /home/inauenma/git/mecheye_ros2_interface/install/mecheye_ros_interface/share/mecheye_ros_interface/srv/GetRangeParameter.srv
[95.189s] -- Installing: /home/inauenma/git/mecheye_ros2_interface/install/mecheye_ros_interface/share/mecheye_ros_interface/srv/SetBoolParameter.srv
[95.189s] -- Installing: /home/inauenma/git/mecheye_ros2_interface/install/mecheye_ros_interface/share/mecheye_ros_interface/srv/GetBoolParameter.srv
[95.189s] -- Installing: /home/inauenma/git/mecheye_ros2_interface/install/mecheye_ros_interface/share/mecheye_ros_interface/srv/SetEnumParameter.srv
[95.190s] -- Installing: /home/inauenma/git/mecheye_ros2_interface/install/mecheye_ros_interface/share/mecheye_ros_interface/srv/GetEnumParameter.srv
[95.191s] -- Installing: /home/inauenma/git/mecheye_ros2_interface/install/mecheye_ros_interface/share/mecheye_ros_interface/srv/SetFloatParameter.srv
[95.191s] -- Installing: /home/inauenma/git/mecheye_ros2_interface/install/mecheye_ros_interface/share/mecheye_ros_interface/srv/GetFloatParameter.srv
[95.191s] -- Installing: /home/inauenma/git/mecheye_ros2_interface/install/mecheye_ros_interface/share/mecheye_ros_interface/srv/SetFloatArrayParameter.srv
[95.192s] -- Installing: /home/inauenma/git/mecheye_ros2_interface/install/mecheye_ros_interface/share/mecheye_ros_interface/srv/GetFloatArrayParameter.srv
[95.192s] -- Installing: /home/inauenma/git/mecheye_ros2_interface/install/mecheye_ros_interface/share/mecheye_ros_interface/srv/SetROIParameter.srv
[95.193s] -- Installing: /home/inauenma/git/mecheye_ros2_interface/install/mecheye_ros_interface/share/mecheye_ros_interface/srv/GetROIParameter.srv
[95.194s] -- Installing: /home/inauenma/git/mecheye_ros2_interface/install/mecheye_ros_interface/lib/mecheye_ros_interface/start
[95.228s] -- Set non-toolchain portion of runtime path of "/home/inauenma/git/mecheye_ros2_interface/install/mecheye_ros_interface/lib/mecheye_ros_interface/start" to ""
[95.228s] -- Up-to-date: /home/inauenma/git/mecheye_ros2_interface/install/mecheye_ros_interface/include/mecheye_ros_interface
[95.228s] -- Installing: /home/inauenma/git/mecheye_ros2_interface/install/mecheye_ros_interface/include/mecheye_ros_interface/MechMindCamera.h
[95.229s] -- Installing: /home/inauenma/git/mecheye_ros2_interface/install/mecheye_ros_interface/share/mecheye_ros_interface/launch/start_camera.py
[95.230s] -- Installing: /home/inauenma/git/mecheye_ros2_interface/install/mecheye_ros_interface/share/ament_index/resource_index/package_run_dependencies/mecheye_ros_interface
[95.230s] -- Installing: /home/inauenma/git/mecheye_ros2_interface/install/mecheye_ros_interface/share/ament_index/resource_index/parent_prefix_path/mecheye_ros_interface
[95.231s] -- Installing: /home/inauenma/git/mecheye_ros2_interface/install/mecheye_ros_interface/share/mecheye_ros_interface/environment/ament_prefix_path.sh
[95.231s] -- Installing: /home/inauenma/git/mecheye_ros2_interface/install/mecheye_ros_interface/share/mecheye_ros_interface/environment/ament_prefix_path.dsv
[95.232s] -- Installing: /home/inauenma/git/mecheye_ros2_interface/install/mecheye_ros_interface/share/mecheye_ros_interface/environment/path.sh
[95.232s] -- Installing: /home/inauenma/git/mecheye_ros2_interface/install/mecheye_ros_interface/share/mecheye_ros_interface/environment/path.dsv
[95.233s] -- Installing: /home/inauenma/git/mecheye_ros2_interface/install/mecheye_ros_interface/share/mecheye_ros_interface/local_setup.bash
[95.234s] -- Installing: /home/inauenma/git/mecheye_ros2_interface/install/mecheye_ros_interface/share/mecheye_ros_interface/local_setup.sh
[95.234s] -- Installing: /home/inauenma/git/mecheye_ros2_interface/install/mecheye_ros_interface/share/mecheye_ros_interface/local_setup.zsh
[95.235s] -- Installing: /home/inauenma/git/mecheye_ros2_interface/install/mecheye_ros_interface/share/mecheye_ros_interface/local_setup.dsv
[95.235s] -- Installing: /home/inauenma/git/mecheye_ros2_interface/install/mecheye_ros_interface/share/mecheye_ros_interface/package.dsv
[95.236s] -- Installing: /home/inauenma/git/mecheye_ros2_interface/install/mecheye_ros_interface/share/ament_index/resource_index/packages/mecheye_ros_interface
[95.238s] -- Installing: /home/inauenma/git/mecheye_ros2_interface/install/mecheye_ros_interface/share/mecheye_ros_interface/cmake/export_mecheye_ros_interface__rosidl_generator_cExport.cmake
[95.238s] -- Installing: /home/inauenma/git/mecheye_ros2_interface/install/mecheye_ros_interface/share/mecheye_ros_interface/cmake/export_mecheye_ros_interface__rosidl_generator_cExport-noconfig.cmake
[95.239s] -- Installing: /home/inauenma/git/mecheye_ros2_interface/install/mecheye_ros_interface/share/mecheye_ros_interface/cmake/export_mecheye_ros_interface__rosidl_typesupport_fastrtps_cExport.cmake
[95.240s] -- Installing: /home/inauenma/git/mecheye_ros2_interface/install/mecheye_ros_interface/share/mecheye_ros_interface/cmake/export_mecheye_ros_interface__rosidl_typesupport_fastrtps_cExport-noconfig.cmake
[95.240s] -- Installing: /home/inauenma/git/mecheye_ros2_interface/install/mecheye_ros_interface/share/mecheye_ros_interface/cmake/export_mecheye_ros_interface__rosidl_generator_cppExport.cmake
[95.240s] -- Installing: /home/inauenma/git/mecheye_ros2_interface/install/mecheye_ros_interface/share/mecheye_ros_interface/cmake/export_mecheye_ros_interface__rosidl_typesupport_fastrtps_cppExport.cmake
[95.241s] -- Installing: /home/inauenma/git/mecheye_ros2_interface/install/mecheye_ros_interface/share/mecheye_ros_interface/cmake/export_mecheye_ros_interface__rosidl_typesupport_fastrtps_cppExport-noconfig.cmake
[95.241s] -- Installing: /home/inauenma/git/mecheye_ros2_interface/install/mecheye_ros_interface/share/mecheye_ros_interface/cmake/mecheye_ros_interface__rosidl_typesupport_introspection_cExport.cmake
[95.242s] -- Installing: /home/inauenma/git/mecheye_ros2_interface/install/mecheye_ros_interface/share/mecheye_ros_interface/cmake/mecheye_ros_interface__rosidl_typesupport_introspection_cExport-noconfig.cmake
[95.242s] -- Installing: /home/inauenma/git/mecheye_ros2_interface/install/mecheye_ros_interface/share/mecheye_ros_interface/cmake/mecheye_ros_interface__rosidl_typesupport_cExport.cmake
[95.243s] -- Installing: /home/inauenma/git/mecheye_ros2_interface/install/mecheye_ros_interface/share/mecheye_ros_interface/cmake/mecheye_ros_interface__rosidl_typesupport_cExport-noconfig.cmake
[95.243s] -- Installing: /home/inauenma/git/mecheye_ros2_interface/install/mecheye_ros_interface/share/mecheye_ros_interface/cmake/mecheye_ros_interface__rosidl_typesupport_introspection_cppExport.cmake
[95.244s] -- Installing: /home/inauenma/git/mecheye_ros2_interface/install/mecheye_ros_interface/share/mecheye_ros_interface/cmake/mecheye_ros_interface__rosidl_typesupport_introspection_cppExport-noconfig.cmake
[95.244s] -- Installing: /home/inauenma/git/mecheye_ros2_interface/install/mecheye_ros_interface/share/mecheye_ros_interface/cmake/mecheye_ros_interface__rosidl_typesupport_cppExport.cmake
[95.245s] -- Installing: /home/inauenma/git/mecheye_ros2_interface/install/mecheye_ros_interface/share/mecheye_ros_interface/cmake/mecheye_ros_interface__rosidl_typesupport_cppExport-noconfig.cmake
[95.245s] -- Installing: /home/inauenma/git/mecheye_ros2_interface/install/mecheye_ros_interface/share/mecheye_ros_interface/cmake/export_mecheye_ros_interface__rosidl_generator_pyExport.cmake
[95.246s] -- Installing: /home/inauenma/git/mecheye_ros2_interface/install/mecheye_ros_interface/share/mecheye_ros_interface/cmake/export_mecheye_ros_interface__rosidl_generator_pyExport-noconfig.cmake
[95.246s] -- Installing: /home/inauenma/git/mecheye_ros2_interface/install/mecheye_ros_interface/share/mecheye_ros_interface/cmake/rosidl_cmake-extras.cmake
[95.247s] -- Installing: /home/inauenma/git/mecheye_ros2_interface/install/mecheye_ros_interface/share/mecheye_ros_interface/cmake/ament_cmake_export_dependencies-extras.cmake
[95.247s] -- Installing: /home/inauenma/git/mecheye_ros2_interface/install/mecheye_ros_interface/share/mecheye_ros_interface/cmake/ament_cmake_export_include_directories-extras.cmake
[95.248s] -- Installing: /home/inauenma/git/mecheye_ros2_interface/install/mecheye_ros_interface/share/mecheye_ros_interface/cmake/ament_cmake_export_libraries-extras.cmake
[95.248s] -- Installing: /home/inauenma/git/mecheye_ros2_interface/install/mecheye_ros_interface/share/mecheye_ros_interface/cmake/ament_cmake_export_targets-extras.cmake
[95.249s] -- Installing: /home/inauenma/git/mecheye_ros2_interface/install/mecheye_ros_interface/share/mecheye_ros_interface/cmake/rosidl_cmake_export_typesupport_targets-extras.cmake
[95.249s] -- Installing: /home/inauenma/git/mecheye_ros2_interface/install/mecheye_ros_interface/share/mecheye_ros_interface/cmake/rosidl_cmake_export_typesupport_libraries-extras.cmake
[95.249s] -- Installing: /home/inauenma/git/mecheye_ros2_interface/install/mecheye_ros_interface/share/mecheye_ros_interface/cmake/mecheye_ros_interfaceConfig.cmake
[95.250s] -- Installing: /home/inauenma/git/mecheye_ros2_interface/install/mecheye_ros_interface/share/mecheye_ros_interface/cmake/mecheye_ros_interfaceConfig-version.cmake
[95.250s] -- Installing: /home/inauenma/git/mecheye_ros2_interface/install/mecheye_ros_interface/share/mecheye_ros_interface/package.xml
[95.255s] Invoked command in '/home/inauenma/git/mecheye_ros2_interface/build/mecheye_ros_interface' returned '0': CMAKE_PREFIX_PATH=${CMAKE_PREFIX_PATH}:/home/inauenma/ros2_ws/install/mesh_control_ros:/home/inauenma/moveit_ws/install/moveit_configs_utils:/opt/ros/jazzy DEBUGINFOD_URLS=https://debuginfod.ubuntu.com /usr/bin/cmake --install /home/inauenma/git/mecheye_ros2_interface/build/mecheye_ros_interface
